customer_id,revenue,orders,units_sold,products_purchased,countries,first_purchase_date,last_purchase_date,sales_rows,average_order_value,is_repeat_customer,customer_lifetime_days
14646,280206.02,73,196915,700,1,2010-12-20 10:09:00,2011-12-08 12:12:00,2076,3838.4386301369864,True,353
18102,259657.3,60,64124,150,1,2010-12-07 16:42:00,2011-12-09 11:50:00,431,4327.621666666667,True,366
17450,194390.79,46,69973,124,1,2010-12-07 09:23:00,2011-12-01 13:29:00,336,4225.886739130435,True,359
16446,168472.5,2,80997,3,1,2011-05-18 09:52:00,2011-12-09 09:15:00,3,84236.25,True,204
14911,143711.17,201,80240,1787,1,2010-12-01 14:05:00,2011-12-08 15:54:00,5670,714.980945273632,True,372
12415,124914.53,21,77374,444,1,2011-01-06 11:12:00,2011-11-15 14:22:00,714,5948.310952380953,True,313
14156,117210.08,55,57768,714,1,2010-12-03 11:48:00,2011-11-30 10:54:00,1395,2131.0923636363636,True,361
17511,91062.38,31,64549,453,1,2010-12-01 10:19:00,2011-12-07 10:12:00,963,2937.496129032258,True,370
16029,80850.84,63,40108,44,1,2010-12-01 09:57:00,2011-11-01 10:27:00,241,1283.3466666666666,True,335
12346,77183.6,1,74215,1,1,2011-01-18 10:01:00,2011-01-18 10:01:00,1,77183.6,False,0
16684,66653.56,28,50255,119,1,2010-12-16 17:34:00,2011-12-05 14:06:00,277,2380.4842857142858,True,353
14096,65164.79,17,16352,1119,1,2011-08-30 10:49:00,2011-12-05 17:17:00,5111,3833.2229411764706,True,97
13694,65039.62,50,63312,366,1,2010-12-01 12:12:00,2011-12-06 09:32:00,568,1300.7924,True,369
15311,60632.75,91,38147,567,1,2010-12-01 09:41:00,2011-12-09 12:00:00,2366,666.2939560439561,True,373
13089,58762.08,97,31025,636,1,2010-12-05 10:27:00,2011-12-07 09:02:00,1814,605.7946391752578,True,366
17949,58510.48,45,30546,29,1,2010-12-03 13:12:00,2011-12-08 18:46:00,70,1300.232888888889,True,370
15769,56252.72,26,29672,26,1,2010-12-03 15:16:00,2011-12-02 13:52:00,130,2163.566153846154,True,363
15061,54534.14,48,28920,70,1,2010-12-02 15:19:00,2011-12-06 12:06:00,403,1136.1279166666666,True,368
14298,51527.3,44,58343,884,1,2010-12-14 12:59:00,2011-12-01 13:12:00,1637,1171.075,True,352
14088,50491.81,13,12665,379,1,2011-01-21 13:07:00,2011-11-29 16:16:00,589,3883.9853846153846,True,312
15749,44534.3,3,18028,5,1,2011-01-11 12:55:00,2011-04-18 13:20:00,10,14844.766666666668,True,97
12931,42055.96,15,28004,28,1,2010-12-17 09:45:00,2011-11-18 12:39:00,82,2803.730666666667,True,336
17841,40519.84,124,22834,1323,1,2010-12-01 14:41:00,2011-12-08 12:07:00,7676,326.77290322580643,True,371
15098,39916.5,3,121,1,1,2011-06-10 15:22:00,2011-06-10 15:33:00,3,13305.5,True,0
13798,37153.85,57,23948,113,1,2010-12-02 17:24:00,2011-12-08 15:51:00,349,651.8219298245614,True,370
16013,37130.6,47,15536,30,1,2010-12-03 13:09:00,2011-12-06 10:36:00,139,790.0127659574467,True,367
16422,34684.4,51,33704,68,1,2010-12-05 15:35:00,2011-11-22 14:00:00,369,680.086274509804,True,351
15838,33643.08,19,18368,54,1,2010-12-07 11:26:00,2011-11-28 14:00:00,167,1770.6884210526316,True,356
12748,33053.19,209,25287,1768,1,2010-12-01 12:48:00,2011-12-09 12:20:00,4412,158.14923444976077,True,372
17404,31906.82,15,32748,111,1,2010-12-14 13:28:00,2011-12-05 16:26:00,198,2127.1213333333335,True,356
17389,31833.68,34,7612,45,1,2011-01-12 15:48:00,2011-12-09 09:38:00,213,936.2847058823529,True,330
13098,28882.44,28,15968,156,1,2011-01-26 13:46:00,2011-12-08 14:14:00,572,1031.5157142857142,True,316
14680,28754.11,16,13476,73,1,2010-12-03 12:05:00,2011-11-14 16:59:00,258,1797.131875,True,346
13081,28337.38,11,19068,503,1,2010-12-03 17:20:00,2011-11-28 10:54:00,1024,2576.1254545454544,True,359
13408,28117.04,62,16232,234,1,2010-12-01 10:39:00,2011-12-08 09:05:00,478,453.5006451612903,True,371
17857,26879.04,23,19256,19,1,2010-12-09 11:35:00,2011-12-05 13:13:00,54,1168.6539130434783,True,361
16333,26626.8,22,32184,9,1,2011-02-03 10:50:00,2011-12-02 12:19:00,45,1210.3090909090909,True,302
13777,25977.16,33,12897,36,1,2010-12-01 16:01:00,2011-12-09 12:25:00,197,787.1866666666666,True,372
12753,21429.39,6,11421,132,1,2010-12-12 11:44:00,2011-11-17 10:52:00,197,3571.565,True,339
12744,21279.29,7,5241,178,1,2011-01-25 13:26:00,2011-10-19 11:18:00,222,3039.8985714285714,True,266
16210,21086.3,18,7559,74,1,2010-12-01 12:27:00,2011-12-08 12:36:00,123,1171.461111111111,True,372
17675,20374.28,31,8360,239,1,2010-12-07 13:22:00,2011-12-08 18:03:00,705,657.2348387096774,True,366
17381,20275.61,29,25649,40,1,2010-12-02 12:58:00,2011-12-01 11:59:00,109,699.1589655172414,True,363
12471,19788.65,30,8200,150,1,2010-12-10 09:35:00,2011-12-07 15:43:00,459,659.6216666666667,True,362
15039,19766.59,47,9131,408,1,2010-12-06 11:26:00,2011-11-30 11:31:00,1477,420.5657446808511,True,359
12731,18895.91,12,8437,109,1,2010-12-10 10:56:00,2011-11-16 11:59:00,274,1574.6591666666666,True,341
15159,18641.010000000002,30,11441,363,1,2010-12-13 15:44:00,2011-12-08 12:05:00,710,621.3670000000001,True,359
12901,17654.54,28,23075,30,1,2011-03-14 10:41:00,2011-12-01 10:07:00,116,630.5192857142857,True,261
12678,17628.46,12,10923,105,1,2010-12-21 11:00:00,2011-10-28 13:04:00,165,1469.0383333333332,True,311
14031,17286.86,19,5788,119,1,2010-12-02 16:34:00,2011-12-02 17:13:00,250,909.8347368421053,True,365
17428,17256.85,28,9474,252,1,2010-12-06 09:37:00,2011-12-09 09:45:00,328,616.3160714285714,True,368
13767,17220.36,37,7322,55,1,2010-12-01 10:47:00,2011-12-07 15:00:00,368,465.41513513513513,True,371
13881,17159.52,20,10118,72,1,2011-02-01 10:14:00,2011-12-06 12:50:00,178,857.976,True,308
16839,16594.35,34,8975,114,1,2010-12-05 11:15:00,2011-12-01 09:03:00,266,488.06911764705876,True,360
12921,16587.09,37,9526,233,1,2010-12-01 15:06:00,2011-11-30 16:22:00,720,448.29972972972973,True,364
17677,16345.38,30,9772,178,1,2010-12-06 08:42:00,2011-12-08 09:56:00,303,544.846,True,367
15189,16225.39,41,6149,80,1,2011-01-11 12:29:00,2011-12-08 13:22:00,212,395.74121951219513,True,331
14607,16209.5,14,11526,38,1,2011-03-23 15:22:00,2011-11-24 10:35:00,81,1157.8214285714287,True,245
15856,16143.64,27,10866,295,1,2010-12-09 13:34:00,2011-12-05 17:09:00,628,597.9125925925925,True,361
14051,15610.390000000001,23,3756,52,1,2010-12-08 12:49:00,2011-12-09 10:20:00,210,678.7126086956522,True,365
15513,14758.220000000001,19,5709,183,1,2010-12-01 11:22:00,2011-11-06 14:36:00,308,776.7484210526317,True,340
16133,14589.04,33,8887,219,1,2011-01-25 15:55:00,2011-12-06 11:24:00,338,442.09212121212124,True,314
14866,14389.9,12,6752,30,1,2010-12-08 14:58:00,2011-11-29 11:45:00,99,1199.1583333333333,True,355
16705,14034.99,20,5476,133,1,2010-12-16 10:51:00,2011-12-09 12:08:00,270,701.7495,True,358
12681,13787.54,22,7536,267,1,2010-12-07 10:08:00,2011-11-25 11:33:00,638,626.7063636363637,True,353
12621,13689.67,20,7440,261,1,2010-12-09 10:16:00,2011-12-08 11:25:00,467,684.4835,True,364
12540,13400.24,17,6685,277,1,2010-12-13 09:39:00,2011-11-20 11:31:00,478,788.2494117647059,True,342
12433,13375.87,7,11071,219,1,2010-12-01 13:24:00,2011-12-09 10:02:00,420,1910.8385714285716,True,372
15498,13316.4,27,6105,360,1,2010-12-08 12:29:00,2011-12-07 12:48:00,512,493.2,True,364
12477,13219.74,6,3653,191,1,2011-02-11 12:45:00,2011-11-17 09:51:00,300,2203.29,True,278
17735,13110.02,19,8439,319,1,2010-12-07 10:32:00,2011-12-07 16:47:00,690,690.001052631579,True,365
16525,13027.45,26,7397,75,1,2010-12-08 11:31:00,2011-12-07 15:07:00,183,501.0557692307693,True,364
14258,12669.98,9,7100,58,1,2011-01-06 12:18:00,2011-11-30 15:27:00,111,1407.7755555555555,True,328
13078,12627.94,26,5630,95,1,2010-12-08 09:07:00,2011-12-06 15:36:00,358,485.69,True,363
12536,12601.830000000002,3,2803,260,1,2011-10-11 14:52:00,2011-10-27 14:20:00,261,4200.610000000001,True,15
15640,12416.11,15,6572,240,1,2010-12-02 15:40:00,2011-12-05 14:35:00,476,827.7406666666667,True,367
16000,12393.7,3,5110,9,1,2011-12-07 12:14:00,2011-12-07 12:17:00,9,4131.233333333334,True,0
17340,12353.29,11,5967,229,1,2010-12-08 15:56:00,2011-11-10 10:45:00,407,1123.0263636363636,True,336
12682,12279.82,31,5555,209,1,2010-12-03 13:59:00,2011-12-06 10:00:00,524,396.1232258064516,True,367
13113,12245.960000000001,24,3045,95,1,2010-12-08 13:21:00,2011-12-09 12:49:00,200,510.2483333333334,True,365
14606,12076.15,93,6187,819,1,2010-12-01 16:57:00,2011-12-08 19:28:00,2677,129.8510752688172,True,372
12557,11990.960000000001,5,4384,15,1,2010-12-03 12:20:00,2011-11-23 16:59:00,33,2398.192,True,355
12939,11581.8,8,4876,21,1,2011-01-09 11:20:00,2011-10-06 14:33:00,47,1447.725,True,270
15125,11528.48,15,6193,102,1,2011-03-14 09:59:00,2011-11-14 13:57:00,127,768.5653333333333,True,245
14194,11349.52,21,5840,269,1,2011-02-04 14:51:00,2011-12-05 10:38:00,579,540.4533333333334,True,303
12971,11189.91,86,9289,94,1,2010-12-02 16:42:00,2011-12-06 12:20:00,305,130.11523255813952,True,368
14895,11138.710000000001,20,4851,273,1,2011-02-22 13:08:00,2011-12-02 09:23:00,498,556.9355,True,282
12409,11072.67,3,5551,91,1,2011-06-10 12:19:00,2011-09-22 10:38:00,109,3690.89,True,103
17581,11025.24,25,5915,229,1,2010-12-02 14:47:00,2011-12-09 12:21:00,439,441.0096,True,371
15482,10879.76,12,5004,46,1,2010-12-16 10:08:00,2011-11-24 10:46:00,97,906.6466666666666,True,343
13319,10845.550000000001,26,4724,209,1,2010-12-09 10:04:00,2011-12-04 13:34:00,476,417.1365384615385,True,360
17107,10797.48,6,4826,269,1,2011-03-06 15:17:00,2011-11-06 14:14:00,416,1799.58,True,244
13340,10736.48,7,5770,128,1,2011-03-08 11:39:00,2011-10-25 13:15:00,134,1533.782857142857,True,231
17139,10650.77,12,5176,309,1,2011-02-24 09:32:00,2011-11-24 10:12:00,477,887.5641666666667,True,273
16779,10611.720000000001,22,5301,161,1,2010-12-08 09:56:00,2011-12-07 14:54:00,331,482.35090909090917,True,364
17865,10526.32,20,5757,191,1,2010-12-10 14:53:00,2011-11-09 12:08:00,370,526.316,True,333
17706,10504.49,17,3899,270,1,2010-12-08 11:02:00,2011-12-05 13:34:00,382,617.9111764705882,True,362
15251,10484.99,11,6171,97,1,2011-04-12 10:38:00,2011-11-30 15:02:00,111,953.180909090909,True,232
14062,10464.85,12,5593,60,1,2010-12-10 15:56:00,2011-11-30 10:04:00,111,872.0708333333333,True,354
14769,10416.98,8,7239,718,1,2010-12-17 11:40:00,2011-12-07 10:24:00,1062,1302.1225,True,354
15615,10399.74,23,5508,184,1,2010-12-15 16:21:00,2011-11-29 14:42:00,423,452.1626086956522,True,348
15502,10384.93,12,4236,164,1,2010-12-05 15:40:00,2011-11-24 12:48:00,213,865.4108333333334,True,353
16180,10254.18,8,5867,90,1,2011-04-01 10:23:00,2011-08-31 16:28:00,162,1281.7725,True,152
16843,10196.57,16,10159,226,1,2011-01-16 16:10:00,2011-10-28 09:06:00,378,637.285625,True,284
12590,9864.26,2,4283,68,1,2011-05-12 14:46:00,2011-05-12 14:52:00,68,4932.13,True,0
13199,9817.12,38,6176,48,1,2010-12-08 10:51:00,2011-12-06 12:30:00,119,258.34526315789475,True,363
13001,9785.970000000001,13,5490,166,1,2011-01-17 12:45:00,2011-12-05 14:51:00,337,752.7669230769231,True,322
15078,9743.11,32,5105,97,1,2010-12-06 12:38:00,2011-12-02 15:41:00,440,304.4721875,True,361
12709,9706.52,15,3912,93,1,2010-12-08 09:49:00,2011-11-24 15:38:00,207,647.1013333333334,True,351
13458,9646.57,14,5508,242,1,2010-12-15 12:05:00,2011-12-02 15:29:00,382,689.0407142857142,True,352
14733,9585.91,12,3764,102,1,2010-12-07 11:30:00,2011-11-23 15:39:00,202,798.8258333333333,True,351
16523,9418.470000000001,21,4265,151,1,2011-01-28 12:06:00,2011-12-08 09:06:00,290,448.4985714285715,True,313
12567,9401.28,10,4305,323,1,2010-12-05 11:57:00,2011-11-17 11:02:00,446,940.128,True,346
14367,9227.82,16,4426,270,1,2011-03-08 14:12:00,2011-12-01 13:19:00,521,576.73875,True,267
14667,9175.04,25,5319,354,1,2010-12-06 13:13:00,2011-11-29 11:30:00,567,367.00160000000005,True,357
18092,9068.26,11,4252,28,1,2010-12-09 10:00:00,2011-12-07 13:14:00,89,824.3872727272727,True,363
12451,9035.52,5,6575,265,1,2011-01-19 09:05:00,2011-11-29 08:40:00,354,1807.104,True,313
13969,9024.17,18,4528,334,1,2010-12-09 19:32:00,2011-12-02 15:11:00,619,501.34277777777777,True,357
13488,8968.31,13,4518,271,1,2010-12-07 13:01:00,2011-11-22 14:41:00,422,689.87,True,350
13090,8910.82,14,2263,98,1,2010-12-02 07:48:00,2011-12-01 12:39:00,155,636.4871428571429,True,364
16033,8778.82,20,3529,538,1,2010-12-05 10:36:00,2011-12-04 12:44:00,1128,438.941,True,364
17017,8694.26,20,6673,88,1,2010-12-02 10:17:00,2011-12-07 09:32:00,252,434.713,True,369
17306,8631.31,19,11491,13,1,2010-12-21 13:34:00,2011-11-29 12:14:00,66,454.2794736842105,True,342
16656,8625.8,15,8894,14,1,2010-12-10 11:23:00,2011-11-17 14:43:00,73,575.0533333333333,True,342
17243,8540.05,26,3320,180,1,2010-12-05 10:03:00,2011-12-08 13:26:00,387,328.4634615384615,True,368
14527,8507.13,55,2088,330,1,2010-12-05 13:17:00,2011-12-07 12:19:00,971,154.6750909090909,True,366
12683,8476.57,15,4987,177,1,2010-12-09 10:37:00,2011-12-05 16:31:00,344,565.1046666666666,True,361
18139,8438.34,6,5557,35,1,2011-11-21 14:06:00,2011-11-22 10:44:00,159,1406.39,True,0
15358,8347.2,22,7050,292,1,2010-12-09 10:04:00,2011-12-05 09:04:00,551,379.41818181818184,True,360
16558,8338.49,20,5377,264,1,2010-12-08 12:01:00,2011-12-09 10:20:00,460,416.92449999999997,True,365
14056,8152.71,23,4252,320,1,2011-02-28 15:19:00,2011-12-08 13:36:00,1088,354.46565217391304,True,282
14936,8137.02,8,4085,210,1,2011-03-09 11:53:00,2011-11-06 10:30:00,364,1017.1275,True,241
16672,8134.9400000000005,20,2832,22,1,2011-03-18 10:15:00,2011-12-07 16:29:00,114,406.747,True,264
13854,8109.5199999999995,25,2296,39,1,2010-12-09 10:48:00,2011-12-01 09:06:00,110,324.38079999999997,True,356
14952,8099.49,11,3355,117,1,2010-12-10 12:48:00,2011-10-11 10:33:00,138,736.3172727272727,True,304
18109,8004.92,26,4230,119,1,2010-12-05 10:58:00,2011-12-08 11:36:00,441,307.88153846153847,True,368
14796,7975.49,17,5995,403,1,2010-12-08 10:40:00,2011-12-08 15:31:00,1132,469.1464705882353,True,365
12428,7956.46,9,3536,258,1,2011-03-01 09:33:00,2011-11-14 08:22:00,294,884.0511111111111,True,257
15290,7943.22,18,4501,93,1,2010-12-15 16:03:00,2011-12-05 11:39:00,204,441.29,True,354
14849,7930.54,25,5694,159,1,2010-12-01 12:22:00,2011-11-18 10:58:00,388,317.2216,True,351
12757,7834.650000000001,13,2395,237,1,2011-05-12 19:01:00,2011-11-24 12:30:00,364,602.6653846153847,True,195
13093,7832.47,8,3961,97,1,2010-12-01 15:00:00,2011-03-09 12:14:00,159,979.05875,True,97
12435,7829.89,2,2055,31,1,2011-03-17 07:40:00,2011-09-21 09:06:00,36,3914.945,True,188
13629,7792.36,11,4372,28,1,2011-01-05 12:09:00,2011-11-16 13:21:00,59,708.3963636363636,True,315
17811,7761.82,39,4146,359,1,2011-01-10 10:58:00,2011-12-05 13:46:00,828,199.02102564102563,True,329
15044,7634.7300000000005,17,2785,233,1,2010-12-12 14:27:00,2011-11-20 13:20:00,444,449.1017647058824,True,342
15194,7616.53,15,5703,209,1,2010-12-06 15:00:00,2011-12-06 15:10:00,310,507.76866666666666,True,365
18172,7561.68,20,3184,100,1,2011-02-23 10:44:00,2011-11-25 11:12:00,189,378.084,True,275
13263,7436.93,35,4768,450,1,2011-01-18 16:31:00,2011-12-08 13:59:00,1667,212.48371428571429,True,323
12980,7374.900000000001,9,886,6,1,2010-12-16 11:36:00,2011-07-05 09:34:00,20,819.4333333333334,True,200
15465,7354.62,18,1257,43,1,2010-12-05 10:12:00,2011-11-20 10:11:00,97,408.59,True,349
17396,7330.8,8,2005,24,1,2010-12-03 09:45:00,2011-10-31 14:12:00,27,916.35,True,332
12474,7324.09,18,4833,253,1,2011-01-14 10:06:00,2011-11-22 14:39:00,422,406.8938888888889,True,312
12583,7281.38,15,5060,115,1,2010-12-01 08:45:00,2011-12-07 08:07:00,247,485.42533333333336,True,370
13018,7277.7,28,5435,313,1,2011-02-17 11:05:00,2011-11-23 13:28:00,458,259.91785714285714,True,279
18229,7276.900000000001,20,2488,66,1,2010-12-01 16:25:00,2011-11-28 09:48:00,164,363.845,True,361
16729,7205.33,21,5722,234,1,2011-04-12 14:22:00,2011-11-01 14:29:00,656,343.11095238095237,True,203
16745,7180.7,17,6719,148,1,2011-02-01 11:31:00,2011-09-14 11:58:00,355,422.3941176470588,True,225
16873,7123.62,6,3840,179,1,2010-12-10 15:45:00,2011-12-05 12:05:00,279,1187.27,True,359
13324,7121.95,10,5205,25,1,2010-12-14 09:50:00,2011-11-03 16:28:00,75,712.1949999999999,True,324
16923,7069.08,19,3344,313,1,2010-12-12 11:06:00,2011-11-27 13:00:00,626,372.0568421052632,True,350
13985,7060.13,15,3445,108,1,2011-03-20 13:48:00,2011-12-05 17:06:00,349,470.67533333333336,True,260
14961,7044.68,9,3708,193,1,2010-12-14 11:38:00,2011-11-29 09:42:00,312,782.7422222222223,True,349
12766,6989.63,7,3646,205,1,2010-12-08 13:53:00,2011-12-06 08:46:00,310,998.5185714285715,True,362
12798,6977.04,3,5256,6,1,2011-06-22 10:11:00,2011-11-29 15:52:00,8,2325.68,True,160
12989,6924.110000000001,15,2943,41,1,2010-12-10 13:24:00,2011-12-06 15:28:00,64,461.6073333333334,True,361
13027,6912.0,6,17280,6,1,2010-12-20 12:45:00,2011-08-18 09:39:00,26,1152.0,True,240
16187,6911.4400000000005,15,5048,160,1,2011-02-28 13:34:00,2011-11-08 09:50:00,295,460.7626666666667,True,252
16713,6910.78,15,4271,338,1,2010-12-08 13:01:00,2011-11-21 12:36:00,619,460.71866666666665,True,347
17416,6893.42,7,4302,186,1,2011-03-03 13:45:00,2011-11-10 12:47:00,269,984.7742857142857,True,251
12705,6868.29,9,3997,228,1,2010-12-17 15:58:00,2011-11-24 13:17:00,334,763.1433333333333,True,341
12476,6816.42,11,2408,177,1,2010-12-13 14:39:00,2011-11-24 12:40:00,233,619.6745454545454,True,345
12830,6814.64,6,9848,13,1,2011-06-21 10:53:00,2011-11-02 11:54:00,38,1135.7733333333333,True,134
15601,6776.56,14,4983,230,1,2010-12-02 10:39:00,2011-11-28 15:15:00,410,484.04,True,361
16652,6773.97,7,3283,74,1,2011-03-11 13:13:00,2011-10-12 09:38:00,118,967.71,True,214
18055,6761.34,10,2452,223,1,2010-12-05 10:52:00,2011-12-02 14:25:00,358,676.134,True,362
16532,6748.8,3,2016,2,1,2011-01-05 12:37:00,2011-11-22 11:08:00,4,2249.6,True,320
15023,6720.41,11,2827,347,1,2010-12-05 13:49:00,2011-12-06 17:23:00,553,610.9463636363636,True,366
13576,6717.34,18,2646,78,1,2010-12-01 17:24:00,2011-11-29 15:34:00,126,373.18555555555554,True,362
15249,6688.46,13,3577,211,1,2011-03-28 12:49:00,2011-11-08 11:45:00,350,514.496923076923,True,224
16746,6680.11,18,4660,234,1,2010-12-16 11:43:00,2011-12-05 12:33:00,444,371.1172222222222,True,354
16353,6675.71,23,2006,51,1,2010-12-05 12:09:00,2011-12-06 12:23:00,94,290.24826086956523,True,366
12626,6620.48,9,3453,232,1,2011-01-17 11:01:00,2011-11-16 16:06:00,294,735.6088888888888,True,303
16182,6617.65,4,3791,17,1,2011-02-18 10:11:00,2011-09-28 13:23:00,28,1654.4125,True,222
15144,6580.44,17,3050,132,1,2011-01-31 13:17:00,2011-12-01 15:12:00,217,387.0847058823529,True,304
12472,6572.11,7,4148,219,1,2010-12-05 14:19:00,2011-11-07 14:01:00,339,938.8728571428571,True,336
17338,6493.54,8,3059,389,1,2010-12-13 12:57:00,2011-11-22 14:23:00,721,811.6925,True,344
18223,6484.54,14,2948,116,1,2010-12-16 16:42:00,2011-12-05 09:11:00,272,463.18142857142857,True,353
15694,6479.4,14,1677,42,1,2010-12-02 07:49:00,2011-12-09 09:44:00,78,462.8142857142857,True,372
13225,6463.84,7,3416,23,1,2010-12-13 09:49:00,2011-12-06 13:29:00,32,923.4057142857143,True,358
13102,6424.09,24,4204,140,1,2010-12-09 13:38:00,2011-12-08 12:52:00,304,267.67041666666665,True,363
12431,6419.95,15,2896,163,2,2010-12-01 10:03:00,2011-11-04 11:55:00,234,427.99666666666667,True,338
16814,6416.7,21,2697,122,1,2010-12-05 11:45:00,2011-11-25 13:27:00,319,305.5571428571428,True,355
13871,6403.25,13,2806,155,1,2011-02-04 09:30:00,2011-11-17 10:49:00,336,492.5576923076923,True,286
12359,6310.03,4,1609,214,1,2011-01-12 12:43:00,2011-10-13 12:47:00,245,1577.5075,True,274
13668,6309.83,21,3722,284,1,2010-12-12 12:35:00,2011-12-07 12:11:00,463,300.46809523809526,True,359
13709,6307.650000000001,13,3508,244,1,2011-01-28 14:57:00,2011-12-06 10:28:00,335,485.2038461538462,True,311
15005,6295.37,28,4230,360,1,2010-12-08 14:36:00,2011-11-24 12:25:00,1112,224.83464285714285,True,350
16126,6287.77,4,2125,57,1,2011-02-16 11:18:00,2011-11-10 16:03:00,117,1571.9425,True,267
17315,6281.23,38,3863,256,1,2010-12-17 12:24:00,2011-12-08 12:15:00,471,165.29552631578946,True,355
14057,6211.66,17,4873,179,1,2010-12-14 12:11:00,2011-11-16 10:32:00,283,365.39176470588234,True,336
12357,6207.67,1,2708,131,1,2011-11-06 16:07:00,2011-11-06 16:07:00,131,6207.67,False,0
14060,6140.42,19,5386,86,1,2010-12-02 12:11:00,2011-12-05 12:29:00,202,323.18,True,368
13418,6127.43,18,3918,223,1,2010-12-02 10:45:00,2011-11-28 10:23:00,304,340.4127777777778,True,360
15939,6115.01,15,4728,28,1,2011-01-12 12:43:00,2011-09-11 11:30:00,76,407.6673333333334,True,241
17509,6083.64,8,3512,75,1,2011-10-07 13:14:00,2011-10-13 10:26:00,364,760.455,True,5
14735,6065.69,32,2264,99,1,2010-12-16 16:05:00,2011-12-06 12:09:00,194,189.5528125,True,354
13097,6003.22,10,2360,214,1,2010-12-14 15:13:00,2011-11-07 10:43:00,421,600.322,True,327
12637,6002.9,8,2994,205,1,2011-01-20 10:47:00,2011-10-03 13:46:00,382,750.3625,True,256
14101,5976.79,6,6942,15,1,2011-01-17 13:09:00,2011-09-27 12:28:00,35,996.1316666666667,True,252
15382,5955.71,6,4012,193,1,2011-02-17 12:01:00,2011-11-25 10:58:00,302,992.6183333333333,True,280
14944,5900.25,12,2815,101,1,2011-02-16 12:47:00,2011-11-10 09:10:00,170,491.6875,True,266
13209,5891.61,8,4253,255,1,2010-12-13 10:31:00,2011-11-09 13:54:00,321,736.45125,True,331
13534,5870.08,25,2961,119,1,2010-12-16 15:23:00,2011-12-07 14:52:00,296,234.8032,True,355
14505,5859.43,8,2739,540,1,2010-12-12 16:14:00,2011-11-22 15:45:00,785,732.42875,True,344
14415,5855.57,13,2996,283,1,2010-12-14 13:31:00,2011-12-08 14:38:00,579,450.42846153846153,True,359
13050,5836.86,17,3748,246,1,2010-12-08 09:30:00,2011-11-25 09:18:00,403,343.3447058823529,True,351
12720,5781.73,25,4672,211,1,2010-12-05 15:21:00,2011-12-07 08:03:00,354,231.26919999999998,True,366
15218,5756.89,11,3329,77,1,2011-01-25 11:20:00,2011-11-29 11:48:00,166,523.3536363636364,True,308
17686,5739.46,7,2478,205,1,2011-02-10 10:18:00,2011-12-02 15:39:00,286,819.9228571428572,True,295
13316,5732.93,4,5508,66,1,2011-03-30 13:01:00,2011-11-02 13:40:00,86,1433.2325,True,217
13178,5725.47,11,3570,95,1,2010-12-14 12:22:00,2011-11-13 16:14:00,265,520.4972727272727,True,334
16553,5719.82,12,4600,62,1,2010-12-14 13:58:00,2011-06-29 15:42:00,84,476.65166666666664,True,197
13468,5704.97,37,2589,184,1,2010-12-01 15:08:00,2011-12-08 10:39:00,302,154.1883783783784,True,371
14110,5683.15,12,2445,94,1,2011-03-18 09:59:00,2011-12-06 12:26:00,155,473.5958333333333,True,263
17716,5655.99,11,3072,171,1,2011-03-17 10:38:00,2011-11-17 12:00:00,245,514.180909090909,True,245
13004,5655.91,18,4822,277,1,2010-12-17 08:20:00,2011-11-28 11:27:00,404,314.21722222222223,True,346
17049,5655.03,9,2673,201,1,2011-03-09 08:33:00,2011-12-07 10:48:00,317,628.3366666666666,True,273
18118,5625.08,26,2865,424,1,2010-12-05 12:13:00,2011-11-29 11:32:00,1263,216.34923076923076,True,358
17757,5593.39,30,3318,275,1,2010-12-02 17:17:00,2011-12-08 15:31:00,740,186.44633333333334,True,370
12839,5591.42,14,3807,95,1,2010-12-07 15:48:00,2011-12-07 12:33:00,314,399.38714285714286,True,364
12481,5579.82,10,3294,150,1,2010-12-09 10:13:00,2011-11-17 08:29:00,216,557.982,True,342
14688,5579.1,21,3584,148,1,2010-12-01 09:37:00,2011-12-02 12:26:00,324,265.6714285714286,True,366
14049,5578.72,4,3808,348,1,2011-01-26 11:27:00,2011-11-23 12:20:00,478,1394.68,True,301
16767,5575.56,11,4423,148,1,2011-01-27 13:38:00,2011-11-09 09:42:00,221,506.86909090909097,True,285
12539,5568.35,4,2067,157,1,2011-01-10 09:11:00,2011-11-17 13:30:00,273,1392.0875,True,311
16161,5533.67,19,2583,286,1,2010-12-06 10:03:00,2011-12-08 12:10:00,471,291.2457894736842,True,367
18225,5504.96,12,3242,150,1,2010-12-09 15:46:00,2011-12-06 13:27:00,269,458.74666666666667,True,361
16609,5493.46,7,2420,155,1,2011-04-01 10:11:00,2011-11-24 13:32:00,276,784.78,True,237
15805,5488.18,17,3367,220,1,2010-12-10 09:33:00,2011-11-16 16:32:00,299,322.83411764705886,True,341
16985,5464.12,10,1832,62,1,2010-12-16 10:38:00,2011-11-22 13:33:00,120,546.412,True,341
16265,5447.0,9,2646,164,1,2010-12-10 10:21:00,2011-11-30 16:41:00,258,605.2222222222222,True,355
18198,5425.56,17,4074,81,1,2011-01-07 13:39:00,2011-12-05 14:49:00,159,319.15058823529415,True,332
12490,5417.93,10,3064,131,1,2011-01-14 09:13:00,2011-12-04 16:07:00,245,541.793,True,324
17809,5411.91,12,2057,46,1,2010-12-01 09:41:00,2011-11-23 12:59:00,61,450.9925,True,357
16701,5398.3,13,6393,99,1,2010-12-13 11:51:00,2011-12-01 11:10:00,144,415.25384615384615,True,352
17719,5396.04,15,2466,111,1,2011-03-29 11:29:00,2011-11-02 10:36:00,274,359.736,True,217
17850,5391.21,34,1733,21,1,2010-12-01 08:26:00,2010-12-02 15:27:00,297,158.565,True,1
16303,5360.63,3,2659,119,1,2011-01-10 14:16:00,2011-11-14 10:49:00,162,1786.8766666666668,True,307
13269,5343.28,15,3513,177,1,2010-12-05 11:51:00,2011-12-08 14:53:00,315,356.21866666666665,True,368
17730,5298.4800000000005,13,3576,127,1,2011-01-17 14:49:00,2011-12-06 15:43:00,218,407.5753846153847,True,323
15150,5291.33,10,3642,282,1,2011-03-15 14:21:00,2011-11-22 12:52:00,341,529.133,True,251
17061,5232.2300000000005,11,1526,57,1,2011-04-21 13:29:00,2011-09-27 11:24:00,99,475.65727272727275,True,158
18226,5228.05,11,3466,141,1,2011-01-06 09:00:00,2011-10-26 13:36:00,242,475.27727272727276,True,293
12362,5226.23,10,2229,201,1,2011-02-17 10:30:00,2011-12-06 15:40:00,266,522.6229999999999,True,292
16258,5203.51,5,2994,111,1,2011-05-04 14:33:00,2011-10-25 13:30:00,135,1040.702,True,173
13756,5189.52,14,3188,66,1,2010-12-07 11:41:00,2011-12-07 16:44:00,142,370.68,True,365
16191,5180.52,13,3351,65,1,2010-12-14 12:38:00,2011-12-07 11:26:00,134,398.5015384615385,True,357
15727,5159.06,7,3063,213,1,2010-12-15 15:47:00,2011-11-23 12:36:00,301,737.0085714285715,True,342
13599,5149.92,21,3293,171,1,2010-12-08 10:11:00,2011-12-08 16:10:00,246,245.2342857142857,True,365
17858,5140.66,12,2694,101,1,2010-12-05 13:08:00,2011-12-04 11:56:00,197,428.3883333333333,True,363
15903,5126.76,7,2410,46,1,2011-02-17 14:04:00,2011-11-30 08:08:00,74,732.3942857142857,True,285
13941,5112.96,5,2364,24,1,2010-12-02 10:17:00,2011-11-18 09:43:00,45,1022.592,True,350
15046,5090.42,15,3372,147,1,2011-01-05 15:30:00,2011-11-30 15:50:00,201,339.36133333333333,True,329
16700,5076.55,13,4024,159,1,2010-12-08 16:34:00,2011-12-01 11:00:00,308,390.50384615384615,True,357
13139,5064.94,7,2425,132,1,2011-03-25 11:57:00,2011-11-23 13:54:00,170,723.5628571428571,True,243
12432,5059.32,5,1801,107,1,2011-06-20 13:27:00,2011-10-28 11:43:00,108,1011.8639999999999,True,129
17602,5054.42,6,4116,335,1,2011-01-19 16:18:00,2011-12-07 13:53:00,551,842.4033333333333,True,321
15301,5049.95,12,2751,167,1,2010-12-06 12:21:00,2011-10-20 09:57:00,242,420.82916666666665,True,317
17426,5037.26,6,3094,179,1,2011-03-02 16:34:00,2011-12-01 18:07:00,271,839.5433333333334,True,274
15719,5030.07,13,2718,299,1,2011-01-06 12:31:00,2011-11-07 12:29:00,931,386.92846153846153,True,304
14755,5010.28,11,2219,128,1,2011-01-09 14:02:00,2011-11-30 11:24:00,235,455.47999999999996,True,324
14562,5006.77,18,1815,187,1,2011-02-08 14:45:00,2011-12-06 11:05:00,419,278.1538888888889,True,300
12444,5005.46,5,1153,138,1,2011-06-21 14:00:00,2011-11-18 13:23:00,176,1001.092,True,149
14329,4975.24,7,3087,218,1,2011-01-14 13:42:00,2011-11-22 15:50:00,258,710.7485714285714,True,312
15032,4959.1,3,2968,29,1,2010-12-08 12:57:00,2011-03-28 15:03:00,52,1653.0333333333335,True,110
12437,4951.41,18,2922,118,1,2011-01-12 14:13:00,2011-12-08 11:35:00,199,275.0783333333333,True,329
12700,4939.99,4,2967,193,1,2011-05-08 16:10:00,2011-12-02 10:47:00,268,1234.9975,True,207
14709,4921.04,13,2484,71,1,2010-12-16 13:43:00,2011-11-24 15:41:00,196,378.54153846153844,True,343
15786,4919.0,3,3340,257,1,2011-08-17 13:33:00,2011-10-24 14:13:00,266,1639.6666666666667,True,68
15547,4910.6,14,3999,441,1,2010-12-12 13:26:00,2011-12-02 12:52:00,695,350.75714285714287,True,354
17133,4892.240000000001,7,2730,13,1,2011-03-18 13:47:00,2011-11-24 12:27:00,27,698.8914285714287,True,250
12664,4881.88,9,1203,10,1,2011-01-21 11:42:00,2011-12-01 17:07:00,37,542.4311111111111,True,314
12688,4873.8099999999995,1,3028,171,1,2011-08-18 08:49:00,2011-08-18 08:49:00,171,4873.8099999999995,False,0
14292,4871.93,9,1663,64,1,2011-03-02 08:26:00,2011-12-02 11:50:00,100,541.3255555555556,True,275
17652,4867.72,12,2509,118,1,2011-03-03 14:05:00,2011-11-14 12:55:00,259,405.6433333333334,True,255
15738,4812.42,16,2982,46,1,2010-12-02 12:50:00,2011-11-21 08:26:00,173,300.77625,True,353
13013,4810.9400000000005,13,2224,155,1,2010-12-03 12:28:00,2011-12-08 15:01:00,219,370.07230769230773,True,370
15298,4799.9,12,3116,115,1,2010-12-08 13:55:00,2011-12-07 17:17:00,192,399.9916666666666,True,364
15555,4794.86,16,4427,401,1,2010-12-05 14:45:00,2011-11-27 16:19:00,887,299.67875,True,357
15187,4777.18,16,1887,61,1,2011-05-11 13:49:00,2011-12-08 11:56:00,91,298.57375,True,210
17365,4767.36,8,4749,278,1,2011-01-11 12:11:00,2011-11-27 12:13:00,465,595.92,True,320
12955,4757.16,11,3664,81,1,2011-03-17 09:03:00,2011-12-08 16:29:00,180,432.4690909090909,True,266
14180,4748.52,25,719,112,1,2010-12-02 13:08:00,2011-11-29 10:56:00,240,189.94080000000002,True,361
15152,4745.69,13,2704,196,1,2011-06-05 15:36:00,2011-11-30 12:32:00,271,365.0530769230769,True,177
16722,4730.81,13,5001,96,1,2010-12-06 12:59:00,2011-11-22 13:28:00,225,363.90846153846155,True,351
17690,4726.8,15,1769,186,1,2010-12-01 16:15:00,2011-11-09 15:17:00,252,315.12,True,342
12714,4708.86,5,3069,216,1,2011-02-18 10:53:00,2011-11-30 15:43:00,259,941.7719999999999,True,285
14135,4690.31,15,3850,95,1,2010-12-02 10:27:00,2011-12-08 11:38:00,134,312.68733333333336,True,371
14191,4684.76,13,3662,145,1,2011-05-03 10:30:00,2011-12-08 09:23:00,259,360.36615384615385,True,218
15291,4668.3,15,2103,62,1,2010-12-01 09:32:00,2011-11-14 11:02:00,103,311.22,True,348
14189,4654.08,15,3937,176,1,2010-12-06 11:42:00,2011-12-07 15:55:00,265,310.272,True,366
14390,4642.57,9,2133,135,1,2010-12-02 11:57:00,2011-11-29 13:49:00,284,515.8411111111111,True,362
14159,4630.35,11,4348,501,1,2010-12-12 11:17:00,2011-11-20 12:36:00,1175,420.94090909090914,True,343
14286,4628.75,3,4338,220,1,2011-04-11 08:16:00,2011-11-16 10:34:00,280,1542.9166666666667,True,219
13802,4599.42,3,2572,55,1,2011-02-01 12:03:00,2011-07-24 10:54:00,60,1533.14,True,172
15093,4597.02,6,3760,52,1,2010-12-02 18:25:00,2011-11-21 13:09:00,108,766.1700000000001,True,353
14004,4582.64,7,2668,102,1,2011-02-24 09:28:00,2011-10-27 14:40:00,171,654.6628571428572,True,245
16931,4554.87,21,3134,448,1,2010-12-05 11:40:00,2011-12-04 13:15:00,886,216.89857142857142,True,364
17068,4552.14,21,2164,116,1,2010-12-06 13:58:00,2011-11-27 13:14:00,296,216.76857142857145,True,355
17613,4544.55,14,2490,211,1,2011-02-07 11:20:00,2011-11-17 10:51:00,306,324.6107142857143,True,282
12484,4527.32,6,2187,256,1,2011-01-07 14:04:00,2011-11-07 11:37:00,343,754.5533333333333,True,303
13267,4521.49,19,1969,88,1,2010-12-08 09:20:00,2011-12-07 11:12:00,211,237.97315789473683,True,364
15299,4507.01,7,2948,7,1,2010-12-02 16:48:00,2011-10-03 14:19:00,7,643.8585714285715,True,304
12524,4485.72,8,3699,113,1,2011-01-10 10:35:00,2011-11-30 15:31:00,144,560.715,True,324
17975,4483.26,13,1565,189,1,2010-12-08 11:38:00,2011-11-24 13:27:00,293,344.86615384615385,True,351
14426,4481.67,10,2699,183,1,2011-01-31 09:51:00,2011-11-16 12:25:00,224,448.16700000000003,True,289
12627,4478.53,7,2752,162,1,2011-07-22 13:59:00,2011-11-29 12:07:00,230,639.79,True,129
17364,4462.68,11,2692,288,1,2011-01-12 16:57:00,2011-12-09 09:00:00,406,405.69818181818187,True,330
16984,4459.52,2,2380,354,1,2011-08-01 17:37:00,2011-09-12 13:43:00,400,2229.76,True,41
13069,4431.44,24,5873,281,1,2010-12-05 11:02:00,2011-12-09 08:39:00,424,184.64333333333332,True,368
14085,4421.29,18,3177,272,1,2010-12-06 12:39:00,2011-12-07 13:46:00,448,245.62722222222223,True,366
15955,4416.26,14,2135,137,1,2010-12-02 11:22:00,2011-11-15 14:15:00,183,315.44714285714286,True,348
16626,4413.1,17,2690,86,1,2011-03-18 12:27:00,2011-12-09 11:56:00,179,259.59411764705885,True,265
15874,4405.88,7,2534,110,1,2011-02-28 13:28:00,2011-10-07 12:31:00,120,629.4114285714286,True,220
14534,4397.3,18,2027,331,1,2011-01-25 12:33:00,2011-12-07 12:19:00,508,244.29444444444445,True,315
12712,4396.13,13,1062,58,1,2010-12-03 14:30:00,2011-11-11 08:19:00,133,338.1638461538462,True,342
13505,4393.63,4,2486,182,1,2011-04-21 12:07:00,2011-09-28 11:56:00,215,1098.4075,True,159
12752,4366.78,1,2262,53,1,2011-09-19 13:32:00,2011-09-19 13:32:00,53,4366.78,False,0
16945,4345.5,19,2725,137,1,2010-12-16 17:49:00,2011-11-18 11:39:00,249,228.71052631578948,True,336
14016,4341.21,4,2125,154,1,2010-12-17 14:21:00,2011-07-01 11:29:00,161,1085.3025,True,195
14800,4331.79,12,3644,246,1,2010-12-05 11:10:00,2011-10-23 12:46:00,383,360.9825,True,322
17567,4331.48,8,2632,110,1,2010-12-02 15:18:00,2011-12-02 15:48:00,165,541.435,True,365
18251,4314.72,1,7824,16,1,2011-09-13 15:03:00,2011-09-13 15:03:00,16,4314.72,False,0
12347,4310.0,7,2458,103,1,2010-12-07 14:57:00,2011-12-07 15:52:00,182,615.7142857142857,True,365
17937,4301.22,7,1754,19,1,2010-12-12 14:43:00,2011-12-01 11:45:00,43,614.46,True,353
15034,4274.16,8,2413,299,1,2010-12-21 09:47:00,2011-11-24 12:11:00,390,534.27,True,338
14422,4263.64,6,2906,189,1,2011-03-17 17:26:00,2011-12-09 11:26:00,222,710.6066666666667,True,266
12500,4257.82,11,2678,34,1,2011-01-10 09:48:00,2011-11-16 16:20:00,61,387.07454545454544,True,310
17419,4226.57,12,1876,155,1,2010-12-07 15:03:00,2011-11-28 13:47:00,206,352.21416666666664,True,355
14525,4215.9,9,2637,217,1,2010-12-13 17:40:00,2011-11-20 11:37:00,282,468.4333333333333,True,341
15804,4206.39,13,2565,170,1,2011-05-25 10:12:00,2011-12-09 12:31:00,262,323.5684615384616,True,198
15971,4199.85,12,1717,10,1,2011-02-01 16:47:00,2011-11-22 12:50:00,35,349.9875,True,293
12747,4196.01,11,1275,42,1,2010-12-05 15:38:00,2011-12-07 14:34:00,103,381.4554545454546,True,366
14146,4191.0,5,2437,183,1,2010-12-17 15:52:00,2011-12-01 10:18:00,210,838.2,True,348
14277,4188.0,3,1976,195,1,2011-05-11 13:20:00,2011-11-24 15:01:00,222,1396.0,True,197
12949,4167.22,8,2381,166,1,2011-04-01 13:20:00,2011-11-09 11:25:00,215,520.9025,True,221
13384,4151.93,7,2422,123,1,2011-06-14 12:47:00,2011-11-09 11:04:00,152,593.1328571428572,True,147
15570,4148.82,12,2063,231,1,2010-12-05 12:57:00,2011-12-02 14:47:00,319,345.73499999999996,True,362
13988,4147.96,6,3044,188,1,2011-03-30 11:48:00,2011-11-20 10:15:00,234,691.3266666666667,True,234
12569,4124.69,32,1801,92,1,2011-04-01 13:47:00,2011-12-07 16:24:00,188,128.8965625,True,250
17920,4119.5,17,2473,407,1,2010-12-01 11:49:00,2011-12-05 14:29:00,665,242.3235294117647,True,369
16592,4113.68,16,2927,142,1,2011-02-25 10:19:00,2011-12-05 13:49:00,216,257.105,True,283
13555,4098.88,4,2636,128,1,2011-05-22 11:06:00,2011-09-27 12:36:00,135,1024.72,True,128
16401,4098.32,12,3882,66,1,2011-01-16 10:56:00,2011-12-08 18:15:00,186,341.52666666666664,True,326
18041,4097.37,21,3758,285,1,2010-12-02 11:21:00,2011-11-28 11:39:00,458,195.11285714285714,True,361
16670,4095.9,11,2556,179,1,2010-12-16 10:30:00,2011-11-23 09:34:00,252,372.3545454545455,True,341
12749,4090.88,5,1471,160,1,2011-05-10 15:25:00,2011-12-06 09:56:00,199,818.176,True,209
14092,4076.91,14,2066,117,1,2010-12-16 15:47:00,2011-12-02 12:13:00,214,291.2078571428571,True,350
12449,4067.29,4,1553,118,1,2011-06-05 15:37:00,2011-11-17 13:46:00,191,1016.8225,True,164
17377,4058.32,20,2038,190,1,2010-12-01 12:35:00,2011-11-16 11:17:00,404,202.916,True,349
18087,4055.7199999999993,2,3907,2,1,2011-02-22 10:43:00,2011-09-02 15:12:00,2,2027.8599999999997,True,192
14401,4051.48,13,4507,113,1,2010-12-15 09:07:00,2011-12-05 13:30:00,182,311.6523076923077,True,355
12656,4051.17,5,1723,89,1,2011-04-20 09:20:00,2011-11-22 13:42:00,126,810.234,True,216
16549,4034.9,10,2294,445,1,2011-01-09 14:03:00,2011-11-29 15:06:00,925,403.49,True,324
13815,4027.36,4,2560,132,1,2011-01-25 12:16:00,2011-11-17 14:19:00,176,1006.84,True,296
15514,4023.7200000000003,11,2098,96,1,2010-12-10 13:50:00,2011-11-27 14:40:00,166,365.7927272727273,True,352
17940,4020.04,10,9323,6,1,2011-02-10 09:29:00,2011-10-21 13:27:00,18,402.004,True,253
12957,4017.54,8,2549,208,1,2011-01-04 12:18:00,2011-11-30 09:53:00,238,502.1925,True,329
12867,4009.34,7,4284,240,1,2010-12-14 16:39:00,2011-11-13 15:30:00,534,572.7628571428571,True,333
12378,4008.62,1,2529,219,1,2011-08-02 10:34:00,2011-08-02 10:34:00,219,4008.62,False,0
16186,4006.94,12,3020,87,1,2010-12-02 14:40:00,2011-11-17 12:43:00,218,333.9116666666667,True,349
12841,3991.58,25,2720,229,1,2010-12-03 10:43:00,2011-12-05 11:13:00,414,159.6632,True,367
17001,3989.57,11,2164,75,1,2010-12-16 09:35:00,2011-12-09 09:38:00,169,362.6881818181818,True,358
15416,3984.32,4,2090,165,1,2011-03-02 08:41:00,2011-10-06 09:38:00,192,996.08,True,218
12779,3981.36,8,2024,88,1,2010-12-03 13:40:00,2011-11-02 11:43:00,149,497.67,True,333
12727,3980.7,7,2098,109,1,2011-01-23 15:17:00,2011-11-29 11:46:00,139,568.6714285714286,True,309
14547,3974.75,8,2639,198,1,2011-10-16 14:35:00,2011-12-06 11:06:00,355,496.84375,True,50
14299,3965.62,9,2149,94,1,2010-12-09 10:30:00,2011-12-01 16:05:00,143,440.6244444444444,True,357
13523,3964.88,5,1752,157,1,2010-12-08 14:22:00,2011-11-06 15:11:00,172,792.976,True,333
15529,3962.6,11,3455,415,1,2010-12-08 12:24:00,2011-11-17 11:29:00,662,360.23636363636365,True,343
17611,3961.12,15,2550,440,1,2010-12-13 13:52:00,2011-12-02 13:29:00,567,264.07466666666664,True,353
13183,3957.78,9,2208,51,1,2011-01-09 10:50:00,2011-12-02 10:30:00,94,439.75333333333333,True,326
17769,3957.43,10,1850,200,1,2011-01-23 11:15:00,2011-11-27 11:18:00,304,395.743,True,308
17651,3945.0,10,3112,149,1,2011-06-15 15:57:00,2011-11-28 10:29:00,232,394.5,True,165
12473,3928.0499999999997,5,2414,140,1,2011-06-01 10:15:00,2011-11-10 13:46:00,167,785.6099999999999,True,162
17593,3923.86,5,3089,190,1,2010-12-22 10:29:00,2011-12-06 10:30:00,212,784.772,True,349
14739,3902.28,7,3820,47,1,2010-12-07 14:58:00,2011-12-05 16:54:00,60,557.4685714285714,True,363
13999,3901.81,12,2243,102,1,2010-12-13 11:23:00,2011-11-29 13:40:00,208,325.1508333333333,True,351
14291,3883.25,11,2749,145,1,2011-03-09 15:20:00,2011-12-08 10:26:00,237,353.02272727272725,True,273
15195,3861.0,1,1404,1,1,2011-12-07 12:20:00,2011-12-07 12:20:00,1,3861.0,False,0
18073,3859.82,12,3102,23,1,2011-05-26 19:38:00,2011-08-17 14:02:00,72,321.6516666666667,True,82
12662,3849.78,11,2058,129,1,2010-12-01 13:04:00,2011-12-09 11:59:00,230,349.98,True,372
16717,3843.08,6,1860,176,1,2010-12-08 16:48:00,2011-11-16 12:16:00,198,640.5133333333333,True,342
13266,3834.2599999999998,12,4428,82,1,2011-03-28 10:14:00,2011-11-28 14:39:00,187,319.52166666666665,True,245
17091,3827.76,9,1746,119,1,2010-12-07 09:55:00,2011-12-07 10:43:00,195,425.3066666666667,True,365
16327,3820.27,6,2560,142,1,2010-12-05 12:43:00,2011-11-25 13:23:00,317,636.7116666666667,True,355
12755,3811.95,2,1491,4,1,2010-12-09 10:44:00,2011-03-04 12:42:00,4,1905.975,True,85
12597,3811.22,4,2236,184,1,2011-03-16 14:00:00,2011-11-20 13:33:00,206,952.805,True,248
15867,3810.14,15,2052,302,1,2010-12-05 14:17:00,2011-12-04 13:32:00,459,254.00933333333333,True,363
13435,3809.8900000000003,7,2129,68,1,2011-06-03 17:07:00,2011-12-04 14:45:00,101,544.2700000000001,True,183
12668,3807.15,4,1634,115,1,2010-12-19 12:46:00,2011-11-28 10:56:00,161,951.7875,True,343
16145,3799.4900000000002,11,3123,134,1,2010-12-15 09:09:00,2011-12-01 10:33:00,224,345.40818181818184,True,351
16655,3789.52,6,2363,208,1,2011-01-12 10:16:00,2011-11-22 11:25:00,258,631.5866666666667,True,314
16168,3787.6,27,1892,57,1,2010-12-05 11:38:00,2011-11-29 12:45:00,98,140.28148148148148,True,359
16019,3786.2400000000002,9,1733,133,1,2010-12-10 12:29:00,2011-10-24 11:51:00,160,420.6933333333334,True,317
12562,3781.7400000000002,7,1779,99,1,2011-05-25 12:44:00,2011-12-01 17:20:00,168,540.2485714285715,True,190
17173,3766.6,8,1122,36,1,2011-07-31 15:26:00,2011-12-04 14:40:00,86,470.825,True,125
13124,3756.33,3,2119,185,1,2010-12-15 15:00:00,2011-09-11 12:45:00,222,1252.11,True,269
12429,3750.4,4,1557,82,2,2010-12-09 12:05:00,2011-11-30 17:22:00,97,937.6,True,356
14145,3742.2,4,756,6,1,2011-05-06 13:01:00,2011-10-24 12:10:00,11,935.55,True,170
13552,3740.07,12,1417,82,1,2011-01-28 10:10:00,2011-10-04 15:19:00,109,311.6725,True,249
16570,3738.4,10,2112,68,1,2011-02-01 10:37:00,2011-11-24 17:02:00,126,373.84000000000003,True,296
12502,3723.87,5,820,102,1,2011-02-03 10:41:00,2011-09-05 11:52:00,147,744.774,True,214
12647,3722.82,12,1431,78,1,2010-12-05 14:02:00,2011-11-17 12:56:00,121,310.235,True,346
13680,3719.12,4,1934,164,1,2011-01-04 14:12:00,2011-12-08 13:47:00,194,929.78,True,337
17238,3719.1,17,1807,297,1,2010-12-03 15:05:00,2011-12-07 11:35:00,555,218.7705882352941,True,368
16240,3718.8,2,1641,126,1,2011-09-23 13:44:00,2011-11-15 14:30:00,135,1859.4,True,53
14364,3717.35,8,1967,61,1,2011-05-12 12:56:00,2011-08-23 11:01:00,69,464.66875,True,102
15845,3711.77,8,1926,97,1,2011-01-06 17:19:00,2011-11-22 09:42:00,138,463.97125,True,319
15622,3709.56,9,1674,169,1,2011-03-02 13:42:00,2011-10-27 16:44:00,185,412.17333333333335,True,239
17819,3704.87,7,1031,36,1,2010-12-03 14:26:00,2011-09-29 10:52:00,48,529.2671428571429,True,299
15379,3703.29,7,2305,145,1,2010-12-16 13:02:00,2011-06-23 13:13:00,194,529.0414285714286,True,189
14282,3701.44,15,2656,70,1,2010-12-07 12:21:00,2011-12-06 17:04:00,154,246.76266666666666,True,364
12553,3692.28,10,1965,95,1,2011-01-14 10:42:00,2011-12-01 16:38:00,191,369.228,True,321
16253,3683.86,2,3233,114,1,2011-03-29 13:33:00,2011-10-04 09:09:00,123,1841.93,True,188
13148,3683.26,12,1965,231,1,2010-12-10 13:06:00,2011-11-10 15:23:00,312,306.93833333333333,True,335
15581,3675.77,13,283,134,1,2010-12-08 14:38:00,2011-08-11 09:38:00,146,282.7515384615385,True,245
15296,3672.86,6,1766,137,1,2011-01-17 11:57:00,2011-10-20 11:47:00,194,612.1433333333333,True,275
16904,3653.75,16,1984,387,1,2010-12-07 13:29:00,2011-12-05 13:10:00,665,228.359375,True,362
15808,3651.27,4,1305,142,1,2010-12-05 13:05:00,2011-02-06 14:33:00,195,912.8175,True,63
12417,3649.1,9,1552,158,2,2010-12-17 11:51:00,2011-12-06 14:52:00,192,405.4555555555555,True,354
13426,3641.32,10,2245,103,1,2010-12-15 12:43:00,2011-12-09 08:59:00,157,364.132,True,358
12619,3641.24,9,3378,50,1,2011-03-31 13:10:00,2011-11-23 14:52:00,90,404.5822222222222,True,237
16440,3640.67,5,2018,186,1,2011-05-09 12:25:00,2011-12-02 12:02:00,282,728.134,True,206
13381,3639.31,6,2029,77,1,2011-02-14 10:10:00,2011-11-08 11:58:00,172,606.5516666666666,True,267
17230,3638.41,8,1651,51,1,2010-12-15 11:22:00,2011-03-20 16:12:00,69,454.80125,True,95
17528,3628.5,8,2138,183,1,2011-09-29 13:04:00,2011-12-08 13:27:00,253,453.5625,True,70
13327,3627.77,8,1600,74,1,2010-12-09 15:32:00,2011-11-01 10:21:00,108,453.47125,True,326
13520,3624.35,6,1649,49,1,2010-12-03 10:36:00,2011-10-12 10:20:00,93,604.0583333333333,True,312
13082,3613.63,9,4324,63,1,2011-01-05 15:42:00,2011-08-05 16:16:00,73,401.51444444444445,True,212
18079,3613.15,4,7347,99,1,2011-04-15 12:14:00,2011-10-25 15:27:00,123,903.2875,True,193
16712,3611.31,11,1730,259,1,2011-03-08 15:07:00,2011-11-30 13:48:00,438,328.3009090909091,True,266
15505,3610.96,5,2390,90,1,2011-07-07 13:33:00,2011-10-18 07:56:00,97,722.192,True,102
13137,3603.29,8,2204,345,1,2011-02-04 11:54:00,2011-11-29 12:09:00,687,450.41125,True,298
14543,3599.73,16,675,43,1,2010-12-10 11:51:00,2011-11-11 12:45:00,71,224.983125,True,336
15484,3590.41,4,3150,135,1,2011-09-22 13:31:00,2011-12-08 15:03:00,187,897.6025,True,77
14132,3586.0299999999997,11,3368,100,1,2011-06-09 12:04:00,2011-12-07 13:35:00,200,326.00272727272727,True,181
16242,3579.86,7,1969,184,1,2011-03-07 17:04:00,2011-12-01 15:12:00,292,511.40857142857146,True,268
17576,3564.83,19,1967,245,1,2010-12-09 16:57:00,2011-12-01 17:56:00,402,187.62263157894736,True,357
14040,3560.32,12,1544,146,1,2011-01-12 14:57:00,2011-10-30 12:42:00,229,296.6933333333333,True,290
17203,3560.08,6,2846,116,1,2011-10-10 14:37:00,2011-11-04 12:27:00,148,593.3466666666667,True,24
17491,3558.87,10,2013,72,1,2010-12-07 12:18:00,2011-12-08 16:18:00,109,355.887,True,366
15544,3546.71,9,3109,122,1,2010-12-02 12:47:00,2011-11-30 16:43:00,259,394.0788888888889,True,363
14503,3543.26,6,2004,113,1,2011-06-14 10:00:00,2011-12-06 13:30:00,164,590.5433333333334,True,175
12370,3541.94,4,2352,143,2,2010-12-14 12:58:00,2011-10-19 14:51:00,166,885.485,True,309
13448,3534.69,6,1648,137,1,2010-12-01 10:52:00,2011-11-23 12:33:00,194,589.115,True,357
12454,3528.34,1,1006,15,1,2011-10-14 17:13:00,2011-10-14 17:13:00,15,3528.34,False,0
17160,3518.03,6,2856,111,1,2011-04-12 12:00:00,2011-11-08 14:05:00,229,586.3383333333334,True,210
13953,3515.68,7,2724,8,1,2010-12-22 10:29:00,2011-12-02 16:04:00,20,502.23999999999995,True,345
15113,3509.43,3,2344,77,1,2011-10-16 15:27:00,2011-11-30 08:23:00,97,1169.81,True,44
16131,3506.54,6,1802,55,1,2011-04-14 08:32:00,2011-10-19 11:53:00,78,584.4233333333333,True,188
13334,3502.32,3,1764,207,1,2011-02-07 11:42:00,2011-09-18 15:21:00,265,1167.44,True,223
14907,3501.1,7,1691,125,1,2010-12-07 10:14:00,2011-12-06 14:14:00,165,500.15714285714284,True,364
16458,3482.7400000000002,18,2154,52,1,2010-12-14 11:51:00,2011-12-07 09:34:00,202,193.48555555555558,True,357
14395,3479.91,9,1689,181,1,2010-12-02 18:15:00,2011-12-07 14:34:00,348,386.65666666666664,True,369
13993,3466.36,9,900,66,1,2011-01-13 10:43:00,2011-10-28 09:06:00,121,385.1511111111111,True,287
13014,3466.2799999999997,10,905,67,1,2011-03-03 18:28:00,2011-11-29 12:27:00,109,346.628,True,270
15410,3450.84,8,1200,48,1,2011-03-23 10:15:00,2011-09-16 14:47:00,122,431.355,True,177
16360,3450.41,6,2110,365,1,2011-09-12 13:50:00,2011-12-05 12:16:00,636,575.0683333333333,True,83
15129,3447.4,11,1794,54,1,2011-02-21 09:09:00,2011-10-20 14:40:00,84,313.40000000000003,True,241
13536,3444.39,7,2126,91,1,2011-09-25 13:30:00,2011-12-08 16:38:00,178,492.05571428571426,True,74
15974,3442.15,7,2262,141,1,2011-02-24 10:10:00,2011-10-31 13:13:00,176,491.7357142857143,True,249
17725,3439.08,11,2162,115,1,2011-03-17 19:47:00,2011-11-23 16:34:00,192,312.64363636363635,True,250
15676,3435.76,3,2252,191,1,2011-03-01 10:19:00,2011-11-21 12:40:00,202,1145.2533333333333,True,265
14221,3432.8,9,2191,123,1,2011-01-04 15:33:00,2011-10-28 13:42:00,193,381.4222222222222,True,296
12406,3415.3,2,1818,92,1,2011-06-09 10:23:00,2011-11-17 19:22:00,105,1707.65,True,161
15981,3408.48,8,1866,53,1,2011-02-01 13:50:00,2011-11-15 08:00:00,97,426.06,True,286
17758,3408.2000000000003,8,2054,310,1,2011-04-03 15:22:00,2011-11-20 14:45:00,404,426.02500000000003,True,230
13437,3408.06,7,1283,143,1,2011-06-02 14:30:00,2011-11-25 14:00:00,167,486.86571428571426,True,175
17669,3406.7200000000003,7,1916,45,1,2011-04-04 10:11:00,2011-10-28 08:53:00,68,486.67428571428576,True,206
13198,3401.2400000000002,6,2648,199,1,2010-12-13 09:29:00,2011-11-29 15:17:00,226,566.8733333333333,True,351
15228,3386.71,4,2255,110,1,2011-02-18 09:04:00,2011-10-04 13:56:00,125,846.6775,True,228
13842,3385.62,9,1768,155,1,2010-12-08 10:39:00,2011-10-12 10:51:00,206,376.18,True,308
16011,3352.96,16,2035,99,1,2010-12-08 16:34:00,2011-12-01 16:31:00,210,209.56,True,357
14227,3350.96,10,1820,117,1,2011-02-28 12:27:00,2011-11-13 15:48:00,175,335.096,True,258
16818,3349.57,11,2164,172,1,2011-05-18 11:42:00,2011-11-29 10:41:00,188,304.50636363636363,True,194
16607,3347.71,14,2859,140,1,2010-12-16 08:41:00,2011-11-22 10:24:00,172,239.12214285714285,True,341
17183,3347.31,6,1296,42,1,2011-08-26 15:25:00,2011-12-02 10:07:00,73,557.885,True,97
12643,3344.64,6,1808,11,1,2011-01-11 11:48:00,2011-08-03 12:56:00,24,557.4399999999999,True,204
12613,3344.38,5,1644,124,1,2011-03-22 15:42:00,2011-10-13 14:59:00,153,668.876,True,204
13015,3339.64,5,1609,156,1,2011-04-04 14:28:00,2011-10-17 13:19:00,175,667.928,True,195
12594,3338.2200000000003,10,1777,50,1,2011-01-21 09:52:00,2011-11-02 12:20:00,118,333.822,True,285
16556,3313.79,7,1890,144,1,2010-12-14 13:32:00,2011-10-04 11:36:00,207,473.3985714285714,True,293
13373,3312.25,3,1651,135,1,2011-03-08 14:35:00,2011-10-10 10:51:00,158,1104.0833333333333,True,215
14841,3295.76,6,1778,103,1,2010-12-16 10:28:00,2011-10-17 15:03:00,138,549.2933333333334,True,305
15632,3285.31,8,2109,107,1,2011-03-10 08:29:00,2011-11-24 09:51:00,167,410.66375,True,259
12480,3281.63,4,1707,129,1,2011-01-07 15:27:00,2011-11-11 14:52:00,154,820.4075,True,307
15764,3279.97,6,2050,150,1,2011-03-08 09:23:00,2011-09-12 17:58:00,180,546.6616666666666,True,188
17723,3276.4000000000005,6,792,4,1,2011-05-09 14:44:00,2011-08-04 18:37:00,10,546.0666666666667,True,87
14702,3251.79,17,1439,196,1,2010-12-09 19:23:00,2011-12-08 19:29:00,342,191.28176470588235,True,364
13952,3251.071,2,1431,120,1,2011-04-15 09:27:00,2011-05-06 09:00:00,137,1625.5355,True,20
13047,3237.54,10,1391,106,1,2010-12-01 08:34:00,2011-11-08 12:06:00,172,323.754,True,342
15708,3235.25,7,1217,124,1,2010-12-05 11:12:00,2011-10-30 10:54:00,273,462.17857142857144,True,328
14175,3222.3,3,1515,139,1,2011-01-14 12:22:00,2011-10-11 11:55:00,149,1074.1000000000001,True,269
13880,3219.77,13,1842,125,1,2010-12-07 14:00:00,2011-11-18 13:44:00,165,247.67461538461538,True,345
15443,3213.59,7,1639,237,1,2011-01-23 13:25:00,2011-12-08 10:40:00,372,459.0842857142857,True,318
14388,3212.84,8,1941,124,1,2010-12-02 11:02:00,2011-11-29 13:32:00,186,401.605,True,362
16107,3204.1600000000003,7,1176,16,1,2011-06-09 18:42:00,2011-11-22 09:40:00,31,457.7371428571429,True,165
13868,3192.54,2,1964,32,1,2011-11-01 12:45:00,2011-12-02 16:32:00,33,1596.27,True,31
13758,3190.55,7,1844,104,1,2010-12-01 12:08:00,2011-11-28 11:11:00,117,455.79285714285714,True,361
14844,3189.81,4,1833,87,1,2011-04-12 13:10:00,2011-10-07 10:41:00,130,797.4525,True,177
17220,3187.55,14,1897,303,1,2010-12-10 14:54:00,2011-11-15 13:47:00,467,227.68214285714288,True,339
17050,3185.64,6,1595,169,1,2011-02-13 12:41:00,2011-09-04 13:48:00,308,530.9399999999999,True,203
12456,3181.04,3,1633,105,1,2011-03-30 09:12:00,2011-10-26 14:41:00,125,1060.3466666666666,True,210
17672,3178.17,2,1690,105,1,2011-02-03 13:29:00,2011-10-20 14:18:00,110,1589.085,True,259
13268,3174.75,11,3624,257,1,2011-03-17 13:20:00,2011-11-22 11:51:00,433,288.6136363636364,True,249
16837,3170.98,11,1563,123,1,2011-04-08 08:48:00,2011-11-08 14:27:00,165,288.2709090909091,True,214
16041,3166.4,3,1584,6,1,2011-07-21 16:27:00,2011-11-09 12:25:00,6,1055.4666666666667,True,110
17863,3160.0,6,2638,110,1,2010-12-05 13:21:00,2011-10-11 13:45:00,148,526.6666666666666,True,310
15065,3158.13,4,1383,148,1,2011-02-21 12:54:00,2011-11-02 09:45:00,155,789.5325,True,253
17685,3155.83,7,1907,88,1,2010-12-02 14:42:00,2011-11-23 11:36:00,127,450.8328571428571,True,355
15861,3146.92,8,2528,339,1,2011-03-17 20:12:00,2011-11-27 15:59:00,540,393.365,True,254
14235,3144.86,5,1959,65,1,2011-03-24 13:23:00,2011-09-25 14:37:00,79,628.972,True,185
17231,3124.72,10,1724,292,1,2010-12-13 14:16:00,2011-11-27 15:18:00,531,312.472,True,349
13685,3119.44,7,5056,29,1,2011-10-10 12:59:00,2011-12-07 11:41:00,39,445.63428571428574,True,57
16678,3109.99,12,2397,92,1,2011-03-02 09:24:00,2011-12-07 12:17:00,163,259.1658333333333,True,280
13742,3107.87,12,1115,200,1,2011-01-23 14:59:00,2011-11-23 11:07:00,313,258.9891666666667,True,303
14099,3104.17,11,2179,167,1,2010-12-20 11:14:00,2011-11-23 13:53:00,250,282.1972727272727,True,338
15491,3100.09,6,1646,108,1,2011-04-18 10:04:00,2011-09-05 15:56:00,154,516.6816666666667,True,140
14257,3099.7200000000003,5,1682,88,1,2011-01-25 10:49:00,2011-10-06 16:54:00,106,619.9440000000001,True,254
14565,3099.12,4,1540,111,1,2010-12-13 13:25:00,2011-09-05 09:07:00,127,774.78,True,265
13135,3096.0,1,4300,1,1,2011-05-27 10:52:00,2011-05-27 10:52:00,1,3096.0,False,0
16156,3092.04,9,1273,108,1,2011-02-02 12:02:00,2011-12-01 12:42:00,128,343.56,True,302
13362,3090.7400000000002,4,1382,128,1,2011-02-25 11:33:00,2011-11-30 14:41:00,166,772.6850000000001,True,278
16218,3084.68,7,2088,56,1,2010-12-01 11:29:00,2011-11-10 09:59:00,84,440.6685714285714,True,343
13869,3083.65,4,1709,234,1,2010-12-17 15:14:00,2011-08-08 13:53:00,304,770.9125,True,233
17059,3080.39,5,1850,292,1,2010-12-05 12:35:00,2011-11-10 12:27:00,514,616.078,True,339
15998,3080.22,5,2032,370,1,2010-12-12 13:32:00,2011-11-03 12:45:00,504,616.044,True,325
18272,3078.58,6,2050,99,1,2011-04-07 09:35:00,2011-12-07 12:43:00,166,513.0966666666667,True,244
12910,3075.04,8,1692,48,1,2011-04-12 10:01:00,2011-11-16 14:28:00,75,384.38,True,218
13631,3070.42,11,467,6,1,2011-03-17 17:13:00,2011-09-01 09:57:00,11,279.1290909090909,True,167
16940,3049.88,3,2169,226,1,2011-02-23 12:27:00,2011-10-18 13:15:00,305,1016.6266666666667,True,237
16393,3040.96,13,1573,120,1,2010-12-05 13:10:00,2011-12-07 12:51:00,327,233.92000000000002,True,366
16326,3039.2200000000003,14,682,158,1,2011-01-09 12:01:00,2011-12-04 10:11:00,300,217.08714285714288,True,328
17799,3039.17,10,1753,280,1,2010-12-13 13:10:00,2011-11-17 15:16:00,404,303.91700000000003,True,339
16905,3037.6,7,1381,117,1,2010-12-03 10:43:00,2011-12-04 14:01:00,199,433.9428571428571,True,366
16709,3029.87,5,851,64,1,2011-03-03 10:55:00,2011-09-16 10:56:00,79,605.9739999999999,True,197
12598,3023.08,8,1964,84,1,2011-02-28 11:58:00,2011-11-30 12:18:00,132,377.885,True,275
12395,3018.63,12,2118,91,1,2010-12-03 16:35:00,2011-11-20 15:21:00,156,251.5525,True,351
18094,3017.3,7,2518,39,1,2011-02-21 08:50:00,2011-09-19 09:28:00,70,431.04285714285714,True,210
14456,3017.28,9,2885,580,1,2011-07-20 13:06:00,2011-12-04 13:59:00,947,335.25333333333333,True,137
12754,3010.74,3,6481,49,1,2011-02-04 10:31:00,2011-04-18 09:00:00,63,1003.5799999999999,True,72
15521,3000.2,8,1836,116,1,2011-03-30 09:15:00,2011-10-30 13:42:00,185,375.025,True,214
17659,2999.46,12,1525,127,1,2010-12-02 16:46:00,2011-11-22 13:29:00,158,249.955,True,354
17504,2997.0299999999997,9,1664,112,1,2011-01-21 11:09:00,2011-05-17 12:59:00,127,333.00333333333333,True,116
12670,2996.05,5,1397,58,1,2011-04-21 10:16:00,2011-11-29 15:23:00,92,599.21,True,222
14307,2995.72,6,2058,150,1,2010-12-01 11:41:00,2011-09-12 09:38:00,180,499.28666666666663,True,284
15687,2993.1,9,1310,119,1,2011-01-13 15:13:00,2011-12-01 08:33:00,166,332.56666666666666,True,321
14639,2984.49,6,1431,138,1,2010-12-13 13:50:00,2011-10-18 15:06:00,172,497.41499999999996,True,309
14032,2975.59,11,2032,53,1,2010-12-08 10:53:00,2011-12-07 15:23:00,143,270.5081818181818,True,364
15854,2969.12,12,926,105,1,2010-12-13 11:47:00,2011-12-05 13:39:00,138,247.42666666666665,True,357
16497,2965.69,6,1396,128,1,2011-01-10 13:20:00,2011-10-21 10:55:00,136,494.2816666666667,True,283
17924,2962.5,7,1160,26,1,2010-12-01 10:51:00,2011-11-28 09:11:00,31,423.2142857142857,True,361
16686,2959.88,7,1977,406,1,2010-12-19 14:41:00,2011-10-23 13:49:00,544,422.84000000000003,True,307
14868,2953.59,8,1405,96,1,2011-04-20 13:36:00,2011-12-06 14:49:00,144,369.19875,True,230
12916,2944.95,4,1083,53,1,2011-01-23 10:43:00,2011-07-24 10:35:00,103,736.2375,True,181
17444,2940.04,3,2119,132,1,2011-06-20 09:04:00,2011-07-15 12:05:00,135,980.0133333333333,True,25
16316,2938.91,8,1484,120,1,2010-12-16 14:26:00,2011-10-06 13:48:00,151,367.36375,True,293
17512,2924.9900000000002,10,2753,61,1,2011-02-11 12:22:00,2011-11-11 12:11:00,105,292.499,True,272
15606,2920.16,9,892,48,1,2011-01-19 12:07:00,2011-10-09 15:47:00,77,324.4622222222222,True,263
12906,2919.81,5,1749,55,1,2011-09-22 15:03:00,2011-11-28 09:55:00,63,583.962,True,66
14112,2915.15,7,1651,117,1,2011-03-09 11:28:00,2011-11-17 12:30:00,160,416.45,True,253
12438,2906.85,2,1180,84,1,2011-07-22 13:29:00,2011-11-25 13:28:00,98,1453.425,True,125
13451,2898.2599999999998,5,2128,315,1,2011-01-09 15:35:00,2011-11-13 15:58:00,433,579.6519999999999,True,308
17644,2895.64,11,1793,102,1,2011-03-24 09:44:00,2011-12-08 13:43:00,157,263.24,True,259
18144,2888.75,12,1343,27,1,2010-12-01 13:45:00,2011-12-02 12:46:00,43,240.72916666666666,True,365
12408,2888.55,5,1409,81,1,2011-03-24 14:46:00,2011-11-07 12:27:00,105,577.71,True,227
13735,2883.54,4,1128,158,1,2011-04-19 13:49:00,2011-11-15 11:14:00,195,720.885,True,209
16633,2883.1,6,1138,115,1,2011-04-19 14:36:00,2011-11-22 13:41:00,152,480.51666666666665,True,216
14251,2879.7000000000003,5,1674,37,1,2011-10-13 12:46:00,2011-12-08 08:32:00,78,575.94,True,55
17728,2876.01,3,1469,153,1,2011-09-14 11:39:00,2011-12-06 08:52:00,165,958.6700000000001,True,82
14005,2874.72,5,2478,53,1,2011-05-08 10:33:00,2011-11-30 12:41:00,84,574.944,True,206
15628,2870.2400000000002,9,1894,85,1,2010-12-08 09:51:00,2011-12-05 10:24:00,155,318.91555555555556,True,362
13901,2867.2,5,1739,144,1,2011-01-25 09:01:00,2011-09-28 14:48:00,149,573.4399999999999,True,246
12685,2863.08,6,1523,117,1,2011-09-07 10:28:00,2011-11-11 13:46:00,157,477.18,True,65
14530,2862.11,6,1395,140,1,2011-02-16 10:47:00,2011-11-14 10:38:00,213,477.0183333333334,True,270
18145,2861.55,4,2625,174,1,2011-01-31 12:10:00,2011-11-27 11:22:00,221,715.3875,True,299
14535,2854.84,3,1824,280,1,2011-04-05 12:50:00,2011-10-10 15:39:00,328,951.6133333333333,True,188
14711,2839.62,11,966,221,1,2011-03-22 13:32:00,2011-11-29 14:58:00,345,258.1472727272727,True,252
14852,2836.69,6,1747,96,1,2011-04-01 13:22:00,2011-10-12 13:20:00,143,472.7816666666667,True,193
14842,2824.69,4,1166,128,1,2011-02-04 15:32:00,2011-10-27 12:37:00,145,706.1725,True,264
16928,2814.7,17,2092,69,1,2010-12-01 15:21:00,2011-09-20 15:10:00,204,165.5705882352941,True,292
16871,2812.34,6,1253,131,1,2011-03-14 10:31:00,2011-11-17 19:27:00,137,468.72333333333336,True,248
12356,2811.43,3,1591,53,1,2011-01-18 09:50:00,2011-11-17 08:40:00,59,937.1433333333333,True,302
18230,2810.2000000000003,7,1316,32,1,2011-02-10 13:06:00,2011-11-30 13:22:00,86,401.4571428571429,True,293
17596,2806.69,7,4376,168,1,2010-12-06 12:34:00,2011-11-16 14:11:00,265,400.9557142857143,True,345
14572,2804.54,7,1420,190,1,2011-01-19 17:23:00,2011-12-06 14:40:00,262,400.6485714285714,True,320
16081,2799.42,5,1473,175,1,2010-12-08 11:16:00,2011-10-14 13:06:00,223,559.884,True,310
13769,2796.51,10,1163,73,1,2010-12-07 13:28:00,2011-12-07 15:08:00,135,279.651,True,365
14903,2795.33,5,1531,227,1,2011-03-06 11:50:00,2011-11-18 16:07:00,350,559.066,True,257
12578,2794.51,2,1196,111,1,2011-01-13 15:34:00,2011-11-18 13:30:00,114,1397.255,True,308
12758,2791.59,2,2135,84,1,2011-03-08 12:05:00,2011-08-15 10:22:00,97,1395.795,True,159
17739,2791.35,7,861,29,1,2010-12-14 14:26:00,2011-11-28 09:12:00,47,398.7642857142857,True,348
14626,2791.27,4,1403,108,1,2011-04-20 13:18:00,2011-11-16 10:37:00,122,697.8175,True,209
16764,2790.9500000000003,13,1253,209,1,2011-07-19 17:17:00,2011-12-06 11:41:00,700,214.68846153846155,True,139
17213,2781.23,7,1176,85,1,2010-12-08 13:03:00,2011-10-30 14:53:00,157,397.31857142857143,True,326
12388,2780.66,6,1462,57,1,2011-01-17 11:12:00,2011-11-24 12:30:00,100,463.4433333333333,True,311
15984,2780.63,10,1815,217,1,2010-12-06 13:21:00,2011-12-07 12:16:00,258,278.063,True,365
14121,2780.15,4,2082,148,1,2011-10-11 10:39:00,2011-12-06 12:19:00,159,695.0375,True,56
15993,2777.67,7,2037,335,1,2011-10-26 16:21:00,2011-12-01 10:45:00,543,396.81,True,35
13870,2770.94,8,1325,91,1,2011-02-25 09:09:00,2011-12-07 13:23:00,115,346.3675,True,285
15114,2760.56,10,3096,136,1,2011-02-11 08:45:00,2011-11-09 15:05:00,197,276.056,True,271
13971,2758.26,8,1844,118,1,2011-02-27 12:27:00,2011-11-21 12:06:00,149,344.7825,True,266
13230,2755.63,14,1638,393,1,2010-12-09 19:28:00,2011-12-05 16:03:00,587,196.8307142857143,True,360
15321,2748.31,3,1181,83,1,2011-02-21 11:10:00,2011-09-30 09:40:00,95,916.1033333333334,True,220
17084,2747.9900000000002,2,1702,146,1,2011-11-04 14:49:00,2011-11-04 14:54:00,149,1373.9950000000001,True,0
12669,2744.0299999999997,3,1115,98,1,2011-03-28 10:15:00,2011-07-12 09:54:00,101,914.6766666666666,True,105
13174,2742.82,3,1352,228,1,2010-12-05 16:24:00,2011-11-23 14:35:00,293,914.2733333333334,True,352
14854,2740.03,7,1820,110,1,2011-03-10 12:22:00,2011-09-22 17:00:00,126,391.4328571428572,True,196
16003,2735.37,5,1185,82,1,2010-12-15 12:09:00,2011-11-10 09:57:00,103,547.074,True,329
12840,2726.77,4,1511,67,1,2011-04-27 12:21:00,2011-07-19 09:29:00,113,681.6925,True,82
15673,2726.23,4,1451,107,1,2011-01-16 16:25:00,2011-09-12 16:12:00,138,681.5575,True,238
12380,2724.81,4,1127,77,1,2011-06-07 09:49:00,2011-11-18 11:27:00,104,681.2025,True,164
17838,2720.8,5,1831,96,1,2010-12-02 15:55:00,2011-11-13 11:20:00,117,544.1600000000001,True,345
14125,2720.63,3,1628,159,1,2011-09-22 15:40:00,2011-11-29 12:47:00,166,906.8766666666667,True,67
14808,2718.6,8,2120,176,1,2011-06-20 12:53:00,2011-10-31 12:21:00,231,339.825,True,132
15356,2718.03,10,1643,215,1,2010-12-06 14:05:00,2011-11-08 13:11:00,499,271.803,True,336
12708,2712.91,10,1307,86,1,2010-12-06 10:43:00,2011-11-10 09:52:00,157,271.291,True,338
16938,2711.6800000000003,4,2533,212,1,2011-02-04 09:34:00,2011-12-01 10:20:00,235,677.9200000000001,True,300
15696,2711.11,8,1015,140,1,2011-01-17 11:24:00,2011-11-06 14:02:00,168,338.88875,True,293
17069,2709.7000000000003,9,1506,111,1,2010-12-01 16:49:00,2011-11-11 17:13:00,143,301.0777777777778,True,345
13285,2709.12,4,2051,157,1,2011-02-22 17:13:00,2011-11-16 13:19:00,187,677.28,True,266
15796,2708.61,8,860,70,1,2011-02-10 15:40:00,2011-12-08 19:55:00,132,338.57625,True,301
13654,2707.33,6,2182,157,1,2011-03-11 12:54:00,2011-10-27 16:24:00,166,451.22166666666664,True,230
14107,2703.23,7,1793,61,1,2010-12-10 13:29:00,2011-10-19 12:12:00,123,386.17571428571426,True,312
14732,2702.4900000000002,8,1405,105,1,2011-01-04 14:40:00,2011-12-01 14:34:00,147,337.81125000000003,True,330
17386,2686.42,6,1902,23,1,2011-06-27 12:11:00,2011-12-02 11:28:00,28,447.7366666666667,True,157
12625,2683.82,2,1612,73,1,2011-01-24 13:27:00,2011-05-12 09:54:00,86,1341.91,True,107
13883,2674.48,5,1436,108,1,2011-03-31 17:17:00,2011-11-29 10:45:00,142,534.896,True,242
18097,2662.4,6,1662,65,1,2010-12-20 14:49:00,2011-12-02 11:16:00,106,443.73333333333335,True,346
14713,2662.2,11,1613,146,1,2010-12-09 18:58:00,2011-11-30 16:26:00,338,242.0181818181818,True,355
12360,2662.06,3,1165,105,1,2011-05-23 09:43:00,2011-10-18 15:22:00,129,887.3533333333334,True,148
14439,2661.24,1,526,32,1,2011-01-24 11:39:00,2011-01-24 11:39:00,32,2661.24,False,0
15671,2657.13,7,1699,52,1,2011-03-14 09:37:00,2011-11-21 12:43:00,78,379.59000000000003,True,252
12721,2656.13,6,1959,133,1,2010-12-20 11:38:00,2011-11-08 12:13:00,161,442.68833333333333,True,323
13851,2651.46,3,1705,77,1,2011-02-24 17:18:00,2011-09-05 12:36:00,81,883.82,True,192
16618,2647.59,5,1363,79,1,2011-01-21 11:55:00,2011-11-08 13:52:00,96,529.518,True,291
13658,2639.17,5,1019,91,1,2011-05-19 17:15:00,2011-11-30 10:13:00,108,527.8340000000001,True,194
17655,2638.94,7,1116,66,1,2010-12-08 16:45:00,2011-11-29 11:34:00,91,376.99142857142857,True,355
13771,2634.45,4,1477,114,1,2011-04-06 15:47:00,2011-10-06 14:18:00,119,658.6125,True,182
12520,2634.26,5,1439,121,1,2011-03-11 11:35:00,2011-09-21 15:23:00,152,526.8520000000001,True,194
17402,2633.85,13,701,33,1,2010-12-05 13:53:00,2011-12-05 10:15:00,59,202.60384615384615,True,364
18260,2628.35,6,1475,86,1,2010-12-16 18:23:00,2011-06-20 12:37:00,133,438.05833333333334,True,185
15752,2626.6,7,1960,236,1,2010-12-02 09:43:00,2011-10-31 11:37:00,405,375.2285714285714,True,333
13422,2626.3,1,1326,127,1,2011-10-06 13:42:00,2011-10-06 13:42:00,127,2626.3,False,0
13644,2624.26,4,2067,144,1,2011-08-26 11:53:00,2011-11-23 14:07:00,146,656.065,True,89
17346,2622.88,15,1617,299,1,2010-12-01 14:34:00,2011-12-06 12:18:00,483,174.85866666666666,True,369
18210,2621.38,6,1398,109,1,2011-03-17 16:58:00,2011-12-08 11:02:00,134,436.8966666666667,True,265
16255,2619.91,8,1767,146,1,2010-12-09 14:25:00,2011-11-23 12:40:00,270,327.48875,True,348
14262,2618.23,8,1645,87,1,2011-04-13 12:23:00,2011-12-01 14:17:00,143,327.27875,True,232
13021,2616.38,9,1352,101,1,2010-12-16 10:12:00,2011-12-05 16:37:00,131,290.7088888888889,True,354
15782,2614.7400000000002,3,864,34,1,2011-09-11 14:29:00,2011-11-30 10:49:00,43,871.58,True,79
14397,2612.96,19,1890,18,1,2011-05-10 12:25:00,2011-12-07 09:22:00,87,137.52421052631578,True,210
18075,2611.75,10,1464,97,1,2010-12-14 10:48:00,2011-11-16 15:21:00,142,261.175,True,337
12836,2610.36,4,1062,148,1,2011-02-01 11:19:00,2011-10-11 15:10:00,174,652.59,True,252
12726,2609.1,7,3143,57,1,2010-12-17 12:56:00,2011-11-11 13:35:00,124,372.7285714285714,True,329
13136,2607.61,5,1328,94,1,2011-05-11 12:47:00,2011-10-14 13:41:00,127,521.522,True,156
13983,2603.43,12,1183,91,1,2010-12-08 10:38:00,2011-11-10 11:06:00,107,216.9525,True,337
17317,2600.34,3,1146,8,1,2011-09-11 12:45:00,2011-10-24 17:19:00,9,866.7800000000001,True,43
17965,2599.19,14,1532,274,1,2010-12-05 15:54:00,2011-11-02 09:31:00,325,185.65642857142856,True,331
12600,2599.04,10,774,32,1,2010-12-03 12:57:00,2011-11-11 10:29:00,64,259.904,True,342
14408,2599.03,7,1610,60,1,2011-03-20 14:41:00,2011-11-29 11:41:00,106,371.29,True,253
13895,2593.07,4,1365,97,1,2011-06-28 10:17:00,2011-11-11 16:57:00,118,648.2675,True,136
16919,2592.25,11,1403,141,1,2010-12-06 12:52:00,2011-07-06 13:35:00,326,235.6590909090909,True,212
16241,2590.31,13,1443,347,1,2010-12-05 11:04:00,2011-11-30 11:08:00,655,199.2546153846154,True,360
14243,2588.77,10,1221,99,1,2010-12-09 08:34:00,2011-12-01 11:12:00,141,258.877,True,357
13804,2588.39,7,1462,124,1,2011-02-23 09:09:00,2011-11-09 12:32:00,135,369.77,True,259
18077,2584.41,11,1839,101,1,2010-12-08 10:21:00,2011-12-01 13:32:00,223,234.94636363636363,True,358
13911,2580.91,9,2731,120,1,2011-02-04 14:46:00,2011-10-13 15:43:00,148,286.7677777777778,True,251
14546,2573.93,5,1313,250,1,2011-04-05 12:37:00,2011-12-04 13:00:00,397,514.786,True,243
18245,2567.06,7,1788,153,1,2010-12-19 14:58:00,2011-12-02 14:48:00,175,366.72285714285715,True,347
15485,2564.5,3,1281,59,1,2010-12-01 13:23:00,2011-11-09 14:31:00,85,854.8333333333334,True,343
16308,2560.0,4,8000,1,1,2011-03-23 14:46:00,2011-11-02 11:24:00,4,640.0,True,223
15033,2557.18,10,1672,315,1,2011-01-14 13:28:00,2011-12-05 12:40:00,501,255.718,True,324
16912,2555.58,11,1025,88,1,2011-01-20 15:42:00,2011-11-11 12:18:00,100,232.32545454545453,True,294
14334,2552.21,8,1731,98,1,2010-12-16 17:37:00,2011-11-23 10:01:00,162,319.02625,True,341
14676,2548.2400000000002,6,2500,29,1,2011-03-01 14:26:00,2011-11-08 13:29:00,42,424.7066666666667,True,251
14776,2538.3,11,3134,44,1,2011-01-31 13:17:00,2011-10-19 15:34:00,117,230.75454545454548,True,261
17700,2534.64,4,1266,116,1,2011-03-03 16:34:00,2011-11-23 11:51:00,142,633.66,True,264
15572,2533.42,7,1213,166,1,2011-03-06 14:44:00,2011-12-05 10:09:00,212,361.9171428571429,True,273
14659,2529.93,9,1195,147,1,2011-01-28 12:43:00,2011-12-01 12:17:00,253,281.1033333333333,True,306
17314,2527.92,8,1896,120,1,2011-01-31 11:25:00,2011-11-15 09:41:00,131,315.99,True,287
14701,2526.09,9,921,268,1,2011-01-27 12:40:00,2011-11-29 12:38:00,327,280.6766666666667,True,305
13394,2520.02,8,2392,124,1,2011-02-03 10:39:00,2011-12-08 11:36:00,155,315.0025,True,308
17449,2519.21,7,1121,178,1,2010-12-15 10:57:00,2011-12-07 16:56:00,276,359.88714285714286,True,357
15245,2515.84,3,1784,55,1,2011-03-23 13:42:00,2011-07-28 18:56:00,89,838.6133333333333,True,127
13344,2511.69,3,952,115,1,2011-03-07 10:28:00,2011-10-03 09:45:00,116,837.23,True,209
12352,2506.04,8,536,59,1,2011-02-16 12:33:00,2011-11-03 14:37:00,85,313.255,True,260
13695,2504.13,15,1603,46,1,2011-03-25 11:31:00,2011-11-08 14:26:00,90,166.942,True,228
13471,2501.84,4,1583,214,1,2011-10-23 13:10:00,2011-12-08 15:44:00,254,625.46,True,46
15932,2495.87,8,2325,93,1,2011-02-23 14:50:00,2011-12-05 17:13:00,115,311.98375,True,285
16477,2494.46,7,1415,111,1,2010-12-03 12:48:00,2011-10-07 09:44:00,146,356.3514285714286,True,307
15271,2493.34,15,1251,184,1,2010-12-09 13:47:00,2011-12-02 14:11:00,264,166.22266666666667,True,358
12483,2484.98,8,1110,46,1,2011-01-04 14:20:00,2011-11-22 17:02:00,75,310.6225,True,322
12913,2483.63,5,1419,37,1,2010-12-06 16:36:00,2011-12-05 12:11:00,50,496.726,True,363
12517,2481.6,5,1361,232,1,2011-06-02 15:13:00,2011-11-11 14:04:00,279,496.32,True,161
14315,2481.13,6,1021,64,1,2011-03-18 12:59:00,2011-10-26 12:06:00,101,413.5216666666667,True,221
13507,2479.16,4,1597,146,1,2011-07-17 11:50:00,2011-12-06 13:13:00,162,619.79,True,142
13588,2478.95,9,2606,131,1,2011-03-29 15:53:00,2011-11-24 10:42:00,174,275.43888888888887,True,239
17682,2474.33,6,1367,48,1,2010-12-06 13:35:00,2011-11-29 15:59:00,118,412.3883333333333,True,358
17188,2474.23,7,1328,71,1,2010-12-12 12:56:00,2011-11-28 13:53:00,84,353.4614285714286,True,351
14766,2473.37,6,1349,111,1,2010-12-08 15:33:00,2011-12-01 16:05:00,135,412.2283333333333,True,358
16710,2467.99,10,1823,268,1,2010-12-06 13:13:00,2011-11-20 14:50:00,394,246.79899999999998,True,349
17164,2467.35,7,1501,92,1,2011-03-11 14:26:00,2011-11-07 09:14:00,144,352.4785714285714,True,240
12455,2466.86,6,2089,85,2,2011-02-16 09:56:00,2011-09-27 15:31:00,90,411.1433333333334,True,223
17131,2463.17,5,983,78,1,2011-09-25 12:42:00,2011-12-04 12:52:00,134,492.634,True,70
15750,2463.05,8,1783,214,1,2010-12-08 10:36:00,2011-12-07 12:34:00,291,307.88125,True,364
13784,2462.79,11,2493,9,1,2011-01-11 14:38:00,2011-11-30 09:33:00,31,223.89,True,322
13975,2461.2400000000002,6,1697,240,1,2011-03-08 12:19:00,2011-11-08 13:19:00,329,410.2066666666667,True,245
15674,2446.6,5,1275,88,1,2011-03-30 09:19:00,2011-09-27 15:17:00,114,489.32,True,181
14163,2445.91,4,893,36,1,2011-04-14 17:33:00,2011-09-13 15:18:00,52,611.4775,True,151
14502,2429.83,11,1480,368,1,2011-01-30 15:52:00,2011-11-20 11:50:00,608,220.89363636363635,True,293
17071,2429.03,9,1197,102,1,2011-02-03 08:18:00,2011-11-11 16:31:00,140,269.89222222222224,True,281
15527,2428.53,8,991,127,1,2010-12-20 14:15:00,2011-11-21 12:17:00,162,303.56625,True,335
13949,2427.32,6,2474,124,1,2011-09-06 11:55:00,2011-12-07 09:35:00,160,404.55333333333334,True,91
16143,2424.94,6,919,75,1,2010-12-05 15:18:00,2011-12-06 14:13:00,117,404.1566666666667,True,365
17722,2424.04,4,1595,111,1,2010-12-08 12:41:00,2011-09-04 15:22:00,115,606.01,True,270
15089,2420.84,6,1359,139,1,2011-08-03 14:14:00,2011-11-29 16:31:00,145,403.47333333333336,True,118
15373,2415.91,12,500,74,1,2010-12-03 14:40:00,2011-12-01 15:05:00,132,201.32583333333332,True,363
12397,2409.9,2,1263,110,1,2011-07-27 14:21:00,2011-11-04 09:52:00,126,1204.95,True,99
17589,2404.17,4,1631,172,1,2011-04-13 13:47:00,2011-10-10 16:58:00,253,601.0425,True,180
15980,2398.86,3,1560,40,1,2011-03-30 15:05:00,2011-09-12 09:41:00,43,799.62,True,165
18065,2392.83,14,1027,110,1,2010-12-10 12:44:00,2011-12-04 10:30:00,137,170.91642857142855,True,358
13141,2388.75,5,1548,113,1,2011-01-28 13:04:00,2011-09-16 09:54:00,135,477.75,True,230
15370,2386.05,7,830,65,1,2011-01-11 11:32:00,2011-10-30 10:58:00,94,340.86428571428576,True,291
14493,2383.2400000000002,5,1285,95,1,2011-07-07 16:59:00,2011-12-02 16:14:00,120,476.648,True,147
14239,2380.85,11,993,83,1,2011-01-27 14:45:00,2011-10-27 14:40:00,112,216.4409090909091,True,272
15270,2379.49,7,1521,22,1,2011-02-02 13:25:00,2011-11-24 09:24:00,41,339.9271428571428,True,294
13722,2375.41,3,1401,75,1,2011-03-02 11:43:00,2011-07-31 12:44:00,85,791.8033333333333,True,151
17434,2373.82,7,1693,100,1,2011-09-15 13:54:00,2011-12-07 13:16:00,134,339.1171428571429,True,82
13908,2369.55,4,1478,104,1,2011-03-08 12:04:00,2011-09-21 11:49:00,122,592.3875,True,196
17530,2367.12,10,1514,306,1,2010-12-09 20:01:00,2011-12-08 18:42:00,390,236.712,True,363
15755,2364.25,6,1427,127,1,2011-02-18 11:53:00,2011-11-29 14:57:00,141,394.0416666666667,True,284
12457,2363.23,7,843,53,2,2011-04-14 18:57:00,2011-10-04 13:13:00,62,337.6042857142857,True,172
14930,2362.96,3,1160,116,1,2011-03-10 14:42:00,2011-08-23 10:31:00,127,787.6533333333333,True,165
14030,2358.84,8,1478,210,1,2010-12-08 16:11:00,2011-11-21 16:48:00,242,294.855,True,348
17634,2358.59,9,838,209,1,2011-01-06 12:45:00,2011-11-03 13:09:00,296,262.0655555555556,True,301
14440,2357.6800000000003,5,588,33,1,2010-12-09 12:49:00,2011-12-01 15:42:00,55,471.53600000000006,True,357
15140,2354.25,7,1572,74,1,2011-03-20 14:37:00,2011-10-18 14:07:00,80,336.32142857142856,True,211
14309,2352.53,9,1633,74,1,2010-12-16 13:05:00,2011-12-01 13:33:00,117,261.39222222222224,True,350
12704,2340.84,8,1006,64,1,2011-06-23 10:20:00,2011-12-02 13:15:00,88,292.605,True,162
18259,2338.6000000000004,3,714,27,1,2010-12-08 13:38:00,2011-11-15 12:34:00,42,779.5333333333334,True,341
12584,2338.15,9,416,44,1,2011-03-04 15:15:00,2011-12-06 09:35:00,96,259.7944444444445,True,276
18257,2337.63,8,1041,97,1,2011-02-16 15:13:00,2011-10-31 14:48:00,118,292.20375,True,256
15281,2332.15,9,1211,121,1,2011-01-10 15:51:00,2011-10-12 09:10:00,139,259.1277777777778,True,274
12782,2330.92,5,1086,81,1,2010-12-17 11:30:00,2011-12-05 09:16:00,103,466.184,True,352
15785,2328.9700000000003,5,1612,58,1,2011-02-17 14:17:00,2011-11-07 11:33:00,83,465.79400000000004,True,262
17313,2328.84,1,1402,24,1,2011-11-08 15:45:00,2011-11-08 15:45:00,24,2328.84,False,0
17744,2322.4,6,3412,110,1,2010-12-16 14:17:00,2011-12-06 12:11:00,136,387.06666666666666,True,354
17211,2317.2200000000003,8,1323,150,1,2010-12-05 12:44:00,2011-11-13 12:03:00,211,289.65250000000003,True,342
14290,2314.65,5,915,89,1,2010-12-13 10:24:00,2011-11-28 14:02:00,101,462.93,True,350
15365,2314.32,7,1084,65,1,2011-01-28 13:08:00,2011-11-14 08:29:00,114,330.6171428571429,True,289
17954,2314.13,12,2221,326,1,2010-12-03 14:18:00,2011-12-04 14:15:00,477,192.84416666666667,True,365
13704,2308.06,9,1531,111,1,2011-09-12 14:40:00,2011-12-04 15:13:00,134,256.4511111111111,True,83
15288,2306.52,5,775,80,1,2010-12-09 13:59:00,2011-10-27 16:58:00,88,461.304,True,322
16550,2298.97,5,1540,162,1,2010-12-06 13:53:00,2011-08-23 11:12:00,251,459.794,True,259
15105,2298.93,7,1211,90,1,2011-07-28 10:09:00,2011-11-21 16:54:00,101,328.4185714285714,True,116
13115,2294.78,4,1567,88,1,2011-06-08 16:15:00,2011-11-28 12:38:00,120,573.695,True,172
15704,2293.62,4,1028,79,1,2011-05-08 12:42:00,2011-07-22 13:35:00,117,573.405,True,75
12615,2291.19,4,1376,82,1,2011-06-24 13:35:00,2011-12-07 15:02:00,105,572.7975,True,166
17696,2285.71,8,1756,78,1,2010-12-10 09:51:00,2011-11-01 13:43:00,115,285.71375,True,326
12684,2283.63,7,1985,61,1,2011-05-10 12:55:00,2011-12-02 09:53:00,105,326.23285714285714,True,205
14554,2279.4900000000002,4,1443,147,1,2011-10-18 13:04:00,2011-11-29 16:44:00,203,569.8725000000001,True,42
13994,2274.14,6,932,122,1,2011-07-14 18:28:00,2011-12-06 11:05:00,148,379.0233333333333,True,144
13317,2273.68,6,1035,100,1,2010-12-16 09:22:00,2011-10-04 13:35:00,124,378.94666666666666,True,292
14466,2272.4,7,1006,35,1,2010-12-02 13:36:00,2011-11-10 14:07:00,72,324.62857142857143,True,343
16782,2267.9500000000003,13,705,103,1,2010-12-09 11:28:00,2011-11-29 13:20:00,183,174.45769230769233,True,355
16057,2263.12,7,863,109,1,2011-02-28 10:35:00,2011-11-23 15:23:00,121,323.30285714285714,True,268
16209,2262.62,5,1179,37,1,2011-04-07 12:23:00,2011-09-12 11:58:00,46,452.524,True,157
16293,2248.9900000000002,10,982,102,1,2010-12-07 15:02:00,2011-11-18 09:58:00,118,224.89900000000003,True,345
13700,2248.63,10,2281,139,1,2011-01-16 13:18:00,2011-11-13 13:00:00,194,224.863,True,300
17442,2248.56,6,1496,96,1,2011-02-22 13:02:00,2011-11-03 09:17:00,135,374.76,True,253
14432,2248.5,6,2013,256,1,2011-09-11 14:09:00,2011-11-30 08:04:00,377,374.75,True,79
15235,2247.51,12,1324,132,1,2010-12-01 17:22:00,2011-05-06 09:44:00,143,187.29250000000002,True,155
16735,2247.41,5,1532,88,1,2011-01-09 12:53:00,2011-09-22 11:49:00,116,449.48199999999997,True,255
16771,2242.61,5,1487,200,1,2011-01-05 13:57:00,2011-11-06 13:28:00,254,448.52200000000005,True,304
13527,2242.36,7,1683,153,1,2011-01-17 11:17:00,2011-11-06 12:04:00,217,320.33714285714285,True,293
14211,2241.1,9,1242,87,1,2011-02-17 15:50:00,2011-10-17 13:23:00,112,249.0111111111111,True,241
14560,2237.77,22,1260,39,1,2010-12-17 09:22:00,2011-12-02 15:22:00,74,101.71681818181818,True,350
16076,2234.73,10,1435,71,1,2011-05-15 12:31:00,2011-12-06 14:59:00,129,223.473,True,205
18242,2232.4900000000002,4,1017,72,1,2011-05-10 11:20:00,2011-09-28 13:43:00,78,558.1225000000001,True,141
12783,2225.91,6,624,76,1,2011-09-25 15:35:00,2011-12-07 15:56:00,84,370.98499999999996,True,73
13365,2225.37,2,1247,122,1,2011-05-06 12:00:00,2011-11-06 12:36:00,128,1112.685,True,184
15834,2225.15,4,961,242,1,2011-03-07 17:52:00,2011-09-30 14:41:00,269,556.2875,True,206
15665,2222.21,2,1654,92,1,2011-04-10 15:09:00,2011-06-24 14:57:00,115,1111.105,True,74
14825,2221.01,12,989,82,1,2010-12-06 12:30:00,2011-12-06 11:38:00,120,185.08416666666668,True,364
15811,2218.62,6,1071,117,1,2010-12-09 15:29:00,2011-11-17 15:31:00,133,369.77,True,343
12876,2218.02,2,1941,67,1,2011-05-27 13:34:00,2011-10-13 12:26:00,85,1109.01,True,138
14226,2214.79,5,1296,64,1,2011-03-15 15:36:00,2011-11-11 11:34:00,66,442.95799999999997,True,240
16743,2213.13,7,2035,89,1,2010-12-16 12:15:00,2011-11-10 13:13:00,190,316.1614285714286,True,329
15722,2211.21,5,1023,45,1,2011-02-22 12:24:00,2011-11-04 11:43:00,67,442.242,True,254
12653,2209.85,2,919,37,1,2011-02-16 10:53:00,2011-07-14 10:41:00,43,1104.925,True,147
13862,2209.36,8,1688,97,1,2011-01-11 15:13:00,2011-11-21 16:24:00,139,276.17,True,314
15797,2207.4,4,873,8,1,2011-01-24 15:47:00,2011-08-18 17:04:00,8,551.85,True,206
15179,2206.95,5,1938,91,1,2011-01-24 13:48:00,2011-11-21 12:53:00,93,441.39,True,300
17591,2203.67,7,1000,81,1,2010-12-07 15:39:00,2011-09-27 13:42:00,157,314.81,True,293
15123,2199.31,2,1195,93,1,2011-05-17 14:57:00,2011-12-02 13:12:00,106,1099.655,True,198
13831,2198.45,6,743,58,1,2010-12-05 12:13:00,2011-11-23 15:41:00,72,366.4083333333333,True,353
14700,2195.1,3,1314,80,1,2011-04-15 13:16:00,2011-11-07 14:40:00,112,731.6999999999999,True,206
16628,2188.05,5,1205,79,1,2011-04-19 08:55:00,2011-11-10 12:45:00,117,437.61,True,205
17406,2184.42,3,780,99,1,2010-12-08 10:35:00,2011-01-10 15:07:00,111,728.14,True,33
15394,2183.54,4,910,54,1,2010-12-16 12:46:00,2011-11-30 11:49:00,85,545.885,True,348
12909,2178.67,5,1280,78,1,2011-03-31 12:51:00,2011-10-31 12:43:00,91,435.73400000000004,True,213
12856,2170.78,6,1076,155,1,2011-10-07 12:38:00,2011-12-02 10:52:00,311,361.7966666666667,True,55
12501,2169.39,1,1783,149,1,2011-01-07 12:28:00,2011-01-07 12:28:00,149,2169.39,False,0
14341,2166.98,8,1397,109,1,2011-01-25 13:55:00,2011-10-25 15:48:00,128,270.8725,True,273
12633,2163.98,4,1162,73,1,2011-02-25 08:44:00,2011-10-12 11:40:00,101,540.995,True,229
12935,2160.7,7,1853,80,1,2011-01-24 13:58:00,2011-12-07 17:25:00,129,308.6714285714285,True,317
16456,2158.18,5,1147,80,1,2010-12-01 14:11:00,2011-09-01 13:50:00,110,431.63599999999997,True,273
14407,2157.73,6,1415,67,1,2011-03-08 11:59:00,2011-08-24 14:02:00,73,359.62166666666667,True,169
16379,2157.4,4,1410,87,1,2011-09-22 09:33:00,2011-12-05 15:38:00,108,539.35,True,74
13224,2155.95,2,1518,101,1,2011-07-11 14:10:00,2011-10-10 14:55:00,108,1077.975,True,91
16966,2154.97,7,1981,8,1,2011-04-13 14:17:00,2011-12-01 13:40:00,28,307.8528571428571,True,231
17272,2148.63,4,1778,70,1,2011-03-22 12:05:00,2011-10-28 16:37:00,114,537.1575,True,220
14828,2139.76,3,2172,17,1,2011-01-07 09:50:00,2011-05-27 10:16:00,17,713.2533333333334,True,140
12560,2134.01,3,1110,91,1,2011-07-19 15:55:00,2011-12-04 13:54:00,105,711.3366666666667,True,137
13517,2128.42,3,1369,125,1,2011-06-13 08:44:00,2011-10-11 11:43:00,141,709.4733333333334,True,120
18061,2119.41,10,955,18,1,2010-12-08 13:03:00,2011-11-18 11:20:00,46,211.94099999999997,True,344
13632,2118.93,5,1031,121,1,2011-04-10 15:07:00,2011-11-15 10:51:00,145,423.78599999999994,True,218
14360,2118.03,4,1139,104,1,2011-09-06 11:58:00,2011-11-08 09:12:00,117,529.5075,True,62
18008,2116.19,9,1581,24,1,2011-01-25 12:26:00,2011-09-30 15:17:00,30,235.13222222222223,True,248
14691,2114.33,5,707,50,1,2011-05-11 09:55:00,2011-11-09 12:30:00,71,422.866,True,182
13755,2108.06,9,1242,232,1,2011-10-07 15:45:00,2011-12-06 12:26:00,321,234.2288888888889,True,59
14640,2107.38,6,880,87,1,2011-04-26 12:31:00,2011-11-15 13:07:00,105,351.23,True,203
18173,2106.84,4,1220,23,1,2011-03-10 11:56:00,2011-09-14 11:26:00,31,526.71,True,187
18093,2106.52,4,1392,31,1,2011-02-10 12:15:00,2011-09-07 15:43:00,36,526.63,True,209
14461,2103.06,3,766,173,1,2011-03-23 12:15:00,2011-07-14 17:11:00,180,701.02,True,113
15058,2102.54,11,1054,199,1,2011-01-31 15:35:00,2011-11-14 14:57:00,266,191.14,True,286
15815,2100.6,5,1856,33,1,2011-03-25 08:43:00,2011-10-07 12:42:00,49,420.12,True,196
13126,2099.64,8,2143,124,1,2010-12-08 11:42:00,2011-12-05 10:00:00,140,262.455,True,361
12610,2099.54,5,1049,85,1,2011-08-05 13:52:00,2011-11-17 09:34:00,106,419.908,True,103
17861,2097.88,8,1985,172,1,2011-01-24 11:34:00,2011-12-06 16:21:00,219,262.235,True,316
17400,2097.84,5,1088,175,1,2010-12-21 17:16:00,2011-08-05 15:38:00,206,419.56800000000004,True,226
16875,2095.53,5,1069,93,1,2011-01-04 10:37:00,2011-10-03 13:39:00,112,419.10600000000005,True,272
17191,2093.68,7,1166,163,1,2010-12-06 14:36:00,2011-11-11 16:58:00,236,299.09714285714284,True,340
14306,2093.32,2,1075,33,1,2011-09-15 10:31:00,2011-10-19 13:23:00,33,1046.66,True,34
13265,2092.66,5,1740,66,1,2011-03-11 09:54:00,2011-10-17 15:02:00,90,418.532,True,220
17490,2092.32,7,1134,63,1,2011-06-16 09:15:00,2011-12-09 09:08:00,76,298.90285714285716,True,175
13297,2089.85,4,963,52,1,2011-10-03 15:08:00,2011-12-02 09:32:00,59,522.4625,True,59
13571,2088.94,12,1757,157,1,2011-03-31 12:43:00,2011-11-27 10:47:00,340,174.07833333333335,True,240
18044,2088.6,10,1033,88,1,2010-12-14 12:25:00,2011-12-05 14:26:00,127,208.85999999999999,True,356
14810,2085.33,11,1015,106,1,2010-12-05 12:08:00,2011-10-30 11:19:00,254,189.57545454545453,True,328
16954,2085.08,9,1054,40,1,2010-12-15 10:41:00,2011-12-09 09:46:00,54,231.67555555555555,True,358
17768,2081.9,3,1122,77,1,2011-06-26 13:46:00,2011-12-01 13:22:00,98,693.9666666666667,True,157
16407,2079.68,10,1093,99,1,2011-01-31 14:02:00,2011-11-27 11:05:00,168,207.968,True,299
14696,2078.95,7,1630,117,1,2010-12-01 15:37:00,2011-12-05 13:43:00,130,296.99285714285713,True,368
14515,2076.89,6,1110,68,1,2011-05-05 12:13:00,2011-11-22 11:37:00,98,346.1483333333333,True,200
14209,2073.43,6,691,55,1,2011-01-11 12:56:00,2011-11-29 10:18:00,87,345.57166666666666,True,321
18241,2073.09,17,1051,60,1,2011-05-06 09:22:00,2011-11-30 12:10:00,104,121.9464705882353,True,208
18231,2071.77,5,819,106,1,2011-02-24 09:08:00,2011-05-31 14:18:00,123,414.354,True,96
18219,2069.77,10,885,58,1,2010-12-06 10:05:00,2011-12-07 11:43:00,114,206.977,True,366
12948,2064.95,7,1080,82,1,2011-03-20 10:17:00,2011-11-23 17:10:00,116,294.99285714285713,True,248
12928,2062.7000000000003,5,1472,59,1,2010-12-15 15:45:00,2011-11-04 14:24:00,84,412.5400000000001,True,323
16281,2062.06,1,934,17,1,2011-09-28 14:57:00,2011-09-28 14:57:00,17,2062.06,False,0
14409,2059.4500000000003,6,1230,40,1,2010-12-06 15:03:00,2011-09-29 18:18:00,54,343.24166666666673,True,297
12518,2056.89,5,1318,84,1,2011-08-21 13:18:00,2011-12-09 10:13:00,124,411.378,True,109
17667,2055.51,5,1033,85,1,2011-02-14 09:24:00,2011-10-04 14:32:00,116,411.10200000000003,True,232
14188,2054.36,6,1162,34,1,2011-02-02 13:46:00,2011-11-09 12:45:00,65,342.3933333333334,True,279
16150,2053.02,5,1047,91,1,2010-12-02 18:27:00,2011-10-28 12:39:00,117,410.604,True,329
17086,2050.08,6,1859,76,1,2011-10-07 11:22:00,2011-12-02 13:54:00,96,341.68,True,56
17612,2048.45,6,1808,116,1,2011-02-15 10:40:00,2011-10-17 14:59:00,135,341.4083333333333,True,244
14232,2048.07,5,1941,81,1,2011-03-20 12:44:00,2011-10-28 11:09:00,115,409.61400000000003,True,221
18283,2045.53,16,1357,263,1,2011-01-06 14:14:00,2011-12-06 12:02:00,721,127.845625,True,333
13495,2044.8700000000001,5,829,34,1,2010-12-06 15:14:00,2011-12-02 11:21:00,48,408.97400000000005,True,360
17597,2044.3700000000001,1,1176,55,1,2011-05-10 11:54:00,2011-05-10 11:54:00,55,2044.3700000000001,False,0
13450,2043.7199999999998,6,1982,32,1,2011-05-05 19:48:00,2011-11-13 11:54:00,71,340.61999999999995,True,191
14001,2043.0800000000002,3,962,34,1,2010-12-01 12:58:00,2011-10-25 10:31:00,39,681.0266666666668,True,327
12585,2040.1,2,1279,77,1,2010-12-23 12:58:00,2011-04-19 13:39:00,87,1020.05,True,117
17846,2033.1,1,1,1,1,2011-09-15 15:20:00,2011-09-15 15:20:00,1,2033.1,False,0
13630,2031.78,7,1391,51,1,2011-02-27 12:49:00,2011-12-04 15:16:00,71,290.2542857142857,True,280
16358,2027.5,4,1302,82,1,2011-06-08 15:05:00,2011-12-08 15:09:00,109,506.875,True,183
16409,2022.98,5,1304,145,1,2011-01-26 14:51:00,2011-11-03 16:45:00,231,404.596,True,281
14482,2022.81,6,1627,110,1,2011-04-14 16:41:00,2011-11-21 13:14:00,137,337.135,True,220
15341,2020.52,1,812,17,1,2011-09-20 09:40:00,2011-09-20 09:40:00,17,2020.52,False,0
17625,2020.4,4,1180,223,1,2011-03-27 12:21:00,2011-11-21 13:36:00,306,505.1,True,239
13593,2011.88,5,719,77,1,2011-01-07 16:32:00,2011-08-23 13:35:00,127,402.37600000000003,True,227
18069,2009.24,5,1296,334,1,2011-01-16 15:50:00,2011-11-13 16:03:00,457,401.848,True,301
15372,2007.3999999999999,1,2924,27,1,2011-07-25 16:39:00,2011-07-25 16:39:00,27,2007.3999999999999,False,0
16098,2005.63,7,613,34,1,2010-12-01 09:45:00,2011-09-13 09:59:00,67,286.5185714285714,True,286
14217,2004.98,17,689,78,1,2010-12-08 13:28:00,2011-12-08 11:53:00,100,117.94,True,364
14544,2004.3,2,1536,97,1,2010-12-13 12:50:00,2011-11-15 15:06:00,111,1002.15,True,337
17082,2003.85,2,1049,75,1,2011-01-25 14:36:00,2011-11-06 15:17:00,81,1001.925,True,285
16754,2002.4,1,4280,2,1,2010-12-02 17:38:00,2010-12-02 17:38:00,2,2002.4,False,0
18188,2001.04,3,1168,63,1,2011-02-22 14:43:00,2011-11-24 16:46:00,71,667.0133333333333,True,275
13305,2000.86,10,1232,50,1,2010-12-02 12:10:00,2011-12-05 15:15:00,81,200.08599999999998,True,368
16698,1998.0,2,840,4,1,2011-03-31 13:33:00,2011-04-27 10:52:00,5,999.0,True,26
17679,1992.1100000000001,2,729,29,1,2011-09-15 10:35:00,2011-10-18 07:43:00,30,996.0550000000001,True,32
17088,1991.01,4,868,96,1,2011-03-31 09:48:00,2011-11-11 14:23:00,115,497.7525,True,225
17827,1987.33,5,1240,190,1,2010-12-10 10:18:00,2011-12-04 15:00:00,215,397.466,True,359
13590,1981.92,6,1848,70,1,2011-02-09 13:25:00,2011-11-28 12:54:00,87,330.32,True,291
17337,1981.06,4,1247,421,1,2011-02-02 17:06:00,2011-07-11 14:55:00,521,495.265,True,158
14462,1980.57,11,956,150,1,2011-01-04 12:45:00,2011-10-04 15:55:00,233,180.05181818181816,True,273
13725,1980.56,8,806,95,1,2011-02-04 12:18:00,2011-10-21 10:03:00,104,247.57,True,258
17422,1979.37,6,2253,93,1,2011-02-16 14:44:00,2011-11-23 13:27:00,117,329.895,True,279
18204,1975.35,3,1190,159,1,2011-05-31 15:26:00,2011-09-29 16:44:00,192,658.4499999999999,True,121
17090,1974.65,7,903,45,1,2010-12-20 13:52:00,2011-12-05 13:44:00,61,282.09285714285716,True,349
15531,1972.39,2,1085,196,1,2011-11-09 17:47:00,2011-12-01 18:43:00,219,986.195,True,22
16341,1971.87,4,1398,60,1,2011-05-22 13:20:00,2011-11-15 09:12:00,77,492.9675,True,176
12674,1970.6,4,1133,52,1,2011-05-16 09:10:00,2011-11-01 12:12:00,83,492.65,True,169
17790,1964.3,14,835,121,1,2010-12-10 10:47:00,2011-11-13 11:30:00,189,140.30714285714285,True,338
17997,1962.46,8,2273,133,1,2011-06-28 17:28:00,2011-09-26 16:13:00,164,245.3075,True,89
13246,1961.52,6,1587,110,1,2011-01-13 13:36:00,2011-11-21 16:50:00,136,326.92,True,312
14506,1960.65,5,704,204,1,2010-12-05 14:25:00,2011-11-22 13:02:00,295,392.13,True,351
14498,1957.32,5,1098,162,1,2010-12-13 11:29:00,2011-10-28 12:09:00,193,391.464,True,319
12853,1957.1000000000001,6,800,66,1,2011-01-28 10:28:00,2011-07-28 11:29:00,78,326.18333333333334,True,181
15493,1953.41,5,551,177,1,2011-03-14 11:44:00,2011-11-07 12:04:00,289,390.682,True,238
17554,1952.45,5,1763,58,1,2011-07-14 20:01:00,2011-12-08 14:15:00,88,390.49,True,146
17218,1951.97,10,955,146,1,2010-12-06 15:25:00,2011-12-05 13:52:00,271,195.197,True,363
14533,1949.72,7,4019,53,1,2010-12-22 11:07:00,2011-11-15 12:05:00,62,278.5314285714286,True,328
15814,1945.33,4,1271,63,1,2011-10-20 09:04:00,2011-11-23 08:17:00,72,486.3325,True,33
14418,1937.25,3,1711,114,1,2011-08-23 17:18:00,2011-12-06 11:39:00,124,645.75,True,104
15864,1936.3200000000002,6,1192,16,1,2011-01-27 16:43:00,2011-11-17 13:32:00,20,322.72,True,293
15157,1936.07,3,2392,125,1,2010-12-16 13:44:00,2011-12-06 11:28:00,125,645.3566666666667,True,354
15351,1934.66,7,742,157,1,2010-12-05 11:49:00,2011-11-27 12:52:00,219,276.38,True,357
12528,1933.48,6,756,50,1,2011-01-31 09:05:00,2011-11-30 14:40:00,92,322.24666666666667,True,303
14655,1932.23,4,1089,35,1,2011-05-01 14:59:00,2011-12-01 16:28:00,49,483.0575,True,214
13094,1927.3200000000002,12,1716,4,1,2010-12-06 10:34:00,2011-11-18 14:07:00,24,160.61,True,347
14653,1926.65,7,945,154,1,2011-01-05 13:40:00,2011-12-08 13:45:00,234,275.2357142857143,True,337
15518,1921.55,8,1263,135,1,2011-01-11 12:55:00,2011-10-06 13:05:00,210,240.19375,True,268
14978,1921.3700000000001,5,523,136,1,2011-01-13 12:03:00,2011-09-28 13:07:00,214,384.274,True,258
14285,1910.01,4,541,18,1,2011-06-16 12:36:00,2011-11-18 14:50:00,27,477.5025,True,155
17228,1906.09,8,1532,140,1,2010-12-02 16:00:00,2011-11-24 10:24:00,208,238.26125,True,356
16983,1905.87,7,1335,112,1,2010-12-05 12:34:00,2011-11-27 12:10:00,143,272.26714285714286,True,356
14210,1905.8400000000001,6,760,66,1,2010-12-03 12:43:00,2011-08-26 12:36:00,102,317.64000000000004,True,265
15819,1905.45,4,1357,96,1,2011-03-08 09:45:00,2011-10-21 14:50:00,123,476.3625,True,227
16942,1904.99,9,805,159,1,2011-04-26 11:59:00,2011-11-27 12:40:00,277,211.66555555555556,True,215
14250,1904.05,3,1200,94,1,2011-09-11 13:44:00,2011-12-02 14:30:00,111,634.6833333333333,True,82
12762,1898.52,2,1227,62,1,2011-11-14 14:23:00,2011-12-02 10:23:00,69,949.26,True,17
14730,1897.57,8,1078,317,1,2011-03-08 12:49:00,2011-12-08 14:39:00,462,237.19625,True,275
14934,1890.94,2,1042,68,1,2011-03-02 11:48:00,2011-09-19 10:10:00,87,945.47,True,200
12371,1887.96,2,591,63,1,2011-10-11 10:43:00,2011-10-26 10:16:00,63,943.98,True,14
15641,1887.2,4,1562,102,1,2010-12-15 14:45:00,2011-08-26 14:04:00,119,471.8,True,253
16170,1885.05,6,1770,106,1,2011-04-05 13:42:00,2011-10-20 08:21:00,125,314.175,True,197
13890,1883.8100000000002,10,831,74,1,2010-12-16 09:31:00,2011-12-08 15:36:00,110,188.38100000000003,True,357
16128,1880.22,5,988,76,1,2011-03-02 12:21:00,2011-11-22 11:14:00,89,376.044,True,264
17738,1879.05,4,1029,89,1,2011-03-02 16:26:00,2011-11-20 15:05:00,97,469.7625,True,262
17368,1878.87,8,1377,93,1,2011-01-06 11:57:00,2011-11-16 15:26:00,107,234.85875,True,314
15367,1877.59,4,1057,91,1,2011-03-09 13:53:00,2011-10-13 14:13:00,95,469.3975,True,218
17463,1875.86,5,1086,162,1,2011-01-30 15:48:00,2011-11-23 13:40:00,208,375.17199999999997,True,296
16986,1873.2,2,1040,3,1,2011-11-09 15:52:00,2011-11-10 11:55:00,3,936.6,True,0
13982,1871.81,4,1136,72,1,2010-12-09 13:57:00,2011-10-31 16:24:00,111,467.9525,True,326
15021,1871.77,9,819,287,1,2010-12-08 12:17:00,2011-12-01 11:53:00,444,207.97444444444443,True,357
17469,1870.97,5,787,61,1,2011-05-19 08:55:00,2011-11-23 13:15:00,88,374.194,True,188
16841,1869.82,6,2250,101,1,2011-02-25 12:40:00,2011-11-03 11:51:00,116,311.63666666666666,True,250
17870,1865.89,12,1351,214,1,2010-12-08 08:12:00,2011-12-07 15:07:00,270,155.49083333333334,True,364
16426,1863.76,10,1215,211,1,2011-03-08 15:45:00,2011-12-07 14:01:00,353,186.376,True,273
16201,1863.47,4,1286,74,1,2011-08-22 10:47:00,2011-12-06 16:02:00,111,465.8675,True,106
14887,1862.0,1,1100,6,1,2011-09-21 15:32:00,2011-09-21 15:32:00,6,1862.0,False,0
12423,1859.31,8,1339,97,1,2010-12-21 10:54:00,2011-12-09 10:10:00,125,232.41375,True,352
14305,1858.96,3,1089,96,1,2011-07-27 14:14:00,2011-09-29 15:29:00,105,619.6533333333333,True,64
12963,1856.63,8,881,75,1,2010-12-09 09:14:00,2011-12-01 12:55:00,95,232.07875,True,357
17293,1854.06,9,1135,93,1,2010-12-13 14:55:00,2011-12-01 14:37:00,132,206.00666666666666,True,352
14472,1852.67,8,1135,153,1,2010-12-19 14:03:00,2011-08-28 11:01:00,265,231.58375,True,251
16979,1852.0,6,865,64,1,2011-02-15 09:20:00,2011-12-06 12:21:00,89,308.6666666666667,True,294
12383,1850.56,5,1532,84,1,2010-12-22 14:28:00,2011-06-08 08:02:00,99,370.11199999999997,True,167
17873,1848.96,5,1035,24,1,2010-12-01 14:54:00,2011-09-20 16:41:00,43,369.79200000000003,True,293
12381,1845.31,5,808,70,1,2011-08-12 09:57:00,2011-12-05 12:44:00,87,369.062,True,115
17519,1844.02,6,1236,60,1,2010-12-06 15:18:00,2011-11-22 16:43:00,82,307.33666666666664,True,351
14524,1843.83,9,669,161,1,2010-12-14 11:01:00,2011-11-08 12:29:00,197,204.87,True,329
18180,1843.75,6,1721,108,1,2011-07-20 08:59:00,2011-12-05 08:39:00,119,307.2916666666667,True,137
12950,1843.0,3,1380,13,1,2011-11-15 13:48:00,2011-12-07 13:17:00,23,614.3333333333334,True,21
16102,1842.14,3,942,41,1,2011-08-03 12:50:00,2011-10-28 13:19:00,57,614.0466666666667,True,86
16455,1841.18,7,988,69,1,2010-12-03 16:44:00,2011-10-07 12:17:00,99,263.0257142857143,True,307
14113,1840.42,4,745,26,1,2010-12-20 12:14:00,2011-12-06 12:18:00,34,460.105,True,351
14216,1839.3,4,594,47,1,2011-11-02 10:51:00,2011-12-06 14:56:00,59,459.825,True,34
13924,1838.8500000000001,6,1575,90,1,2011-09-28 15:07:00,2011-12-08 09:39:00,117,306.475,True,70
17015,1838.6100000000001,3,1978,182,1,2011-06-07 13:19:00,2011-11-11 10:45:00,214,612.87,True,156
14459,1837.92,1,760,37,1,2011-07-07 13:35:00,2011-07-07 13:35:00,37,1837.92,False,0
18287,1837.28,3,1586,59,1,2011-05-22 10:39:00,2011-10-28 09:29:00,70,612.4266666666666,True,158
13650,1836.34,6,922,79,1,2011-03-17 12:37:00,2011-11-23 12:22:00,96,306.0566666666667,True,250
15827,1836.0900000000001,14,882,72,1,2010-12-02 13:06:00,2011-09-27 15:35:00,115,131.14928571428572,True,299
14665,1835.7,5,740,63,1,2011-02-02 09:08:00,2011-10-10 09:14:00,90,367.14,True,250
13421,1833.71,2,1128,88,1,2011-02-22 15:46:00,2011-10-30 14:21:00,102,916.855,True,249
16152,1829.04,1,642,29,1,2011-03-16 09:47:00,2011-03-16 09:47:00,29,1829.04,False,0
15203,1827.8,6,1753,82,1,2011-02-01 12:29:00,2011-11-14 08:16:00,142,304.6333333333333,True,285
17702,1824.37,4,1353,58,1,2011-05-17 16:23:00,2011-11-09 16:03:00,74,456.0925,True,175
16153,1824.23,5,1073,78,1,2010-12-20 09:22:00,2011-10-21 10:50:00,89,364.846,True,305
17705,1823.52,9,963,63,1,2011-02-11 10:57:00,2011-12-06 13:45:00,103,202.61333333333334,True,298
16169,1822.97,4,1325,71,1,2011-09-25 11:33:00,2011-12-01 15:28:00,85,455.7425,True,67
17828,1820.09,4,667,54,1,2011-06-08 08:31:00,2011-11-17 08:41:00,67,455.0225,True,162
13048,1819.41,4,1228,77,1,2011-01-16 14:36:00,2011-11-25 13:23:00,135,454.8525,True,312
17787,1817.54,4,896,94,1,2010-12-03 13:43:00,2011-07-10 11:24:00,128,454.385,True,218
17629,1814.12,8,1629,106,1,2010-12-15 09:58:00,2011-12-04 10:56:00,123,226.765,True,354
15260,1810.77,7,885,62,1,2010-12-02 12:09:00,2011-08-31 13:55:00,77,258.68142857142857,True,272
16474,1810.65,7,909,237,1,2011-07-17 14:51:00,2011-12-02 13:02:00,337,258.6642857142857,True,137
13481,1804.56,5,1142,98,1,2011-03-28 09:07:00,2011-10-25 09:07:00,109,360.912,True,211
17663,1802.91,7,797,63,1,2011-02-25 14:11:00,2011-11-14 08:56:00,86,257.55857142857144,True,261
15812,1801.14,5,922,36,1,2011-01-26 12:12:00,2011-08-24 14:19:00,41,360.228,True,210
16249,1800.07,5,950,67,1,2011-04-14 13:50:00,2011-10-18 10:07:00,69,360.014,True,186
13562,1799.33,3,757,50,1,2011-04-08 12:42:00,2011-09-19 10:51:00,82,599.7766666666666,True,163
13196,1797.78,4,1224,97,1,2011-03-22 14:24:00,2011-11-28 13:54:00,110,449.445,True,250
17648,1797.5,4,487,81,1,2011-04-04 10:29:00,2011-10-10 09:41:00,91,449.375,True,188
12348,1797.24,4,2341,22,1,2010-12-16 19:09:00,2011-09-25 13:13:00,31,449.31,True,282
18235,1796.48,3,1578,100,1,2011-05-06 13:35:00,2011-09-29 08:27:00,104,598.8266666666667,True,145
13134,1793.58,4,1059,94,1,2011-04-13 12:57:00,2011-09-15 10:35:00,98,448.395,True,154
18179,1793.17,6,1360,86,1,2011-01-07 14:22:00,2011-11-30 16:23:00,90,298.8616666666667,True,327
18122,1793.06,6,1225,239,1,2011-07-12 11:37:00,2011-12-01 13:08:00,357,298.8433333333333,True,142
13510,1791.56,4,1386,86,1,2011-06-09 09:32:00,2011-12-08 13:46:00,115,447.89,True,182
12523,1789.77,11,865,84,1,2011-01-12 09:43:00,2011-11-20 12:55:00,106,162.70636363636365,True,312
14215,1789.72,6,1358,98,1,2010-12-06 15:34:00,2011-11-28 12:19:00,108,298.2866666666667,True,356
14621,1788.3600000000001,5,993,80,1,2010-12-16 13:00:00,2011-12-08 16:22:00,92,357.672,True,357
13875,1786.79,5,1316,79,1,2011-02-11 15:39:00,2011-10-17 09:36:00,104,357.358,True,247
14608,1785.15,4,437,8,1,2010-12-12 14:49:00,2011-12-05 16:52:00,20,446.2875,True,358
14935,1784.71,1,935,10,1,2011-02-15 14:44:00,2011-02-15 14:44:00,10,1784.71,False,0
15220,1778.96,6,1393,110,1,2011-03-04 10:24:00,2011-10-19 12:39:00,117,296.49333333333334,True,229
12645,1775.18,4,1084,58,1,2011-01-27 13:08:00,2011-11-06 12:38:00,73,443.795,True,282
17092,1774.03,4,1130,99,1,2011-03-07 14:51:00,2011-10-20 19:51:00,124,443.5075,True,227
15594,1771.78,5,983,85,1,2011-04-19 10:08:00,2011-11-24 08:53:00,103,354.356,True,218
15473,1771.2,7,672,4,1,2011-10-10 11:12:00,2011-11-25 15:15:00,11,253.02857142857144,True,46
16681,1770.34,6,1407,18,1,2011-03-31 13:46:00,2011-09-28 11:11:00,44,295.0566666666667,True,180
16719,1770.22,7,1175,107,1,2010-12-06 12:06:00,2011-11-25 09:27:00,196,252.88857142857142,True,353
13456,1766.72,6,765,43,1,2011-05-16 15:34:00,2011-11-22 09:18:00,63,294.4533333333333,True,189
16751,1764.72,1,1031,24,1,2011-11-09 10:48:00,2011-11-09 10:48:00,25,1764.72,False,0
12424,1760.96,2,740,30,1,2011-06-30 12:06:00,2011-06-30 12:06:00,30,880.48,True,0
12823,1759.5,5,230,1,1,2011-02-16 12:15:00,2011-09-26 07:35:00,5,351.9,True,221
12349,1757.55,1,631,73,1,2011-11-21 09:51:00,2011-11-21 09:51:00,73,1757.55,False,0
15241,1756.44,8,1818,82,1,2011-03-01 11:02:00,2011-10-04 09:05:00,110,219.555,True,216
16359,1750.92,9,1183,39,1,2011-01-12 10:49:00,2011-12-02 17:04:00,66,194.54666666666668,True,324
13808,1747.66,5,782,70,1,2011-09-04 12:07:00,2011-12-04 12:18:00,76,349.53200000000004,True,91
15067,1744.76,3,954,82,1,2011-03-02 12:10:00,2011-09-22 13:20:00,82,581.5866666666667,True,204
15950,1744.71,4,719,86,1,2010-12-15 11:56:00,2011-11-08 11:09:00,97,436.1775,True,327
16380,1743.1499999999999,1,1428,28,1,2011-10-09 15:40:00,2011-10-09 15:40:00,31,1743.1499999999999,False,0
13157,1741.22,4,1439,69,1,2011-02-14 14:03:00,2011-10-21 13:50:00,87,435.305,True,248
14595,1740.6,6,978,94,1,2011-01-30 13:36:00,2011-11-20 12:12:00,102,290.09999999999997,True,293
17930,1740.48,5,1594,26,1,2011-04-14 15:46:00,2011-11-04 10:23:00,39,348.096,True,203
17353,1740.0,2,1200,5,1,2011-07-08 16:17:00,2011-08-02 17:19:00,8,870.0,True,25
17457,1737.7,5,826,14,1,2011-01-04 14:33:00,2011-08-05 12:48:00,19,347.54,True,212
15050,1737.69,3,1216,68,1,2011-09-29 13:22:00,2011-11-14 16:17:00,76,579.23,True,46
14673,1736.4,5,1004,39,1,2010-12-07 12:49:00,2011-12-06 14:31:00,74,347.28000000000003,True,364
17043,1735.18,4,998,100,1,2011-03-18 14:53:00,2011-11-07 15:33:00,102,433.795,True,234
14387,1727.6,3,795,125,1,2011-08-22 14:13:00,2011-11-07 12:29:00,139,575.8666666666667,True,76
13564,1724.67,3,636,68,1,2010-12-06 17:26:00,2011-07-18 14:33:00,81,574.89,True,223
17451,1721.4,7,1203,83,1,2011-08-26 11:54:00,2011-12-08 15:02:00,100,245.91428571428574,True,104
14834,1720.3,6,734,43,1,2011-04-13 15:00:00,2011-11-22 10:30:00,67,286.71666666666664,True,222
15267,1717.36,5,944,8,1,2011-06-10 10:24:00,2011-11-17 15:59:00,11,343.472,True,160
17162,1715.46,10,1001,81,1,2011-02-07 12:27:00,2011-11-11 11:34:00,104,171.546,True,276
13763,1714.96,1,728,15,1,2011-10-07 15:13:00,2011-10-07 15:13:00,15,1714.96,False,0
17147,1714.59,4,882,68,1,2011-02-01 09:36:00,2011-11-17 12:32:00,81,428.6475,True,289
14441,1712.89,4,446,43,1,2011-03-29 12:01:00,2011-12-09 09:07:00,51,428.2225,True,254
17750,1710.45,9,3747,101,1,2011-06-28 15:44:00,2011-12-04 14:09:00,184,190.05,True,158
12405,1710.39,1,857,54,1,2011-07-14 08:52:00,2011-07-14 08:52:00,54,1710.39,False,0
15947,1708.24,1,898,29,1,2011-09-18 10:46:00,2011-09-18 10:46:00,29,1708.24,False,0
12407,1708.1200000000001,5,1416,57,1,2011-03-20 13:21:00,2011-10-21 10:11:00,77,341.624,True,214
16902,1706.88,1,629,43,1,2011-08-15 14:17:00,2011-08-15 14:17:00,44,1706.88,False,0
15240,1706.57,5,1369,58,1,2011-02-01 08:23:00,2011-10-26 09:50:00,78,341.31399999999996,True,267
16398,1705.8,2,758,75,1,2011-03-31 09:38:00,2011-07-08 15:16:00,82,852.9,True,99
16791,1705.78,7,757,218,1,2011-01-11 15:42:00,2011-11-10 19:12:00,314,243.68285714285713,True,303
12843,1702.26,8,781,69,1,2011-03-20 14:38:00,2011-10-05 12:09:00,103,212.7825,True,198
17193,1699.3000000000002,7,1254,17,1,2011-06-16 10:04:00,2011-11-04 12:47:00,32,242.7571428571429,True,141
13824,1698.94,5,768,34,1,2011-02-02 13:07:00,2011-11-07 12:41:00,46,339.788,True,277
17813,1698.07,5,752,297,1,2011-09-29 15:57:00,2011-11-25 16:13:00,348,339.614,True,57
12764,1693.88,1,386,45,1,2011-01-27 10:19:00,2011-01-27 10:19:00,45,1693.88,False,0
16007,1693.81,4,1388,221,1,2011-05-08 13:32:00,2011-10-23 11:05:00,381,423.4525,True,167
14245,1693.45,2,976,107,1,2011-03-21 10:41:00,2011-05-04 08:40:00,108,846.725,True,43
16671,1692.27,3,875,3,1,2011-06-28 11:20:00,2011-11-11 13:40:00,6,564.09,True,136
16775,1691.51,11,439,84,1,2010-12-07 15:15:00,2011-11-29 15:22:00,157,153.77363636363637,True,357
15380,1690.2600000000002,5,376,22,1,2010-12-09 15:01:00,2011-12-01 12:13:00,36,338.052,True,356
17152,1689.5,3,517,9,1,2011-03-21 16:20:00,2011-05-29 12:19:00,14,563.1666666666666,True,68
12635,1689.18,2,1172,96,1,2011-07-08 08:43:00,2011-09-11 11:04:00,101,844.59,True,65
13162,1688.29,4,1713,74,1,2011-01-09 10:43:00,2011-08-09 15:59:00,79,422.0725,True,212
13577,1687.6000000000001,4,791,61,1,2011-04-12 10:33:00,2011-11-14 15:19:00,83,421.90000000000003,True,216
17282,1685.46,3,1866,79,1,2011-02-13 11:36:00,2011-08-01 14:29:00,89,561.82,True,169
15549,1681.46,3,694,104,1,2011-01-27 15:38:00,2011-09-23 16:22:00,114,560.4866666666667,True,239
16638,1680.72,10,1255,92,1,2010-12-06 10:19:00,2011-11-17 11:09:00,94,168.072,True,346
13149,1676.06,4,1280,76,1,2011-02-23 13:57:00,2011-11-25 13:09:00,86,419.015,True,274
17656,1674.69,5,1399,67,1,2011-08-03 10:45:00,2011-09-27 13:04:00,82,334.938,True,55
13184,1668.95,10,1662,138,1,2011-02-22 17:25:00,2011-11-25 12:02:00,179,166.895,True,275
17754,1664.65,5,1816,82,1,2011-03-24 13:54:00,2011-12-09 11:20:00,89,332.93,True,259
12912,1662.3,5,670,17,1,2011-10-30 11:35:00,2011-12-07 08:55:00,24,332.46,True,37
12530,1662.28,4,913,51,1,2011-01-07 10:04:00,2011-10-11 12:34:00,66,415.57,True,277
15214,1661.44,8,1254,109,1,2011-04-11 09:46:00,2011-12-08 12:07:00,110,207.68,True,241
15332,1661.06,4,652,29,1,2010-12-05 12:00:00,2010-12-08 14:43:00,35,415.265,True,3
12967,1660.9,2,438,19,1,2010-12-03 09:49:00,2010-12-16 19:10:00,19,830.45,True,13
16115,1660.8799999999999,8,994,169,1,2011-02-20 12:14:00,2011-11-30 11:32:00,279,207.60999999999999,True,282
14045,1659.75,4,535,4,1,2010-12-01 11:32:00,2011-08-22 15:27:00,6,414.9375,True,264
15953,1657.28,8,891,63,1,2010-12-05 15:15:00,2011-11-24 15:32:00,97,207.16,True,354
15826,1654.31,3,963,64,1,2011-05-13 10:44:00,2011-10-14 16:05:00,68,551.4366666666666,True,154
16813,1652.18,10,1501,248,1,2011-05-19 13:28:00,2011-12-01 14:03:00,426,165.21800000000002,True,196
16711,1651.03,5,833,18,1,2010-12-17 12:43:00,2011-12-06 16:32:00,22,330.206,True,354
14837,1649.5,4,1436,96,1,2011-05-22 12:49:00,2011-09-11 10:58:00,108,412.375,True,111
13647,1648.1200000000001,4,887,65,1,2011-04-19 09:49:00,2011-11-30 12:00:00,78,412.03000000000003,True,225
17284,1647.48,6,1362,229,1,2011-01-07 14:31:00,2011-10-10 14:38:00,291,274.58,True,276
13750,1647.26,5,516,20,1,2011-01-07 11:49:00,2011-10-17 12:16:00,24,329.452,True,283
13012,1646.8400000000001,8,820,67,1,2011-02-18 09:43:00,2011-11-30 13:05:00,88,205.85500000000002,True,285
12657,1643.18,4,1044,35,1,2011-09-22 11:40:00,2011-11-28 15:47:00,47,410.795,True,67
15002,1641.76,4,862,93,1,2010-12-07 13:16:00,2011-08-16 10:44:00,115,410.44,True,251
14573,1639.82,9,534,127,1,2010-12-02 19:59:00,2011-06-13 11:15:00,227,182.20222222222222,True,192
13627,1638.47,5,1269,84,1,2010-12-17 09:52:00,2011-10-11 14:20:00,92,327.694,True,298
15024,1636.43,10,902,105,1,2010-12-07 13:20:00,2011-11-30 12:06:00,152,163.643,True,357
12398,1635.6599999999999,1,1394,85,1,2011-10-25 10:27:00,2011-10-25 10:27:00,85,1635.6599999999999,False,0
15122,1633.78,3,800,65,1,2011-02-15 09:59:00,2011-08-17 16:48:00,82,544.5933333333334,True,183
14164,1631.77,2,1033,28,1,2011-09-20 12:18:00,2011-09-30 12:24:00,29,815.885,True,10
12377,1628.12,2,944,72,1,2010-12-20 09:37:00,2011-01-28 15:45:00,77,814.06,True,39
14759,1625.97,3,569,92,1,2011-04-21 10:55:00,2011-12-05 12:03:00,102,541.99,True,228
13425,1624.21,3,1123,66,1,2011-02-18 08:34:00,2011-08-23 17:13:00,78,541.4033333333333,True,186
16515,1624.14,5,826,89,1,2011-02-01 13:09:00,2011-10-18 13:10:00,111,324.82800000000003,True,259
15172,1624.05,5,1611,106,1,2011-04-17 11:56:00,2011-12-01 11:51:00,110,324.81,True,227
14937,1621.88,3,484,33,1,2011-08-01 14:16:00,2011-10-14 12:29:00,34,540.6266666666667,True,73
17101,1621.73,4,815,28,1,2011-06-14 14:49:00,2011-11-29 13:57:00,42,405.4325,True,167
18161,1618.69,5,812,49,1,2011-01-24 11:56:00,2011-11-24 16:40:00,80,323.738,True,304
16987,1616.8,7,401,74,1,2011-05-18 15:55:00,2011-12-06 17:26:00,128,230.97142857142856,True,202
14336,1614.91,4,1759,77,1,2011-03-08 16:48:00,2011-11-23 11:40:00,90,403.7275,True,259
16992,1614.31,5,860,84,1,2011-02-28 10:37:00,2011-11-29 11:50:00,93,322.86199999999997,True,274
15791,1612.69,2,731,66,1,2011-05-19 15:15:00,2011-10-27 10:14:00,75,806.345,True,160
14312,1611.59,6,1012,74,1,2011-01-06 16:35:00,2011-10-24 09:46:00,87,268.5983333333333,True,290
14918,1610.15,2,675,39,1,2011-07-08 12:50:00,2011-08-16 11:50:00,45,805.075,True,38
12868,1607.0600000000002,6,928,72,1,2010-12-01 12:50:00,2011-06-07 10:42:00,107,267.84333333333336,True,187
16817,1604.75,9,822,73,1,2010-12-06 14:19:00,2011-12-07 11:03:00,86,178.30555555555554,True,365
12947,1603.99,6,1165,83,1,2010-12-01 16:21:00,2011-07-19 10:06:00,97,267.33166666666665,True,229
15660,1600.86,9,1050,55,1,2010-12-09 09:49:00,2011-11-14 16:58:00,90,177.87333333333333,True,340
14178,1600.26,7,1494,191,1,2011-06-10 12:51:00,2011-12-01 12:01:00,318,228.60857142857142,True,173
16496,1599.52,3,1111,92,1,2011-01-27 09:42:00,2011-12-01 10:31:00,95,533.1733333333333,True,308
16466,1595.96,7,785,103,1,2011-02-20 11:39:00,2011-11-06 11:35:00,146,227.99428571428572,True,258
13850,1595.48,1,944,93,1,2011-08-02 14:04:00,2011-08-02 14:04:00,93,1595.48,False,0
17673,1594.97,6,1462,118,1,2011-01-23 15:16:00,2011-12-08 12:50:00,218,265.8283333333333,True,318
16801,1594.23,4,493,72,1,2011-03-11 13:56:00,2011-06-29 15:33:00,75,398.5575,True,110
16676,1592.1200000000001,4,636,75,1,2011-01-06 13:00:00,2011-11-06 12:01:00,89,398.03000000000003,True,303
14970,1592.06,4,250,24,1,2011-01-27 12:23:00,2011-10-02 13:44:00,34,398.015,True,248
15611,1591.45,13,504,23,1,2011-01-09 11:32:00,2011-11-30 12:36:00,43,122.41923076923078,True,325
18178,1590.81,4,983,80,1,2010-12-10 12:42:00,2011-08-03 09:30:00,97,397.7025,True,235
14442,1589.82,2,482,58,1,2011-01-27 09:33:00,2011-05-19 11:36:00,63,794.91,True,112
13614,1585.46,4,564,171,1,2011-01-13 12:37:00,2011-11-15 14:47:00,195,396.365,True,306
16332,1582.8,7,797,125,1,2011-02-07 14:16:00,2011-11-11 14:22:00,151,226.1142857142857,True,277
12393,1582.6000000000001,4,816,47,1,2011-01-11 09:47:00,2011-09-28 15:41:00,64,395.65000000000003,True,260
14719,1581.84,5,1025,177,1,2011-04-04 14:17:00,2011-12-08 12:43:00,235,316.368,True,247
14587,1580.29,9,749,170,1,2011-01-12 13:16:00,2011-11-21 11:34:00,371,175.58777777777777,True,312
12607,1579.51,1,1228,101,1,2011-10-10 16:06:00,2011-10-10 16:06:00,101,1579.51,False,0
13814,1579.12,2,864,37,1,2011-07-25 13:54:00,2011-09-08 13:48:00,57,789.56,True,44
16889,1578.67,3,925,112,1,2011-01-07 10:47:00,2011-05-29 11:05:00,135,526.2233333333334,True,142
13186,1575.89,3,820,69,1,2011-08-03 09:09:00,2011-10-31 11:40:00,79,525.2966666666667,True,89
17671,1572.71,4,772,40,1,2010-12-09 14:27:00,2011-11-24 12:21:00,53,393.1775,True,349
16283,1570.81,5,1236,117,1,2011-05-15 13:37:00,2011-12-04 12:08:00,166,314.162,True,202
12865,1568.23,2,925,86,1,2011-08-08 10:11:00,2011-11-13 14:31:00,95,784.115,True,97
15906,1567.69,7,544,113,1,2011-03-29 13:28:00,2011-11-20 12:24:00,150,223.9557142857143,True,235
15111,1567.48,3,710,70,1,2010-12-02 11:45:00,2011-11-10 16:58:00,84,522.4933333333333,True,343
15532,1564.73,4,515,205,1,2010-12-16 16:45:00,2011-11-14 14:51:00,251,391.1825,True,332
17204,1564.56,4,646,44,1,2011-03-21 12:42:00,2011-06-17 14:46:00,57,391.14,True,88
13659,1563.0,2,882,92,1,2011-01-23 12:08:00,2011-05-18 12:37:00,103,781.5,True,115
17085,1562.4,5,785,115,1,2010-12-12 12:24:00,2011-08-08 14:15:00,186,312.48,True,239
18239,1561.6100000000001,5,795,80,1,2010-12-02 17:48:00,2011-05-05 12:38:00,88,312.322,True,153
14038,1560.38,3,965,64,1,2011-05-16 14:05:00,2011-09-22 13:37:00,92,520.1266666666667,True,128
16394,1555.34,5,2604,61,1,2011-02-23 10:58:00,2011-10-14 09:48:00,83,311.068,True,232
13313,1555.32,5,851,47,1,2011-01-04 10:00:00,2011-11-17 16:48:00,78,311.06399999999996,True,317
15620,1553.18,3,915,92,1,2010-12-16 14:34:00,2011-10-14 12:41:00,100,517.7266666666667,True,301
15117,1551.78,5,1948,63,1,2011-05-08 12:38:00,2011-11-25 08:12:00,79,310.356,True,200
13634,1547.3600000000001,5,700,156,1,2011-01-16 15:30:00,2011-11-06 13:40:00,186,309.47200000000004,True,293
14229,1547.2,3,610,29,1,2011-01-10 12:03:00,2011-10-19 10:04:00,40,515.7333333333333,True,281
16790,1545.6200000000001,6,898,88,1,2011-11-02 11:23:00,2011-12-06 11:53:00,93,257.60333333333335,True,34
16369,1545.41,3,1030,91,1,2011-05-27 09:39:00,2011-11-21 16:25:00,117,515.1366666666667,True,178
13397,1544.13,5,430,28,1,2011-01-04 13:50:00,2011-09-28 10:56:00,38,308.826,True,266
12818,1542.08,1,929,14,1,2011-03-23 12:06:00,2011-03-23 12:06:00,14,1542.08,False,0
17837,1541.23,8,510,110,1,2011-06-29 16:44:00,2011-10-28 16:13:00,162,192.65375,True,120
16365,1540.42,9,504,45,1,2010-12-07 17:19:00,2011-11-22 11:24:00,51,171.1577777777778,True,349
17159,1538.88,3,1111,96,1,2011-06-21 09:49:00,2011-11-18 10:52:00,101,512.96,True,150
13849,1537.95,2,1016,97,1,2011-06-22 10:11:00,2011-10-19 10:59:00,101,768.975,True,119
12877,1535.77,12,1178,100,1,2010-12-16 12:23:00,2011-12-06 10:30:00,154,127.98083333333334,True,354
15392,1535.53,4,1277,74,1,2010-12-14 15:50:00,2011-12-05 11:01:00,84,383.8825,True,355
15625,1534.26,4,1188,44,1,2011-04-18 14:01:00,2011-08-28 10:21:00,64,383.565,True,131
13320,1532.2,4,1086,77,1,2011-05-10 10:29:00,2011-09-22 18:07:00,105,383.05,True,135
13107,1531.6200000000001,4,1293,54,1,2011-01-10 12:28:00,2011-10-26 14:52:00,58,382.90500000000003,True,289
12759,1531.44,3,902,81,1,2011-03-09 08:09:00,2011-10-18 14:49:00,95,510.48,True,223
14321,1530.75,5,2406,111,1,2011-01-10 11:35:00,2011-11-29 09:47:00,123,306.15,True,322
14567,1530.3600000000001,2,412,33,1,2011-08-01 13:48:00,2011-10-14 10:21:00,33,765.1800000000001,True,73
15701,1529.0,4,912,193,1,2011-08-21 12:36:00,2011-12-07 14:39:00,230,382.25,True,108
16244,1522.75,2,855,88,1,2010-12-02 11:41:00,2011-05-12 10:18:00,91,761.375,True,160
16066,1521.04,5,935,77,1,2011-08-07 14:33:00,2011-11-23 11:54:00,101,304.20799999999997,True,107
13213,1520.58,5,1360,82,1,2011-05-24 12:22:00,2011-10-14 11:42:00,90,304.116,True,142
13764,1519.42,3,926,183,1,2011-01-06 14:53:00,2011-09-30 12:03:00,207,506.47333333333336,True,266
14267,1516.24,3,530,25,1,2011-03-24 11:38:00,2011-06-30 10:09:00,55,505.41333333333336,True,97
13791,1516.0,2,1200,7,1,2011-06-24 16:38:00,2011-08-04 11:44:00,11,758.0,True,40
16748,1515.9,5,880,42,1,2011-01-09 13:50:00,2011-11-22 10:17:00,69,303.18,True,316
16053,1511.95,2,1793,81,1,2011-08-09 14:57:00,2011-11-07 11:21:00,84,755.975,True,89
16434,1511.8,7,760,88,1,2011-02-13 12:17:00,2011-11-10 14:28:00,107,215.97142857142856,True,270
16910,1508.96,8,884,318,1,2011-09-09 14:14:00,2011-12-05 12:51:00,545,188.62,True,86
15265,1506.1200000000001,2,612,76,1,2011-04-18 12:16:00,2011-07-11 14:46:00,82,753.0600000000001,True,84
12937,1504.27,4,1007,81,1,2011-03-17 14:19:00,2011-11-24 15:05:00,120,376.0675,True,252
15916,1502.8600000000001,8,752,124,1,2010-12-08 13:07:00,2011-11-23 13:46:00,151,187.85750000000002,True,350
16279,1502.78,3,1046,102,1,2011-06-16 11:50:00,2011-11-18 15:00:00,106,500.9266666666667,True,155
13810,1499.01,3,312,32,1,2011-10-14 12:57:00,2011-11-11 08:33:00,35,499.67,True,27
15530,1497.31,4,938,90,1,2011-04-07 11:16:00,2011-11-18 12:25:00,107,374.3275,True,225
14414,1496.98,7,2512,79,1,2010-12-16 11:11:00,2011-09-09 12:09:00,97,213.8542857142857,True,267
14704,1493.96,9,1043,288,1,2011-06-12 13:59:00,2011-11-28 12:51:00,393,165.99555555555557,True,168
17002,1493.73,3,679,41,1,2011-02-22 11:46:00,2011-09-15 12:40:00,49,497.91,True,205
16880,1491.43,7,746,121,1,2011-06-03 16:45:00,2011-11-09 11:33:00,174,213.0614285714286,True,158
15057,1489.5,2,668,25,1,2011-01-28 09:09:00,2011-03-09 15:17:00,25,744.75,True,40
13110,1488.67,7,388,109,1,2011-02-01 15:24:00,2011-11-08 14:30:00,145,212.66714285714286,True,279
13692,1488.32,3,1226,48,1,2011-04-17 12:57:00,2011-11-15 11:17:00,53,496.1066666666666,True,211
17553,1487.6,1,1048,2,1,2011-08-02 10:00:00,2011-08-02 10:00:00,2,1487.6,False,0
14758,1484.06,4,419,54,1,2011-03-25 12:10:00,2011-07-18 08:21:00,71,371.015,True,114
16395,1482.06,5,1472,150,1,2011-01-13 12:10:00,2011-10-10 12:50:00,206,296.412,True,270
18016,1477.66,5,1027,90,1,2010-12-10 17:14:00,2011-11-07 13:25:00,122,295.53200000000004,True,331
14878,1476.09,9,799,62,1,2010-12-16 12:11:00,2011-11-27 11:15:00,122,164.01,True,345
14403,1475.81,4,519,17,1,2011-04-06 14:23:00,2011-08-01 12:57:00,20,368.9525,True,116
16755,1475.43,3,1058,133,1,2011-01-28 10:47:00,2011-08-17 13:21:00,165,491.81,True,201
12826,1474.72,7,1058,58,1,2010-12-09 15:21:00,2011-12-07 10:25:00,91,210.67428571428573,True,362
14246,1474.06,3,804,57,1,2011-04-08 08:25:00,2011-08-21 11:50:00,75,491.3533333333333,True,135
14963,1472.34,5,1159,149,1,2011-06-09 12:30:00,2011-11-30 12:16:00,192,294.46799999999996,True,173
15128,1471.0,4,1343,74,1,2011-05-04 12:32:00,2011-10-10 13:54:00,102,367.75,True,159
17590,1468.02,3,822,162,1,2011-10-30 14:05:00,2011-12-07 12:55:00,196,489.34,True,37
16016,1465.51,8,602,156,1,2010-12-08 12:36:00,2011-12-06 14:35:00,224,183.18875,True,363
14875,1465.3200000000002,2,558,46,1,2011-03-22 11:53:00,2011-08-24 12:20:00,47,732.6600000000001,True,155
15983,1465.12,4,886,82,1,2010-12-01 12:15:00,2011-11-17 17:34:00,112,366.28,True,351
12882,1463.04,2,246,12,1,2011-11-06 11:22:00,2011-11-30 16:18:00,13,731.52,True,24
14233,1462.72,4,680,30,1,2011-01-26 12:43:00,2011-10-21 15:54:00,35,365.68,True,268
17063,1461.14,7,770,66,1,2011-02-23 13:44:00,2011-11-18 16:19:00,78,208.73428571428573,True,268
16996,1456.96,6,544,13,1,2010-12-21 13:22:00,2011-11-09 16:43:00,37,242.82666666666668,True,323
13309,1456.79,5,1544,82,1,2011-02-04 12:29:00,2011-12-02 16:34:00,107,291.358,True,301
13477,1454.58,6,1021,57,1,2011-02-21 12:29:00,2011-11-02 12:04:00,79,242.42999999999998,True,253
14541,1453.35,8,641,71,1,2011-01-24 14:16:00,2011-10-12 10:08:00,105,181.66875,True,260
16059,1453.16,6,641,126,1,2010-12-07 10:36:00,2011-10-05 09:56:00,178,242.19333333333336,True,301
14404,1449.32,6,827,70,1,2010-12-05 16:00:00,2011-11-06 12:30:00,100,241.5533333333333,True,335
14740,1448.21,3,735,85,1,2011-03-01 08:35:00,2011-05-26 18:17:00,89,482.7366666666667,True,86
17073,1446.09,4,759,142,1,2011-08-22 14:37:00,2011-11-22 11:47:00,174,361.5225,True,91
13717,1445.01,6,1959,92,1,2011-02-14 13:21:00,2011-11-07 14:13:00,102,240.835,True,266
13461,1445.0,3,1170,14,1,2011-06-29 10:23:00,2011-11-01 09:01:00,27,481.6666666666667,True,124
17175,1443.69,4,866,42,1,2011-02-16 14:56:00,2011-10-26 15:31:00,63,360.9225,True,252
14071,1437.57,8,994,271,1,2011-03-20 11:33:00,2011-12-06 12:27:00,323,179.69625,True,261
15987,1432.77,7,1533,110,1,2010-12-06 08:34:00,2011-11-27 15:38:00,128,204.68142857142857,True,356
14566,1432.0,1,800,4,1,2011-08-21 11:05:00,2011-08-21 11:05:00,4,1432.0,False,0
16503,1431.93,4,569,71,1,2010-12-14 13:50:00,2011-08-25 11:46:00,84,357.9825,True,253
13475,1431.78,4,1012,64,1,2011-02-14 12:36:00,2011-06-01 13:52:00,86,357.945,True,107
15427,1430.54,3,967,233,1,2011-10-23 14:47:00,2011-11-06 14:29:00,292,476.84666666666664,True,13
16103,1429.64,6,558,30,1,2011-04-20 12:28:00,2011-12-02 14:16:00,48,238.27333333333334,True,226
13159,1429.35,4,1058,114,1,2011-08-16 11:44:00,2011-12-01 11:20:00,120,357.3375,True,106
14035,1428.02,5,739,41,1,2011-02-15 12:48:00,2011-11-11 10:03:00,66,285.604,True,268
15858,1427.57,5,1163,145,1,2010-12-07 14:31:00,2011-11-24 12:48:00,188,285.514,True,351
15681,1426.16,5,816,32,1,2011-03-04 13:46:00,2011-11-14 16:30:00,53,285.232,True,255
17571,1425.67,4,876,247,1,2011-02-14 15:15:00,2011-10-20 15:57:00,271,356.4175,True,248
15106,1422.52,5,1181,90,1,2011-03-15 12:52:00,2011-11-22 09:16:00,100,284.504,True,251
16463,1422.4,4,1163,74,1,2011-05-19 14:45:00,2011-11-18 14:01:00,82,355.6,True,182
16571,1421.69,3,1239,73,1,2011-03-03 09:41:00,2011-11-13 11:46:00,87,473.8966666666667,True,255
14019,1421.61,3,1037,37,1,2011-07-24 15:39:00,2011-10-24 10:13:00,66,473.86999999999995,True,91
14901,1421.29,9,661,73,1,2010-12-02 11:20:00,2011-11-28 17:09:00,96,157.92111111111112,True,361
14443,1420.2,4,938,84,1,2010-12-06 11:03:00,2011-10-17 10:10:00,93,355.05,True,314
16173,1418.32,6,575,70,1,2011-09-02 15:23:00,2011-11-24 10:53:00,84,236.38666666666666,True,82
17856,1418.03,4,842,12,1,2011-03-03 11:40:00,2011-12-08 09:40:00,15,354.5075,True,279
17288,1417.63,7,1201,118,1,2010-12-16 13:33:00,2011-11-30 16:09:00,140,202.51857142857145,True,349
14748,1415.75,5,1223,87,1,2010-12-06 10:19:00,2011-11-10 18:33:00,89,283.15,True,339
16348,1415.65,7,805,157,1,2011-04-13 15:49:00,2011-11-07 15:44:00,222,202.2357142857143,True,207
16012,1415.29,3,799,87,1,2011-07-07 18:02:00,2011-11-04 13:25:00,94,471.7633333333333,True,119
16245,1413.66,3,1014,80,1,2011-03-28 09:30:00,2011-11-16 10:14:00,90,471.22,True,233
15237,1412.32,4,1071,94,1,2011-04-26 15:04:00,2011-12-08 09:46:00,99,353.08,True,225
15444,1411.21,2,759,191,1,2011-10-30 16:12:00,2011-11-30 17:37:00,214,705.605,True,31
15596,1406.59,5,561,51,1,2010-12-09 16:10:00,2011-08-31 10:55:00,77,281.318,True,264
17083,1405.78,3,772,24,1,2011-02-09 11:38:00,2011-08-22 15:43:00,52,468.5933333333333,True,194
16271,1404.64,5,1024,89,1,2010-12-16 16:36:00,2011-12-07 12:45:00,130,280.928,True,355
15426,1404.07,5,656,217,1,2010-12-05 13:55:00,2011-11-20 15:36:00,275,280.81399999999996,True,350
18116,1403.1100000000001,8,837,230,1,2010-12-10 12:14:00,2011-10-03 11:00:00,371,175.38875000000002,True,296
14649,1402.59,4,1004,148,1,2011-05-11 14:37:00,2011-12-05 12:30:00,186,350.6475,True,207
15563,1400.44,4,1501,88,1,2010-12-16 11:27:00,2011-11-17 14:50:00,113,350.11,True,336
14741,1400.34,6,841,35,1,2010-12-02 08:43:00,2011-11-28 08:48:00,59,233.39,True,361
15478,1399.92,2,575,34,1,2011-10-14 11:09:00,2011-10-30 14:19:00,44,699.96,True,16
18202,1396.99,3,581,55,1,2011-02-01 13:36:00,2011-05-24 12:12:00,68,465.66333333333336,True,111
13995,1393.69,5,879,55,1,2011-04-08 08:20:00,2011-11-24 14:22:00,86,278.738,True,230
17354,1393.06,1,1006,15,1,2011-10-20 10:34:00,2011-10-20 10:34:00,16,1393.06,False,0
15810,1391.98,4,861,66,1,2011-02-16 09:11:00,2011-09-22 09:38:00,89,347.995,True,218
13414,1390.5,3,1574,23,1,2011-02-16 12:13:00,2011-07-29 11:45:00,24,463.5,True,162
13516,1389.41,3,985,43,1,2011-04-15 11:06:00,2011-11-18 13:15:00,44,463.1366666666667,True,217
16539,1388.81,4,477,36,1,2010-12-01 15:40:00,2011-12-07 08:41:00,45,347.2025,True,370
15134,1387.99,8,887,44,1,2011-04-13 11:05:00,2011-11-25 08:55:00,73,173.49875,True,225
12952,1387.79,4,653,64,1,2011-09-22 16:37:00,2011-12-04 10:35:00,79,346.9475,True,72
12775,1386.04,5,877,47,1,2011-02-01 13:45:00,2011-11-22 16:33:00,66,277.20799999999997,True,294
13308,1385.51,3,843,49,1,2011-05-20 13:13:00,2011-11-17 09:31:00,54,461.83666666666664,True,180
18167,1384.8600000000001,3,382,24,1,2011-08-26 11:40:00,2011-11-16 15:56:00,37,461.62000000000006,True,82
17311,1384.85,2,1005,55,1,2011-01-27 10:56:00,2011-09-22 14:11:00,55,692.425,True,238
13572,1384.25,1,534,32,1,2011-05-18 11:59:00,2011-05-18 11:59:00,33,1384.25,False,0
15898,1383.83,5,567,70,1,2010-12-06 11:01:00,2011-12-08 15:23:00,84,276.76599999999996,True,367
15051,1383.3600000000001,3,1010,130,1,2011-07-12 15:29:00,2011-11-16 15:38:00,142,461.12000000000006,True,127
14116,1382.74,5,707,61,1,2011-08-10 12:44:00,2011-11-20 10:29:00,72,276.548,True,101
16389,1382.07,4,1242,33,1,2011-03-01 15:47:00,2011-10-17 14:41:00,34,345.5175,True,229
17621,1379.9,3,514,24,1,2010-12-20 13:31:00,2011-11-18 17:11:00,26,459.9666666666667,True,333
12886,1378.4,2,770,75,1,2011-05-04 11:21:00,2011-10-03 10:09:00,82,689.2,True,151
15569,1375.71,5,666,27,1,2011-01-11 13:26:00,2011-08-28 10:15:00,31,275.142,True,228
14434,1372.8,6,368,3,1,2011-09-28 15:31:00,2011-11-18 08:56:00,12,228.79999999999998,True,50
15453,1371.77,7,837,169,1,2011-06-05 12:37:00,2011-12-08 10:59:00,279,195.96714285714285,True,185
17676,1371.18,6,922,49,1,2010-12-08 13:49:00,2011-12-05 15:16:00,77,228.53,True,362
15095,1370.6,4,1079,30,1,2011-05-20 14:27:00,2011-08-28 12:01:00,47,342.65,True,99
14507,1367.88,6,594,79,1,2011-03-08 17:23:00,2011-11-16 12:21:00,95,227.98000000000002,True,252
13813,1366.8600000000001,4,552,54,1,2011-07-28 10:33:00,2011-10-31 10:38:00,69,341.71500000000003,True,95
14897,1366.38,4,468,43,1,2011-02-16 08:37:00,2011-12-02 10:32:00,55,341.595,True,289
13396,1360.99,2,600,42,1,2011-01-24 13:37:00,2011-11-10 16:59:00,43,680.495,True,290
16726,1358.74,5,945,121,1,2010-12-13 13:28:00,2011-11-13 14:53:00,178,271.748,True,335
17054,1356.33,5,804,64,1,2011-04-08 13:14:00,2011-11-11 12:56:00,83,271.26599999999996,True,216
14859,1353.74,4,671,47,1,2011-05-19 14:42:00,2011-11-27 11:18:00,58,338.435,True,191
15116,1352.75,4,648,37,1,2011-05-19 08:50:00,2011-11-22 12:25:00,45,338.1875,True,187
16079,1352.0,3,864,18,1,2011-10-30 13:06:00,2011-11-23 12:48:00,21,450.6666666666667,True,23
16493,1351.63,4,1164,40,1,2011-01-14 08:16:00,2011-09-21 11:10:00,56,337.9075,True,250
12770,1351.45,1,743,12,1,2011-05-13 09:33:00,2011-05-13 09:33:00,12,1351.45,False,0
15411,1348.93,4,529,86,1,2011-06-10 12:30:00,2011-11-13 15:19:00,98,337.2325,True,156
16669,1348.88,3,881,141,1,2011-09-22 14:13:00,2011-11-16 12:26:00,156,449.6266666666667,True,54
12646,1346.97,2,897,43,1,2011-10-21 12:52:00,2011-12-05 10:14:00,45,673.485,True,44
14154,1345.62,2,465,52,1,2011-04-14 15:58:00,2011-04-14 16:26:00,52,672.81,True,0
15398,1345.53,2,769,60,1,2011-09-22 14:56:00,2011-11-23 16:47:00,73,672.765,True,62
12463,1344.78,4,776,65,1,2011-04-12 12:47:00,2011-10-17 13:44:00,83,336.195,True,188
16317,1341.65,3,890,64,1,2011-02-15 14:30:00,2011-08-12 12:46:00,69,447.2166666666667,True,177
13743,1341.6,7,1776,8,1,2011-03-25 14:46:00,2011-12-07 10:09:00,41,191.65714285714284,True,256
18177,1340.8700000000001,6,709,53,1,2011-03-29 08:46:00,2011-11-08 14:44:00,73,223.47833333333335,True,224
16045,1340.7,4,897,71,1,2011-02-22 14:55:00,2011-08-12 12:41:00,83,335.175,True,170
13501,1340.32,1,560,52,1,2011-02-24 18:59:00,2011-02-24 18:59:00,52,1340.32,False,0
15734,1339.45,2,346,25,1,2011-05-23 14:59:00,2011-08-17 10:50:00,26,669.725,True,85
12620,1339.41,3,1181,89,1,2011-05-19 12:10:00,2011-11-25 10:20:00,92,446.47,True,189
15059,1337.72,9,604,161,1,2011-01-09 11:54:00,2011-10-30 11:35:00,237,148.63555555555556,True,293
17372,1337.18,8,747,215,1,2010-12-12 12:00:00,2011-10-30 11:37:00,251,167.1475,True,321
12919,1335.19,6,673,34,1,2011-06-23 09:22:00,2011-12-01 13:47:00,50,222.53166666666667,True,161
14064,1334.34,5,1772,59,1,2011-03-10 12:59:00,2011-11-10 13:14:00,77,266.868,True,245
15680,1333.68,3,952,61,1,2010-12-08 14:43:00,2011-11-30 13:46:00,78,444.56,True,356
17932,1331.57,3,789,84,1,2011-05-12 13:58:00,2011-11-10 19:49:00,90,443.8566666666666,True,182
12676,1331.39,6,670,33,1,2011-02-01 15:41:00,2011-11-15 12:25:00,45,221.89833333333334,True,286
16295,1328.55,4,841,70,1,2011-10-06 10:45:00,2011-11-30 08:17:00,79,332.1375,True,54
13232,1328.35,7,773,147,1,2011-04-10 13:48:00,2011-11-27 10:39:00,202,189.7642857142857,True,230
15146,1327.16,2,1473,90,1,2011-02-21 13:07:00,2011-06-28 12:09:00,91,663.58,True,126
17633,1324.84,4,644,59,1,2011-08-11 15:43:00,2011-11-08 13:25:00,70,331.21,True,88
17095,1324.16,3,618,69,1,2011-01-09 11:05:00,2011-11-17 12:21:00,74,441.3866666666667,True,312
16110,1320.95,3,720,283,1,2011-02-01 14:01:00,2011-10-25 14:35:00,342,440.31666666666666,True,266
14591,1320.21,4,1228,138,1,2011-05-10 14:09:00,2011-11-24 13:57:00,176,330.0525,True,197
14794,1319.91,7,673,68,1,2011-01-09 16:11:00,2011-12-07 10:11:00,80,188.55857142857144,True,331
16083,1317.62,2,908,31,1,2010-12-14 11:51:00,2011-08-31 10:47:00,31,658.81,True,259
12526,1316.66,3,632,64,1,2011-09-06 14:19:00,2011-12-09 12:09:00,71,438.8866666666667,True,93
12854,1316.25,3,626,95,1,2011-01-25 13:35:00,2011-09-22 12:15:00,109,438.75,True,239
14921,1316.07,2,953,78,1,2011-05-22 12:51:00,2011-11-09 13:17:00,78,658.035,True,171
12576,1315.83,5,967,72,1,2011-02-08 11:31:00,2011-11-04 10:11:00,88,263.166,True,268
14511,1314.81,5,784,53,1,2011-07-29 12:13:00,2011-11-28 17:05:00,68,262.962,True,122
14738,1314.45,7,601,39,1,2011-01-27 14:10:00,2011-10-28 08:56:00,54,187.77857142857144,True,273
14973,1314.45,3,369,29,1,2011-04-28 12:22:00,2011-08-24 15:51:00,32,438.15000000000003,True,118
16040,1313.55,3,684,57,1,2011-03-16 09:58:00,2011-10-05 13:47:00,65,437.84999999999997,True,203
12364,1313.1,4,1506,70,1,2011-08-19 15:24:00,2011-12-02 10:22:00,85,328.275,True,104
17004,1312.1399999999999,2,771,38,1,2011-09-08 12:16:00,2011-10-24 14:25:00,43,656.0699999999999,True,46
12516,1312.06,2,875,20,1,2011-06-12 11:37:00,2011-09-23 09:13:00,26,656.03,True,102
14477,1309.6,4,720,7,1,2011-02-15 15:44:00,2011-11-20 11:11:00,10,327.4,True,277
16120,1309.14,4,878,26,1,2011-10-11 14:10:00,2011-10-11 14:22:00,30,327.285,True,0
14047,1308.6100000000001,5,381,22,1,2010-12-02 10:09:00,2011-12-01 11:43:00,32,261.72200000000004,True,364
13328,1308.48,1,680,17,1,2011-01-27 15:22:00,2011-01-27 15:22:00,17,1308.48,False,0
14297,1305.33,4,865,48,1,2011-03-10 08:31:00,2011-11-22 09:06:00,62,326.3325,True,257
12507,1304.81,3,894,19,1,2011-02-14 09:24:00,2011-07-28 17:09:00,21,434.93666666666667,True,164
17919,1304.04,1,756,23,1,2011-09-12 13:41:00,2011-09-12 13:41:00,23,1304.04,False,0
15813,1303.9099999999999,2,603,40,1,2011-04-14 09:09:00,2011-05-16 08:13:00,40,651.9549999999999,True,31
16370,1301.91,4,640,143,1,2011-04-28 16:40:00,2011-09-18 15:55:00,221,325.4775,True,142
15108,1300.25,4,499,50,1,2011-04-26 10:54:00,2011-07-21 10:24:00,60,325.0625,True,85
13168,1299.59,4,670,102,1,2011-01-25 13:55:00,2011-11-03 12:56:00,126,324.8975,True,281
16464,1298.66,3,952,152,1,2011-07-20 13:53:00,2011-11-20 12:11:00,230,432.8866666666667,True,122
12488,1298.66,3,529,46,1,2011-09-25 10:34:00,2011-11-30 08:50:00,55,432.8866666666667,True,65
12372,1298.04,3,794,34,1,2011-02-16 12:46:00,2011-09-29 12:12:00,52,432.68,True,224
15602,1297.8700000000001,9,1137,30,1,2010-12-06 15:35:00,2011-12-01 14:14:00,46,144.20777777777778,True,359
17961,1296.44,39,560,211,1,2010-12-02 19:18:00,2011-11-18 16:55:00,249,33.242051282051285,True,350
16929,1295.39,7,929,51,1,2011-07-07 12:39:00,2011-12-06 08:37:00,77,185.0557142857143,True,151
16224,1295.3,4,1116,90,1,2011-04-04 12:00:00,2011-10-13 17:51:00,96,323.825,True,192
15621,1293.03,4,501,11,1,2011-11-18 11:49:00,2011-12-05 14:01:00,16,323.2575,True,17
16744,1291.91,7,798,198,1,2011-06-19 15:13:00,2011-11-28 13:06:00,236,184.55857142857144,True,161
16101,1290.7,1,757,76,1,2011-09-30 10:18:00,2011-09-30 10:18:00,76,1290.7,False,0
14856,1290.53,3,711,65,1,2011-10-14 09:35:00,2011-11-03 14:53:00,65,430.1766666666667,True,20
15171,1289.5,1,290,5,1,2011-01-12 15:36:00,2011-01-12 15:36:00,5,1289.5,False,0
15136,1286.7,4,776,61,1,2011-09-04 16:05:00,2011-12-07 12:26:00,68,321.675,True,93
16949,1286.27,6,791,57,1,2011-01-27 12:11:00,2011-12-06 11:07:00,60,214.37833333333333,True,312
17802,1285.04,3,752,102,1,2010-12-02 13:44:00,2011-09-18 14:56:00,140,428.34666666666664,True,290
17350,1281.32,4,770,66,1,2011-10-19 16:05:00,2011-12-01 15:47:00,70,320.33,True,42
13538,1280.85,7,175,10,1,2011-01-28 10:40:00,2011-10-27 16:34:00,25,182.97857142857143,True,272
15494,1280.58,2,1139,120,1,2011-08-10 15:29:00,2011-11-18 14:51:00,122,640.29,True,99
16951,1277.75,3,1318,73,1,2011-02-08 14:58:00,2011-07-28 12:05:00,86,425.9166666666667,True,169
16692,1276.0,2,152,2,1,2011-02-23 15:41:00,2011-03-28 14:46:00,3,638.0,True,32
12394,1272.48,2,819,26,2,2011-05-06 14:01:00,2011-10-07 08:08:00,27,636.24,True,153
13878,1271.57,1,463,35,1,2011-10-16 12:19:00,2011-10-16 12:19:00,35,1271.57,False,0
16899,1271.06,6,520,80,1,2010-12-14 13:11:00,2011-12-02 12:03:00,123,211.84333333333333,True,352
12630,1270.88,2,548,60,1,2011-10-27 10:41:00,2011-11-30 10:48:00,64,635.44,True,34
13492,1269.84,3,408,38,1,2011-05-09 10:06:00,2011-07-26 14:25:00,50,423.28,True,78
14898,1269.31,6,1001,86,1,2010-12-03 15:25:00,2011-11-16 14:54:00,109,211.55166666666665,True,347
13431,1269.1,2,672,44,1,2011-09-12 11:25:00,2011-10-03 13:49:00,46,634.55,True,21
14916,1268.98,4,1136,72,1,2011-01-19 15:30:00,2011-09-30 09:20:00,77,317.245,True,253
15199,1268.7,4,396,5,1,2011-02-04 14:04:00,2011-10-11 15:12:00,13,317.175,True,249
16660,1267.6499999999999,4,571,16,1,2011-01-24 12:44:00,2011-11-23 14:53:00,16,316.91249999999997,True,303
17037,1267.32,1,656,75,1,2011-09-13 12:49:00,2011-09-13 12:49:00,75,1267.32,False,0
17158,1266.97,3,778,53,1,2010-12-14 13:03:00,2011-11-07 15:15:00,67,422.3233333333333,True,328
14105,1266.23,1,800,74,1,2011-04-14 17:58:00,2011-04-14 17:58:00,74,1266.23,False,0
13989,1266.08,2,1313,33,1,2011-04-14 15:39:00,2011-10-05 09:47:00,41,633.04,True,173
16842,1264.19,3,693,45,1,2011-02-10 14:51:00,2011-08-31 10:42:00,63,421.3966666666667,True,201
15497,1262.2,2,624,13,1,2011-01-24 10:01:00,2011-11-22 11:51:00,15,631.1,True,302
16688,1260.86,4,804,52,1,2011-10-10 12:23:00,2011-12-08 15:24:00,62,315.215,True,59
17388,1259.56,4,1068,13,1,2011-02-25 12:28:00,2011-09-23 10:31:00,15,314.89,True,209
15009,1259.43,3,639,148,1,2011-11-14 17:40:00,2011-11-27 13:35:00,180,419.81,True,12
14669,1259.24,3,770,158,1,2011-01-11 12:30:00,2011-04-12 11:43:00,166,419.74666666666667,True,90
17019,1258.08,4,820,166,1,2010-12-06 12:55:00,2011-11-28 13:06:00,228,314.52,True,357
17412,1258.06,7,738,48,1,2010-12-02 16:29:00,2011-12-07 11:36:00,66,179.72285714285712,True,369
13151,1257.8700000000001,1,363,73,1,2011-02-17 12:29:00,2011-02-17 12:29:00,74,1257.8700000000001,False,0
14931,1257.68,5,417,30,1,2011-04-13 09:32:00,2011-12-05 10:19:00,41,251.536,True,236
16639,1257.51,3,510,48,1,2011-04-18 09:31:00,2011-11-08 13:20:00,50,419.17,True,204
17481,1255.59,4,1061,69,1,2011-09-07 09:57:00,2011-12-06 12:28:00,82,313.8975,True,90
13848,1255.0,3,3700,3,1,2010-12-08 15:10:00,2011-09-08 12:58:00,5,418.3333333333333,True,273
17262,1253.3600000000001,5,367,9,1,2010-12-08 13:30:00,2011-10-18 12:56:00,12,250.67200000000003,True,313
14383,1247.69,3,817,49,1,2011-06-29 10:18:00,2011-11-01 15:53:00,59,415.8966666666667,True,125
12689,1247.61,2,628,57,1,2011-08-04 10:04:00,2011-11-14 08:31:00,72,623.805,True,101
13029,1247.5,3,134,8,1,2010-12-21 13:53:00,2011-11-09 09:13:00,10,415.8333333333333,True,322
12494,1246.1000000000001,7,707,63,1,2010-12-09 11:31:00,2011-11-24 09:34:00,77,178.01428571428573,True,349
13860,1245.9,5,591,58,1,2011-09-14 09:27:00,2011-12-08 12:57:00,76,249.18,True,85
16531,1244.59,7,915,68,1,2010-12-14 13:19:00,2011-11-17 16:29:00,77,177.79857142857142,True,338
17584,1242.3,2,458,30,1,2011-08-04 14:12:00,2011-12-02 17:12:00,35,621.15,True,120
17588,1240.2,3,676,19,1,2011-04-21 10:31:00,2011-08-31 13:37:00,23,413.40000000000003,True,132
17731,1240.11,4,493,54,1,2011-06-09 14:18:00,2011-09-21 15:02:00,67,310.0275,True,104
12985,1239.38,2,1533,73,1,2011-11-11 12:44:00,2011-12-09 10:46:00,76,619.69,True,27
13476,1238.47,2,417,56,1,2011-03-03 14:43:00,2011-06-14 12:00:00,58,619.235,True,102
14893,1237.8500000000001,2,799,72,1,2011-11-28 10:49:00,2011-11-30 12:31:00,73,618.9250000000001,True,2
13931,1237.53,2,725,56,1,2011-03-04 08:43:00,2011-09-05 10:12:00,58,618.765,True,185
15201,1236.54,5,1210,35,1,2011-04-06 14:02:00,2011-09-13 14:53:00,69,247.308,True,160
18080,1231.5,2,642,2,1,2011-04-11 10:10:00,2011-11-21 08:02:00,2,615.75,True,223
18171,1231.31,5,481,43,1,2011-01-10 09:55:00,2011-10-12 09:13:00,54,246.262,True,274
15910,1228.88,8,1013,215,1,2011-01-27 11:55:00,2011-12-09 10:51:00,266,153.61,True,315
14913,1227.43,4,1743,76,1,2010-12-15 14:35:00,2011-11-04 08:29:00,87,306.8575,True,323
12997,1226.89,4,664,45,1,2011-01-26 15:49:00,2011-11-17 15:47:00,59,306.7225,True,294
12412,1226.88,3,829,43,1,2011-06-23 13:51:00,2011-09-26 10:16:00,61,408.96000000000004,True,94
14428,1224.06,5,428,108,1,2011-01-18 16:39:00,2011-12-02 13:17:00,137,244.81199999999998,True,317
15841,1224.06,4,942,36,1,2011-01-05 11:25:00,2011-09-28 12:15:00,47,306.015,True,266
15376,1221.56,3,615,100,1,2011-05-01 13:45:00,2011-10-30 15:04:00,116,407.18666666666667,True,182
15004,1220.77,1,623,154,1,2011-07-15 14:05:00,2011-07-15 14:05:00,154,1220.77,False,0
14745,1220.26,5,1038,46,1,2011-02-27 15:25:00,2011-08-19 10:05:00,69,244.052,True,172
15227,1219.4,5,750,43,1,2011-01-26 15:31:00,2011-11-03 11:59:00,58,243.88000000000002,True,280
13208,1217.65,6,803,124,1,2011-02-03 19:32:00,2011-10-12 09:54:00,148,202.9416666666667,True,250
14698,1217.27,5,602,148,1,2011-10-19 12:54:00,2011-12-08 12:26:00,200,243.454,True,49
13491,1215.82,10,903,73,1,2010-12-02 14:30:00,2011-10-19 08:32:00,86,121.582,True,320
17410,1214.72,5,616,57,1,2011-05-08 15:21:00,2011-11-23 15:46:00,64,242.94400000000002,True,199
13055,1214.41,3,894,74,1,2011-05-10 08:58:00,2011-09-22 14:26:00,76,404.80333333333334,True,135
17774,1213.73,4,508,123,1,2011-02-07 13:13:00,2011-09-04 12:49:00,153,303.4325,True,208
18263,1213.1599999999999,3,1468,59,1,2011-04-01 11:48:00,2011-11-14 09:00:00,61,404.3866666666666,True,226
13918,1212.8400000000001,2,1140,30,1,2011-03-31 18:05:00,2011-10-21 12:25:00,30,606.4200000000001,True,203
16653,1212.66,2,733,67,1,2011-09-29 13:38:00,2011-11-23 14:51:00,69,606.33,True,55
12464,1212.05,8,112,6,1,2011-02-03 13:30:00,2011-11-29 13:33:00,29,151.50625,True,299
17653,1207.56,4,1409,44,1,2011-08-11 15:24:00,2011-11-03 12:46:00,44,301.89,True,83
16762,1207.24,3,480,51,1,2011-07-18 12:52:00,2011-11-20 11:43:00,63,402.41333333333336,True,124
14684,1201.51,5,821,231,1,2010-12-12 12:44:00,2011-11-14 11:33:00,390,240.302,True,336
13158,1201.06,4,784,59,1,2011-01-25 09:58:00,2011-09-06 11:58:00,79,300.265,True,224
17320,1200.6200000000001,3,634,57,1,2010-12-06 15:38:00,2011-08-31 13:31:00,73,400.2066666666667,True,267
15605,1198.23,5,441,61,1,2010-12-01 13:38:00,2011-11-03 14:17:00,67,239.64600000000002,True,337
13118,1197.81,5,410,68,1,2011-02-24 12:32:00,2011-11-20 12:46:00,79,239.56199999999998,True,269
16794,1196.5,10,923,142,1,2011-06-12 14:15:00,2011-12-08 17:54:00,278,119.65,True,179
17720,1195.94,4,576,39,1,2010-12-07 10:43:00,2011-11-13 15:04:00,50,298.985,True,341
17526,1195.8999999999999,4,310,17,1,2010-12-09 12:20:00,2011-12-05 11:05:00,19,298.97499999999997,True,360
15145,1194.73,4,756,54,1,2011-04-05 15:20:00,2011-12-05 17:21:00,67,298.6825,True,244
12611,1193.32,1,846,65,1,2011-10-18 13:12:00,2011-10-18 13:12:00,65,1193.32,False,0
13882,1191.13,5,953,54,1,2011-10-06 15:28:00,2011-12-07 11:16:00,65,238.22600000000003,True,61
12462,1189.59,2,536,51,1,2011-02-09 14:44:00,2011-11-21 09:11:00,62,594.795,True,284
15737,1188.1200000000001,8,597,60,1,2011-04-11 10:01:00,2011-11-25 11:21:00,71,148.51500000000001,True,228
16612,1187.66,4,506,48,1,2011-02-01 10:38:00,2011-11-07 07:38:00,66,296.915,True,278
17800,1187.21,9,732,51,1,2011-01-09 13:50:00,2011-11-02 12:57:00,103,131.91222222222223,True,296
15630,1186.35,2,800,57,1,2011-05-19 10:16:00,2011-10-25 15:36:00,60,593.175,True,159
17058,1179.89,3,592,51,1,2011-04-14 09:18:00,2011-09-19 10:13:00,62,393.2966666666667,True,158
16950,1178.56,3,644,39,1,2010-12-07 15:20:00,2011-10-14 09:06:00,42,392.8533333333333,True,310
16042,1177.47,5,743,68,1,2011-01-11 13:25:00,2011-11-17 17:50:00,70,235.494,True,310
13752,1175.38,6,874,64,1,2011-04-07 12:04:00,2011-08-07 14:16:00,75,195.89666666666668,True,122
12885,1175.22,3,655,66,1,2011-08-08 11:45:00,2011-10-07 13:40:00,71,391.74,True,60
12640,1174.58,3,311,47,1,2011-09-19 12:01:00,2011-11-16 11:52:00,53,391.52666666666664,True,57
15306,1174.35,3,810,57,1,2011-07-14 15:22:00,2011-10-06 12:56:00,58,391.45,True,83
14857,1173.12,2,464,58,1,2011-07-14 15:03:00,2011-10-11 09:23:00,60,586.56,True,88
12358,1168.06,2,248,13,1,2011-07-12 10:04:00,2011-12-08 10:26:00,19,584.03,True,149
13500,1166.77,3,609,60,1,2011-08-09 12:20:00,2011-11-16 15:35:00,65,388.92333333333335,True,99
14487,1165.48,6,712,112,1,2010-12-06 13:22:00,2011-11-13 12:17:00,140,194.24666666666667,True,341
14737,1164.55,3,345,15,1,2010-12-21 13:49:00,2011-12-06 10:16:00,17,388.18333333333334,True,349
14261,1163.45,2,406,52,1,2011-09-22 10:47:00,2011-10-20 10:04:00,52,581.725,True,27
14447,1163.23,5,571,54,1,2011-03-04 10:49:00,2011-11-21 08:28:00,70,232.64600000000002,True,261
16800,1162.65,1,524,148,1,2011-11-28 14:06:00,2011-11-28 14:06:00,156,1162.65,False,0
12546,1161.5,2,633,59,1,2011-09-23 09:44:00,2011-10-24 12:09:00,69,580.75,True,31
15088,1160.07,2,460,53,1,2011-10-03 14:05:00,2011-11-18 13:14:00,57,580.035,True,45
18168,1160.04,6,592,97,1,2010-12-02 18:08:00,2011-06-16 19:21:00,130,193.34,True,196
13499,1159.11,5,1365,31,1,2011-03-15 08:52:00,2011-11-22 11:21:00,42,231.82199999999997,True,252
16184,1158.79,6,561,26,1,2011-05-12 13:33:00,2011-10-06 17:43:00,45,193.13166666666666,True,147
17867,1157.8700000000001,6,508,62,1,2011-02-24 12:25:00,2011-11-09 14:15:00,68,192.97833333333335,True,258
17348,1156.6,5,1398,180,1,2011-02-15 10:49:00,2011-11-25 11:25:00,213,231.32,True,283
16637,1154.47,4,927,66,1,2011-04-28 10:20:00,2011-11-07 13:17:00,69,288.6175,True,193
13611,1154.4,3,754,67,1,2010-12-15 10:31:00,2011-09-11 14:51:00,72,384.8,True,270
16062,1153.62,4,800,50,1,2010-12-10 12:00:00,2011-11-30 12:15:00,64,288.405,True,355
12710,1149.02,3,851,75,1,2011-05-22 14:05:00,2011-09-04 12:00:00,77,383.00666666666666,True,104
17505,1145.84,2,556,48,1,2011-05-18 09:01:00,2011-07-01 12:50:00,52,572.92,True,44
16766,1145.6,2,536,17,1,2011-03-11 13:34:00,2011-03-11 15:22:00,34,572.8,True,0
12769,1143.6,1,356,32,1,2011-04-15 10:25:00,2011-04-15 10:25:00,32,1143.6,False,0
17770,1143.27,5,365,33,1,2011-03-02 13:35:00,2011-05-25 12:34:00,38,228.654,True,83
15985,1142.42,2,1086,29,1,2011-04-17 11:04:00,2011-08-08 16:31:00,37,571.21,True,113
16270,1141.24,1,688,54,1,2010-12-21 14:26:00,2010-12-21 14:26:00,54,1141.24,False,0
13330,1140.93,3,751,37,1,2011-01-28 10:08:00,2011-09-08 12:27:00,53,380.31,True,223
13819,1140.35,3,1109,26,1,2011-01-24 10:38:00,2011-02-11 10:38:00,36,380.1166666666666,True,18
16172,1140.21,5,787,52,1,2011-04-12 12:02:00,2011-09-05 13:22:00,69,228.042,True,146
17135,1139.73,7,1224,34,1,2010-12-03 09:31:00,2011-11-23 16:48:00,52,162.81857142857143,True,355
17500,1138.0,3,17,3,1,2011-11-10 09:08:00,2011-11-22 14:25:00,5,379.3333333333333,True,12
17302,1135.63,5,575,68,1,2011-02-07 10:14:00,2011-11-25 09:36:00,79,227.12600000000003,True,290
17242,1135.04,2,611,30,1,2011-06-12 13:04:00,2011-08-23 14:55:00,40,567.52,True,72
15489,1134.28,3,608,47,1,2011-05-12 12:54:00,2011-11-17 08:53:00,50,378.0933333333333,True,188
16989,1133.25,6,1233,7,1,2011-07-12 09:11:00,2011-12-02 16:39:00,12,188.875,True,143
13282,1132.14,3,307,29,1,2011-05-03 12:03:00,2011-11-21 15:33:00,37,377.38000000000005,True,202
13310,1132.03,3,587,65,1,2011-01-19 14:50:00,2011-11-11 17:23:00,72,377.3433333333333,True,296
18125,1131.75,4,800,164,1,2011-01-27 15:02:00,2011-11-10 12:29:00,192,282.9375,True,286
15500,1131.56,4,572,64,1,2011-09-19 13:47:00,2011-12-01 13:47:00,68,282.89,True,73
13447,1129.14,3,584,55,1,2011-11-04 10:10:00,2011-11-16 13:38:00,59,376.38000000000005,True,12
16714,1129.06,3,589,77,1,2011-01-26 13:40:00,2011-05-05 11:09:00,87,376.3533333333333,True,98
14824,1127.71,4,525,19,1,2011-09-09 14:12:00,2011-11-29 14:20:00,29,281.9275,True,81
12609,1126.85,3,648,57,1,2011-01-25 15:13:00,2011-09-22 16:34:00,60,375.6166666666666,True,240
14708,1126.37,3,621,25,1,2010-12-06 12:23:00,2011-12-07 08:21:00,28,375.45666666666665,True,365
17470,1125.07,5,1675,67,1,2010-12-07 09:57:00,2011-10-26 12:42:00,78,225.01399999999998,True,323
14129,1123.8600000000001,5,592,31,1,2011-03-24 08:44:00,2011-12-08 11:02:00,52,224.77200000000002,True,259
13772,1122.63,3,540,141,1,2011-04-14 12:31:00,2011-11-06 11:43:00,173,374.21000000000004,True,205
13486,1122.41,3,669,69,1,2011-07-07 17:19:00,2011-09-22 13:13:00,69,374.1366666666667,True,76
17562,1122.38,7,817,48,1,2011-06-19 13:06:00,2011-11-25 14:21:00,63,160.34,True,159
14723,1122.3600000000001,6,673,193,1,2010-12-03 14:18:00,2011-11-29 15:23:00,259,187.06000000000003,True,361
16807,1121.59,3,778,57,1,2011-03-14 09:46:00,2011-07-20 12:00:00,67,373.8633333333333,True,128
16086,1121.39,5,511,24,1,2010-12-07 13:45:00,2011-10-11 13:09:00,39,224.27800000000002,True,307
15730,1120.88,3,689,68,1,2011-05-17 12:43:00,2011-10-05 12:31:00,70,373.6266666666667,True,140
14276,1119.74,3,744,52,1,2011-02-23 09:38:00,2011-09-02 09:45:00,64,373.24666666666667,True,191
12842,1118.99,2,547,34,1,2011-02-04 12:36:00,2011-09-30 15:33:00,34,559.495,True,238
17894,1118.96,8,404,127,1,2010-12-08 14:50:00,2011-09-29 09:23:00,192,139.87,True,294
17788,1117.9,2,211,3,1,2011-08-02 10:38:00,2011-09-27 10:09:00,5,558.95,True,55
13591,1117.13,3,485,56,1,2011-03-18 12:18:00,2011-10-06 12:26:00,58,372.3766666666667,True,202
17585,1116.68,4,1650,176,1,2011-01-05 15:09:00,2011-08-22 13:30:00,208,279.17,True,228
16350,1116.47,4,545,40,1,2011-01-10 09:44:00,2011-11-18 15:53:00,57,279.1175,True,312
12679,1113.02,4,554,43,1,2011-03-01 12:26:00,2011-10-12 12:30:00,48,278.255,True,225
14817,1110.34,2,655,52,1,2011-03-07 13:51:00,2011-05-23 13:35:00,63,555.17,True,76
15069,1109.53,1,520,70,1,2011-06-13 14:16:00,2011-06-13 14:16:00,70,1109.53,False,0
12399,1108.65,4,1178,47,1,2011-03-23 09:42:00,2011-08-12 13:15:00,59,277.1625,True,142
15933,1107.46,3,885,63,1,2011-09-14 12:05:00,2011-11-18 13:14:00,74,369.15333333333336,True,65
16833,1106.53,4,440,46,1,2011-01-09 13:02:00,2011-12-08 14:39:00,47,276.6325,True,333
12857,1106.4,2,343,37,1,2011-02-10 12:32:00,2011-05-13 10:20:00,46,553.2,True,91
14102,1105.8799999999999,5,769,35,1,2011-10-26 12:46:00,2011-12-04 15:38:00,58,221.176,True,39
17609,1105.78,5,719,199,1,2011-01-16 16:23:00,2011-10-30 12:28:00,233,221.156,True,286
13064,1105.59,4,514,51,1,2011-01-16 13:41:00,2011-11-27 12:31:00,68,276.3975,True,314
14948,1101.97,6,673,56,1,2011-05-04 14:52:00,2011-11-16 17:16:00,63,183.66166666666666,True,196
15716,1101.1100000000001,4,738,101,1,2010-12-05 12:26:00,2011-07-17 11:59:00,117,275.27750000000003,True,223
17047,1100.9,3,533,59,1,2011-05-18 16:50:00,2011-09-15 13:27:00,65,366.9666666666667,True,119
14410,1100.27,9,567,153,1,2011-02-07 09:36:00,2011-09-08 15:08:00,189,122.25222222222222,True,213
14744,1099.98,7,627,21,1,2010-12-08 10:21:00,2011-11-23 12:51:00,26,157.14000000000001,True,350
15978,1098.78,1,888,49,1,2011-09-23 15:21:00,2011-09-23 15:21:00,49,1098.78,False,0
13104,1098.48,6,504,14,1,2010-12-20 11:58:00,2011-12-06 13:10:00,20,183.08,True,351
17966,1098.43,5,2571,53,1,2011-03-23 17:25:00,2011-11-02 10:26:00,68,219.686,True,223
14971,1097.98,3,639,144,1,2011-10-27 13:33:00,2011-11-04 17:07:00,155,365.99333333333334,True,8
14161,1097.6200000000001,3,450,87,1,2010-12-05 13:18:00,2011-05-08 11:41:00,104,365.8733333333334,True,153
16225,1096.32,5,493,109,1,2011-03-07 12:17:00,2011-10-26 08:30:00,134,219.26399999999998,True,232
13211,1095.42,3,834,45,1,2010-12-13 16:17:00,2011-11-29 14:43:00,55,365.14000000000004,True,350
13652,1095.08,3,578,48,1,2010-12-06 09:21:00,2011-10-25 08:51:00,63,365.02666666666664,True,322
15745,1094.59,4,421,57,1,2011-04-17 13:04:00,2011-11-20 13:45:00,62,273.6475,True,217
15608,1093.68,4,714,59,1,2011-08-11 09:56:00,2011-11-11 13:20:00,60,273.42,True,92
18189,1090.24,2,566,65,1,2011-03-17 09:49:00,2011-09-23 12:40:00,68,545.12,True,190
13853,1090.14,1,312,23,1,2011-10-13 14:18:00,2011-10-13 14:18:00,23,1090.14,False,0
12534,1089.18,1,651,63,1,2011-08-01 10:26:00,2011-08-01 10:26:00,63,1089.18,False,0
15763,1086.92,2,271,58,1,2011-09-23 12:10:00,2011-11-08 09:44:00,61,543.46,True,45
16533,1082.81,3,611,112,1,2011-10-02 15:07:00,2011-11-20 13:08:00,176,360.93666666666667,True,48
13610,1082.33,7,488,165,1,2011-02-27 14:44:00,2011-11-27 15:38:00,215,154.6185714285714,True,273
14561,1080.76,3,1014,67,1,2011-06-08 13:26:00,2011-09-25 12:39:00,69,360.25333333333333,True,108
13744,1080.52,2,1153,54,1,2011-02-20 14:08:00,2011-09-05 15:19:00,63,540.26,True,197
13726,1079.6599999999999,2,1054,39,1,2011-08-31 11:06:00,2011-11-01 10:49:00,42,539.8299999999999,True,61
15197,1079.6100000000001,3,469,30,1,2010-12-16 18:01:00,2011-11-29 10:00:00,32,359.87000000000006,True,347
12354,1079.4,1,530,58,1,2011-04-21 13:11:00,2011-04-21 13:11:00,58,1079.4,False,0
14352,1078.96,4,538,44,1,2011-03-11 14:58:00,2011-07-05 15:41:00,47,269.74,True,116
16094,1078.23,4,647,48,1,2011-05-04 13:57:00,2011-11-28 12:45:00,63,269.5575,True,207
16563,1077.74,1,486,19,1,2011-10-17 11:51:00,2011-10-17 11:51:00,19,1077.74,False,0
13715,1077.39,5,562,89,1,2010-12-02 08:52:00,2011-03-03 19:21:00,104,215.478,True,91
16049,1074.81,3,763,248,1,2011-09-25 14:33:00,2011-10-30 13:19:00,299,358.27,True,34
13131,1073.3,3,447,30,1,2011-06-05 10:54:00,2011-11-16 13:21:00,44,357.76666666666665,True,164
15712,1072.3600000000001,5,486,41,1,2011-02-25 11:32:00,2011-11-30 14:09:00,53,214.47200000000004,True,278
15238,1071.99,3,692,49,1,2011-06-08 16:00:00,2011-11-10 14:28:00,50,357.33,True,154
13467,1071.91,2,580,89,1,2011-11-03 16:56:00,2011-11-29 10:01:00,98,535.955,True,25
13521,1071.73,3,718,313,1,2011-11-29 15:09:00,2011-12-08 13:50:00,418,357.24333333333334,True,8
17041,1071.49,3,927,59,1,2010-12-14 11:43:00,2011-11-13 11:21:00,69,357.16333333333336,True,333
13635,1071.03,1,677,62,1,2011-10-03 10:55:00,2011-10-03 10:55:00,62,1071.03,False,0
17522,1070.71,5,1034,59,1,2011-05-05 16:31:00,2011-12-08 12:31:00,73,214.142,True,216
13761,1070.65,2,642,68,1,2011-06-13 08:43:00,2011-10-20 14:01:00,70,535.325,True,129
14212,1070.48,1,1152,9,1,2011-09-11 12:45:00,2011-09-11 12:45:00,9,1070.48,False,0
16200,1068.8700000000001,2,516,149,1,2011-06-28 15:47:00,2011-12-05 14:40:00,172,534.4350000000001,True,159
16918,1068.82,6,721,97,1,2011-01-26 17:37:00,2011-10-21 12:50:00,128,178.13666666666666,True,267
15436,1067.75,3,574,243,1,2011-04-19 16:52:00,2011-11-27 16:05:00,291,355.9166666666667,True,221
15027,1066.1499999999999,4,565,30,1,2011-04-15 14:14:00,2011-11-09 10:16:00,35,266.53749999999997,True,207
17277,1065.3500000000001,2,430,67,1,2011-01-21 12:37:00,2011-04-26 12:47:00,69,532.6750000000001,True,95
14488,1064.28,1,799,46,1,2011-10-03 09:30:00,2011-10-03 09:30:00,46,1064.28,False,0
12951,1064.07,6,503,53,1,2011-01-13 10:33:00,2011-12-01 12:14:00,63,177.345,True,322
15801,1063.95,3,570,61,1,2011-08-22 09:53:00,2011-10-24 13:52:00,64,354.65000000000003,True,63
12936,1063.9,4,559,56,1,2011-09-22 13:51:00,2011-11-22 17:32:00,62,265.975,True,61
12815,1063.46,2,379,38,1,2011-05-25 13:34:00,2011-07-15 10:21:00,47,531.73,True,50
14411,1063.0,1,196,14,1,2011-02-02 10:56:00,2011-02-02 10:56:00,14,1063.0,False,0
16214,1062.75,3,420,36,1,2011-03-15 13:23:00,2011-06-22 11:30:00,44,354.25,True,98
15706,1060.56,4,321,50,1,2011-08-15 14:32:00,2011-10-07 10:09:00,55,265.14,True,52
17727,1060.25,1,645,66,1,2011-11-24 17:06:00,2011-11-24 17:06:00,66,1060.25,False,0
18130,1059.39,3,824,58,1,2011-10-13 15:58:00,2011-11-24 14:40:00,70,353.13000000000005,True,41
17214,1059.1200000000001,6,272,79,1,2010-12-15 15:14:00,2011-10-10 13:17:00,101,176.52,True,298
13455,1058.34,2,354,42,1,2010-12-08 13:11:00,2011-11-15 11:21:00,46,529.17,True,341
15977,1054.73,2,1016,48,1,2011-10-31 16:24:00,2011-11-22 13:29:00,65,527.365,True,21
12716,1053.49,2,708,60,1,2011-07-29 13:28:00,2011-12-06 08:55:00,69,526.745,True,129
14419,1051.79,6,483,112,1,2010-12-10 10:56:00,2011-11-29 11:22:00,202,175.29833333333332,True,354
16416,1051.4,3,672,59,1,2011-10-14 13:35:00,2011-11-13 12:50:00,71,350.4666666666667,True,29
15329,1049.7,3,486,51,1,2011-06-21 10:37:00,2011-10-31 15:36:00,57,349.90000000000003,True,132
14078,1049.37,6,310,46,1,2010-12-01 12:54:00,2011-08-30 12:16:00,65,174.89499999999998,True,271
17287,1049.06,7,556,88,1,2010-12-02 12:22:00,2011-11-13 13:27:00,122,149.8657142857143,True,346
15839,1048.49,3,675,56,1,2011-07-14 16:35:00,2011-11-06 13:54:00,62,349.49666666666667,True,114
16728,1048.28,4,671,218,1,2011-03-20 13:28:00,2011-10-24 14:36:00,263,262.07,True,218
15777,1047.11,4,378,18,1,2010-12-13 16:38:00,2011-04-12 16:43:00,21,261.7775,True,120
15407,1046.74,4,552,142,1,2011-02-07 13:18:00,2011-11-06 11:55:00,148,261.685,True,271
16520,1046.57,3,558,129,1,2010-12-09 13:08:00,2011-06-06 13:24:00,156,348.8566666666666,True,179
14293,1046.56,4,709,51,1,2010-12-06 10:18:00,2011-12-06 15:17:00,61,261.64,True,365
15464,1044.65,1,348,155,1,2011-01-05 15:56:00,2011-01-05 15:56:00,155,1044.65,False,0
15192,1044.32,3,918,36,1,2010-12-09 14:56:00,2011-08-12 11:41:00,51,348.1066666666666,True,245
14389,1043.46,2,729,33,1,2011-06-02 12:04:00,2011-10-05 15:17:00,45,521.73,True,125
15073,1043.41,3,491,31,1,2011-06-06 09:59:00,2011-11-30 10:44:00,54,347.80333333333334,True,177
12497,1043.1,1,1236,14,1,2011-09-19 12:29:00,2011-09-19 12:29:00,14,1043.1,False,0
13719,1041.68,5,609,56,1,2011-04-19 13:56:00,2011-11-24 15:26:00,60,208.336,True,219
18221,1041.61,5,791,59,1,2011-05-12 14:13:00,2011-11-17 14:40:00,64,208.32199999999997,True,189
15434,1041.48,5,647,40,1,2011-05-23 14:18:00,2011-12-01 13:33:00,55,208.296,True,191
16320,1038.46,2,732,56,1,2011-05-10 15:31:00,2011-06-20 15:25:00,56,519.23,True,40
14465,1038.44,3,398,107,1,2011-02-10 12:13:00,2011-04-07 12:38:00,123,346.1466666666667,True,56
16175,1037.59,4,533,45,1,2011-04-13 14:38:00,2011-09-06 14:32:00,58,259.3975,True,145
17042,1036.58,5,990,74,1,2011-04-06 14:53:00,2011-12-07 12:26:00,97,207.31599999999997,True,244
12691,1035.8,6,394,21,1,2010-12-17 14:46:00,2011-11-11 16:49:00,32,172.63333333333333,True,329
16260,1035.45,1,311,18,1,2011-10-20 09:40:00,2011-10-20 09:40:00,18,1035.45,False,0
13639,1033.34,1,800,39,1,2011-09-26 13:36:00,2011-09-26 13:36:00,40,1033.34,False,0
14584,1033.06,4,381,68,1,2011-05-25 17:31:00,2011-06-23 18:33:00,98,258.265,True,29
17724,1033.0,3,300,38,1,2011-07-24 13:26:00,2011-09-29 15:26:00,40,344.3333333333333,True,67
12599,1032.58,7,956,32,1,2011-02-08 13:28:00,2011-11-10 13:34:00,62,147.51142857142855,True,275
15996,1032.58,6,380,103,1,2010-12-08 15:59:00,2011-09-12 15:14:00,127,172.09666666666666,True,277
12724,1031.41,4,445,47,1,2011-01-11 15:00:00,2011-12-04 16:02:00,53,257.8525,True,327
17405,1031.41,3,726,77,1,2011-07-12 14:17:00,2011-12-08 17:12:00,82,343.80333333333334,True,149
13235,1031.07,1,441,53,1,2011-05-11 17:13:00,2011-05-11 17:13:00,58,1031.07,False,0
12717,1030.98,2,506,49,1,2011-04-08 10:32:00,2011-07-11 14:47:00,55,515.49,True,94
13253,1030.4,2,1572,35,1,2011-01-04 15:43:00,2011-07-06 10:09:00,36,515.2,True,182
17033,1030.14,3,750,24,1,2010-12-15 13:21:00,2011-09-14 14:34:00,28,343.38000000000005,True,273
15333,1028.56,1,344,16,1,2011-05-15 13:27:00,2011-05-15 13:27:00,16,1028.56,False,0
16980,1028.46,2,739,71,1,2011-02-21 12:58:00,2011-03-29 16:36:00,81,514.23,True,36
16682,1028.0,5,1040,15,1,2011-06-05 11:02:00,2011-12-05 12:13:00,30,205.6,True,183
16160,1025.44,2,1162,20,1,2011-09-15 10:53:00,2011-10-05 14:19:00,20,512.72,True,20
14904,1025.44,2,1985,66,1,2011-11-14 09:13:00,2011-12-07 12:55:00,69,512.72,True,23
15658,1024.1000000000001,5,242,40,1,2010-12-02 10:53:00,2011-06-02 15:22:00,48,204.82000000000002,True,182
17096,1022.13,4,339,46,1,2011-03-23 12:05:00,2011-11-24 15:01:00,48,255.5325,True,246
14346,1021.58,2,605,55,1,2011-02-15 13:52:00,2011-08-11 09:47:00,60,510.79,True,176
13165,1021.48,2,1376,40,1,2010-12-23 14:06:00,2011-10-24 15:05:00,42,510.74,True,305
12572,1020.42,2,452,53,1,2011-10-19 08:20:00,2011-12-01 09:20:00,60,510.21,True,43
13376,1019.76,3,493,45,1,2011-04-19 13:03:00,2011-09-01 16:16:00,53,339.92,True,135
18142,1019.52,2,1276,9,1,2011-05-08 12:31:00,2011-07-05 13:19:00,15,509.76,True,58
13956,1019.27,5,486,123,1,2011-03-13 12:51:00,2011-12-04 13:20:00,147,203.85399999999998,True,266
12828,1018.71,6,494,46,1,2011-08-01 16:16:00,2011-12-07 08:45:00,56,169.785,True,127
12514,1017.68,1,440,51,1,2011-03-17 16:38:00,2011-03-17 16:38:00,51,1017.68,False,0
13728,1016.14,6,458,38,1,2011-02-02 12:09:00,2011-11-03 10:49:00,63,169.35666666666665,True,273
12642,1013.26,3,552,39,1,2011-08-24 09:23:00,2011-11-14 15:03:00,47,337.75333333333333,True,82
12739,1013.04,2,486,38,1,2011-09-01 17:45:00,2011-09-22 13:00:00,38,506.52,True,20
17197,1013.01,1,191,29,1,2011-11-10 10:32:00,2011-11-10 10:32:00,29,1013.01,False,0
14195,1012.0,2,760,7,1,2011-04-01 16:50:00,2011-05-22 10:29:00,7,506.0,True,50
14775,1011.9,3,1174,57,1,2010-12-02 16:38:00,2011-10-12 15:27:00,60,337.3,True,313
16229,1010.6,2,318,46,1,2011-05-11 10:18:00,2011-09-13 17:16:00,47,505.3,True,125
14446,1010.35,4,916,233,1,2011-04-07 12:10:00,2011-12-09 11:34:00,277,252.5875,True,245
12849,1010.29,2,597,47,1,2011-03-16 12:26:00,2011-11-08 13:41:00,48,505.145,True,237
13032,1010.18,2,375,55,1,2011-09-13 16:40:00,2011-10-18 15:54:00,71,505.09,True,34
14224,1009.73,4,483,105,1,2011-01-23 13:58:00,2011-08-21 13:24:00,113,252.4325,True,209
16572,1009.6,3,532,40,1,2011-03-09 12:04:00,2011-08-04 16:34:00,57,336.53333333333336,True,148
16174,1009.5500000000001,3,651,19,1,2011-07-11 09:23:00,2011-08-05 13:26:00,23,336.5166666666667,True,25
17951,1008.5400000000001,3,616,18,1,2010-12-01 12:40:00,2011-10-31 12:30:00,20,336.18,True,333
17646,1008.39,3,323,46,1,2010-12-09 14:28:00,2011-05-04 13:17:00,51,336.13,True,145
14631,1006.98,3,622,38,1,2011-02-14 09:31:00,2011-10-20 11:17:00,41,335.66,True,248
13429,1006.8,4,1390,55,1,2011-09-25 15:59:00,2011-11-29 09:10:00,67,251.7,True,64
13867,1005.09,3,501,51,1,2011-05-05 17:28:00,2011-11-08 15:48:00,60,335.03000000000003,True,186
14214,1004.38,5,751,64,1,2011-03-07 12:26:00,2011-11-09 10:31:00,67,200.876,True,246
13410,1003.06,5,518,15,1,2011-02-21 14:38:00,2011-11-15 15:33:00,28,200.612,True,267
14083,1002.9,9,705,162,1,2010-12-03 12:24:00,2011-12-05 13:14:00,177,111.43333333333334,True,367
12446,1002.3100000000001,1,351,57,1,2011-10-13 12:50:00,2011-10-13 12:50:00,57,1002.3100000000001,False,0
12545,1000.39,2,523,42,1,2011-03-25 12:04:00,2011-09-25 13:39:00,50,500.195,True,184
15508,1000.27,6,440,78,1,2011-04-18 15:31:00,2011-06-03 15:43:00,92,166.71166666666667,True,46
18143,1000.16,2,570,59,1,2011-07-21 10:44:00,2011-08-15 12:07:00,61,500.08,True,25
12722,997.63,4,566,50,1,2011-07-12 11:55:00,2011-09-15 14:50:00,53,249.4075,True,65
15110,996.1,4,246,17,1,2011-01-25 11:41:00,2011-11-16 11:16:00,35,249.025,True,294
15104,993.54,2,635,66,1,2011-03-02 14:16:00,2011-05-27 12:29:00,67,496.77,True,85
17594,993.18,2,550,42,1,2011-03-30 10:32:00,2011-09-15 16:34:00,50,496.59,True,169
13363,992.5,2,710,47,1,2011-10-27 10:46:00,2011-11-22 12:40:00,60,496.25,True,26
14223,991.13,3,585,50,1,2011-03-20 16:02:00,2011-09-08 13:38:00,60,330.37666666666667,True,171
16232,990.88,4,550,24,1,2011-05-08 14:05:00,2011-10-27 12:16:00,37,247.72,True,171
14514,990.2,3,564,65,1,2011-01-12 15:22:00,2011-10-09 16:05:00,69,330.06666666666666,True,270
17126,989.45,5,780,187,1,2010-12-12 11:26:00,2011-07-10 13:52:00,248,197.89000000000001,True,210
15062,987.86,4,763,47,1,2010-12-15 15:37:00,2011-09-29 16:51:00,57,246.965,True,288
18237,987.1,5,622,40,1,2011-07-28 13:05:00,2011-12-07 12:49:00,61,197.42000000000002,True,131
14583,986.96,5,751,243,1,2011-05-18 11:28:00,2011-12-04 12:32:00,302,197.392,True,200
17324,986.48,4,843,43,1,2010-12-08 12:45:00,2011-11-22 10:34:00,49,246.62,True,348
13117,984.91,8,945,66,1,2010-12-02 13:11:00,2011-11-18 12:02:00,76,123.11375,True,350
17144,984.57,2,483,42,1,2011-09-16 12:50:00,2011-12-08 17:57:00,48,492.285,True,83
12510,982.5699999999999,2,353,29,1,2011-01-18 14:04:00,2011-07-20 10:15:00,33,491.28499999999997,True,182
15133,982.42,3,680,27,1,2011-02-11 10:38:00,2011-08-04 10:44:00,29,327.4733333333333,True,174
15071,982.07,2,269,25,1,2011-03-09 10:19:00,2011-09-07 11:43:00,26,491.035,True,182
16188,981.86,4,782,65,1,2011-04-11 09:44:00,2011-10-26 12:19:00,67,245.465,True,198
16085,981.51,5,636,123,1,2011-01-23 12:07:00,2011-11-16 13:24:00,167,196.302,True,297
12541,981.18,3,680,46,1,2011-03-04 09:32:00,2011-11-10 10:40:00,52,327.06,True,251
18170,980.31,3,409,29,1,2011-05-06 15:13:00,2011-11-06 14:35:00,38,326.77,True,183
13509,979.72,7,1106,27,1,2011-02-28 13:27:00,2011-12-01 10:10:00,44,139.96,True,275
13350,979.12,2,287,36,1,2011-09-21 13:33:00,2011-11-23 16:33:00,40,489.56,True,63
15132,977.9300000000001,5,679,49,1,2011-03-22 12:02:00,2011-11-21 17:10:00,52,195.586,True,244
14920,977.77,2,509,57,1,2011-05-11 10:31:00,2011-05-11 10:32:00,57,488.885,True,0
13026,975.36,5,1620,32,1,2011-03-09 11:35:00,2011-12-08 16:58:00,40,195.072,True,274
16376,974.96,2,691,104,1,2011-11-22 16:47:00,2011-12-01 11:38:00,122,487.48,True,8
14522,974.54,4,525,15,1,2011-05-25 16:01:00,2011-11-15 13:24:00,17,243.635,True,173
15449,974.52,3,812,47,1,2011-03-23 10:43:00,2011-11-13 15:02:00,60,324.84,True,235
12994,974.4200000000001,3,459,52,1,2011-03-16 08:31:00,2011-12-05 15:43:00,61,324.8066666666667,True,264
18194,973.8399999999999,1,632,7,1,2011-09-18 13:29:00,2011-09-18 13:29:00,7,973.8399999999999,False,0
16009,972.11,4,366,68,1,2011-07-03 11:26:00,2011-11-17 16:51:00,82,243.0275,True,137
15506,972.08,3,842,121,1,2011-07-24 11:45:00,2011-11-17 12:11:00,161,324.0266666666667,True,116
13155,971.76,4,497,67,1,2010-12-06 12:44:00,2011-11-06 15:41:00,85,242.94,True,335
17100,971.74,2,800,65,1,2011-11-21 16:36:00,2011-11-21 16:36:00,65,485.87,True,0
14256,969.0600000000001,2,414,51,1,2010-12-10 11:44:00,2011-03-24 13:17:00,53,484.53000000000003,True,104
14138,965.8800000000001,2,600,40,1,2011-10-07 09:38:00,2011-12-08 12:44:00,46,482.94000000000005,True,62
15793,965.61,3,553,6,1,2011-03-16 10:45:00,2011-11-25 09:31:00,12,321.87,True,253
15860,965.16,8,437,105,1,2010-12-06 11:38:00,2011-10-30 11:25:00,139,120.645,True,327
12550,964.83,1,569,57,1,2011-09-21 14:35:00,2011-09-21 14:35:00,57,964.83,False,0
13138,962.39,6,473,31,1,2010-12-02 15:03:00,2011-11-17 16:51:00,63,160.39833333333334,True,350
14006,962.19,3,641,22,1,2011-01-31 15:11:00,2011-08-16 09:39:00,30,320.73,True,196
15156,961.49,3,597,51,1,2011-11-06 12:41:00,2011-12-08 18:22:00,55,320.49666666666667,True,32
16419,958.71,6,428,36,1,2011-02-01 12:25:00,2011-08-19 12:33:00,50,159.785,True,199
18192,957.97,1,339,45,1,2011-09-29 09:53:00,2011-09-29 09:53:00,45,957.97,False,0
13823,957.66,2,439,39,1,2011-09-09 10:42:00,2011-11-21 10:22:00,40,478.83,True,72
12697,957.59,3,508,37,1,2011-06-23 15:44:00,2011-11-11 08:47:00,41,319.19666666666666,True,140
14629,955.26,2,378,133,1,2011-10-23 16:13:00,2011-12-05 16:55:00,150,477.63,True,43
15948,955.24,2,567,51,1,2011-10-27 08:35:00,2011-12-01 15:32:00,60,477.62,True,35
17244,954.9,1,616,31,1,2011-10-17 15:19:00,2011-10-17 15:19:00,31,954.9,False,0
17097,954.42,8,459,153,1,2010-12-09 14:55:00,2011-12-07 17:05:00,211,119.3025,True,363
15835,954.09,4,439,47,1,2011-01-13 10:35:00,2011-10-26 15:47:00,50,238.5225,True,286
14540,952.66,3,411,64,1,2011-02-03 15:02:00,2011-11-30 10:15:00,71,317.55333333333334,True,299
15421,950.36,4,500,40,1,2011-02-02 14:36:00,2011-10-12 09:20:00,53,237.59,True,251
13636,949.12,5,592,57,1,2011-02-27 14:29:00,2011-11-03 10:30:00,63,189.824,True,248
12822,948.88,2,550,41,1,2011-09-13 13:46:00,2011-09-30 10:04:00,46,474.44,True,16
17044,948.48,1,504,6,1,2011-11-14 14:28:00,2011-11-14 14:28:00,6,948.48,False,0
13748,948.25,5,439,24,1,2010-12-01 09:00:00,2011-09-05 09:45:00,28,189.65,True,278
12458,947.4,2,506,35,1,2011-02-28 10:55:00,2011-09-29 15:25:00,38,473.7,True,213
15747,946.64,3,466,52,1,2011-06-20 11:30:00,2011-11-27 12:26:00,90,315.5466666666667,True,160
13261,944.1,2,210,8,1,2011-02-27 10:41:00,2011-03-16 12:22:00,9,472.05,True,17
12820,942.34,4,722,55,1,2011-01-17 12:34:00,2011-12-06 15:12:00,59,235.585,True,323
14075,942.26,3,754,33,1,2011-03-23 16:35:00,2011-12-05 08:38:00,43,314.08666666666664,True,256
15289,939.78,3,1008,43,1,2011-04-04 12:44:00,2011-11-10 13:49:00,58,313.26,True,220
17527,939.37,4,488,45,1,2011-05-05 13:43:00,2011-10-17 12:32:00,47,234.8425,True,164
17227,939.32,6,741,28,1,2010-12-06 11:16:00,2011-11-21 10:51:00,47,156.55333333333334,True,349
16584,936.08,2,646,25,1,2011-03-30 13:14:00,2011-09-20 13:45:00,28,468.04,True,174
14140,935.05,2,811,60,1,2011-11-08 11:20:00,2011-12-06 09:05:00,66,467.525,True,27
16027,934.62,6,1147,11,1,2011-02-10 12:19:00,2011-09-09 10:47:00,16,155.77,True,210
12924,933.7,4,481,22,1,2011-01-16 11:49:00,2011-09-12 13:55:00,30,233.425,True,239
15787,933.26,3,534,156,1,2011-10-09 13:11:00,2011-11-13 14:55:00,200,311.08666666666664,True,35
13655,932.97,2,605,52,1,2011-04-12 09:53:00,2011-08-17 14:25:00,56,466.485,True,127
14532,932.85,4,284,45,1,2010-12-22 13:48:00,2011-04-17 13:05:00,64,233.2125,True,115
18133,931.4999999999999,1,1350,1,1,2011-05-11 14:14:00,2011-05-11 14:14:00,1,931.4999999999999,False,0
16934,931.03,2,397,59,1,2011-10-16 12:25:00,2011-10-16 12:40:00,61,465.515,True,0
17289,931.02,3,513,86,1,2011-06-12 13:51:00,2011-11-08 12:01:00,104,310.34,True,148
17552,930.41,4,719,43,1,2010-12-02 18:45:00,2011-10-10 17:00:00,49,232.6025,True,311
17618,930.28,3,319,56,1,2010-12-12 16:05:00,2011-12-04 11:50:00,67,310.0933333333333,True,356
16907,928.76,5,286,89,1,2010-12-09 16:52:00,2011-11-10 18:04:00,140,185.752,True,336
14475,925.85,3,447,35,1,2011-02-08 10:12:00,2011-09-29 10:46:00,42,308.6166666666667,True,233
14231,925.71,3,409,47,1,2011-02-24 11:55:00,2011-06-09 11:05:00,50,308.57,True,104
17048,925.35,3,485,41,1,2011-01-12 16:51:00,2011-08-14 11:49:00,43,308.45,True,213
15312,924.85,4,516,42,1,2010-12-20 12:51:00,2011-09-25 13:10:00,47,231.2125,True,279
13805,924.6,2,1900,10,1,2011-08-02 15:29:00,2011-10-18 14:50:00,13,462.3,True,76
15654,922.53,2,475,15,1,2011-11-13 15:15:00,2011-11-30 13:08:00,21,461.265,True,16
13122,922.39,2,585,54,1,2011-04-13 14:12:00,2011-09-06 15:53:00,55,461.195,True,146
16551,922.12,3,970,26,1,2011-01-07 10:24:00,2011-09-05 09:38:00,32,307.37333333333333,True,240
13934,922.1,1,390,31,1,2011-03-21 08:39:00,2011-03-21 08:39:00,31,922.1,False,0
13035,921.88,2,644,23,1,2011-03-24 09:21:00,2011-09-27 08:57:00,27,460.94,True,186
14081,921.62,2,592,126,1,2010-12-05 15:47:00,2011-02-10 16:17:00,150,460.81,True,67
15576,921.37,1,394,43,1,2011-11-02 12:03:00,2011-11-02 12:03:00,43,921.37,False,0
13984,920.51,5,679,14,1,2010-12-08 15:58:00,2011-11-13 12:38:00,16,184.102,True,339
17018,920.1,2,176,15,1,2011-01-18 08:46:00,2011-10-30 11:42:00,16,460.05,True,285
12652,919.98,1,505,48,1,2011-01-12 15:00:00,2011-01-12 15:00:00,48,919.98,False,0
13075,919.61,1,485,22,1,2011-08-02 10:19:00,2011-08-02 10:19:00,22,919.61,False,0
16511,918.33,3,405,135,1,2011-03-18 11:24:00,2011-11-18 10:41:00,159,306.11,True,244
13549,918.2,7,458,37,1,2011-04-11 13:42:00,2011-11-14 09:20:00,51,131.17142857142858,True,216
15253,918.1999999999999,5,866,52,1,2011-06-23 12:19:00,2011-11-23 16:22:00,53,183.64,True,153
14015,917.34,1,378,20,1,2011-10-18 10:02:00,2011-10-18 10:02:00,20,917.34,False,0
14712,917.07,3,315,21,1,2011-08-19 13:33:00,2011-11-10 12:59:00,25,305.69,True,82
15707,916.98,4,594,126,1,2011-09-14 14:19:00,2011-11-04 14:35:00,205,229.245,True,51
17236,916.13,6,474,88,1,2010-12-12 11:49:00,2011-11-27 12:00:00,105,152.68833333333333,True,350
14141,915.13,4,355,27,1,2011-08-26 14:40:00,2011-12-07 09:53:00,40,228.7825,True,102
16216,914.9300000000001,1,254,37,1,2011-03-17 15:34:00,2011-03-17 15:34:00,37,914.9300000000001,False,0
16809,914.69,5,652,79,1,2011-03-22 15:20:00,2011-11-16 15:45:00,149,182.93800000000002,True,239
15587,913.6800000000001,4,312,3,1,2010-12-23 09:59:00,2011-10-20 13:37:00,9,228.42000000000002,True,301
15364,913.19,2,493,29,1,2011-03-30 13:39:00,2011-09-05 09:46:00,29,456.595,True,158
14359,912.18,3,371,44,1,2011-09-13 09:03:00,2011-11-20 13:17:00,55,304.06,True,68
13192,911.94,2,595,57,1,2011-05-18 14:57:00,2011-09-05 14:13:00,63,455.97,True,109
14289,911.26,6,292,33,1,2011-02-23 12:33:00,2011-12-01 11:44:00,47,151.87666666666667,True,280
13689,910.0,1,512,6,1,2011-10-07 13:21:00,2011-10-07 13:21:00,6,910.0,False,0
13782,908.86,6,369,96,1,2011-01-16 11:08:00,2011-11-27 11:54:00,113,151.47666666666666,True,315
13038,908.46,3,360,24,1,2011-02-22 11:43:00,2011-09-20 14:37:00,28,302.82,True,210
17323,906.52,7,760,125,1,2011-02-20 14:38:00,2011-11-24 17:29:00,195,129.50285714285715,True,277
15480,905.5,1,303,45,1,2011-08-15 14:32:00,2011-08-15 14:32:00,45,905.5,False,0
15807,903.9,3,430,48,1,2011-09-23 14:43:00,2011-10-20 14:10:00,48,301.3,True,26
16716,901.2,2,120,1,1,2011-02-01 15:35:00,2011-03-18 10:03:00,2,450.6,True,44
17848,901.1999999999999,9,398,41,1,2010-12-16 18:38:00,2011-09-19 16:49:00,51,100.13333333333333,True,276
15511,900.53,5,269,117,1,2011-09-15 15:05:00,2011-11-28 09:43:00,158,180.106,True,73
12940,899.69,2,404,87,1,2011-09-13 10:16:00,2011-10-16 12:09:00,96,449.845,True,33
14625,899.63,2,335,51,1,2010-12-13 15:36:00,2011-05-27 15:32:00,53,449.815,True,164
15079,895.61,4,389,46,1,2010-12-09 09:25:00,2011-05-11 12:45:00,47,223.9025,True,153
15865,895.13,3,368,37,1,2011-05-10 11:44:00,2011-10-30 12:43:00,40,298.37666666666667,True,173
15211,894.4100000000001,2,240,52,1,2010-12-09 16:08:00,2011-10-10 13:31:00,52,447.20500000000004,True,304
15066,893.59,1,317,42,1,2011-10-17 13:25:00,2011-10-17 13:25:00,42,893.59,False,0
12772,892.47,1,556,55,1,2011-10-11 09:19:00,2011-10-11 09:19:00,55,892.47,False,0
16361,891.21,4,418,87,1,2011-09-29 13:13:00,2011-11-30 12:32:00,104,222.8025,True,61
13515,891.12,4,681,50,1,2011-04-06 10:33:00,2011-09-28 11:26:00,59,222.78,True,175
15255,890.85,1,489,47,1,2011-10-04 12:43:00,2011-10-04 12:43:00,47,890.85,False,0
14240,890.34,2,418,37,1,2011-04-28 11:40:00,2011-11-09 13:45:00,42,445.17,True,195
17007,889.9300000000001,6,597,50,1,2010-12-17 13:57:00,2011-10-20 10:47:00,52,148.3216666666667,True,306
14344,889.9300000000001,8,477,56,1,2010-12-06 11:58:00,2011-08-04 13:51:00,71,111.24125000000001,True,241
17829,889.24,1,496,30,1,2011-02-14 12:46:00,2011-02-14 12:46:00,30,889.24,False,0
17537,887.67,2,699,74,1,2011-02-09 13:37:00,2011-11-10 10:56:00,74,443.835,True,273
16900,887.11,3,833,78,1,2011-10-07 13:17:00,2011-11-23 10:32:00,79,295.7033333333333,True,46
14623,886.7,5,418,108,1,2011-04-18 13:54:00,2011-11-07 13:56:00,133,177.34,True,203
14449,885.8,4,741,201,1,2010-12-02 14:09:00,2011-11-21 12:06:00,250,221.45,True,353
15822,885.47,2,375,28,1,2010-12-15 13:38:00,2011-12-06 14:50:00,33,442.735,True,356
17704,885.19,2,343,27,1,2011-04-14 09:28:00,2011-06-24 09:40:00,31,442.595,True,71
15799,884.14,3,955,94,1,2011-01-09 15:13:00,2011-09-25 12:46:00,98,294.7133333333333,True,258
15907,882.72,3,478,175,1,2011-05-13 13:01:00,2011-12-06 12:21:00,226,294.24,True,206
18236,882.24,6,403,42,1,2011-04-13 09:52:00,2011-11-10 08:06:00,49,147.04,True,210
17109,881.29,6,588,107,1,2011-04-21 15:46:00,2011-11-10 16:59:00,116,146.88166666666666,True,203
13662,881.26,3,533,50,1,2011-03-25 13:23:00,2011-09-15 12:04:00,52,293.75333333333333,True,173
13037,881.07,3,431,44,1,2011-03-28 15:42:00,2011-07-24 15:46:00,48,293.69,True,118
15076,880.85,1,571,49,1,2011-06-20 08:23:00,2011-06-20 08:23:00,49,880.85,False,0
17027,877.5600000000001,6,416,110,1,2011-01-26 14:19:00,2011-09-22 12:24:00,148,146.26000000000002,True,238
15653,877.4399999999999,2,1200,4,1,2011-08-16 09:50:00,2011-09-08 10:49:00,6,438.71999999999997,True,23
14770,876.42,2,490,49,1,2011-01-20 15:00:00,2011-04-21 14:21:00,52,438.21,True,90
15100,876.0,3,80,1,1,2010-12-01 09:09:00,2011-01-10 10:35:00,3,292.0,True,40
16513,874.59,4,407,33,1,2011-10-27 14:56:00,2011-12-05 10:18:00,35,218.6475,True,38
16657,874.43,4,1130,158,1,2011-03-30 12:02:00,2011-11-30 11:48:00,192,218.6075,True,244
13294,873.74,2,453,48,1,2011-04-04 12:37:00,2011-06-03 08:54:00,54,436.87,True,59
15208,870.12,5,316,25,1,2010-12-21 13:03:00,2011-12-08 17:24:00,42,174.024,True,352
13200,870.09,4,516,42,1,2011-08-05 14:50:00,2011-11-20 15:35:00,46,217.5225,True,107
13979,869.87,1,639,54,1,2011-09-27 13:32:00,2011-09-27 13:32:00,54,869.87,False,0
17566,869.77,2,497,113,1,2011-11-14 13:42:00,2011-12-01 19:54:00,142,434.885,True,17
12694,869.67,2,509,32,1,2011-06-09 17:48:00,2011-09-30 13:06:00,37,434.835,True,112
13203,869.46,4,800,56,1,2011-04-11 14:40:00,2011-11-30 10:45:00,57,217.365,True,232
17886,869.28,3,469,93,1,2011-04-04 12:34:00,2011-11-08 10:09:00,102,289.76,True,217
17649,868.49,1,399,52,1,2011-07-24 15:53:00,2011-07-24 15:53:00,52,868.49,False,0
14912,867.85,2,971,21,1,2011-04-07 11:06:00,2011-11-23 09:20:00,27,433.925,True,229
14715,867.38,4,521,60,1,2011-01-12 13:27:00,2011-11-15 12:10:00,71,216.845,True,306
16235,867.31,5,330,42,1,2011-01-11 15:42:00,2011-10-30 10:56:00,46,173.462,True,291
14597,866.24,2,566,45,1,2011-06-01 12:33:00,2011-11-28 13:13:00,47,433.12,True,180
16567,865.6,2,996,34,1,2011-01-07 09:31:00,2011-05-29 13:57:00,35,432.8,True,142
13846,865.0600000000001,3,388,55,1,2010-12-14 16:07:00,2011-11-15 12:07:00,55,288.35333333333335,True,335
12680,862.81,4,443,33,1,2011-08-18 15:44:00,2011-12-09 12:50:00,52,215.7025,True,112
16266,861.89,7,398,44,1,2011-05-17 14:50:00,2011-09-27 12:08:00,61,123.12714285714286,True,132
16221,860.86,3,714,90,1,2010-12-07 13:13:00,2011-11-03 11:43:00,95,286.9533333333333,True,330
12794,860.41,2,592,43,1,2011-09-02 12:01:00,2011-10-17 14:54:00,45,430.205,True,45
13339,860.12,1,326,54,1,2011-05-23 08:31:00,2011-05-23 08:31:00,54,860.12,False,0
14577,859.71,4,353,86,1,2010-12-12 11:26:00,2011-11-27 12:47:00,123,214.9275,True,350
14553,859.27,5,493,103,1,2011-01-04 15:40:00,2011-11-20 13:20:00,113,171.85399999999998,True,319
13566,856.84,2,567,134,1,2011-09-18 12:40:00,2011-10-30 11:59:00,169,428.42,True,41
16163,856.6,2,192,5,1,2010-12-09 16:28:00,2011-04-21 15:15:00,6,428.3,True,132
12693,855.91,4,255,35,1,2011-01-24 12:58:00,2011-08-04 17:51:00,39,213.9775,True,192
17064,855.45,3,316,53,1,2011-01-16 16:10:00,2011-10-12 10:18:00,61,285.15000000000003,True,268
16037,855.02,3,428,37,1,2010-12-16 10:18:00,2011-03-15 09:13:00,39,285.00666666666666,True,88
12878,854.99,2,547,38,1,2011-03-18 14:02:00,2011-04-17 13:07:00,47,427.495,True,29
17560,854.95,4,635,22,1,2011-02-02 11:14:00,2011-09-06 09:18:00,26,213.7375,True,215
16121,854.66,2,576,170,1,2011-05-08 11:52:00,2011-10-13 12:59:00,204,427.33,True,158
14193,853.39,2,445,35,1,2011-03-15 11:38:00,2011-10-03 09:34:00,42,426.695,True,201
13991,852.88,6,995,58,1,2011-07-19 12:58:00,2011-11-27 16:18:00,82,142.14666666666668,True,131
15022,852.39,4,527,96,1,2011-10-23 15:47:00,2011-11-28 12:35:00,121,213.0975,True,35
12379,852.24,2,407,39,1,2011-06-22 16:32:00,2011-09-19 10:09:00,40,426.12,True,88
16070,852.15,2,457,32,1,2011-11-07 16:36:00,2011-11-17 15:50:00,33,426.075,True,9
16020,851.01,3,487,42,1,2011-10-05 13:54:00,2011-11-23 11:18:00,46,283.67,True,48
18096,849.06,3,788,157,1,2011-10-07 11:55:00,2011-11-28 12:44:00,196,283.02,True,52
12713,848.55,1,508,38,1,2011-12-09 12:16:00,2011-12-09 12:16:00,38,848.55,False,0
14657,848.22,4,466,103,1,2011-01-17 15:19:00,2011-11-22 12:47:00,126,212.055,True,308
16347,847.45,2,341,61,1,2011-11-03 13:01:00,2011-11-28 13:14:00,85,423.725,True,25
13221,847.41,2,244,62,1,2010-12-15 13:24:00,2011-04-13 16:58:00,66,423.705,True,119
16877,846.62,6,458,111,1,2011-05-15 16:13:00,2011-11-27 13:47:00,156,141.10333333333332,True,195
14803,845.55,3,370,35,1,2011-02-20 13:21:00,2011-06-30 13:58:00,44,281.84999999999997,True,130
12847,843.64,1,873,72,1,2011-11-17 13:16:00,2011-11-17 13:16:00,84,843.64,False,0
17624,843.48,2,554,49,1,2011-05-05 17:59:00,2011-11-25 10:52:00,50,421.74,True,203
17929,843.0,4,108,4,1,2011-02-04 11:40:00,2011-11-28 16:01:00,5,210.75,True,297
13929,842.65,2,143,8,1,2011-01-17 15:11:00,2011-06-23 15:26:00,9,421.325,True,157
16108,842.5,1,615,48,1,2011-09-16 11:48:00,2011-09-16 11:48:00,48,842.5,False,0
16560,841.41,2,500,52,1,2010-12-16 14:36:00,2011-11-13 10:35:00,56,420.705,True,331
14862,841.1999999999999,2,772,47,1,2011-07-14 11:20:00,2011-11-14 10:01:00,48,420.59999999999997,True,122
17076,841.0799999999999,3,295,17,1,2010-12-10 10:08:00,2011-11-03 17:53:00,25,280.35999999999996,True,328
14332,840.21,3,463,22,1,2011-07-15 10:33:00,2011-11-17 11:54:00,25,280.07,True,125
13940,839.14,4,516,39,1,2011-07-18 16:05:00,2011-11-22 15:15:00,49,209.785,True,126
17115,837.5,3,372,33,1,2011-04-20 14:46:00,2011-12-01 14:30:00,39,279.1666666666667,True,224
16554,837.1,3,402,51,1,2011-01-12 12:41:00,2011-10-28 14:51:00,52,279.03333333333336,True,289
15832,836.79,1,465,54,1,2011-03-30 15:29:00,2011-03-30 15:29:00,54,836.79,False,0
12728,836.33,4,419,38,1,2011-01-11 13:31:00,2011-09-29 15:31:00,46,209.0825,True,261
16747,836.06,2,583,34,1,2011-10-03 10:18:00,2011-11-02 11:37:00,42,418.03,True,30
17169,835.78,2,526,51,1,2011-06-09 13:16:00,2011-10-13 10:25:00,54,417.89,True,125
13835,834.57,4,442,48,1,2011-05-08 15:22:00,2011-11-14 15:37:00,55,208.6425,True,190
17075,834.12,4,292,62,1,2011-01-26 13:20:00,2011-11-22 11:58:00,77,208.53,True,299
16644,833.78,2,826,62,1,2011-05-11 12:53:00,2011-06-15 12:39:00,62,416.89,True,34
15862,832.88,4,585,142,1,2010-12-01 11:21:00,2011-12-01 13:28:00,147,208.22,True,365
14644,830.76,2,258,26,1,2011-02-14 14:14:00,2011-10-03 08:30:00,26,415.38,True,230
16924,829.89,3,467,69,1,2011-09-16 12:54:00,2011-11-18 12:53:00,81,276.63,True,62
13681,827.83,4,360,37,1,2011-07-07 15:21:00,2011-11-22 11:13:00,57,206.9575,True,137
12461,826.88,2,287,35,1,2011-07-08 10:23:00,2011-09-06 16:57:00,35,413.44,True,60
12781,826.74,2,671,25,1,2011-02-28 08:43:00,2011-10-07 10:37:00,25,413.37,True,221
16494,826.53,1,675,47,1,2011-02-16 12:49:00,2011-02-16 12:49:00,50,826.53,False,0
12427,825.8,3,533,26,1,2010-12-03 10:44:00,2011-11-18 08:56:00,31,275.26666666666665,True,349
15164,824.58,3,351,79,1,2011-01-04 14:21:00,2011-10-02 12:05:00,101,274.86,True,270
16164,822.48,3,433,27,1,2011-10-28 09:12:00,2011-11-22 15:04:00,34,274.16,True,25
12778,822.23,6,825,40,1,2011-01-31 14:35:00,2011-11-20 11:30:00,50,137.03833333333333,True,292
13893,821.1,1,190,21,1,2011-02-15 11:30:00,2011-02-15 11:30:00,21,821.1,False,0
17921,820.23,4,425,114,1,2011-03-18 13:19:00,2011-10-06 18:56:00,142,205.0575,True,202
17759,819.96,3,697,82,1,2011-06-23 13:35:00,2011-11-22 16:02:00,90,273.32,True,152
13220,819.2900000000001,4,196,18,1,2011-04-17 10:59:00,2011-09-22 13:38:00,21,204.82250000000002,True,158
16092,817.86,3,628,37,1,2011-03-30 15:38:00,2011-08-17 10:46:00,51,272.62,True,139
16869,817.12,4,583,113,1,2011-06-17 13:01:00,2011-11-17 12:02:00,127,204.28,True,152
16943,816.73,3,145,23,1,2011-01-25 14:00:00,2011-05-12 11:57:00,33,272.24333333333334,True,106
15649,816.0,2,192,1,1,2010-12-07 10:06:00,2011-01-07 13:34:00,2,408.0,True,31
15399,815.77,3,611,45,1,2011-09-21 15:57:00,2011-12-08 13:04:00,50,271.92333333333335,True,77
13811,814.5,3,68,7,1,2011-04-14 18:40:00,2011-06-09 09:54:00,13,271.5,True,55
18064,814.0,2,384,7,1,2011-04-18 15:08:00,2011-07-29 16:39:00,7,407.0,True,102
16600,813.52,6,1145,50,1,2011-01-05 12:13:00,2011-12-05 16:00:00,62,135.58666666666667,True,334
16621,813.48,4,302,22,1,2011-03-07 11:32:00,2011-10-19 11:38:00,29,203.37,True,226
14421,813.11,2,365,25,1,2011-05-12 10:49:00,2011-10-13 13:24:00,27,406.555,True,154
16284,812.68,2,535,87,1,2011-10-20 13:54:00,2011-11-08 16:12:00,103,406.34,True,19
17980,811.45,3,682,23,1,2010-12-15 15:50:00,2011-06-27 12:01:00,30,270.48333333333335,True,193
16460,811.23,3,876,128,1,2011-09-19 10:15:00,2011-11-11 13:46:00,132,270.41,True,53
16276,810.6000000000001,1,420,6,1,2011-06-16 09:34:00,2011-06-16 09:34:00,6,810.6000000000001,False,0
16624,810.5699999999999,2,488,44,1,2011-05-26 14:20:00,2011-09-20 12:39:00,48,405.28499999999997,True,116
15965,808.87,4,434,88,1,2010-12-07 13:18:00,2011-11-22 16:44:00,111,202.2175,True,350
14499,808.44,3,496,146,1,2011-03-06 11:55:00,2011-11-13 13:01:00,190,269.48,True,252
15533,807.57,3,289,73,1,2011-09-11 15:41:00,2011-11-20 15:35:00,83,269.19,True,69
12421,807.04,4,484,32,1,2011-01-24 15:09:00,2011-11-24 09:07:00,45,201.76,True,303
13707,806.41,2,351,48,1,2011-01-28 13:27:00,2011-03-17 18:03:00,48,403.205,True,48
12434,806.14,2,394,46,1,2011-03-24 13:05:00,2011-09-16 12:38:00,50,403.07,True,175
13637,804.3,3,405,79,1,2011-04-27 13:06:00,2011-10-18 13:32:00,99,268.09999999999997,True,174
18248,804.02,2,511,39,1,2011-06-06 13:18:00,2011-08-09 10:19:00,47,402.01,True,63
12422,803.5600000000001,3,370,39,2,2011-01-19 09:13:00,2011-09-05 09:48:00,39,267.85333333333335,True,229
15644,803.54,4,550,166,1,2011-03-23 15:37:00,2011-06-26 14:54:00,232,200.885,True,94
18265,801.51,2,311,44,1,2011-07-04 15:26:00,2011-09-28 14:10:00,46,400.755,True,85
17114,801.12,8,215,85,1,2011-01-09 11:39:00,2011-12-04 12:17:00,123,100.14,True,329
16367,800.67,2,643,123,1,2010-12-12 12:01:00,2011-11-02 13:13:00,127,400.335,True,325
15561,800.59,4,267,27,1,2011-05-08 11:38:00,2011-11-28 11:07:00,27,200.1475,True,203
13720,799.9,4,501,42,1,2011-03-30 09:17:00,2011-08-15 12:46:00,43,199.975,True,138
17905,798.99,4,406,33,1,2010-12-01 13:21:00,2011-09-29 17:33:00,33,199.7475,True,302
17703,798.74,3,590,47,1,2011-07-24 13:30:00,2011-11-04 15:51:00,55,266.24666666666667,True,103
13280,798.46,3,518,67,1,2011-01-06 17:10:00,2011-08-09 13:14:00,82,266.15333333333336,True,214
16438,798.35,5,463,74,1,2011-09-18 13:31:00,2011-12-04 10:51:00,132,159.67000000000002,True,76
13389,797.96,3,429,50,1,2011-04-21 12:12:00,2011-11-28 14:01:00,51,265.9866666666667,True,221
12701,797.71,2,678,50,1,2011-04-11 13:02:00,2011-09-21 10:47:00,53,398.855,True,162
13336,795.12,1,559,51,1,2011-09-23 14:05:00,2011-09-23 14:05:00,51,795.12,False,0
15831,794.64,3,1092,63,1,2011-01-19 14:52:00,2011-10-12 13:14:00,66,264.88,True,265
15990,792.11,2,443,52,1,2011-02-25 15:35:00,2011-10-26 15:58:00,52,396.055,True,243
13167,791.33,4,785,51,1,2011-07-19 12:13:00,2011-11-21 12:24:00,65,197.8325,True,125
14976,790.86,7,234,47,1,2011-01-17 11:09:00,2011-10-13 16:37:00,72,112.98,True,269
13016,789.89,3,527,39,1,2011-08-08 15:00:00,2011-09-27 14:08:00,47,263.2966666666667,True,49
16759,789.79,3,609,40,1,2011-11-09 09:06:00,2011-12-02 12:42:00,42,263.2633333333333,True,23
13329,789.0,2,463,16,1,2010-12-08 10:11:00,2011-11-08 10:29:00,17,394.5,True,335
14557,788.38,1,510,16,1,2011-09-15 15:48:00,2011-09-15 15:48:00,16,788.38,False,0
13323,787.85,5,175,6,1,2011-09-16 13:23:00,2011-12-06 17:12:00,21,157.57,True,81
13884,787.6,5,300,45,1,2011-03-01 13:40:00,2011-12-02 16:30:00,59,157.52,True,276
16546,787.15,2,549,25,1,2010-12-02 12:07:00,2011-02-22 11:20:00,25,393.575,True,81
13212,786.83,3,309,128,1,2011-10-09 14:48:00,2011-11-20 12:40:00,141,262.2766666666667,True,41
13109,786.54,2,520,41,1,2011-07-05 14:56:00,2011-10-11 10:16:00,47,393.27,True,97
12628,786.46,3,448,34,1,2011-10-06 09:28:00,2011-12-05 13:15:00,41,262.15333333333336,True,60
15806,784.58,3,602,24,1,2011-03-08 09:24:00,2011-10-24 14:35:00,31,261.5266666666667,True,230
18136,784.33,3,379,34,1,2011-01-24 12:08:00,2011-10-07 15:40:00,38,261.4433333333333,True,256
17180,783.97,4,670,91,1,2011-01-27 18:05:00,2011-10-14 15:46:00,125,195.9925,True,259
16054,783.9,1,380,70,1,2011-07-17 13:08:00,2011-07-17 13:08:00,70,783.9,False,0
15952,781.91,4,391,65,1,2011-04-28 12:55:00,2011-11-06 11:18:00,84,195.4775,True,191
17006,781.78,4,272,37,1,2011-09-25 12:15:00,2011-12-05 12:09:00,44,195.445,True,70
15679,781.28,4,1170,98,1,2011-06-10 08:24:00,2011-11-15 16:19:00,110,195.32,True,158
13583,781.03,1,725,53,1,2011-07-07 10:40:00,2011-07-07 10:40:00,53,781.03,False,0
15239,780.59,2,594,48,1,2011-09-22 09:53:00,2011-11-29 14:14:00,49,390.295,True,68
17797,780.43,3,498,102,1,2011-06-10 11:29:00,2011-11-17 13:21:00,111,260.1433333333333,True,160
18228,779.9,2,238,23,1,2011-09-21 10:48:00,2011-10-14 09:21:00,30,389.95,True,22
12735,779.5699999999999,2,368,38,1,2011-01-06 14:26:00,2011-01-28 13:37:00,43,389.78499999999997,True,21
17411,778.94,3,306,39,1,2011-03-23 13:44:00,2011-11-27 14:25:00,41,259.6466666666667,True,249
13375,778.65,1,442,37,1,2011-09-12 10:19:00,2011-09-12 10:19:00,37,778.65,False,0
14815,778.5,2,744,53,1,2011-10-03 11:36:00,2011-11-03 11:36:00,53,389.25,True,31
17414,778.0,2,2100,5,1,2011-06-08 11:43:00,2011-10-27 12:13:00,6,389.0,True,141
16505,777.6,1,576,4,1,2011-11-08 12:14:00,2011-11-08 12:14:00,4,777.6,False,0
13563,777.53,2,209,49,1,2011-07-22 17:21:00,2011-09-16 14:45:00,49,388.765,True,55
12425,777.2,1,496,36,1,2011-09-22 17:31:00,2011-09-22 17:31:00,36,777.2,False,0
15618,776.851,4,454,39,1,2011-07-26 10:13:00,2011-11-07 08:34:00,45,194.21275,True,103
15743,775.96,4,214,59,1,2011-06-08 10:14:00,2011-11-23 17:19:00,86,193.99,True,168
13314,775.94,3,560,55,1,2011-09-27 10:20:00,2011-12-08 12:29:00,62,258.6466666666667,True,72
13341,775.85,1,301,42,1,2011-03-24 09:50:00,2011-03-24 09:50:00,42,775.85,False,0
16825,775.1800000000001,2,566,27,1,2011-06-07 09:44:00,2011-11-01 11:51:00,28,387.59000000000003,True,147
15414,774.9000000000001,3,443,37,1,2011-04-11 13:45:00,2011-11-30 09:50:00,39,258.3,True,232
16043,773.99,4,503,30,1,2011-01-26 11:14:00,2011-11-02 12:50:00,39,193.4975,True,280
16222,773.5500000000001,1,325,120,1,2011-01-25 13:38:00,2011-01-25 13:38:00,122,773.5500000000001,False,0
15075,773.03,1,447,27,1,2011-09-23 12:27:00,2011-09-23 12:27:00,27,773.03,False,0
17764,772.55,2,351,71,1,2011-05-12 16:11:00,2011-10-20 11:03:00,71,386.275,True,160
17409,771.85,2,105,13,1,2011-04-05 16:42:00,2011-06-08 10:36:00,13,385.925,True,63
15353,770.12,2,341,59,1,2010-12-07 11:49:00,2011-03-30 12:15:00,61,385.06,True,113
14412,770.03,2,786,43,1,2011-09-28 08:48:00,2011-10-28 10:45:00,43,385.015,True,30
12965,769.8100000000001,1,282,108,1,2011-09-11 15:31:00,2011-09-11 15:31:00,108,769.8100000000001,False,0
16480,769.29,1,455,51,1,2011-09-25 11:40:00,2011-09-25 11:40:00,53,769.29,False,0
13356,768.24,1,325,42,1,2011-09-20 14:33:00,2011-09-20 14:33:00,42,768.24,False,0
14672,765.55,2,454,58,1,2011-01-07 15:48:00,2011-04-19 10:19:00,61,382.775,True,101
17695,765.34,2,779,30,1,2011-06-21 12:35:00,2011-07-31 10:40:00,35,382.67,True,39
14885,765.3199999999999,1,724,15,1,2011-07-31 12:05:00,2011-07-31 12:05:00,15,765.3199999999999,False,0
17516,764.88,5,414,113,1,2011-02-27 12:41:00,2011-11-24 16:51:00,135,152.976,True,270
17268,763.64,4,844,3,1,2011-04-08 13:20:00,2011-08-24 10:06:00,6,190.91,True,137
17466,763.28,2,306,41,1,2011-09-22 09:16:00,2011-11-29 13:15:00,41,381.64,True,68
16806,762.16,4,356,68,1,2011-04-14 19:59:00,2011-08-28 15:27:00,93,190.54,True,135
15599,761.74,2,718,50,1,2011-05-19 13:05:00,2011-11-13 11:44:00,52,380.87,True,177
14883,761.59,6,790,39,1,2011-05-12 09:49:00,2011-11-21 10:23:00,53,126.93166666666667,True,193
17425,759.17,2,407,42,1,2011-10-10 11:37:00,2011-11-20 15:30:00,43,379.585,True,41
16036,758.92,2,716,55,1,2011-03-21 13:01:00,2011-09-13 14:53:00,55,379.46,True,176
15568,758.29,3,461,27,1,2011-09-27 14:37:00,2011-12-07 11:27:00,53,252.76333333333332,True,70
16725,758.27,7,288,110,1,2010-12-03 16:02:00,2011-02-10 16:52:00,145,108.32428571428571,True,69
12413,758.1,3,286,29,1,2011-01-06 16:12:00,2011-10-04 09:00:00,38,252.70000000000002,True,270
16205,757.63,4,516,73,1,2011-06-13 11:33:00,2011-11-09 09:32:00,97,189.4075,True,148
14550,757.37,2,389,38,1,2011-10-26 12:14:00,2011-11-29 12:12:00,47,378.685,True,33
16770,757.1,5,456,116,1,2010-12-02 15:49:00,2011-10-13 12:21:00,140,151.42000000000002,True,314
15223,755.75,2,213,14,1,2011-04-04 12:17:00,2011-04-28 11:31:00,20,377.875,True,23
13370,754.87,1,343,39,1,2010-12-03 10:26:00,2010-12-03 10:26:00,39,754.87,False,0
18104,754.64,1,362,38,1,2011-11-02 14:07:00,2011-11-02 14:07:00,38,754.64,False,0
14234,754.12,4,951,122,1,2011-10-13 13:58:00,2011-11-17 17:53:00,147,188.53,True,35
16470,752.77,4,522,120,1,2010-12-16 11:53:00,2011-10-19 12:11:00,164,188.1925,True,307
13730,752.6,2,488,38,1,2011-07-01 12:47:00,2011-07-27 08:35:00,43,376.3,True,25
13030,752.4399999999999,2,348,76,1,2010-12-06 14:31:00,2011-11-28 14:30:00,92,376.21999999999997,True,356
16256,752.4300000000001,1,581,13,1,2011-03-18 12:18:00,2011-03-18 12:18:00,13,752.4300000000001,False,0
12908,750.0,2,1200,1,1,2011-01-31 12:37:00,2011-06-16 15:39:00,2,375.0,True,136
17146,749.78,3,212,33,1,2010-12-16 12:20:00,2011-08-26 12:44:00,35,249.92666666666665,True,253
14923,749.1,1,418,44,1,2011-10-20 11:51:00,2011-10-20 11:51:00,44,749.1,False,0
15656,748.5,4,343,46,1,2011-02-28 15:32:00,2011-10-25 14:56:00,47,187.125,True,238
16859,747.81,2,827,50,1,2011-03-23 13:39:00,2011-07-18 12:19:00,52,373.905,True,116
14201,747.44,7,590,32,1,2010-12-15 13:25:00,2011-10-10 13:27:00,37,106.77714285714286,True,299
17387,746.81,2,522,71,1,2011-11-06 11:25:00,2011-11-20 11:00:00,76,373.405,True,13
14050,746.36,2,689,49,1,2011-08-25 13:46:00,2011-11-08 10:00:00,54,373.18,True,74
17034,745.52,3,410,28,1,2011-02-25 10:10:00,2011-11-23 15:14:00,30,248.50666666666666,True,271
14790,745.06,4,699,30,1,2011-03-31 11:49:00,2011-11-23 09:28:00,46,186.265,True,236
13950,745.06,4,323,33,1,2011-04-07 11:29:00,2011-11-28 14:44:00,35,186.265,True,235
13236,744.85,2,416,34,1,2011-08-25 08:58:00,2011-11-15 12:50:00,36,372.425,True,82
13354,743.53,1,604,51,1,2011-09-29 13:17:00,2011-09-29 13:17:00,51,743.53,False,0
16730,743.11,3,994,75,1,2011-01-24 14:01:00,2011-10-18 14:11:00,82,247.70333333333335,True,267
12374,742.9300000000001,1,342,33,1,2011-11-14 15:37:00,2011-11-14 15:37:00,33,742.9300000000001,False,0
16891,742.43,5,265,166,1,2010-12-03 11:35:00,2011-12-08 11:15:00,186,148.486,True,369
12465,742.1899999999999,2,479,46,1,2011-06-23 13:37:00,2011-11-22 16:34:00,47,371.09499999999997,True,152
14662,741.37,4,578,143,1,2011-01-27 17:41:00,2011-11-11 12:13:00,157,185.3425,True,287
13753,741.26,1,512,35,1,2011-02-25 12:48:00,2011-02-25 12:48:00,35,741.26,False,0
13900,740.95,3,430,42,1,2011-03-22 10:13:00,2011-06-09 19:26:00,43,246.98333333333335,True,79
17692,740.9399999999999,4,672,34,1,2010-12-15 13:37:00,2011-08-04 14:01:00,46,185.23499999999999,True,232
15252,740.78,2,522,44,1,2011-06-09 14:15:00,2011-11-03 13:30:00,44,370.39,True,146
12603,739.1999999999999,1,63,2,1,2011-11-18 10:42:00,2011-11-18 10:42:00,2,739.1999999999999,False,0
14756,738.96,1,416,38,1,2011-11-24 18:13:00,2011-11-24 18:13:00,38,738.96,False,0
12976,738.6,1,561,22,1,2011-05-12 09:55:00,2011-05-12 09:55:00,22,738.6,False,0
17461,735.82,3,770,104,1,2011-11-10 12:01:00,2011-11-17 10:21:00,106,245.27333333333334,True,6
15074,735.67,1,431,41,1,2011-08-26 14:45:00,2011-08-26 14:45:00,41,735.67,False,0
15045,735.66,2,114,11,1,2011-03-27 11:44:00,2011-07-11 11:33:00,12,367.83,True,105
15215,734.94,3,225,33,1,2011-09-04 12:24:00,2011-10-24 11:41:00,35,244.98000000000002,True,49
15525,734.37,3,387,133,1,2010-12-01 13:17:00,2011-12-07 14:43:00,156,244.79,True,371
16146,734.13,3,427,26,1,2011-04-21 15:25:00,2011-07-05 14:20:00,29,244.71,True,74
17979,732.41,4,383,116,1,2011-03-25 11:34:00,2011-11-04 12:05:00,138,183.1025,True,224
13575,732.0699999999999,5,449,41,1,2011-06-16 14:24:00,2011-11-16 13:14:00,46,146.414,True,152
16099,731.9,3,434,29,1,2011-04-28 08:34:00,2011-10-20 13:13:00,39,243.96666666666667,True,175
16491,731.5,1,478,39,1,2011-10-24 10:18:00,2011-10-24 10:18:00,39,731.5,False,0
14778,730.86,2,306,34,1,2011-02-04 11:43:00,2011-08-04 15:23:00,35,365.43,True,181
13736,729.8,2,496,166,1,2011-03-24 13:04:00,2011-12-04 15:19:00,190,364.9,True,255
12468,729.5400000000001,2,366,36,1,2011-01-27 13:29:00,2011-06-05 11:36:00,38,364.77000000000004,True,128
16261,728.54,4,301,98,1,2011-04-07 19:05:00,2011-11-22 17:23:00,119,182.135,True,228
17666,728.16,2,596,14,1,2011-10-05 11:06:00,2011-12-06 09:06:00,18,364.08,True,61
13077,728.02,4,862,99,1,2010-12-08 14:59:00,2011-12-08 19:24:00,111,182.005,True,365
13623,727.74,5,286,75,1,2011-02-15 13:08:00,2011-11-09 12:00:00,78,145.548,True,266
14055,725.6400000000001,1,216,10,1,2011-08-25 15:04:00,2011-08-25 15:04:00,10,725.6400000000001,False,0
16140,725.18,2,730,32,1,2010-12-03 14:40:00,2011-10-05 12:15:00,35,362.59,True,305
12723,725.07,5,434,53,1,2011-10-05 15:52:00,2011-12-06 10:19:00,69,145.014,True,61
15636,724.76,2,284,20,1,2011-03-02 14:50:00,2011-09-11 11:17:00,25,362.38,True,192
12475,723.38,1,535,36,1,2011-10-17 10:10:00,2011-10-17 10:10:00,36,723.38,False,0
17521,723.2099999999999,3,519,38,1,2011-05-24 15:14:00,2011-11-10 11:22:00,45,241.06999999999996,True,169
15272,721.94,2,310,63,1,2011-09-14 16:36:00,2011-10-13 12:59:00,63,360.97,True,28
14869,721.45,2,549,66,1,2011-08-28 16:09:00,2011-12-01 12:36:00,70,360.725,True,94
15584,720.86,4,313,89,1,2011-06-30 16:39:00,2011-11-16 10:55:00,122,180.215,True,138
18062,720.52,3,396,23,1,2011-01-06 10:03:00,2011-06-19 14:47:00,27,240.17333333333332,True,164
16023,719.81,3,358,90,1,2011-03-18 13:32:00,2011-10-24 16:34:00,101,239.93666666666664,True,220
15274,716.57,2,619,44,1,2011-11-21 14:17:00,2011-12-05 16:57:00,47,358.285,True,14
12535,716.35,2,219,28,1,2011-06-06 12:47:00,2011-09-09 08:48:00,34,358.175,True,94
15400,716.2,5,390,10,1,2011-03-06 11:27:00,2011-09-08 13:57:00,12,143.24,True,186
17888,716.0,8,973,60,1,2010-12-17 13:56:00,2011-11-18 13:45:00,65,89.5,True,335
17029,716.0,2,400,1,1,2011-04-17 10:57:00,2011-08-21 11:06:00,2,358.0,True,126
15330,714.96,2,1312,10,1,2011-10-10 12:30:00,2011-11-07 17:50:00,13,357.48,True,28
15757,714.42,2,491,43,1,2011-05-06 11:40:00,2011-10-05 12:14:00,45,357.21,True,152
18035,713.89,3,584,44,1,2011-10-27 17:48:00,2011-11-04 12:39:00,49,237.96333333333334,True,7
12616,713.3,2,284,25,1,2011-02-15 14:17:00,2011-09-05 15:17:00,32,356.65,True,202
13169,712.88,2,272,11,1,2011-04-01 14:24:00,2011-10-07 12:11:00,13,356.44,True,188
13147,712.8000000000001,4,144,1,1,2011-09-01 12:28:00,2011-11-29 13:59:00,4,178.20000000000002,True,89
17761,712.78,1,398,19,1,2011-11-07 10:23:00,2011-11-07 10:23:00,19,712.78,False,0
13416,712.5,2,142,11,1,2011-09-19 14:43:00,2011-10-27 08:56:00,19,356.25,True,37
13587,712.4,1,180,8,1,2011-10-07 12:31:00,2011-10-07 12:31:00,8,712.4,False,0
17642,712.29,2,474,34,1,2011-06-16 12:55:00,2011-08-12 09:11:00,40,356.145,True,56
15855,712.24,5,470,59,1,2011-03-21 12:32:00,2011-07-26 10:20:00,80,142.448,True,126
13705,711.86,3,363,25,1,2010-12-01 10:29:00,2011-12-02 12:32:00,28,237.28666666666666,True,366
17179,711.79,3,290,56,1,2010-12-13 14:24:00,2011-06-14 16:48:00,80,237.26333333333332,True,183
13249,711.41,3,546,21,1,2011-03-23 15:26:00,2011-09-08 13:26:00,23,237.13666666666666,True,168
14867,710.28,3,328,31,1,2011-01-07 16:34:00,2011-06-07 11:39:00,36,236.76,True,150
16362,709.99,5,340,58,1,2011-09-09 14:47:00,2011-11-07 13:01:00,77,141.998,True,58
14127,709.71,3,321,39,1,2011-02-02 12:26:00,2011-08-09 10:49:00,44,236.57000000000002,True,187
16136,709.38,3,440,35,1,2011-03-07 09:52:00,2011-10-11 09:10:00,37,236.46,True,217
15951,708.22,2,313,36,1,2011-02-27 11:57:00,2011-12-01 08:34:00,41,354.11,True,276
16449,707.69,2,367,40,1,2011-03-04 12:15:00,2011-05-26 10:25:00,40,353.845,True,82
12453,707.09,1,473,43,1,2011-07-28 14:08:00,2011-07-28 14:08:00,43,707.09,False,0
16309,706.57,2,467,39,1,2011-04-13 11:46:00,2011-08-25 15:35:00,42,353.285,True,134
14126,706.1300000000001,3,508,14,1,2011-11-29 12:21:00,2011-12-02 11:45:00,15,235.3766666666667,True,2
16364,705.79,2,279,48,1,2011-07-25 14:35:00,2011-11-28 11:27:00,52,352.895,True,125
16882,705.12,3,424,39,1,2011-01-26 17:43:00,2011-10-04 10:42:00,39,235.04,True,250
16015,704.55,3,907,146,1,2011-10-21 12:56:00,2011-12-06 10:58:00,181,234.85,True,45
17934,704.25,2,478,21,1,2011-10-12 10:50:00,2011-10-19 11:16:00,21,352.125,True,7
12612,704.0400000000001,1,262,19,1,2011-09-26 15:35:00,2011-09-26 15:35:00,19,704.0400000000001,False,0
17974,703.99,3,500,143,1,2011-05-04 11:50:00,2011-11-15 11:37:00,165,234.66333333333333,True,194
12883,703.47,4,196,39,1,2011-09-11 15:18:00,2011-11-15 09:32:00,42,175.8675,True,64
15103,703.36,2,329,35,1,2011-09-14 13:54:00,2011-11-08 14:53:00,35,351.68,True,55
16997,702.0,3,360,7,1,2011-01-18 11:51:00,2011-02-24 17:28:00,12,234.0,True,37
14179,701.57,2,319,135,1,2011-10-18 14:00:00,2011-10-30 12:07:00,157,350.785,True,11
14198,701.4,4,290,35,1,2011-04-14 14:54:00,2011-11-21 16:35:00,39,175.35,True,221
14356,701.23,2,277,33,1,2011-09-19 14:43:00,2011-09-21 09:18:00,33,350.615,True,1
13238,700.73,4,298,20,1,2010-12-14 14:37:00,2011-11-22 15:37:00,31,175.1825,True,343
17734,700.63,3,422,40,1,2011-04-20 10:04:00,2011-10-17 12:33:00,43,233.54333333333332,True,180
17812,699.81,4,329,113,1,2010-12-06 15:27:00,2011-11-27 11:47:00,133,174.9525,True,355
17423,698.41,2,459,26,1,2011-05-06 09:14:00,2011-10-24 13:36:00,26,349.205,True,171
14829,697.55,4,452,39,1,2010-12-02 16:12:00,2011-11-10 16:16:00,42,174.3875,True,343
17472,697.54,3,455,142,1,2011-02-13 14:40:00,2011-06-01 14:57:00,174,232.51333333333332,True,108
15800,696.89,2,332,116,1,2011-04-07 12:39:00,2011-08-24 14:23:00,117,348.445,True,139
15700,696.68,2,357,85,1,2011-06-19 15:36:00,2011-06-20 16:53:00,86,348.34,True,1
14009,695.61,2,365,42,1,2011-05-18 13:00:00,2011-05-25 15:47:00,42,347.805,True,7
14959,695.42,4,494,37,1,2011-02-16 13:00:00,2011-10-06 18:23:00,59,173.855,True,232
17884,695.0699999999999,4,817,107,1,2010-12-03 12:11:00,2011-12-06 11:33:00,113,173.76749999999998,True,367
15304,694.4000000000001,8,104,8,1,2010-12-06 11:42:00,2011-10-10 10:23:00,23,86.80000000000001,True,307
12925,694.05,2,541,42,1,2011-09-26 11:05:00,2011-12-05 11:11:00,45,347.025,True,70
15053,693.95,3,984,49,1,2011-03-03 12:06:00,2011-12-05 12:08:00,69,231.3166666666667,True,277
14643,693.8100000000001,2,815,30,1,2010-12-16 17:53:00,2011-06-22 14:41:00,31,346.90500000000003,True,187
12410,693.3299999999999,2,211,26,1,2011-02-04 10:38:00,2011-02-04 10:39:00,26,346.66499999999996,True,0
13601,693.32,2,548,90,1,2011-05-12 16:52:00,2011-10-25 17:31:00,99,346.66,True,166
14111,692.85,4,458,10,1,2011-04-12 11:36:00,2011-11-25 13:44:00,10,173.2125,True,227
17198,692.22,3,357,89,1,2010-12-03 14:54:00,2011-11-16 10:39:00,96,230.74,True,347
17733,692.19,2,463,33,1,2011-03-23 09:54:00,2011-11-01 08:16:00,35,346.095,True,222
14880,690.59,3,365,45,1,2011-02-24 12:27:00,2011-09-23 13:42:00,46,230.1966666666667,True,211
16212,690.34,2,244,40,1,2011-03-01 12:51:00,2011-11-20 13:00:00,41,345.17,True,264
17796,690.0,4,176,63,1,2010-12-05 12:23:00,2011-10-30 15:38:00,81,172.5,True,329
18085,689.95,2,265,25,1,2010-12-01 12:08:00,2011-01-13 15:17:00,29,344.975,True,43
13023,689.9,2,286,36,1,2011-08-02 09:34:00,2011-10-06 16:27:00,40,344.95,True,65
15181,689.4799999999999,3,544,11,1,2011-03-15 12:03:00,2011-10-04 13:58:00,16,229.82666666666663,True,203
17502,689.1,4,376,25,1,2011-11-10 16:39:00,2011-11-30 13:13:00,28,172.275,True,19
13799,688.86,2,402,32,1,2011-02-18 14:18:00,2011-08-15 12:07:00,39,344.43,True,177
16642,688.33,2,479,32,1,2011-05-16 12:35:00,2011-12-05 11:31:00,34,344.165,True,202
18196,686.63,2,431,131,1,2011-02-22 16:13:00,2011-09-05 16:22:00,139,343.315,True,195
12658,686.05,1,320,36,1,2011-11-21 10:22:00,2011-11-21 10:22:00,36,686.05,False,0
15038,685.74,6,212,105,1,2010-12-05 10:54:00,2011-10-12 11:33:00,125,114.29,True,311
16122,684.4200000000001,4,1128,26,1,2010-12-08 11:41:00,2011-09-27 15:34:00,38,171.10500000000002,True,293
15669,684.34,4,342,31,1,2011-03-21 09:13:00,2011-10-30 16:03:00,33,171.085,True,223
17874,683.46,6,221,37,1,2011-03-29 11:25:00,2011-06-07 12:54:00,46,113.91000000000001,True,70
14222,683.17,1,607,41,1,2011-06-15 16:42:00,2011-06-15 16:42:00,41,683.17,False,0
15582,682.9100000000001,3,453,39,1,2011-05-03 13:36:00,2011-11-15 09:55:00,44,227.63666666666668,True,195
17341,682.29,3,443,147,1,2010-12-08 12:46:00,2011-07-06 12:33:00,157,227.42999999999998,True,209
18135,681.9100000000001,5,349,11,1,2011-06-02 14:04:00,2011-11-10 19:32:00,20,136.382,True,161
17397,681.41,2,250,88,1,2011-11-17 13:58:00,2011-11-17 14:08:00,89,340.705,True,0
12478,680.99,1,236,36,1,2011-12-06 09:56:00,2011-12-06 09:56:00,36,680.99,False,0
18082,680.84,1,608,62,1,2011-11-14 12:45:00,2011-11-14 12:45:00,70,680.84,False,0
13524,680.1800000000001,5,324,17,1,2011-05-04 12:26:00,2011-10-30 12:34:00,27,136.036,True,179
16872,680.02,3,600,5,1,2011-06-08 14:32:00,2011-09-23 16:05:00,7,226.67333333333332,True,107
15322,679.68,1,416,42,1,2011-09-15 09:34:00,2011-09-15 09:34:00,42,679.68,False,0
13430,679.45,2,751,48,1,2011-09-14 14:26:00,2011-11-21 08:19:00,49,339.725,True,67
14788,679.4399999999999,2,421,26,1,2011-11-13 15:52:00,2011-12-02 17:06:00,30,339.71999999999997,True,19
13925,678.25,4,331,28,1,2011-07-28 12:09:00,2011-09-08 12:47:00,41,169.5625,True,42
13548,678.16,2,436,114,1,2011-04-10 11:35:00,2011-09-04 14:50:00,123,339.08,True,147
13388,677.1,2,282,35,1,2011-07-31 12:52:00,2011-07-31 12:52:00,35,338.55,True,0
13040,676.99,2,355,38,1,2011-11-06 13:53:00,2011-12-01 10:38:00,43,338.495,True,24
16377,676.2,1,1500,5,1,2011-03-17 15:41:00,2011-03-17 15:41:00,5,676.2,False,0
15626,675.8,2,766,49,1,2011-01-14 10:10:00,2011-09-26 10:03:00,49,337.9,True,254
17462,675.69,2,227,25,1,2011-02-28 17:01:00,2011-10-10 13:56:00,27,337.845,True,223
18156,675.64,2,283,100,1,2010-12-05 12:29:00,2011-11-27 12:24:00,122,337.82,True,356
15574,675.64,4,332,131,1,2010-12-02 15:46:00,2011-06-15 12:01:00,152,168.91,True,194
12942,675.6,3,198,68,1,2010-12-09 09:34:00,2011-07-31 14:39:00,70,225.20000000000002,True,234
13607,675.51,1,288,93,1,2011-10-30 16:17:00,2011-10-30 16:17:00,97,675.51,False,0
13325,675.3,1,240,12,1,2011-09-19 10:36:00,2011-09-19 10:36:00,12,675.3,False,0
17994,674.89,4,495,63,1,2011-02-22 11:02:00,2011-08-10 11:41:00,79,168.7225,True,169
13838,674.82,4,254,144,1,2010-12-05 10:45:00,2011-12-04 11:00:00,165,168.705,True,364
13355,674.7,1,314,32,1,2011-08-09 14:48:00,2011-08-09 14:48:00,32,674.7,False,0
13464,674.68,1,403,41,1,2011-10-12 15:01:00,2011-10-12 15:01:00,41,674.68,False,0
17749,674.52,2,320,33,1,2011-03-28 13:39:00,2011-06-14 15:45:00,35,337.26,True,78
13951,674.45,3,459,38,1,2011-02-18 15:21:00,2011-06-16 16:43:00,39,224.8166666666667,True,118
14504,673.26,4,308,85,1,2011-03-06 14:38:00,2011-10-23 16:00:00,107,168.315,True,231
13258,672.83,3,282,28,1,2011-05-18 13:11:00,2011-11-28 09:31:00,36,224.27666666666667,True,193
14628,671.96,2,272,22,1,2011-04-11 14:43:00,2011-09-09 14:58:00,24,335.98,True,151
12838,671.95,2,355,115,1,2010-12-01 11:57:00,2011-11-06 12:20:00,120,335.975,True,340
12638,671.69,1,577,39,1,2011-11-06 13:11:00,2011-11-06 13:11:00,39,671.69,False,0
12418,668.58,1,407,34,1,2011-08-19 11:08:00,2011-08-19 11:08:00,34,668.58,False,0
14342,668.5600000000001,4,347,18,1,2011-05-13 13:50:00,2011-11-18 13:21:00,21,167.14000000000001,True,188
13741,668.4300000000001,3,218,34,1,2011-05-06 13:43:00,2011-09-29 09:19:00,34,222.81000000000003,True,145
16268,667.65,2,533,45,1,2011-09-29 18:30:00,2011-09-29 18:30:00,45,333.825,True,0
15969,666.1,3,124,20,1,2011-06-07 12:19:00,2011-12-07 11:06:00,20,222.03333333333333,True,182
17105,665.78,2,693,80,1,2011-02-06 14:46:00,2011-07-03 15:53:00,90,332.89,True,147
13963,664.54,4,460,35,1,2010-12-07 09:21:00,2011-02-04 14:43:00,35,166.135,True,59
17883,664.34,4,374,133,1,2011-04-07 19:16:00,2011-12-06 17:49:00,142,166.085,True,242
16208,664.26,2,333,61,1,2011-02-23 13:37:00,2011-10-26 11:36:00,66,332.13,True,244
13596,664.11,2,384,133,1,2011-11-27 11:57:00,2011-12-04 12:01:00,146,332.055,True,7
15643,664.0,3,246,31,1,2011-03-02 14:34:00,2011-06-01 07:38:00,33,221.33333333333334,True,90
14720,663.81,3,219,34,1,2011-08-05 12:06:00,2011-12-04 12:02:00,37,221.26999999999998,True,120
13240,663.65,4,298,59,1,2010-12-09 12:49:00,2011-09-04 14:08:00,67,165.9125,True,269
16573,663.61,2,360,40,1,2011-02-22 15:14:00,2011-09-16 09:13:00,42,331.805,True,205
16774,661.52,4,322,36,1,2011-06-14 12:45:00,2011-10-03 12:41:00,48,165.38,True,110
13028,661.3199999999999,2,798,40,1,2011-10-25 14:09:00,2011-11-17 11:10:00,45,330.65999999999997,True,22
14603,660.0,1,400,2,1,2011-03-10 10:27:00,2011-03-10 10:27:00,2,660.0,False,0
15492,659.4599999999999,2,483,32,1,2011-09-26 14:02:00,2011-11-11 14:53:00,35,329.72999999999996,True,46
13759,659.4100000000001,2,287,24,1,2011-09-29 15:40:00,2011-11-06 14:47:00,25,329.70500000000004,True,37
16357,658.88,3,246,31,1,2011-05-10 10:35:00,2011-11-06 16:04:00,34,219.62666666666667,True,180
14150,658.64,2,496,23,1,2010-12-15 10:04:00,2011-11-04 10:05:00,26,329.32,True,324
16696,657.9000000000001,4,146,7,1,2011-04-05 15:20:00,2011-07-27 14:23:00,10,164.47500000000002,True,112
14818,657.8,3,324,41,1,2011-03-31 12:28:00,2011-09-27 11:01:00,48,219.26666666666665,True,179
17459,657.3,2,537,88,1,2011-10-10 17:00:00,2011-10-27 13:25:00,111,328.65,True,16
15677,657.23,1,319,33,1,2011-10-21 15:36:00,2011-10-21 15:36:00,33,657.23,False,0
17321,657.16,2,364,94,1,2011-10-03 11:34:00,2011-12-01 13:41:00,99,328.58,True,59
16157,656.69,3,347,12,1,2011-09-28 11:48:00,2011-11-24 11:41:00,18,218.89666666666668,True,56
13049,656.6800000000001,2,268,14,1,2011-01-25 16:33:00,2011-10-06 15:31:00,14,328.34000000000003,True,253
16708,656.63,1,285,27,1,2011-10-25 12:20:00,2011-10-25 12:20:00,27,656.63,False,0
17299,656.61,4,668,50,1,2011-06-19 16:04:00,2011-11-28 12:01:00,55,164.1525,True,161
16127,656.25,1,323,40,1,2011-10-31 13:58:00,2011-10-31 13:58:00,40,656.25,False,0
14894,655.75,1,265,23,1,2011-09-15 13:51:00,2011-09-15 13:51:00,23,655.75,False,0
14725,655.58,1,588,45,1,2011-11-15 12:42:00,2011-11-15 12:42:00,47,655.58,False,0
16444,654.67,4,407,68,1,2011-03-20 12:14:00,2011-10-24 13:50:00,84,163.6675,True,218
14651,653.75,2,343,95,1,2011-05-12 16:29:00,2011-10-03 15:52:00,101,326.875,True,143
17398,653.38,3,310,30,1,2011-03-29 13:04:00,2011-08-17 09:48:00,38,217.79333333333332,True,140
18151,653.35,2,355,38,1,2011-02-23 08:29:00,2011-07-28 11:35:00,38,326.675,True,155
13496,653.33,2,341,28,1,2010-12-15 10:17:00,2011-11-29 10:58:00,35,326.665,True,349
18121,653.3,2,438,28,1,2011-07-08 12:14:00,2011-07-13 12:53:00,31,326.65,True,5
15205,653.24,2,378,37,1,2011-08-04 16:07:00,2011-09-15 19:36:00,37,326.62,True,42
15031,653.19,4,400,74,1,2011-03-02 14:46:00,2011-12-05 14:19:00,110,163.2975,True,277
14548,652.8,2,256,2,1,2011-01-26 08:38:00,2011-07-12 12:19:00,4,326.4,True,167
17523,652.74,4,872,25,1,2011-11-20 13:40:00,2011-11-28 13:20:00,33,163.185,True,7
16056,650.75,1,345,66,1,2011-10-25 15:19:00,2011-10-25 15:19:00,66,650.75,False,0
15571,650.4300000000001,4,264,47,1,2011-09-22 13:15:00,2011-11-28 10:02:00,57,162.60750000000002,True,66
16969,650.41,3,816,42,1,2011-06-01 12:10:00,2011-10-31 13:12:00,42,216.8033333333333,True,152
17779,650.32,3,396,73,1,2011-07-19 12:19:00,2011-11-18 14:15:00,81,216.77333333333334,True,122
14034,648.89,3,420,82,1,2011-07-05 13:06:00,2011-11-17 14:02:00,86,216.29666666666665,True,135
16495,648.26,3,328,78,1,2011-03-08 16:38:00,2011-12-06 13:20:00,88,216.08666666666667,True,272
17777,647.56,3,501,141,1,2011-08-31 14:35:00,2011-11-15 12:02:00,190,215.85333333333332,True,75
17373,646.92,4,408,47,1,2011-01-31 11:46:00,2011-10-30 15:28:00,57,161.73,True,272
16014,646.83,3,258,123,1,2011-02-21 17:42:00,2011-11-02 12:04:00,138,215.61,True,253
16734,646.76,3,345,44,1,2011-08-17 15:00:00,2011-10-18 13:44:00,52,215.58666666666667,True,61
12589,646.68,2,306,29,1,2011-07-18 12:05:00,2011-11-11 10:19:00,35,323.34,True,115
14044,646.42,4,304,165,1,2011-02-03 11:39:00,2011-11-13 12:05:00,206,161.605,True,283
15651,646.3,3,479,27,1,2011-03-24 08:56:00,2011-11-03 08:41:00,32,215.4333333333333,True,223
14855,645.65,2,267,13,1,2011-07-28 12:06:00,2011-08-12 14:02:00,20,322.825,True,15
12719,644.95,2,374,34,1,2011-10-05 14:50:00,2011-12-04 13:45:00,39,322.475,True,59
17312,644.3,3,372,11,1,2011-07-03 13:12:00,2011-07-24 11:52:00,14,214.76666666666665,True,20
14451,643.9,2,378,86,1,2011-05-29 12:35:00,2011-10-10 13:38:00,105,321.95,True,134
16383,643.76,2,467,80,1,2011-03-16 13:00:00,2011-09-26 12:45:00,98,321.88,True,193
14020,642.8,2,441,37,1,2011-09-12 15:32:00,2011-11-23 09:22:00,39,321.4,True,71
13034,642.77,2,369,37,1,2010-12-05 14:52:00,2011-10-16 12:21:00,37,321.385,True,314
15384,642.41,2,596,34,1,2010-12-15 11:34:00,2011-06-23 10:57:00,41,321.205,True,189
17545,642.32,3,337,122,1,2011-10-27 13:48:00,2011-10-27 14:04:00,141,214.10666666666668,True,0
17046,642.02,1,510,22,1,2011-07-05 14:24:00,2011-07-05 14:24:00,22,642.02,False,0
15297,641.94,3,292,30,1,2011-10-07 09:42:00,2011-11-29 16:32:00,39,213.98000000000002,True,53
18218,641.92,2,536,17,1,2011-03-03 12:24:00,2011-05-12 12:53:00,20,320.96,True,70
12365,641.38,2,174,22,1,2011-02-21 13:51:00,2011-02-21 14:04:00,22,320.69,True,0
12624,641.13,2,355,36,1,2011-06-15 12:34:00,2011-08-25 15:04:00,38,320.565,True,71
13417,640.83,2,162,26,1,2011-05-18 16:26:00,2011-12-05 08:49:00,28,320.415,True,200
13318,640.76,3,304,14,1,2011-11-02 13:26:00,2011-12-08 18:51:00,20,213.58666666666667,True,36
12631,640.5,1,236,31,1,2011-10-13 13:53:00,2011-10-13 13:53:00,31,640.5,False,0
14301,640.14,1,606,13,1,2011-08-14 15:33:00,2011-08-14 15:33:00,13,640.14,False,0
15648,639.5,2,218,23,1,2011-03-17 18:59:00,2011-05-19 15:53:00,24,319.75,True,62
17515,639.02,4,243,49,1,2011-01-25 14:33:00,2011-11-08 14:04:00,87,159.755,True,286
18160,638.0600000000001,2,294,37,1,2011-05-23 13:41:00,2011-10-13 15:50:00,39,319.03000000000003,True,143
14754,638.05,2,486,38,1,2011-02-17 12:21:00,2011-10-26 12:01:00,41,319.025,True,250
14128,637.5,2,564,40,1,2011-03-29 10:49:00,2011-10-10 12:00:00,46,318.75,True,195
14481,636.51,2,489,25,1,2011-02-25 13:53:00,2011-06-28 10:38:00,30,318.255,True,122
14664,636.24,2,465,78,1,2011-11-06 14:56:00,2011-11-20 10:59:00,98,318.12,True,13
15829,636.14,2,996,44,1,2011-07-22 10:23:00,2011-09-01 16:45:00,51,318.07,True,41
15773,635.6800000000001,1,311,10,1,2011-12-04 12:48:00,2011-12-04 12:48:00,10,635.6800000000001,False,0
14000,635.66,1,710,15,1,2011-05-12 16:50:00,2011-05-12 16:50:00,15,635.66,False,0
16139,635.41,3,330,25,1,2011-05-17 10:23:00,2011-11-21 08:37:00,31,211.8033333333333,True,187
13892,632.97,4,983,26,1,2011-04-07 12:04:00,2011-11-13 11:50:00,27,158.2425,True,219
14220,632.4,2,272,21,1,2010-12-16 18:18:00,2011-04-06 13:23:00,21,316.2,True,110
16306,632.27,6,487,36,1,2010-12-07 15:18:00,2011-05-10 12:12:00,41,105.37833333333333,True,153
18183,632.07,2,371,36,1,2011-03-10 10:08:00,2011-04-26 15:26:00,37,316.035,True,47
13822,632.0,2,611,90,1,2011-10-30 15:55:00,2011-12-04 12:13:00,96,316.0,True,34
14021,631.9,3,192,22,1,2011-03-28 15:10:00,2011-07-07 15:46:00,22,210.63333333333333,True,101
15244,631.57,2,405,31,1,2011-04-05 15:12:00,2011-10-05 13:19:00,34,315.785,True,182
17985,631.35,1,171,20,1,2011-11-17 14:24:00,2011-11-17 14:24:00,21,631.35,False,0
13539,631.34,3,320,35,1,2011-02-03 15:23:00,2011-09-15 10:18:00,37,210.4466666666667,True,223
16418,631.12,3,280,76,1,2011-04-27 16:54:00,2011-10-26 12:39:00,95,210.37333333333333,True,181
17990,630.84,3,414,27,1,2010-12-13 12:10:00,2011-04-17 11:44:00,29,210.28,True,124
13046,629.31,2,264,33,1,2011-03-18 15:43:00,2011-11-09 08:36:00,35,314.655,True,235
13525,628.78,2,394,5,1,2011-04-05 15:36:00,2011-11-25 12:01:00,6,314.39,True,233
14687,628.38,1,470,15,1,2011-08-25 11:59:00,2011-08-25 11:59:00,15,628.38,False,0
13518,627.16,1,382,36,1,2011-09-15 10:29:00,2011-09-15 10:29:00,36,627.16,False,0
15028,627.13,4,459,35,1,2010-12-06 12:47:00,2011-12-01 14:06:00,48,156.7825,True,360
15402,626.77,2,694,35,1,2011-05-27 13:32:00,2011-07-14 12:17:00,42,313.385,True,47
14036,626.65,1,268,38,1,2011-02-28 09:26:00,2011-02-28 09:26:00,38,626.65,False,0
12577,626.6,3,469,137,1,2010-12-15 16:21:00,2011-11-04 13:24:00,146,208.86666666666667,True,323
13914,626.45,2,380,28,1,2011-11-03 16:28:00,2011-11-28 10:35:00,33,313.225,True,24
16469,625.42,4,260,148,1,2011-04-07 13:11:00,2011-11-16 12:25:00,171,156.355,True,222
16750,623.93,5,214,74,1,2011-04-21 16:53:00,2011-10-26 12:48:00,95,124.78599999999999,True,187
12649,623.51,3,586,28,1,2011-05-11 14:37:00,2011-08-24 14:41:00,31,207.83666666666667,True,105
15147,623.5,1,366,28,1,2011-04-13 15:57:00,2011-04-13 15:57:00,28,623.5,False,0
13368,623.4,2,327,29,1,2011-01-06 12:32:00,2011-03-28 09:59:00,29,311.7,True,80
16431,623.28,3,442,51,1,2011-02-15 14:02:00,2011-05-10 14:09:00,76,207.76,True,84
15258,623.16,2,142,32,1,2011-05-06 14:16:00,2011-06-24 12:30:00,34,311.58,True,48
17499,622.88,1,711,40,1,2011-02-23 09:14:00,2011-02-23 09:14:00,40,622.88,False,0
15182,622.85,2,253,24,1,2011-03-16 12:42:00,2011-07-08 13:37:00,29,311.425,True,114
17460,622.4300000000001,6,236,18,1,2010-12-01 16:24:00,2011-09-06 15:04:00,29,103.73833333333334,True,278
15768,621.8299999999999,3,244,23,1,2011-04-28 09:20:00,2011-08-16 10:48:00,27,207.27666666666664,True,110
18217,621.75,2,491,27,1,2011-09-30 10:44:00,2011-11-10 13:18:00,31,310.875,True,41
16915,621.6800000000001,6,132,46,1,2011-03-01 09:52:00,2011-11-30 16:39:00,57,103.61333333333334,True,274
17640,621.66,1,250,5,1,2011-09-14 09:13:00,2011-09-14 09:13:00,5,621.66,False,0
14152,621.29,2,711,47,1,2011-04-19 15:46:00,2011-09-25 12:54:00,49,310.645,True,158
13402,621.23,2,479,32,1,2010-12-02 17:12:00,2011-08-04 15:51:00,39,310.615,True,244
13546,621.09,3,357,72,1,2011-05-23 12:14:00,2011-11-27 14:50:00,97,207.03,True,188
16141,620.4,1,238,30,1,2011-09-12 13:11:00,2011-09-12 13:11:00,30,620.4,False,0
12667,620.13,1,395,33,1,2011-10-12 17:00:00,2011-10-12 17:00:00,33,620.13,False,0
13493,618.63,2,380,6,1,2011-02-25 16:42:00,2011-03-09 15:35:00,8,309.315,True,11
16613,618.59,1,293,30,1,2011-09-30 15:52:00,2011-09-30 15:52:00,30,618.59,False,0
13145,618.52,4,145,5,1,2010-12-02 18:06:00,2011-10-31 12:45:00,6,154.63,True,332
12596,618.27,2,474,25,1,2011-04-11 13:22:00,2011-10-19 13:02:00,27,309.135,True,190
16134,618.09,2,371,34,1,2010-12-15 14:00:00,2011-11-18 10:05:00,35,309.045,True,337
13301,618.09,4,345,75,1,2011-02-20 13:13:00,2011-08-28 11:25:00,81,154.5225,True,188
14593,617.15,3,330,127,1,2011-05-25 11:14:00,2011-11-18 12:48:00,151,205.71666666666667,True,177
14377,617.05,2,219,11,1,2011-03-22 13:38:00,2011-06-01 13:32:00,11,308.525,True,70
16311,616.26,2,394,35,1,2011-10-21 13:13:00,2011-11-22 08:54:00,37,308.13,True,31
14905,616.15,2,287,14,1,2011-04-20 10:48:00,2011-07-05 12:41:00,17,308.075,True,76
14382,615.49,1,1231,121,1,2011-11-13 16:18:00,2011-11-13 16:18:00,126,615.49,False,0
15275,615.14,1,498,41,1,2011-11-02 11:20:00,2011-11-02 11:20:00,41,615.14,False,0
16566,614.66,5,362,14,1,2011-02-20 10:29:00,2011-11-24 16:34:00,18,122.93199999999999,True,277
16116,612.78,1,248,34,1,2011-05-12 12:01:00,2011-05-12 12:01:00,34,612.78,False,0
18022,612.72,1,703,141,1,2011-11-04 12:45:00,2011-11-04 12:45:00,164,612.72,False,0
12513,612.29,1,462,35,1,2011-08-19 10:51:00,2011-08-19 10:51:00,35,612.29,False,0
18149,612.0799999999999,3,310,11,1,2011-03-11 12:44:00,2011-10-20 12:04:00,16,204.02666666666664,True,222
15232,612.06,2,686,26,1,2011-07-22 12:21:00,2011-08-18 16:27:00,31,306.03,True,27
15645,612.01,1,256,50,1,2011-11-21 11:55:00,2011-11-21 11:55:00,52,612.01,False,0
16109,611.88,2,612,18,1,2011-02-04 12:37:00,2011-05-05 09:17:00,18,305.94,True,89
16763,611.85,1,319,23,1,2011-05-25 11:52:00,2011-05-25 11:52:00,23,611.85,False,0
13731,610.59,2,278,36,1,2011-04-07 10:10:00,2011-05-04 14:33:00,38,305.295,True,27
12673,610.52,2,351,42,1,2011-01-17 11:46:00,2011-12-04 13:55:00,42,305.26,True,321
15795,610.01,1,581,42,1,2011-07-13 10:43:00,2011-07-13 10:43:00,42,610.01,False,0
14636,609.85,2,241,27,1,2011-03-16 09:52:00,2011-11-03 16:12:00,28,304.925,True,232
13357,609.4,1,321,85,1,2011-03-27 13:56:00,2011-03-27 13:56:00,89,609.4,False,0
16442,609.3,3,443,161,1,2010-12-14 10:46:00,2011-12-08 11:43:00,171,203.1,True,359
13933,608.7900000000001,2,205,23,1,2011-07-14 13:35:00,2011-08-22 14:03:00,23,304.39500000000004,True,39
12933,607.53,3,499,102,1,2011-03-01 11:30:00,2011-11-15 16:38:00,106,202.51,True,259
17119,606.91,2,334,35,1,2011-10-11 11:03:00,2011-12-06 14:40:00,35,303.455,True,56
16718,606.0500000000001,1,407,41,1,2010-12-05 13:03:00,2010-12-05 13:03:00,44,606.0500000000001,False,0
17849,605.8000000000001,4,114,14,1,2011-01-10 11:59:00,2011-05-05 13:46:00,26,151.45000000000002,True,115
14133,605.64,3,348,25,1,2011-01-28 11:27:00,2011-08-02 11:34:00,28,201.88,True,186
17507,605.58,2,359,79,1,2011-02-03 18:08:00,2011-03-23 11:48:00,88,302.79,True,47
13233,605.12,2,1004,43,1,2011-01-07 14:49:00,2011-09-26 13:25:00,43,302.56,True,261
14323,605.0600000000001,2,350,32,1,2011-04-15 11:44:00,2011-08-17 11:37:00,36,302.53000000000003,True,123
17664,604.64,2,604,41,1,2011-05-11 14:17:00,2011-11-21 11:29:00,43,302.32,True,193
12944,604.51,2,289,29,1,2010-12-20 10:41:00,2011-11-04 11:04:00,30,302.255,True,319
16732,603.75,1,317,28,1,2011-11-08 09:54:00,2011-11-08 09:54:00,28,603.75,False,0
12707,603.42,1,256,33,1,2011-02-21 08:38:00,2011-02-21 08:38:00,33,603.42,False,0
16022,602.63,1,255,68,1,2011-03-24 13:16:00,2011-03-24 13:16:00,71,602.63,False,0
15366,602.51,2,621,37,1,2010-12-16 15:59:00,2011-09-25 15:01:00,44,301.255,True,282
12654,601.98,5,264,31,1,2011-02-17 13:16:00,2011-11-29 10:10:00,38,120.396,True,284
14609,601.56,4,7026,2,1,2011-02-16 12:10:00,2011-09-28 12:54:00,4,150.39,True,224
16654,601.27,4,282,29,1,2010-12-06 15:09:00,2011-07-21 15:23:00,29,150.3175,True,227
12420,600.39,1,345,29,1,2011-10-07 08:55:00,2011-10-07 08:55:00,29,600.39,False,0
18211,600.07,5,359,37,1,2011-03-06 12:09:00,2011-11-14 08:10:00,42,120.01400000000001,True,252
12872,599.97,2,319,58,1,2010-12-09 14:44:00,2011-01-17 10:52:00,66,299.985,True,38
12521,599.68,1,309,38,1,2011-07-20 10:51:00,2011-07-20 10:51:00,38,599.68,False,0
12556,599.56,2,355,100,1,2011-07-11 13:35:00,2011-10-20 13:06:00,119,299.78,True,100
14710,599.48,4,375,124,1,2011-10-11 13:49:00,2011-11-25 14:53:00,136,149.87,True,45
17420,598.83,3,265,28,1,2010-12-01 09:56:00,2011-10-20 14:52:00,30,199.61,True,323
15720,598.73,1,281,128,1,2011-11-15 14:48:00,2011-11-15 14:48:00,128,598.73,False,0
13311,598.57,2,305,25,1,2011-07-12 14:26:00,2011-12-05 12:55:00,26,299.285,True,145
16298,598.2,3,198,22,1,2011-06-06 10:06:00,2011-11-17 11:59:00,27,199.4,True,164
14108,597.91,2,381,33,1,2011-08-30 11:32:00,2011-11-09 10:41:00,34,298.955,True,70
14645,597.09,2,381,28,1,2011-03-09 09:52:00,2011-07-06 09:15:00,30,298.545,True,118
15381,596.85,2,171,8,1,2011-03-16 13:44:00,2011-05-10 11:55:00,8,298.425,True,54
14675,596.36,1,336,93,1,2011-11-23 12:58:00,2011-11-23 12:58:00,97,596.36,False,0
14467,596.26,4,276,67,1,2011-01-31 12:35:00,2011-11-22 12:48:00,89,149.065,True,295
18246,596.1,2,166,3,1,2011-04-20 13:55:00,2011-11-16 11:49:00,4,298.05,True,209
14965,596.09,2,363,80,1,2011-09-04 13:15:00,2011-09-04 13:20:00,81,298.045,True,0
13888,595.67,2,254,38,1,2011-05-05 14:41:00,2011-08-12 10:13:00,39,297.835,True,98
17658,595.42,2,616,17,1,2011-05-12 15:23:00,2011-11-14 12:07:00,19,297.71,True,185
14284,595.25,2,161,24,1,2011-09-14 13:04:00,2011-11-09 08:11:00,32,297.625,True,55
13558,594.52,4,338,123,1,2011-10-02 13:01:00,2011-12-04 11:24:00,169,148.63,True,62
16788,594.39,2,304,138,1,2011-03-30 13:05:00,2011-08-08 14:53:00,148,297.195,True,131
16325,594.24,3,194,14,1,2011-04-08 09:20:00,2011-10-24 08:48:00,18,198.08,True,198
13959,594.04,3,355,79,1,2010-12-12 13:56:00,2011-09-21 15:06:00,90,198.01333333333332,True,283
15442,594.0,1,120,2,1,2011-04-05 12:24:00,2011-04-05 12:24:00,2,594.0,False,0
12917,594.0,1,120,2,1,2011-08-03 16:42:00,2011-08-03 16:42:00,2,594.0,False,0
16535,593.75,1,356,31,1,2011-12-04 15:18:00,2011-12-04 15:18:00,31,593.75,False,0
18232,592.97,4,302,31,1,2011-05-26 16:30:00,2011-09-19 11:49:00,37,148.2425,True,115
16203,592.9,4,262,27,1,2010-12-02 15:39:00,2011-10-12 12:31:00,35,148.225,True,313
14692,591.55,4,265,53,1,2011-01-21 13:47:00,2011-07-25 15:08:00,68,147.8875,True,185
15573,591.1899999999999,2,355,88,1,2011-09-15 12:16:00,2011-11-08 11:38:00,97,295.59499999999997,True,53
13276,590.9300000000001,2,161,30,1,2011-09-01 10:03:00,2011-10-07 12:44:00,30,295.46500000000003,True,36
13452,590.0,2,2,1,1,2011-03-14 11:38:00,2011-03-25 14:19:00,2,295.0,True,11
13270,590.0,1,200,1,1,2010-12-08 14:53:00,2010-12-08 14:53:00,1,590.0,False,0
14882,589.7,2,158,6,1,2011-11-06 10:15:00,2011-11-13 12:47:00,11,294.85,True,7
16838,588.85,2,185,24,1,2011-02-24 15:01:00,2011-05-26 13:13:00,25,294.425,True,90
14338,588.22,2,335,30,1,2011-05-27 13:30:00,2011-07-01 14:08:00,31,294.11,True,35
15624,588.13,4,357,26,1,2011-03-28 13:32:00,2011-08-15 11:38:00,34,147.0325,True,139
17351,587.15,3,113,22,1,2011-03-11 16:05:00,2011-11-03 18:45:00,27,195.71666666666667,True,237
17890,586.89,2,402,88,1,2010-12-13 15:12:00,2011-01-21 11:19:00,91,293.445,True,38
12384,585.27,2,126,26,1,2011-08-10 11:23:00,2011-11-11 08:39:00,27,292.635,True,92
13243,585.12,1,232,56,1,2011-05-20 13:14:00,2011-05-20 13:14:00,57,585.12,False,0
15222,585.0,1,440,5,1,2011-01-25 08:03:00,2011-01-25 08:03:00,5,585.0,False,0
16384,584.5,2,260,33,1,2011-03-21 10:13:00,2011-09-11 11:19:00,33,292.25,True,174
16072,584.3199999999999,1,140,23,1,2011-02-24 14:32:00,2011-02-24 14:32:00,23,584.3199999999999,False,0
14023,584.07,2,345,30,1,2011-04-03 15:50:00,2011-12-02 13:58:00,31,292.035,True,242
13557,584.06,2,546,31,1,2011-03-04 12:14:00,2011-11-11 15:24:00,34,292.03,True,252
15762,583.75,2,251,37,1,2011-09-23 15:17:00,2011-10-05 16:15:00,37,291.875,True,12
17014,583.4300000000001,3,243,63,1,2011-10-04 11:36:00,2011-12-01 14:09:00,72,194.4766666666667,True,58
12426,582.73,1,258,30,1,2011-05-29 12:26:00,2011-05-29 12:26:00,30,582.73,False,0
13427,582.6,3,545,25,1,2011-05-08 15:58:00,2011-11-20 13:02:00,29,194.20000000000002,True,195
12695,582.1,4,220,23,1,2011-05-13 13:15:00,2011-12-02 13:22:00,27,145.525,True,203
17259,581.23,2,388,104,1,2010-12-06 12:55:00,2011-07-14 15:01:00,116,290.615,True,220
18095,580.0500000000001,2,419,20,1,2011-01-11 12:37:00,2011-01-31 12:50:00,21,290.02500000000003,True,20
17142,579.0,1,81,15,1,2011-04-14 18:22:00,2011-04-14 18:22:00,15,579.0,False,0
13292,578.9399999999999,2,347,29,1,2011-02-28 15:00:00,2011-11-01 10:04:00,31,289.46999999999997,True,245
17540,578.9,2,194,20,1,2011-01-27 14:35:00,2011-11-15 11:56:00,25,289.45,True,291
16005,578.71,4,280,173,1,2011-03-14 11:46:00,2011-11-27 13:47:00,201,144.6775,True,258
14529,578.61,3,325,177,1,2011-08-21 14:10:00,2011-10-10 15:27:00,213,192.87,True,50
12601,577.0600000000001,5,245,21,1,2011-01-11 10:38:00,2011-06-03 10:17:00,28,115.412,True,142
14176,576.9000000000001,4,209,28,1,2010-12-07 11:45:00,2011-02-15 13:12:00,31,144.22500000000002,True,70
16723,576.4,2,398,37,1,2011-08-24 11:31:00,2011-09-09 13:01:00,42,288.2,True,16
15830,576.0,1,415,39,1,2011-11-02 10:40:00,2011-11-02 10:40:00,39,576.0,False,0
15550,575.63,4,295,43,1,2011-02-11 12:49:00,2011-12-05 15:38:00,61,143.9075,True,297
13487,575.4,3,265,26,1,2010-12-21 14:54:00,2011-10-13 12:07:00,34,191.79999999999998,True,295
14400,574.7,1,454,25,1,2011-07-13 15:50:00,2011-07-13 15:50:00,25,574.7,False,0
18123,574.4399999999999,2,582,31,1,2011-11-08 13:31:00,2011-11-15 14:23:00,34,287.21999999999997,True,7
15339,574.07,2,416,77,1,2011-01-25 13:15:00,2011-10-04 12:51:00,86,287.035,True,251
15303,574.02,1,248,31,1,2011-02-22 13:59:00,2011-02-22 13:59:00,31,574.02,False,0
12879,573.22,3,370,7,1,2011-09-09 12:11:00,2011-10-26 12:24:00,10,191.07333333333335,True,47
13379,572.56,3,601,85,1,2011-07-26 12:26:00,2011-11-13 13:45:00,97,190.85333333333332,True,110
13405,572.451,3,165,25,1,2011-01-26 09:27:00,2011-09-26 17:01:00,27,190.817,True,243
12816,572.2,2,128,27,1,2011-06-16 13:24:00,2011-09-05 12:41:00,29,286.1,True,80
13816,571.6700000000001,2,269,25,1,2011-10-06 14:37:00,2011-11-16 08:38:00,28,285.83500000000004,True,40
17616,571.1999999999999,3,224,1,1,2010-12-07 10:04:00,2011-06-19 10:11:00,3,190.39999999999998,True,194
15821,570.96,2,202,57,1,2011-10-09 13:28:00,2011-10-26 15:48:00,62,285.48,True,17
15315,570.5,2,862,35,1,2011-08-15 15:17:00,2011-10-06 12:51:00,37,285.25,True,51
13939,568.55,3,847,43,1,2011-02-01 11:30:00,2011-11-16 13:33:00,45,189.51666666666665,True,288
17360,568.24,3,328,113,1,2011-06-08 17:09:00,2011-11-22 13:11:00,125,189.41333333333333,True,166
13321,567.36,2,372,10,1,2011-09-14 15:18:00,2011-09-28 15:24:00,11,283.68,True,14
16667,567.1800000000001,2,236,52,1,2011-02-28 12:57:00,2011-10-02 15:26:00,52,283.59000000000003,True,216
18150,566.58,3,332,29,1,2011-05-22 10:47:00,2011-11-07 16:49:00,37,188.86,True,169
16278,566.38,1,114,23,1,2011-08-31 17:12:00,2011-08-31 17:12:00,23,566.38,False,0
16345,565.46,1,288,35,1,2011-10-26 16:03:00,2011-10-26 16:03:00,37,565.46,False,0
13894,564.62,3,354,25,1,2011-02-02 12:54:00,2011-11-16 09:44:00,27,188.20666666666668,True,286
15344,563.94,3,116,21,1,2011-09-26 14:48:00,2011-12-09 10:45:00,26,187.98000000000002,True,73
16933,563.23,2,288,42,1,2011-04-14 13:33:00,2011-12-08 12:54:00,44,281.615,True,237
14753,563.15,1,211,30,1,2011-09-13 14:50:00,2011-09-13 14:50:00,30,563.15,False,0
17970,562.79,1,513,27,1,2011-05-12 20:03:00,2011-05-12 20:03:00,29,562.79,False,0
14167,562.59,4,147,27,1,2011-01-12 15:44:00,2011-10-31 14:29:00,50,140.6475,True,291
12414,562.41,3,300,16,1,2011-02-02 14:51:00,2011-05-06 14:51:00,18,187.47,True,93
16916,562.41,2,431,129,1,2010-12-02 13:14:00,2011-11-16 12:08:00,136,281.205,True,348
12559,561.71,2,283,21,1,2011-01-24 10:12:00,2011-02-02 09:49:00,21,280.855,True,8
13946,561.5699999999999,3,443,11,1,2011-03-17 10:02:00,2011-09-21 13:33:00,11,187.18999999999997,True,188
15655,560.67,1,324,34,1,2011-04-10 15:25:00,2011-04-10 15:25:00,34,560.67,False,0
13044,560.47,1,429,33,1,2011-02-21 15:20:00,2011-02-21 15:20:00,33,560.47,False,0
14273,559.97,4,264,22,1,2011-04-11 13:24:00,2011-10-19 13:20:00,29,139.9925,True,190
16275,559.87,1,336,33,1,2011-05-27 12:41:00,2011-05-27 12:41:00,33,559.87,False,0
15415,559.61,1,551,46,1,2011-01-30 14:13:00,2011-01-30 14:13:00,47,559.61,False,0
16906,559.59,4,263,74,1,2011-04-05 12:30:00,2011-09-19 11:49:00,86,139.8975,True,166
12866,559.12,1,171,26,1,2011-03-01 14:11:00,2011-03-01 14:11:00,26,559.12,False,0
17503,558.96,2,486,36,1,2011-11-01 11:12:00,2011-12-07 09:18:00,38,279.48,True,35
12987,558.7,2,219,27,1,2011-05-26 12:00:00,2011-09-27 12:03:00,28,279.35,True,124
13800,558.32,1,331,33,1,2011-02-03 12:27:00,2011-02-03 12:27:00,33,558.32,False,0
14592,557.94,3,407,132,1,2011-10-06 18:08:00,2011-11-04 16:35:00,158,185.98000000000002,True,28
13260,557.62,1,142,8,1,2011-10-09 13:21:00,2011-10-09 13:21:00,8,557.62,False,0
17955,557.3,4,273,14,1,2011-05-04 12:29:00,2011-05-25 12:00:00,19,139.325,True,20
16385,554.86,3,258,52,1,2010-12-08 12:56:00,2011-10-10 13:12:00,57,184.95333333333335,True,306
17864,554.85,3,706,70,1,2011-03-09 11:44:00,2011-11-27 11:15:00,90,184.95000000000002,True,262
14891,554.38,2,505,30,1,2011-06-05 10:58:00,2011-07-14 18:08:00,33,277.19,True,39
14618,553.44,3,264,10,1,2011-01-06 11:59:00,2011-11-30 13:45:00,16,184.48000000000002,True,328
15068,553.36,2,364,96,1,2011-03-28 14:27:00,2011-10-24 14:47:00,104,276.68,True,210
12363,552.0,2,408,23,1,2011-04-11 13:29:00,2011-08-22 10:18:00,23,276.0,True,132
17674,551.04,2,672,19,1,2010-12-06 10:20:00,2011-09-26 13:35:00,27,275.52,True,294
17291,550.8000000000001,1,72,1,1,2011-02-04 13:04:00,2011-02-04 13:04:00,1,550.8000000000001,False,0
17235,550.06,2,224,24,1,2010-12-02 13:38:00,2011-11-14 15:51:00,29,275.03,True,347
17265,550.01,2,389,106,1,2011-06-12 12:00:00,2011-07-24 10:49:00,122,275.005,True,41
12390,549.84,1,353,32,1,2011-09-21 09:33:00,2011-09-21 09:33:00,32,549.84,False,0
14177,549.46,4,204,37,1,2011-06-13 11:10:00,2011-09-14 15:11:00,41,137.365,True,93
16536,548.12,1,250,49,1,2011-08-21 15:54:00,2011-08-21 15:54:00,54,548.12,False,0
16031,547.9,2,421,91,1,2011-04-06 14:23:00,2011-09-08 13:07:00,98,273.95,True,154
14474,547.66,1,140,29,1,2011-10-24 13:26:00,2011-10-24 13:26:00,29,547.66,False,0
16811,547.07,2,477,26,1,2011-11-22 17:19:00,2011-12-05 11:39:00,28,273.535,True,12
17637,547.0600000000001,2,280,35,1,2011-08-16 13:25:00,2011-11-08 12:51:00,35,273.53000000000003,True,83
16211,547.02,1,154,23,1,2011-09-12 12:11:00,2011-09-12 12:11:00,23,547.02,False,0
17295,547.0,3,293,53,1,2011-10-06 12:22:00,2011-11-11 10:49:00,68,182.33333333333334,True,35
17520,546.81,1,365,30,1,2011-10-17 12:04:00,2011-10-17 12:04:00,30,546.81,False,0
14805,546.4,4,114,30,1,2011-01-30 10:43:00,2011-11-24 16:20:00,46,136.6,True,298
14997,546.1999999999999,3,1120,25,1,2011-06-14 16:52:00,2011-10-24 13:28:00,26,182.06666666666663,True,131
17806,546.04,1,727,43,1,2011-11-28 14:12:00,2011-11-28 14:12:00,43,546.04,False,0
12793,545.48,2,295,21,1,2010-12-03 15:14:00,2011-01-09 12:12:00,24,272.74,True,36
16475,544.3,4,319,23,1,2011-03-11 09:39:00,2011-09-12 14:37:00,28,136.075,True,185
13617,544.18,3,300,31,1,2011-06-12 12:55:00,2011-10-30 13:50:00,44,181.39333333333332,True,140
13390,544.08,1,224,13,1,2011-09-26 08:38:00,2011-09-26 08:38:00,13,544.08,False,0
16927,543.05,3,993,5,1,2010-12-13 11:57:00,2011-08-16 11:10:00,6,181.01666666666665,True,245
13278,542.73,1,537,46,1,2011-10-30 11:49:00,2011-10-30 11:49:00,46,542.73,False,0
16230,542.03,2,365,32,1,2011-05-03 15:12:00,2011-06-03 10:06:00,35,271.015,True,30
17897,541.8100000000001,3,222,100,1,2010-12-01 12:31:00,2011-06-20 11:23:00,108,180.60333333333335,True,200
17447,541.53,2,443,33,1,2011-09-29 10:10:00,2011-10-30 14:18:00,36,270.765,True,31
17557,541.46,3,306,27,1,2011-09-19 14:23:00,2011-11-25 12:57:00,34,180.48666666666668,True,66
13874,540.45,1,180,18,1,2010-12-16 18:20:00,2010-12-16 18:20:00,18,540.45,False,0
12743,540.13,2,315,114,1,2011-07-28 16:06:00,2011-07-28 16:21:00,131,270.065,True,0
13812,539.0,3,333,33,1,2011-08-26 12:54:00,2011-10-28 14:27:00,36,179.66666666666666,True,63
14496,538.8100000000001,2,159,16,1,2010-12-01 15:35:00,2011-02-01 09:01:00,19,269.40500000000003,True,61
15469,538.55,2,153,24,1,2011-08-11 16:54:00,2011-10-20 16:21:00,24,269.275,True,69
15539,538.46,1,410,41,1,2011-12-02 13:36:00,2011-12-02 13:36:00,41,538.46,False,0
14539,537.48,2,428,31,1,2011-10-26 12:03:00,2011-11-24 09:50:00,32,268.74,True,28
16206,537.0600000000001,4,272,52,1,2011-01-16 11:07:00,2011-10-16 10:41:00,63,134.26500000000001,True,272
15043,537.0,1,300,3,1,2011-11-08 14:26:00,2011-11-08 14:26:00,3,537.0,False,0
16804,536.99,3,246,59,1,2011-03-14 15:48:00,2011-11-16 16:43:00,60,178.99666666666667,True,247
16233,536.6800000000001,3,174,22,1,2010-12-08 12:51:00,2011-09-29 17:27:00,22,178.89333333333335,True,295
16142,535.34,1,422,37,1,2011-04-04 10:16:00,2011-04-04 10:16:00,37,535.34,False,0
13000,534.85,3,379,30,1,2010-12-10 10:26:00,2011-08-25 10:43:00,31,178.28333333333333,True,258
13385,534.57,1,281,35,1,2011-01-14 09:52:00,2011-01-14 09:52:00,35,534.57,False,0
16340,534.31,1,486,124,1,2011-08-24 14:53:00,2011-08-24 14:53:00,141,534.31,False,0
17443,534.24,1,504,1,1,2011-05-04 10:47:00,2011-05-04 10:47:00,1,534.24,False,0
13434,534.24,2,300,9,1,2011-09-04 10:35:00,2011-09-26 14:30:00,10,267.12,True,22
13217,533.98,3,262,3,1,2011-07-06 12:08:00,2011-08-09 15:32:00,4,177.99333333333334,True,34
17062,533.33,4,418,52,1,2010-12-05 11:59:00,2011-01-30 11:01:00,69,133.3325,True,55
15433,533.3,2,534,40,1,2011-03-17 14:12:00,2011-05-10 10:45:00,41,266.65,True,53
15825,532.94,1,220,20,1,2011-06-20 13:27:00,2011-06-20 13:27:00,20,532.94,False,0
12784,532.8199999999999,2,280,54,1,2011-11-24 12:53:00,2011-11-30 15:38:00,57,266.40999999999997,True,6
16706,531.35,3,249,108,1,2011-08-17 15:53:00,2011-11-02 13:50:00,123,177.11666666666667,True,76
14265,530.18,2,330,31,1,2011-07-14 09:10:00,2011-08-22 13:32:00,31,265.09,True,39
18159,530.15,1,139,23,1,2011-02-11 14:26:00,2011-02-11 14:26:00,23,530.15,False,0
14002,529.73,2,877,47,1,2011-07-06 14:59:00,2011-07-28 15:55:00,47,264.865,True,22
14463,529.62,3,179,6,1,2011-05-18 14:42:00,2011-09-02 15:20:00,6,176.54,True,107
16185,529.41,2,260,31,1,2011-04-21 11:59:00,2011-11-23 09:41:00,31,264.705,True,215
18043,529.29,3,265,106,1,2010-12-08 12:35:00,2011-11-15 12:48:00,115,176.42999999999998,True,342
15452,528.48,3,280,47,1,2011-03-20 15:21:00,2011-11-10 12:13:00,56,176.16,True,234
17631,528.33,3,334,39,1,2011-04-21 13:22:00,2011-12-08 09:47:00,39,176.11,True,230
16602,528.08,1,336,29,1,2011-11-03 15:54:00,2011-11-03 15:54:00,29,528.08,False,0
15756,528.01,4,241,160,1,2011-04-04 14:00:00,2011-10-09 13:30:00,191,132.0025,True,187
12479,527.2,1,385,31,1,2011-11-28 13:26:00,2011-11-28 13:26:00,31,527.2,False,0
17623,527.0500000000001,1,265,33,1,2011-11-07 11:32:00,2011-11-07 11:32:00,33,527.0500000000001,False,0
15919,525.69,2,385,103,1,2010-12-06 11:26:00,2011-11-20 11:28:00,122,262.845,True,349
17429,524.9200000000001,3,624,36,1,2011-05-05 09:53:00,2011-08-03 13:22:00,39,174.97333333333336,True,90
15467,524.88,3,310,41,1,2011-07-10 14:42:00,2011-11-30 14:17:00,52,174.96,True,142
13721,524.14,1,316,28,1,2011-11-03 14:05:00,2011-11-03 14:05:00,28,524.14,False,0
17329,523.11,2,142,29,1,2011-01-28 15:29:00,2011-11-25 14:24:00,33,261.555,True,300
18017,523.0,3,300,1,1,2011-02-02 13:57:00,2011-09-19 16:15:00,3,174.33333333333334,True,229
17712,522.91,1,215,29,1,2011-10-26 12:28:00,2011-10-26 12:28:00,29,522.91,False,0
12863,521.2,1,188,5,1,2011-10-18 14:15:00,2011-10-18 14:15:00,5,521.2,False,0
15149,520.8000000000001,1,128,23,1,2011-07-29 10:58:00,2011-07-29 10:58:00,23,520.8000000000001,False,0
17345,519.6899999999999,4,341,70,1,2011-05-27 12:26:00,2011-11-24 15:03:00,83,129.92249999999999,True,181
14873,519.68,1,168,28,1,2011-05-13 13:52:00,2011-05-13 13:52:00,28,519.68,False,0
12571,519.61,2,523,31,1,2011-08-10 12:35:00,2011-10-31 10:19:00,34,259.805,True,81
13643,519.44,3,273,24,1,2011-06-07 11:40:00,2011-11-08 15:37:00,28,173.14666666666668,True,154
16955,518.67,4,266,18,1,2010-12-01 13:31:00,2011-06-08 10:36:00,25,129.6675,True,188
16650,518.42,1,372,24,1,2011-09-29 09:51:00,2011-09-29 09:51:00,24,518.42,False,0
15030,518.28,2,372,7,1,2011-03-16 15:34:00,2011-09-29 10:50:00,7,259.14,True,196
18252,518.27,2,234,90,1,2011-06-21 11:47:00,2011-10-20 12:43:00,94,259.135,True,121
16892,518.19,5,236,87,1,2011-06-09 11:35:00,2011-12-08 13:18:00,97,103.638,True,182
16135,517.55,1,209,21,1,2011-03-22 12:30:00,2011-03-22 12:30:00,21,517.55,False,0
17454,517.53,4,243,57,1,2010-12-15 10:54:00,2011-05-31 13:58:00,61,129.3825,True,167
18205,517.36,2,192,30,1,2011-09-26 12:02:00,2011-11-03 13:22:00,32,258.68,True,38
13043,516.42,1,254,13,1,2011-03-11 14:52:00,2011-03-11 14:52:00,13,516.42,False,0
15882,516.36,4,276,23,1,2010-12-06 13:01:00,2011-05-25 11:35:00,23,129.09,True,169
15809,515.77,5,301,31,1,2011-02-10 11:16:00,2011-11-03 16:40:00,35,103.154,True,266
12811,514.85,3,230,27,1,2011-02-28 15:39:00,2011-03-24 09:42:00,31,171.61666666666667,True,23
15246,514.15,2,247,32,1,2010-12-16 09:46:00,2011-04-15 14:45:00,33,257.075,True,120
13005,513.7,2,172,21,1,2011-04-07 13:32:00,2011-06-19 10:53:00,26,256.85,True,72
17513,513.2,1,254,6,1,2011-09-28 16:42:00,2011-09-28 16:42:00,6,513.2,False,0
17290,513.01,2,397,92,1,2011-11-23 15:53:00,2011-12-06 12:38:00,96,256.505,True,12
17805,512.31,1,478,10,1,2011-09-27 11:49:00,2011-09-27 11:49:00,10,512.31,False,0
17480,511.82,1,338,29,1,2011-09-23 11:39:00,2011-09-23 11:39:00,29,511.82,False,0
15891,511.68,1,418,60,1,2011-04-27 12:35:00,2011-04-27 12:35:00,60,511.68,False,0
12582,511.36,2,300,21,1,2011-02-24 11:42:00,2011-04-15 08:45:00,22,255.68,True,49
14851,511.35,2,325,28,1,2011-03-28 14:59:00,2011-11-16 14:20:00,28,255.675,True,232
16561,511.12,2,244,29,1,2011-10-11 09:53:00,2011-12-04 11:50:00,31,255.56,True,54
15406,510.71000000000004,2,254,51,1,2011-02-11 16:19:00,2011-11-08 13:22:00,53,255.35500000000002,True,269
12436,509.01,1,211,16,1,2011-09-01 12:09:00,2011-09-01 12:09:00,16,509.01,False,0
17391,508.8,2,480,2,1,2011-06-28 12:21:00,2011-06-29 09:58:00,3,254.4,True,0
15417,508.8,1,284,28,1,2011-09-15 15:26:00,2011-09-15 15:26:00,28,508.8,False,0
14317,508.58000000000004,1,255,24,1,2011-10-06 10:44:00,2011-10-06 10:44:00,24,508.58000000000004,False,0
17958,508.4599999999999,1,84,7,1,2011-08-15 12:19:00,2011-08-15 12:19:00,7,508.4599999999999,False,0
17415,507.84,1,114,14,1,2011-09-21 12:50:00,2011-09-21 12:50:00,14,507.84,False,0
14158,507.66,1,781,41,1,2011-10-30 15:08:00,2011-10-30 15:08:00,41,507.66,False,0
14820,507.29,4,253,24,1,2011-06-19 14:56:00,2011-11-18 15:41:00,29,126.8225,True,152
16960,507.05,3,304,92,1,2011-04-01 11:54:00,2011-11-01 11:35:00,101,169.01666666666668,True,213
13885,506.8,2,182,28,1,2011-05-23 08:52:00,2011-06-03 15:07:00,28,253.4,True,11
16614,506.19,1,223,26,1,2011-06-10 11:36:00,2011-06-10 11:36:00,26,506.19,False,0
12988,505.82,1,126,75,1,2011-02-20 14:31:00,2011-02-20 14:31:00,83,505.82,False,0
14014,505.18,1,1076,39,1,2011-09-23 13:18:00,2011-09-23 13:18:00,39,505.18,False,0
15081,504.8,5,190,26,1,2010-12-07 16:20:00,2011-11-17 17:08:00,33,100.96000000000001,True,345
12991,503.76,2,405,31,1,2011-08-19 14:39:00,2011-11-16 15:34:00,31,251.88,True,89
17630,503.59999999999997,2,158,24,1,2011-04-21 14:03:00,2011-06-23 11:58:00,26,251.79999999999998,True,62
15535,502.9,4,135,55,1,2011-01-16 12:35:00,2011-06-19 16:02:00,72,125.725,True,154
16863,502.8,2,409,25,1,2010-12-08 08:58:00,2011-11-08 15:26:00,26,251.4,True,335
13865,501.56,4,204,26,1,2011-02-23 12:04:00,2011-10-12 13:31:00,30,125.39,True,231
15881,501.39000000000004,5,260,26,1,2010-12-10 13:32:00,2011-01-31 16:59:00,29,100.278,True,52
14871,501.28000000000003,4,179,68,1,2010-12-14 12:18:00,2011-12-06 13:42:00,93,125.32000000000001,True,357
13116,501.14,1,291,30,1,2011-07-24 14:33:00,2011-07-24 14:33:00,30,501.14,False,0
13247,501.12,4,328,18,1,2011-09-18 11:31:00,2011-11-22 10:59:00,25,125.28,True,64
16898,501.03,3,412,150,1,2010-12-06 12:23:00,2011-11-13 15:44:00,157,167.01,True,342
16616,500.42,2,370,31,1,2011-07-05 13:38:00,2011-11-24 16:31:00,33,250.21,True,142
15389,500.0,1,400,1,1,2011-06-20 16:18:00,2011-06-20 16:18:00,1,500.0,False,0
14077,499.41999999999996,5,268,33,1,2011-03-10 15:52:00,2011-10-30 12:35:00,42,99.88399999999999,True,233
15193,499.32,1,144,19,1,2011-10-10 08:23:00,2011-10-10 08:23:00,19,499.32,False,0
14681,498.95,3,76,6,1,2011-05-12 10:45:00,2011-09-29 15:52:00,7,166.31666666666666,True,140
16488,498.8,3,728,28,1,2011-07-14 11:46:00,2011-11-06 13:42:00,29,166.26666666666668,True,115
15142,498.74,1,365,26,1,2011-10-24 12:51:00,2011-10-24 12:51:00,26,498.74,False,0
17053,498.48,1,122,13,1,2011-08-01 10:23:00,2011-08-01 10:23:00,13,498.48,False,0
17298,498.42,2,387,30,1,2011-08-07 12:21:00,2011-08-30 16:43:00,30,249.21,True,23
16820,497.61,1,307,26,1,2011-09-05 12:06:00,2011-09-05 12:06:00,26,497.61,False,0
17495,497.56,2,229,21,1,2011-11-01 12:06:00,2011-12-02 12:08:00,27,248.78,True,31
15300,496.44,1,292,28,1,2011-10-06 17:08:00,2011-10-06 17:08:00,28,496.44,False,0
15018,496.21000000000004,3,189,30,1,2010-12-07 10:47:00,2011-11-01 12:47:00,31,165.40333333333334,True,329
12904,496.06,2,294,59,1,2011-06-20 13:18:00,2011-11-21 14:34:00,71,248.03,True,154
17374,495.77,2,85,24,1,2011-03-03 12:53:00,2011-05-05 09:05:00,28,247.885,True,62
15448,494.64,1,232,28,1,2011-01-31 10:42:00,2011-01-31 10:42:00,28,494.64,False,0
16352,494.44,2,300,28,1,2011-11-02 08:44:00,2011-11-22 10:32:00,28,247.22,True,20
17333,494.25,1,375,28,1,2011-09-15 10:11:00,2011-09-15 10:11:00,28,494.25,False,0
12763,494.08,2,316,16,1,2010-12-05 15:46:00,2011-07-24 14:12:00,18,247.04,True,230
14270,492.65000000000003,1,197,29,1,2011-01-12 09:33:00,2011-01-12 09:33:00,29,492.65000000000003,False,0
13732,491.86,1,498,33,1,2011-11-11 15:49:00,2011-11-11 15:49:00,33,491.86,False,0
14236,490.86,2,310,15,1,2010-12-02 18:49:00,2011-09-20 09:13:00,15,245.43,True,291
15000,490.52,1,218,76,1,2011-10-23 11:42:00,2011-10-23 11:42:00,77,490.52,False,0
15877,490.33,2,368,122,1,2011-11-22 11:18:00,2011-12-08 11:53:00,126,245.165,True,16
14416,490.22,2,326,13,1,2011-10-28 15:10:00,2011-11-17 15:22:00,14,245.11,True,20
18074,489.6,1,190,13,1,2010-12-01 09:53:00,2010-12-01 09:53:00,13,489.6,False,0
12809,489.31,1,220,25,1,2011-06-15 10:51:00,2011-06-15 10:51:00,25,489.31,False,0
17361,488.2,3,157,26,1,2011-02-21 09:55:00,2011-10-21 15:43:00,29,162.73333333333332,True,242
14396,487.99,2,225,71,1,2010-12-03 15:19:00,2011-10-05 16:09:00,73,243.995,True,306
15165,487.75,1,160,27,1,2010-12-01 14:03:00,2010-12-01 14:03:00,27,487.75,False,0
16643,487.51,1,269,27,1,2011-04-08 08:24:00,2011-04-08 08:24:00,27,487.51,False,0
13338,487.02,1,256,19,1,2011-07-05 09:06:00,2011-07-05 09:06:00,19,487.02,False,0
13675,486.82000000000005,2,330,25,1,2011-02-28 12:14:00,2011-07-11 12:57:00,25,243.41000000000003,True,133
17453,486.71999999999997,2,219,19,1,2011-10-06 17:02:00,2011-11-22 09:42:00,19,243.35999999999999,True,46
15287,486.69,2,433,17,1,2011-09-30 12:30:00,2011-11-17 15:34:00,20,243.345,True,48
13153,486.22,1,418,15,1,2011-12-04 12:14:00,2011-12-04 12:14:00,15,486.22,False,0
12639,486.1,1,201,22,1,2011-04-15 12:48:00,2011-04-15 12:48:00,22,486.1,False,0
15109,484.95,1,131,28,1,2011-04-08 09:58:00,2011-04-08 09:58:00,28,484.95,False,0
16999,484.82,2,294,21,1,2011-09-26 15:43:00,2011-11-16 13:53:00,23,242.41,True,50
16518,484.32,2,327,36,1,2011-02-28 16:36:00,2011-10-09 15:04:00,40,242.16,True,222
13531,483.8,2,174,17,1,2010-12-08 15:03:00,2011-05-18 16:56:00,22,241.9,True,161
14958,483.72999999999996,3,128,33,1,2011-04-08 11:28:00,2011-07-15 14:20:00,41,161.2433333333333,True,98
12808,483.65000000000003,3,188,27,1,2010-12-06 10:27:00,2011-11-03 10:05:00,28,161.21666666666667,True,331
14147,483.4,2,108,4,1,2011-02-27 11:42:00,2011-09-22 18:10:00,5,241.7,True,207
14450,483.25,3,241,32,1,2011-01-23 11:53:00,2011-06-12 10:46:00,40,161.08333333333334,True,139
16603,482.47,2,480,34,1,2011-09-09 13:02:00,2011-09-26 10:06:00,34,241.235,True,16
17950,482.2,3,366,63,1,2010-12-09 15:16:00,2011-09-28 15:18:00,71,160.73333333333332,True,293
12504,482.04999999999995,2,90,6,1,2011-11-09 14:56:00,2011-11-21 16:02:00,9,241.02499999999998,True,12
18216,481.75,1,200,26,1,2011-11-08 16:55:00,2011-11-08 16:55:00,26,481.75,False,0
13176,481.49,1,448,66,1,2011-10-24 15:43:00,2011-10-24 15:43:00,67,481.49,False,0
14130,480.91,1,257,66,1,2011-01-24 16:05:00,2011-01-24 16:05:00,66,480.91,False,0
15091,480.71,1,346,30,1,2011-10-03 12:47:00,2011-10-03 12:47:00,30,480.71,False,0
15006,480.38,1,286,121,1,2011-10-19 15:08:00,2011-10-19 15:08:00,132,480.38,False,0
17555,480.31,2,348,101,1,2011-01-09 12:31:00,2011-11-20 12:22:00,105,240.155,True,314
16368,479.91,2,251,58,1,2011-11-11 15:08:00,2011-12-07 13:12:00,69,239.955,True,25
16812,479.35,1,81,15,1,2010-12-14 12:35:00,2010-12-14 12:35:00,15,479.35,False,0
16008,478.78,3,323,29,1,2011-05-19 10:54:00,2011-11-16 10:32:00,33,159.59333333333333,True,180
15589,478.53000000000003,3,243,28,1,2011-02-02 10:46:00,2011-03-29 09:54:00,29,159.51000000000002,True,54
16768,478.09000000000003,3,196,47,1,2011-03-13 10:25:00,2011-10-23 10:38:00,54,159.36333333333334,True,224
12644,477.91,1,325,31,1,2011-08-02 10:33:00,2011-08-02 10:33:00,31,477.91,False,0
16693,477.86,2,203,58,1,2011-03-13 11:06:00,2011-10-02 11:10:00,59,238.93,True,203
13092,477.83,5,279,19,1,2010-12-15 12:27:00,2011-09-30 11:18:00,25,95.566,True,288
14320,477.79,2,325,29,1,2011-01-11 09:12:00,2011-05-17 09:24:00,31,238.895,True,126
12447,476.49,1,190,26,1,2011-04-10 13:25:00,2011-04-10 13:25:00,26,476.49,False,0
18176,476.35,1,283,30,1,2010-12-16 15:45:00,2010-12-16 15:45:00,30,476.35,False,0
15507,475.86,1,160,41,1,2011-06-21 11:19:00,2011-06-21 11:19:00,45,475.86,False,0
14853,475.8,2,82,8,1,2011-05-12 15:17:00,2011-11-15 16:56:00,9,237.9,True,187
14497,475.37,1,235,29,1,2011-02-03 17:01:00,2011-02-03 17:01:00,29,475.37,False,0
15780,475.28000000000003,3,220,26,1,2010-12-17 11:43:00,2011-06-09 12:01:00,29,158.42666666666668,True,174
14013,473.02,3,462,30,1,2011-03-09 08:59:00,2011-08-21 15:01:00,34,157.67333333333332,True,165
16038,471.78000000000003,3,244,24,1,2011-05-22 11:29:00,2011-12-02 12:40:00,26,157.26000000000002,True,194
15721,471.40000000000003,1,388,80,1,2011-11-28 12:14:00,2011-11-28 12:14:00,84,471.40000000000003,False,0
13066,470.8,2,322,48,1,2011-11-07 17:06:00,2011-11-15 12:57:00,48,235.4,True,7
15963,470.76,2,298,26,1,2011-10-25 13:05:00,2011-11-20 11:33:00,28,235.38,True,25
14431,470.36,1,130,17,1,2011-02-10 10:40:00,2011-02-10 10:40:00,17,470.36,False,0
15026,469.0,3,285,57,1,2011-03-07 13:45:00,2011-09-20 13:52:00,61,156.33333333333334,True,197
15557,468.91,1,213,16,1,2011-11-11 12:46:00,2011-11-11 12:46:00,19,468.91,False,0
14896,468.77000000000004,2,279,43,1,2010-12-09 12:24:00,2011-05-19 10:20:00,43,234.38500000000002,True,160
13171,468.41,3,229,37,1,2011-02-13 14:16:00,2011-11-18 10:27:00,46,156.13666666666668,True,277
14029,467.66,2,198,15,1,2011-07-18 16:57:00,2011-10-07 14:46:00,15,233.83,True,80
15468,467.51,2,155,24,1,2011-10-19 13:38:00,2011-10-19 13:49:00,24,233.755,True,0
13579,467.04,2,176,19,1,2010-12-05 16:10:00,2011-11-25 08:41:00,23,233.52,True,354
16374,466.73,2,237,101,1,2011-03-22 13:46:00,2011-10-04 15:21:00,109,233.365,True,196
14205,466.7,2,204,23,1,2011-03-20 15:07:00,2011-11-23 10:55:00,24,233.35,True,247
16504,465.88,1,510,76,1,2011-11-14 15:18:00,2011-11-14 15:18:00,83,465.88,False,0
13248,465.68,2,305,25,1,2011-06-03 13:05:00,2011-08-07 12:40:00,26,232.84,True,64
16742,464.9,1,1,1,1,2011-10-24 12:02:00,2011-10-24 12:02:00,1,464.9,False,0
13928,464.57,4,129,23,1,2011-07-29 15:59:00,2011-11-29 10:33:00,27,116.1425,True,122
16586,463.95,1,95,8,1,2011-04-05 09:32:00,2011-04-05 09:32:00,8,463.95,False,0
15349,463.90999999999997,2,321,65,1,2011-06-05 15:46:00,2011-07-04 16:06:00,71,231.95499999999998,True,29
14967,463.8,1,140,6,1,2011-10-21 11:06:00,2011-10-21 11:06:00,6,463.8,False,0
12787,463.66,3,261,17,1,2011-05-31 09:36:00,2011-11-30 08:44:00,20,154.55333333333334,True,182
17418,463.46000000000004,2,289,29,1,2011-01-20 11:39:00,2011-10-28 13:00:00,30,231.73000000000002,True,281
14489,463.38,1,299,30,1,2011-05-16 14:51:00,2011-05-16 14:51:00,30,463.38,False,0
17964,463.21,2,294,84,1,2010-12-02 13:32:00,2011-11-08 10:44:00,98,231.605,True,340
12945,462.95,1,165,23,1,2011-02-24 14:15:00,2011-02-24 14:15:00,23,462.95,False,0
14331,462.65999999999997,2,252,27,1,2011-07-27 15:14:00,2011-08-07 13:17:00,28,231.32999999999998,True,10
14470,461.19,2,193,43,1,2011-02-25 11:56:00,2011-11-28 10:31:00,43,230.595,True,275
16824,460.64,2,236,23,1,2011-06-28 13:36:00,2011-11-24 12:38:00,26,230.32,True,148
16805,460.59,2,539,94,1,2010-12-14 13:35:00,2011-06-19 11:23:00,98,230.295,True,186
12491,460.40000000000003,1,260,25,1,2011-11-01 12:18:00,2011-11-01 12:18:00,26,460.40000000000003,False,0
12355,459.4,1,240,13,1,2011-05-09 13:49:00,2011-05-09 13:49:00,13,459.4,False,0
16589,459.24,3,368,31,1,2011-07-01 13:31:00,2011-09-29 14:50:00,33,153.08,True,90
17880,458.92,1,314,26,1,2010-12-10 10:21:00,2010-12-10 10:21:00,26,458.92,False,0
15754,458.57,3,199,24,1,2011-04-07 12:24:00,2011-10-19 14:40:00,28,152.85666666666665,True,195
13506,458.52,2,324,26,1,2010-12-05 12:15:00,2011-01-27 13:53:00,26,229.26,True,53
15092,457.81,2,135,23,1,2011-03-01 12:24:00,2011-05-08 14:10:00,26,228.905,True,68
15121,457.72,2,199,28,1,2011-02-24 12:41:00,2011-10-20 14:51:00,28,228.86,True,238
12375,457.5,2,178,14,1,2011-09-02 14:23:00,2011-11-29 10:36:00,17,228.75,True,87
13398,457.34,1,281,26,1,2011-05-31 13:17:00,2011-05-31 13:17:00,26,457.34,False,0
12564,456.9,1,133,21,1,2011-03-23 14:55:00,2011-03-23 14:55:00,21,456.9,False,0
12999,455.88,3,342,25,1,2011-04-08 10:26:00,2011-05-27 13:24:00,28,151.96,True,49
14513,455.59000000000003,3,361,11,1,2011-02-24 09:36:00,2011-08-31 11:25:00,12,151.86333333333334,True,188
15585,455.3,1,320,31,1,2011-06-16 08:38:00,2011-06-16 08:38:00,31,455.3,False,0
16529,455.25,1,198,30,1,2011-06-02 17:23:00,2011-06-02 17:23:00,30,455.25,False,0
14335,454.86,2,375,55,1,2011-09-04 13:07:00,2011-11-23 13:41:00,60,227.43,True,80
15471,454.48,1,256,67,1,2011-12-07 14:12:00,2011-12-07 14:12:00,73,454.48,False,0
13485,454.24,1,277,23,1,2011-04-20 13:58:00,2011-04-20 13:58:00,23,454.24,False,0
17140,454.12,1,296,16,1,2011-04-06 13:33:00,2011-04-06 13:33:00,18,454.12,False,0
15475,454.10999999999996,1,319,29,1,2011-09-23 15:20:00,2011-09-23 15:20:00,29,454.10999999999996,False,0
17564,454.01,3,146,38,1,2011-09-20 14:00:00,2011-11-15 13:27:00,49,151.33666666666667,True,55
18158,453.4,2,354,24,1,2011-09-12 09:03:00,2011-11-30 16:19:00,34,226.7,True,79
12729,453.01,1,233,26,1,2011-08-18 11:40:00,2011-08-18 11:40:00,26,453.01,False,0
18071,453.0,2,260,23,1,2010-12-09 10:33:00,2011-03-27 11:59:00,25,226.5,True,108
14184,452.89,1,127,24,1,2011-10-04 12:43:00,2011-10-04 12:43:00,24,452.89,False,0
12591,452.84999999999997,1,228,26,1,2011-01-26 14:35:00,2011-01-26 14:35:00,26,452.84999999999997,False,0
16574,451.44,1,416,28,1,2011-09-29 13:39:00,2011-09-29 13:39:00,28,451.44,False,0
15802,451.42,1,1,1,1,2011-07-20 11:38:00,2011-07-20 11:38:00,1,451.42,False,0
14173,450.84,4,150,28,1,2011-05-04 14:03:00,2011-11-29 11:54:00,29,112.71,True,208
16885,450.41,3,178,82,1,2010-12-17 17:23:00,2011-11-24 13:40:00,96,150.13666666666668,True,341
17040,449.73,1,181,15,1,2011-07-25 10:19:00,2011-07-25 10:19:00,15,449.73,False,0
13489,449.52,4,560,11,1,2011-02-18 10:42:00,2011-08-26 13:16:00,14,112.38,True,189
12448,449.45,1,243,22,1,2011-10-26 13:46:00,2011-10-26 13:46:00,22,449.45,False,0
15739,449.12,1,472,8,1,2011-10-04 13:42:00,2011-10-04 13:42:00,8,449.12,False,0
17579,448.90000000000003,3,258,46,1,2011-06-13 14:12:00,2011-12-05 12:28:00,50,149.63333333333335,True,174
14780,447.68,2,310,26,1,2011-09-21 15:15:00,2011-10-16 12:46:00,27,223.84,True,24
15646,447.64000000000004,3,394,35,1,2010-12-02 16:59:00,2011-07-05 09:53:00,35,149.21333333333334,True,214
15368,446.94000000000005,1,230,4,1,2011-11-18 14:42:00,2011-11-18 14:42:00,4,446.94000000000005,False,0
14149,446.62,1,218,28,1,2011-05-03 09:44:00,2011-05-03 09:44:00,28,446.62,False,0
17370,446.18,4,540,31,1,2011-06-23 11:50:00,2011-09-28 10:14:00,33,111.545,True,96
17190,444.74,2,161,19,1,2011-05-16 15:29:00,2011-10-12 11:33:00,19,222.37,True,148
18006,444.68,1,220,21,1,2011-11-16 16:52:00,2011-11-16 16:52:00,22,444.68,False,0
14638,443.6,1,166,16,1,2011-10-20 10:10:00,2011-10-20 10:10:00,16,443.6,False,0
16404,443.05,1,157,23,1,2011-09-30 14:55:00,2011-09-30 14:55:00,23,443.05,False,0
18222,443.0,1,335,19,1,2011-09-08 10:45:00,2011-09-08 10:45:00,19,443.0,False,0
12579,440.42,1,285,29,1,2011-09-22 17:15:00,2011-09-22 17:15:00,29,440.42,False,0
18233,440.0,1,4,1,1,2011-01-18 08:44:00,2011-01-18 08:44:00,1,440.0,False,0
14022,440.0,1,487,28,1,2011-04-28 14:39:00,2011-04-28 14:39:00,28,440.0,False,0
15524,440.0,1,4,1,1,2011-11-15 12:09:00,2011-11-15 12:09:00,1,440.0,False,0
13954,439.92,2,150,24,1,2011-09-30 10:52:00,2011-12-08 12:50:00,25,219.96,True,69
12391,439.66,1,293,92,1,2011-11-18 12:07:00,2011-11-18 12:07:00,93,439.66,False,0
16025,439.65999999999997,1,338,28,1,2011-11-10 11:45:00,2011-11-10 11:45:00,28,439.65999999999997,False,0
13359,439.56,1,161,23,1,2011-10-07 09:30:00,2011-10-07 09:30:00,23,439.56,False,0
16968,439.43,2,326,31,1,2011-08-24 10:51:00,2011-12-05 15:02:00,31,219.715,True,103
13358,439.03,1,285,29,1,2011-03-16 11:52:00,2011-03-16 11:52:00,29,439.03,False,0
14272,437.96,2,599,33,1,2011-03-30 13:57:00,2011-09-27 10:08:00,33,218.98,True,180
12552,437.82,2,88,20,1,2011-10-31 12:11:00,2011-11-01 10:02:00,20,218.91,True,0
16034,437.7,3,242,18,1,2011-01-11 11:54:00,2011-05-27 16:17:00,22,145.9,True,136
12592,437.6,2,290,11,1,2011-05-10 13:44:00,2011-09-08 15:04:00,18,218.8,True,121
16084,436.18,1,216,38,1,2011-02-13 16:05:00,2011-02-13 16:05:00,38,436.18,False,0
15551,436.06,1,218,29,1,2011-11-03 12:37:00,2011-11-03 12:37:00,29,436.06,False,0
16948,435.02,3,1614,15,1,2011-01-18 10:58:00,2011-07-24 12:46:00,19,145.00666666666666,True,187
15456,434.59000000000003,3,633,48,1,2010-12-15 15:34:00,2011-03-01 13:51:00,58,144.86333333333334,True,75
14910,434.35,4,238,25,1,2011-10-16 11:06:00,2011-12-07 10:06:00,30,108.5875,True,51
14460,434.34,3,881,14,1,2011-02-02 11:55:00,2011-08-21 14:19:00,16,144.78,True,200
14093,433.86,1,391,95,1,2011-11-27 16:27:00,2011-11-27 16:27:00,100,433.86,False,0
12493,433.74,2,207,20,1,2011-05-26 14:53:00,2011-06-27 10:17:00,22,216.87,True,31
17035,433.53000000000003,2,229,27,1,2011-02-01 12:27:00,2011-04-08 11:23:00,28,216.76500000000001,True,65
16236,432.2,1,184,20,1,2011-09-22 14:10:00,2011-09-22 14:10:00,20,432.2,False,0
16881,432.0,1,600,1,1,2011-10-04 10:33:00,2011-10-04 10:33:00,1,432.0,False,0
12452,430.57,2,185,21,1,2011-11-23 08:05:00,2011-11-23 10:28:00,22,215.285,True,0
13245,430.5,1,125,16,1,2011-10-20 11:40:00,2011-10-20 11:40:00,16,430.5,False,0
12795,430.48,1,68,14,1,2011-11-21 10:27:00,2011-11-21 10:27:00,14,430.48,False,0
12827,430.15000000000003,3,197,19,1,2011-10-26 15:44:00,2011-12-04 12:17:00,25,143.38333333333335,True,38
16884,429.84000000000003,2,320,26,1,2011-11-02 10:16:00,2011-11-02 11:52:00,26,214.92000000000002,True,0
15450,429.84,1,376,30,1,2011-11-09 17:11:00,2011-11-09 17:11:00,30,429.84,False,0
15230,429.6,2,351,23,1,2011-04-13 11:04:00,2011-04-14 14:39:00,23,214.8,True,1
15036,429.56,3,316,107,1,2011-06-13 12:19:00,2011-09-28 15:42:00,119,143.18666666666667,True,107
15553,428.93,1,449,51,1,2011-10-10 14:02:00,2011-10-10 14:02:00,55,428.93,False,0
13602,428.89,1,267,23,1,2011-10-06 11:47:00,2011-10-06 11:47:00,23,428.89,False,0
15957,428.89,1,211,40,1,2011-11-08 12:14:00,2011-11-08 12:14:00,42,428.89,False,0
17869,428.18,5,111,37,1,2010-12-06 17:16:00,2011-08-24 16:16:00,40,85.636,True,260
15360,427.93,1,223,13,1,2011-10-31 09:35:00,2011-10-31 09:35:00,13,427.93,False,0
12725,427.8,1,164,24,1,2010-12-03 15:45:00,2010-12-03 15:45:00,24,427.8,False,0
12403,427.7,1,96,5,1,2011-10-21 10:51:00,2011-10-21 10:51:00,5,427.7,False,0
15976,427.64,2,275,83,1,2011-05-03 17:12:00,2011-06-27 13:00:00,96,213.82,True,54
12740,427.6,1,342,27,1,2011-10-07 10:44:00,2011-10-07 10:44:00,27,427.6,False,0
12802,427.58,1,314,25,1,2011-06-06 09:36:00,2011-06-06 09:36:00,25,427.58,False,0
15930,426.63,1,139,21,1,2011-10-03 14:52:00,2011-10-03 14:52:00,21,426.63,False,0
14288,426.6,1,188,16,1,2011-05-10 13:22:00,2011-05-10 13:22:00,16,426.6,False,0
15639,425.32,1,323,25,1,2011-07-28 14:30:00,2011-07-28 14:30:00,25,425.32,False,0
14157,424.89000000000004,2,271,45,1,2011-02-27 13:04:00,2011-11-20 11:32:00,46,212.44500000000002,True,265
16119,423.36,2,240,14,1,2011-09-28 10:15:00,2011-12-01 15:11:00,16,211.68,True,64
17525,422.70000000000005,1,82,9,1,2010-12-15 12:05:00,2010-12-15 12:05:00,9,422.70000000000005,False,0
13473,422.64,2,266,21,1,2011-01-11 08:45:00,2011-10-10 11:20:00,21,211.32,True,272
16689,422.59999999999997,2,330,12,1,2011-09-18 13:29:00,2011-09-25 11:39:00,13,211.29999999999998,True,6
18240,422.58,1,126,6,1,2011-10-24 13:06:00,2011-10-24 13:06:00,6,422.58,False,0
13140,422.47,3,185,40,1,2010-12-08 15:12:00,2011-08-23 15:33:00,45,140.82333333333335,True,258
16780,422.24,2,270,51,1,2011-03-25 17:34:00,2011-08-31 16:09:00,59,211.12,True,158
18106,421.9,1,126,33,1,2011-01-14 12:23:00,2011-01-14 12:23:00,37,421.9,False,0
14757,420.5,1,160,19,1,2011-09-25 14:36:00,2011-09-25 14:36:00,19,420.5,False,0
15206,420.29999999999995,4,162,3,1,2011-03-09 08:59:00,2011-11-29 13:41:00,9,105.07499999999999,True,265
15889,420.07,2,206,79,1,2010-12-05 15:12:00,2011-07-06 11:10:00,85,210.035,True,212
14124,419.58000000000004,1,1618,4,1,2011-09-16 13:32:00,2011-09-16 13:32:00,5,419.58000000000004,False,0
15361,418.92,1,336,7,1,2010-12-13 09:52:00,2010-12-13 09:52:00,7,418.92,False,0
18034,418.68,2,559,99,1,2011-11-18 12:08:00,2011-11-18 12:22:00,110,209.34,True,0
17371,418.4,3,151,83,1,2010-12-13 15:20:00,2011-11-22 13:30:00,86,139.46666666666667,True,343
12593,418.09999999999997,3,206,14,1,2011-05-05 09:29:00,2011-08-23 12:43:00,21,139.36666666666665,True,110
17701,417.95,1,109,24,1,2011-04-01 12:25:00,2011-04-01 12:25:00,24,417.95,False,0
17232,417.77,2,202,30,1,2011-11-25 12:24:00,2011-12-07 12:21:00,35,208.885,True,11
13615,417.69,1,189,23,1,2011-01-25 08:21:00,2011-01-25 08:21:00,23,417.69,False,0
16737,417.59999999999997,1,288,1,1,2011-10-17 13:03:00,2011-10-17 13:03:00,1,417.59999999999997,False,0
12833,417.38,1,156,24,1,2011-07-17 13:46:00,2011-07-17 13:46:00,24,417.38,False,0
17392,417.27,2,277,53,1,2010-12-16 19:04:00,2011-02-06 12:48:00,56,208.635,True,51
13166,417.2,1,216,39,1,2011-03-01 15:16:00,2011-03-01 15:16:00,41,417.2,False,0
16816,417.06,4,274,28,1,2010-12-16 17:01:00,2011-08-28 14:16:00,28,104.265,True,254
13889,416.90000000000003,1,146,15,1,2011-09-08 09:13:00,2011-09-08 09:13:00,15,416.90000000000003,False,0
17223,416.89,2,110,43,1,2010-12-06 14:08:00,2011-02-02 15:57:00,48,208.445,True,58
15935,416.86,2,115,12,1,2011-04-12 09:35:00,2011-04-14 13:27:00,12,208.43,True,2
16957,416.64,2,172,15,1,2011-03-03 09:25:00,2011-04-14 13:56:00,16,208.32,True,42
13085,416.08000000000004,2,216,17,1,2011-02-17 13:57:00,2011-07-05 12:11:00,22,208.04000000000002,True,137
15803,415.82000000000005,1,290,8,1,2011-10-19 14:56:00,2011-10-19 14:56:00,8,415.82000000000005,False,0
14139,415.82,1,510,26,1,2011-10-24 13:34:00,2011-10-24 13:34:00,26,415.82,False,0
12930,415.8,2,252,20,1,2011-06-21 13:25:00,2011-09-22 15:18:00,25,207.9,True,93
12580,415.7,1,238,24,1,2011-04-07 10:24:00,2011-04-07 10:24:00,24,415.7,False,0
15725,415.25,1,221,32,1,2011-11-24 14:51:00,2011-11-24 14:51:00,32,415.25,False,0
14333,415.2,1,58,15,1,2011-10-03 10:38:00,2011-10-03 10:38:00,15,415.2,False,0
18001,415.13,2,362,56,1,2011-09-14 11:21:00,2011-11-27 16:02:00,57,207.565,True,74
16795,414.88,1,239,64,1,2010-12-09 14:08:00,2010-12-09 14:08:00,66,414.88,False,0
14998,414.87,2,258,70,1,2011-04-12 16:28:00,2011-06-22 17:30:00,74,207.435,True,71
12993,414.76,4,240,26,1,2011-02-14 14:29:00,2011-11-16 15:49:00,27,103.69,True,275
15994,414.27,1,173,31,1,2011-10-16 12:28:00,2011-10-16 12:28:00,32,414.27,False,0
16239,414.2,2,228,18,1,2011-06-03 09:30:00,2011-10-14 08:29:00,19,207.1,True,132
17483,414.04,3,191,18,1,2011-06-09 19:40:00,2011-10-05 13:10:00,21,138.01333333333335,True,117
13974,413.59000000000003,1,249,28,1,2011-10-21 14:41:00,2011-10-21 14:41:00,28,413.59000000000003,False,0
16834,413.46,1,358,24,1,2011-04-26 09:37:00,2011-04-26 09:37:00,24,413.46,False,0
17134,413.2,2,98,21,1,2011-03-20 11:56:00,2011-08-25 09:53:00,23,206.6,True,157
14620,412.78000000000003,2,214,26,1,2011-03-01 08:30:00,2011-05-18 11:58:00,26,206.39000000000001,True,78
15523,412.01000000000005,1,132,10,1,2011-09-16 16:29:00,2011-09-16 16:29:00,10,412.01000000000005,False,0
16272,411.7,1,224,25,1,2011-08-15 10:53:00,2011-08-15 10:54:00,25,411.7,False,0
15186,411.41,2,215,17,1,2011-06-24 14:54:00,2011-11-25 14:58:00,19,205.705,True,154
15099,410.48,1,343,23,1,2011-09-16 13:13:00,2011-09-16 13:13:00,23,410.48,False,0
15695,409.98,2,212,22,1,2011-03-18 08:31:00,2011-03-18 08:32:00,22,204.99,True,0
14048,409.93,1,288,83,1,2011-02-07 14:53:00,2011-02-07 14:53:00,85,409.93,False,0
13827,409.8,3,138,83,1,2011-07-19 15:38:00,2011-10-13 12:38:00,92,136.6,True,85
14348,409.57,1,183,18,1,2011-03-24 16:23:00,2011-03-24 16:23:00,18,409.57,False,0
12990,409.5,3,200,8,1,2011-02-02 15:39:00,2011-11-08 13:01:00,13,136.5,True,278
15225,409.40000000000003,1,226,23,1,2011-04-19 14:51:00,2011-04-19 14:51:00,23,409.40000000000003,False,0
16243,409.1,2,110,49,1,2011-10-16 12:09:00,2011-11-06 12:32:00,51,204.55,True,21
16018,408.90000000000003,2,190,26,1,2011-06-12 13:52:00,2011-10-31 14:13:00,28,204.45000000000002,True,141
15269,408.8,1,26,2,1,2011-11-16 09:32:00,2011-11-16 09:32:00,2,408.8,False,0
17913,408.65,2,288,55,1,2010-12-19 11:35:00,2011-10-12 10:45:00,58,204.325,True,296
16629,408.63,2,489,58,1,2011-09-04 16:12:00,2011-09-27 10:34:00,60,204.315,True,22
16324,408.59000000000003,3,270,100,1,2011-06-15 14:26:00,2011-08-03 12:58:00,111,136.1966666666667,True,48
17931,408.36,2,249,63,1,2011-03-29 12:31:00,2011-07-28 18:33:00,65,204.18,True,121
16399,408.02,2,263,68,1,2011-04-18 13:46:00,2011-11-20 16:12:00,72,204.01,True,216
15127,406.53,1,251,16,1,2011-10-05 10:30:00,2011-10-05 10:30:00,16,406.53,False,0
16947,406.48,1,312,21,1,2011-04-18 09:38:00,2011-04-18 09:38:00,21,406.48,False,0
15342,406.09,1,283,24,1,2011-08-02 10:19:00,2011-08-02 10:19:00,24,406.09,False,0
14616,406.08000000000004,3,104,2,1,2011-01-26 12:42:00,2011-04-11 09:54:00,3,135.36,True,74
12970,405.47,4,268,116,1,2011-01-21 14:04:00,2011-12-02 14:30:00,129,101.3675,True,315
12922,405.38,1,370,28,1,2011-07-01 15:35:00,2011-07-01 15:35:00,28,405.38,False,0
15012,405.04,2,225,110,1,2010-12-01 12:49:00,2011-10-17 12:22:00,122,202.52,True,319
15938,404.58,5,240,13,1,2011-01-20 10:11:00,2011-08-19 12:56:00,18,80.916,True,211
16319,404.40000000000003,1,72,3,1,2011-05-06 11:27:00,2011-05-06 11:27:00,3,404.40000000000003,False,0
16484,404.3,2,200,25,1,2011-06-02 10:39:00,2011-06-19 12:06:00,25,202.15,True,17
12498,403.70000000000005,3,159,21,1,2011-10-13 09:30:00,2011-11-18 12:53:00,23,134.5666666666667,True,36
17431,403.3,1,292,41,1,2011-01-30 14:36:00,2011-01-30 14:36:00,43,403.3,False,0
15221,403.25,1,43,5,1,2010-12-08 13:08:00,2010-12-08 13:08:00,5,403.25,False,0
18036,403.12,3,232,77,1,2011-04-08 11:26:00,2011-11-07 14:40:00,94,134.37333333333333,True,213
15184,402.2,2,199,59,1,2011-06-02 12:06:00,2011-11-10 13:41:00,62,201.1,True,161
12386,401.9,2,354,10,1,2010-12-08 09:53:00,2011-01-06 12:37:00,10,200.95,True,29
15158,401.40000000000003,1,198,7,1,2011-10-25 13:53:00,2011-10-25 13:53:00,7,401.40000000000003,False,0
16500,400.86,6,123,8,1,2011-01-13 10:28:00,2011-12-05 12:04:00,11,66.81,True,326
16198,400.68100000000004,1,129,15,1,2011-09-25 14:58:00,2011-09-25 14:58:00,15,400.68100000000004,False,0
12792,400.53999999999996,1,217,25,1,2011-03-28 11:36:00,2011-03-28 11:36:00,25,400.53999999999996,False,0
17375,400.1,3,367,63,1,2010-12-13 15:16:00,2011-05-24 15:45:00,69,133.36666666666667,True,162
18164,399.65000000000003,1,184,24,1,2011-11-02 12:56:00,2011-11-02 12:56:00,24,399.65000000000003,False,0
13255,399.51,2,177,13,1,2010-12-01 11:58:00,2011-11-30 13:14:00,13,199.755,True,364
18154,399.19,2,255,15,1,2011-10-27 10:40:00,2011-12-06 16:41:00,21,199.595,True,40
17052,399.09,1,251,72,1,2011-11-11 14:50:00,2011-11-11 14:50:00,83,399.09,False,0
17830,398.7,3,92,18,1,2011-02-24 10:15:00,2011-12-08 12:28:00,23,132.9,True,287
15522,397.99,2,572,47,1,2011-09-13 12:26:00,2011-11-07 11:26:00,56,198.995,True,54
13352,397.97999999999996,1,321,24,1,2011-10-10 13:55:00,2011-10-10 13:55:00,24,397.97999999999996,False,0
12508,397.88,2,271,57,1,2011-11-10 16:27:00,2011-11-13 15:37:00,68,198.94,True,2
15967,397.68,2,205,73,1,2011-01-25 11:57:00,2011-11-16 15:41:00,80,198.84,True,295
15429,397.35,2,380,77,1,2011-09-25 13:42:00,2011-11-13 12:28:00,82,198.675,True,48
17926,397.29,2,306,17,1,2011-05-20 09:24:00,2011-07-29 14:39:00,21,198.645,True,70
12824,397.12,1,232,25,1,2011-10-11 12:49:00,2011-10-11 12:49:00,25,397.12,False,0
13594,396.97,1,359,26,1,2011-10-18 10:19:00,2011-10-18 10:19:00,26,396.97,False,0
17486,396.87,1,191,24,1,2011-03-23 14:00:00,2011-03-23 14:00:00,24,396.87,False,0
15883,396.48,2,223,42,1,2011-11-06 14:50:00,2011-12-07 17:05:00,49,198.24,True,31
18067,396.33,1,189,36,1,2011-10-30 15:58:00,2011-10-30 15:58:00,37,396.33,False,0
16354,395.8,2,150,38,1,2011-09-27 16:28:00,2011-10-07 14:28:00,39,197.9,True,9
17603,394.72,1,74,11,1,2011-09-22 14:18:00,2011-09-22 14:18:00,11,394.72,False,0
14619,394.44,1,152,20,1,2011-04-08 07:37:00,2011-04-08 07:37:00,20,394.44,False,0
16207,394.38,1,140,19,1,2011-11-14 13:51:00,2011-11-14 13:51:00,19,394.38,False,0
15386,394.14,1,446,31,1,2011-06-06 13:47:00,2011-06-06 13:47:00,31,394.14,False,0
15264,393.74,1,265,23,1,2011-10-06 13:49:00,2011-10-06 13:49:00,23,393.74,False,0
15345,393.54,1,81,20,1,2011-10-25 11:28:00,2011-10-25 11:28:00,20,393.54,False,0
17226,393.49,1,406,21,1,2011-02-04 11:52:00,2011-02-04 11:52:00,21,393.49,False,0
14600,393.33000000000004,1,125,25,1,2011-02-07 09:48:00,2011-02-07 09:48:00,25,393.33000000000004,False,0
14670,392.86,2,326,107,1,2011-03-04 13:58:00,2011-03-04 14:13:00,123,196.43,True,0
16010,392.4,3,202,62,1,2010-12-12 12:18:00,2011-04-08 10:14:00,79,130.79999999999998,True,116
15837,391.98,1,189,24,1,2011-10-06 09:01:00,2011-10-06 09:01:00,24,391.98,False,0
16917,391.52,1,232,9,1,2011-03-08 11:55:00,2011-03-08 11:55:00,9,391.52,False,0
12982,390.54,1,288,28,1,2011-04-11 11:51:00,2011-04-11 11:51:00,28,390.54,False,0
18024,389.78,2,184,21,1,2011-07-10 12:28:00,2011-07-10 12:40:00,21,194.89,True,0
17379,389.71999999999997,1,623,71,1,2011-11-28 13:56:00,2011-11-28 13:56:00,78,389.71999999999997,False,0
14752,389.64,1,260,5,1,2011-10-27 11:55:00,2011-10-27 11:55:00,5,389.64,False,0
13873,389.6,3,140,21,1,2011-02-03 09:37:00,2011-08-12 10:08:00,23,129.86666666666667,True,190
13345,389.5,1,141,20,1,2011-02-25 09:01:00,2011-02-25 09:01:00,20,389.5,False,0
16250,389.44,2,208,22,1,2010-12-01 09:59:00,2011-03-23 15:07:00,24,194.72,True,112
15847,389.27,2,449,22,1,2011-02-24 16:46:00,2011-11-01 14:41:00,22,194.635,True,249
12690,389.01,1,106,16,1,2011-05-18 09:09:00,2011-05-18 09:09:00,16,389.01,False,0
15592,388.58,1,354,24,1,2011-10-24 08:59:00,2011-10-24 08:59:00,24,388.58,False,0
13899,388.52,2,156,19,1,2011-03-10 09:30:00,2011-11-23 13:40:00,19,194.26,True,258
13856,388.5,3,494,10,1,2011-05-20 13:13:00,2011-06-24 10:03:00,14,129.5,True,34
17438,388.45000000000005,1,103,17,1,2011-03-31 10:26:00,2011-03-31 10:26:00,17,388.45000000000005,False,0
14538,388.25,2,155,19,1,2011-03-28 14:57:00,2011-10-06 10:31:00,19,194.125,True,191
17817,387.68,3,67,32,1,2011-03-07 17:30:00,2011-12-05 14:39:00,33,129.22666666666666,True,272
14420,387.52,1,334,29,1,2011-09-01 18:07:00,2011-09-01 18:07:00,29,387.52,False,0
13673,387.44,2,114,47,1,2011-11-07 15:40:00,2011-11-21 12:11:00,60,193.72,True,13
17508,387.31,1,289,22,1,2011-03-04 08:10:00,2011-03-04 08:10:00,22,387.31,False,0
17595,386.69,2,228,68,1,2011-11-02 16:19:00,2011-11-27 16:08:00,82,193.345,True,24
14114,386.53,2,101,15,1,2011-01-13 11:05:00,2011-03-11 09:42:00,15,193.265,True,56
15664,386.43,1,157,17,1,2011-10-20 10:57:00,2011-10-20 10:57:00,17,386.43,False,0
17614,386.32,1,235,97,1,2011-10-13 16:01:00,2011-10-13 16:01:00,98,386.32,False,0
14779,386.15,3,84,40,1,2011-01-20 12:04:00,2011-03-04 12:42:00,41,128.71666666666667,True,43
13821,385.64,2,153,51,1,2011-03-23 11:30:00,2011-07-18 09:49:00,59,192.82,True,116
17711,385.1,2,246,22,1,2011-02-23 11:32:00,2011-11-29 11:40:00,23,192.55,True,279
13919,384.81,2,474,24,1,2011-08-10 10:15:00,2011-10-11 14:24:00,28,192.405,True,62
17357,384.39,2,152,41,1,2011-11-15 16:29:00,2011-11-15 16:30:00,44,192.195,True,0
16204,384.18,1,218,45,1,2011-11-16 13:40:00,2011-11-16 13:40:00,50,384.18,False,0
17205,384.08,1,884,13,1,2011-10-17 12:46:00,2011-10-17 12:46:00,13,384.08,False,0
16982,384.06,1,182,22,1,2011-10-10 12:28:00,2011-10-10 12:28:00,22,384.06,False,0
12733,383.95,1,137,22,1,2011-04-19 16:19:00,2011-04-19 16:19:00,22,383.95,False,0
13833,383.85,1,117,28,1,2011-07-03 13:27:00,2011-07-03 13:27:00,28,383.85,False,0
17189,383.75,2,226,52,1,2010-12-15 17:28:00,2011-08-25 19:39:00,60,191.875,True,253
12515,383.7,1,131,16,1,2010-12-21 15:43:00,2010-12-21 15:43:00,16,383.7,False,0
15440,383.68,3,197,50,1,2011-05-15 11:30:00,2011-10-16 12:16:00,62,127.89333333333333,True,154
14304,383.45,1,139,17,1,2011-05-01 11:50:00,2011-05-01 11:50:00,17,383.45,False,0
15424,383.34,2,554,17,1,2011-03-30 13:00:00,2011-03-30 13:02:00,17,191.67,True,0
12832,383.03,2,195,27,1,2011-09-02 13:48:00,2011-11-07 13:30:00,27,191.515,True,65
13817,382.98,2,211,20,1,2010-12-23 11:46:00,2011-11-10 17:49:00,24,191.49,True,322
17239,382.5,1,150,15,1,2011-01-31 09:41:00,2011-01-31 09:41:00,15,382.5,False,0
13657,382.14,2,209,16,1,2011-05-22 12:35:00,2011-11-29 12:32:00,16,191.07,True,190
17250,381.97,2,167,55,1,2011-03-23 16:45:00,2011-12-06 12:15:00,56,190.985,True,257
15090,381.32,1,208,23,1,2011-02-04 14:03:00,2011-02-04 14:03:00,23,381.32,False,0
16441,381.2,2,173,22,1,2011-02-21 17:35:00,2011-10-03 17:48:00,24,190.6,True,224
15048,381.0,4,192,86,1,2010-12-06 12:15:00,2011-10-05 14:55:00,94,95.25,True,303
12871,380.64,2,200,8,1,2011-05-16 13:32:00,2011-09-16 15:07:00,11,190.32,True,123
17573,380.6,3,308,24,1,2011-09-07 10:36:00,2011-11-10 13:01:00,25,126.86666666666667,True,64
17138,380.5,1,126,24,1,2011-03-09 11:54:00,2011-03-09 11:54:00,24,380.5,False,0
17999,380.39,2,219,87,1,2010-12-08 15:17:00,2011-11-02 15:56:00,91,190.195,True,329
17031,380.35,2,235,19,1,2011-07-08 09:38:00,2011-11-28 10:23:00,22,190.175,True,143
17936,380.13,1,257,68,1,2011-12-04 13:32:00,2011-12-04 13:32:00,72,380.13,False,0
14731,380.02,3,256,38,1,2011-05-11 13:06:00,2011-10-23 15:54:00,45,126.67333333333333,True,165
16552,379.73,2,219,17,1,2010-12-01 12:36:00,2011-04-11 10:04:00,17,189.865,True,130
13656,379.65,2,490,49,1,2011-01-06 15:42:00,2011-06-28 10:31:00,49,189.825,True,172
13589,379.65,2,114,21,1,2011-06-13 12:44:00,2011-11-25 12:10:00,21,189.825,True,164
17878,379.45,1,401,26,1,2011-10-27 11:24:00,2011-10-27 11:24:00,26,379.45,False,0
15885,379.35,3,111,18,1,2011-02-03 15:28:00,2011-09-08 10:43:00,18,126.45,True,216
16909,379.14,1,436,18,1,2011-09-28 16:45:00,2011-09-28 16:45:00,18,379.14,False,0
16930,378.89,3,339,47,1,2011-10-02 14:25:00,2011-11-13 16:13:00,53,126.29666666666667,True,42
13372,378.64,1,159,23,1,2011-09-11 12:46:00,2011-09-11 12:46:00,23,378.64,False,0
17078,378.2,2,788,28,1,2011-11-03 18:49:00,2011-11-03 19:17:00,28,189.1,True,0
17736,377.44,3,238,24,1,2011-08-18 14:33:00,2011-11-30 15:36:00,25,125.81333333333333,True,104
12890,376.71999999999997,1,256,78,1,2011-11-15 17:26:00,2011-11-15 17:26:00,79,376.71999999999997,False,0
17489,376.64,2,428,28,1,2011-05-11 11:34:00,2011-10-12 08:56:00,29,188.32,True,153
13936,376.58,1,330,26,1,2011-06-13 08:47:00,2011-06-13 08:47:00,26,376.58,False,0
16858,375.69000000000005,1,91,9,1,2010-12-06 09:52:00,2010-12-06 09:52:00,10,375.69000000000005,False,0
14448,375.35,2,104,20,1,2010-12-10 17:26:00,2011-11-30 13:50:00,20,187.675,True,354
14079,375.1,1,301,12,1,2011-08-07 12:10:00,2011-08-07 12:10:00,12,375.1,False,0
16147,375.0,1,246,22,1,2011-07-29 09:57:00,2011-07-29 09:57:00,22,375.0,False,0
14067,374.7,2,361,51,1,2011-09-04 12:00:00,2011-10-07 10:21:00,52,187.35,True,32
17492,374.57,1,155,12,1,2011-04-05 15:21:00,2011-04-05 15:21:00,12,374.57,False,0
12873,374.0,1,128,4,1,2011-03-02 14:58:00,2011-03-02 14:58:00,4,374.0,False,0
13351,373.94,1,117,16,1,2011-10-04 12:55:00,2011-10-04 12:55:00,16,373.94,False,0
16321,373.65000000000003,5,135,7,1,2011-01-20 12:11:00,2011-09-28 14:55:00,12,74.73,True,251
12895,372.8,2,210,22,1,2011-09-14 08:35:00,2011-10-28 13:51:00,22,186.4,True,44
12544,372.7,1,136,19,1,2011-11-03 16:15:00,2011-11-03 16:15:00,19,372.7,False,0
12981,372.21999999999997,2,242,12,1,2011-07-29 14:14:00,2011-11-10 12:00:00,20,186.10999999999999,True,103
13300,371.89,1,203,20,1,2011-06-23 13:09:00,2011-06-23 13:09:00,20,371.89,False,0
18155,371.62,3,266,19,1,2011-02-21 10:36:00,2011-09-25 13:32:00,25,123.87333333333333,True,216
15472,371.56,1,251,76,1,2011-08-18 15:17:00,2011-08-18 15:17:00,76,371.56,False,0
16776,371.54,1,254,61,1,2011-10-10 13:04:00,2011-10-10 13:04:00,71,371.54,False,0
14950,371.2,1,136,19,1,2011-11-20 13:48:00,2011-11-20 13:48:00,19,371.2,False,0
15975,371.01,1,243,24,1,2011-09-16 13:33:00,2011-09-16 13:33:00,24,371.01,False,0
15063,370.79999999999995,1,56,5,1,2011-05-10 13:25:00,2011-05-10 13:25:00,5,370.79999999999995,False,0
15922,369.5,1,138,11,1,2010-12-01 13:51:00,2010-12-01 13:51:00,11,369.5,False,0
16758,369.34000000000003,1,203,22,1,2011-10-05 14:47:00,2011-10-05 14:47:00,22,369.34000000000003,False,0
14888,369.2,1,184,20,1,2011-05-16 14:58:00,2011-05-16 14:58:00,20,369.2,False,0
17765,367.63,3,143,51,1,2011-03-28 11:58:00,2011-07-04 12:41:00,56,122.54333333333334,True,98
16065,367.14,1,228,71,1,2010-12-09 13:03:00,2010-12-09 13:03:00,73,367.14,False,0
18181,366.85,1,133,40,1,2011-11-15 15:08:00,2011-11-15 15:08:00,41,366.85,False,0
17911,366.23,1,223,39,1,2011-11-30 14:52:00,2011-11-30 14:52:00,39,366.23,False,0
17432,365.76,2,207,44,1,2011-11-02 17:30:00,2011-11-21 17:33:00,48,182.88,True,19
16499,365.45,2,127,18,1,2010-12-10 10:27:00,2010-12-14 13:31:00,19,182.725,True,4
16202,365.27,1,191,18,1,2010-12-14 10:43:00,2010-12-14 10:43:00,18,365.27,False,0
14886,364.8,1,160,18,1,2011-04-01 08:56:00,2011-04-01 08:56:00,18,364.8,False,0
15949,364.72,2,284,12,1,2011-09-29 17:34:00,2011-11-23 09:09:00,19,182.36,True,54
12373,364.6,1,197,14,1,2011-02-01 13:10:00,2011-02-01 13:10:00,14,364.6,False,0
15343,364.5,1,84,21,1,2011-09-13 13:55:00,2011-09-13 13:55:00,21,364.5,False,0
14528,364.21999999999997,1,278,18,1,2011-11-02 17:09:00,2011-11-02 17:09:00,18,364.21999999999997,False,0
12538,363.95,1,191,21,1,2011-11-10 17:16:00,2011-11-10 17:16:00,21,363.95,False,0
17330,363.9,2,120,5,1,2011-10-03 11:26:00,2011-11-17 08:56:00,6,181.95,True,44
14171,363.79,1,167,57,1,2011-09-02 16:43:00,2011-09-02 16:43:00,58,363.79,False,0
16509,363.7,1,64,13,1,2011-02-16 09:25:00,2011-02-16 09:25:00,13,363.7,False,0
12915,363.65,2,93,19,1,2010-12-02 12:33:00,2011-07-14 11:34:00,22,181.825,True,223
16485,363.65,1,235,41,1,2011-09-23 15:50:00,2011-09-23 15:50:00,42,363.65,False,0
18056,363.65,1,211,19,1,2011-02-24 14:27:00,2011-02-24 14:27:00,19,363.65,False,0
14932,363.53,1,80,17,1,2010-12-09 11:48:00,2010-12-09 11:48:00,17,363.53,False,0
14427,363.34000000000003,2,228,16,1,2011-10-07 09:10:00,2011-10-20 14:23:00,17,181.67000000000002,True,13
14594,363.33,2,183,48,1,2010-12-01 13:54:00,2011-12-02 13:28:00,52,181.665,True,365
16903,363.2,1,247,50,1,2011-11-10 15:32:00,2011-11-10 15:32:00,56,363.2,False,0
16378,362.95,3,267,22,1,2011-02-02 12:42:00,2011-04-06 15:07:00,23,120.98333333333333,True,63
16052,362.06,1,282,34,1,2011-10-16 15:13:00,2011-10-16 15:13:00,34,362.06,False,0
15025,361.96,1,184,66,1,2011-11-06 15:20:00,2011-11-06 15:20:00,67,361.96,False,0
13844,361.62,1,196,20,1,2011-11-28 13:21:00,2011-11-28 13:21:00,20,361.62,False,0
16769,361.54,1,80,33,1,2011-03-24 13:41:00,2011-03-24 13:41:00,38,361.54,False,0
16305,361.21999999999997,1,256,22,1,2011-07-24 12:18:00,2011-07-24 12:18:00,22,361.21999999999997,False,0
13291,361.11,1,233,41,1,2011-07-07 10:36:00,2011-07-07 10:36:00,42,361.11,False,0
17358,360.81,2,190,55,1,2010-12-19 14:16:00,2011-02-09 16:57:00,58,180.405,True,52
16595,360.16,1,335,83,1,2011-10-09 13:15:00,2011-10-09 13:15:00,85,360.16,False,0
13780,360.01,2,318,56,1,2011-06-22 11:43:00,2011-12-02 13:49:00,57,180.005,True,163
13298,360.0,1,96,2,1,2011-12-08 13:11:00,2011-12-08 13:11:00,2,360.0,False,0
15120,358.82,1,296,21,1,2011-07-29 09:48:00,2011-07-29 09:48:00,21,358.82,False,0
17948,358.56000000000006,1,144,1,1,2011-07-15 12:58:00,2011-07-15 12:58:00,1,358.56000000000006,False,0
16823,358.38,1,136,34,1,2011-04-26 15:00:00,2011-04-26 15:00:00,38,358.38,False,0
13228,358.0,1,200,2,1,2011-09-19 14:28:00,2011-09-19 14:28:00,2,358.0,False,0
13976,357.98,1,154,10,1,2011-05-17 09:13:00,2011-05-17 09:13:00,10,357.98,False,0
17025,357.77,3,235,8,1,2010-12-01 15:45:00,2011-10-10 09:06:00,9,119.25666666666666,True,312
16971,357.21,1,72,40,1,2011-11-01 15:06:00,2011-11-01 15:06:00,41,357.21,False,0
18040,357.20000000000005,2,148,18,1,2011-04-08 08:27:00,2011-11-20 14:20:00,19,178.60000000000002,True,226
13453,356.97999999999996,2,134,16,1,2011-02-23 09:44:00,2011-06-27 09:34:00,17,178.48999999999998,True,123
14500,356.85,3,117,6,1,2011-06-03 10:08:00,2011-09-12 16:45:00,7,118.95,True,101
15713,356.7,2,150,18,1,2010-12-08 15:16:00,2011-07-19 13:34:00,19,178.35,True,222
15247,356.0,1,160,6,1,2011-08-09 12:52:00,2011-08-09 12:52:00,6,356.0,False,0
16372,355.73,2,158,86,1,2011-11-06 12:50:00,2011-11-06 13:08:00,92,177.865,True,0
15840,355.56,2,396,26,1,2011-06-20 11:42:00,2011-10-12 09:08:00,27,177.78,True,113
14537,355.56,1,120,10,1,2011-10-13 10:54:00,2011-10-13 10:54:00,10,355.56,False,0
17742,355.11,2,89,13,1,2011-01-11 10:04:00,2011-08-18 15:28:00,15,177.555,True,219
14690,355.05,2,167,40,1,2011-07-11 11:58:00,2011-10-26 15:39:00,48,177.525,True,107
12888,354.12,2,76,4,1,2011-03-29 14:31:00,2011-05-09 16:02:00,5,177.06,True,41
12845,354.09,4,204,26,1,2011-02-22 14:10:00,2011-03-17 13:34:00,27,88.5225,True,22
13173,353.65,2,277,41,1,2010-12-07 14:30:00,2011-12-05 15:51:00,43,176.825,True,363
13210,353.48,1,316,22,1,2011-09-07 08:18:00,2011-09-07 08:18:00,22,353.48,False,0
13343,353.43,1,135,19,1,2011-06-15 12:24:00,2011-06-15 12:24:00,19,353.43,False,0
14804,353.27,1,121,12,1,2011-12-01 11:20:00,2011-12-01 11:20:00,12,353.27,False,0
12617,352.98,1,210,39,1,2011-11-10 14:39:00,2011-11-10 14:39:00,41,352.98,False,0
15678,352.7,1,184,12,1,2011-10-18 09:25:00,2011-10-18 09:25:00,12,352.7,False,0
18112,352.69,2,255,26,1,2011-06-26 13:56:00,2011-11-27 14:43:00,26,176.345,True,154
16274,351.75,1,153,64,1,2010-12-01 15:35:00,2010-12-01 15:35:00,65,351.75,False,0
15901,351.73,3,379,102,1,2011-07-08 12:18:00,2011-11-23 12:43:00,111,117.24333333333334,True,138
12566,351.65,1,265,19,1,2011-09-14 14:30:00,2011-09-14 14:30:00,19,351.65,False,0
15870,351.44,1,333,68,1,2011-11-07 10:58:00,2011-11-07 10:58:00,74,351.44,False,0
15789,351.3,1,438,25,1,2010-12-16 14:35:00,2010-12-16 14:35:00,25,351.3,False,0
13923,351.13,1,185,20,1,2011-10-17 12:33:00,2011-10-17 12:33:00,20,351.13,False,0
13332,350.9,1,179,21,1,2011-11-25 13:30:00,2011-11-25 13:30:00,21,350.9,False,0
15334,350.82,3,273,67,1,2011-06-19 13:51:00,2011-07-06 11:22:00,98,116.94,True,16
13740,350.75,1,425,23,1,2011-04-13 10:32:00,2011-04-13 10:32:00,23,350.75,False,0
13108,350.06,1,298,10,1,2010-12-02 10:35:00,2010-12-02 10:35:00,10,350.06,False,0
12532,349.83000000000004,1,153,16,1,2011-11-09 13:47:00,2011-11-09 13:47:00,16,349.83000000000004,False,0
13670,349.7,1,282,25,1,2011-09-25 15:25:00,2011-09-25 15:25:00,25,349.7,False,0
13887,349.55,1,147,19,1,2011-05-19 17:22:00,2011-05-19 17:22:00,19,349.55,False,0
18250,349.27,1,199,21,1,2011-02-02 13:16:00,2011-02-02 13:16:00,21,349.27,False,0
15405,349.1,1,193,8,1,2011-06-03 14:44:00,2011-06-03 14:44:00,8,349.1,False,0
13927,348.99,1,214,21,1,2011-09-26 12:00:00,2011-09-26 12:00:00,21,348.99,False,0
17252,348.91,2,192,86,1,2011-06-06 16:41:00,2011-08-15 09:45:00,86,174.455,True,69
13790,348.8,1,748,45,1,2011-12-05 15:48:00,2011-12-05 15:48:00,45,348.8,False,0
12527,348.71000000000004,3,234,18,1,2011-01-18 12:05:00,2011-09-19 11:55:00,18,116.23666666666668,True,243
16159,348.2,1,236,14,1,2011-03-03 12:27:00,2011-03-03 12:27:00,14,348.2,False,0
13052,348.15000000000003,1,222,18,1,2011-05-11 14:12:00,2011-05-11 14:12:00,18,348.15000000000003,False,0
14379,348.1,2,292,39,1,2011-02-17 15:03:00,2011-10-26 16:43:00,46,174.05,True,251
13497,348.05,2,163,19,1,2010-12-06 11:37:00,2011-03-02 09:04:00,19,174.025,True,85
17668,347.75,2,93,14,1,2011-11-01 14:45:00,2011-12-08 13:25:00,15,173.875,True,36
18127,347.08,3,187,41,1,2011-07-29 10:06:00,2011-11-20 14:05:00,46,115.69333333333333,True,114
13062,346.98,1,343,11,1,2011-06-01 15:12:00,2011-06-01 15:12:00,11,346.98,False,0
13649,346.6,2,139,23,1,2010-12-08 14:46:00,2011-03-28 11:51:00,23,173.3,True,109
16423,346.12,1,230,18,1,2011-11-15 09:21:00,2011-11-15 09:21:00,18,346.12,False,0
13091,345.82,1,466,21,1,2011-11-11 15:54:00,2011-11-11 15:54:00,21,345.82,False,0
15781,345.46,3,180,20,1,2011-02-07 09:15:00,2011-11-14 14:57:00,20,115.15333333333332,True,280
17123,345.29999999999995,1,246,9,1,2011-07-01 10:47:00,2011-07-01 10:47:00,9,345.29999999999995,False,0
13774,345.0,1,192,22,1,2011-09-19 12:06:00,2011-09-19 12:06:00,22,345.0,False,0
14633,344.90000000000003,1,96,20,1,2011-03-18 17:07:00,2011-03-18 17:07:00,20,344.90000000000003,False,0
16978,344.33,1,166,39,1,2011-09-23 12:50:00,2011-09-23 12:50:00,39,344.33,False,0
17569,344.14,1,159,29,1,2011-01-11 14:15:00,2011-01-11 14:15:00,29,344.14,False,0
13068,344.0,2,200,1,1,2011-01-24 08:20:00,2011-11-29 15:00:00,2,172.0,True,309
15047,343.62,1,222,22,1,2011-03-15 10:49:00,2011-03-15 10:49:00,22,343.62,False,0
15520,343.5,1,314,18,1,2011-12-08 10:58:00,2011-12-08 10:58:00,18,343.5,False,0
18081,343.45,3,195,14,1,2011-07-29 11:56:00,2011-11-03 16:30:00,17,114.48333333333333,True,97
12715,343.36,1,192,20,1,2011-08-25 15:22:00,2011-08-25 15:22:00,20,343.36,False,0
12875,343.2300000000001,2,2019,1,1,2010-12-12 12:03:00,2011-07-19 15:30:00,2,171.61500000000004,True,219
17795,342.83,2,305,43,1,2011-03-20 12:02:00,2011-06-13 12:36:00,45,171.415,True,85
16851,342.45,3,271,17,1,2011-10-19 09:48:00,2011-12-05 13:32:00,20,114.14999999999999,True,47
17835,342.24,3,344,45,1,2011-11-16 16:30:00,2011-12-07 11:48:00,59,114.08,True,20
16826,341.7,1,158,22,1,2011-10-19 14:05:00,2011-10-19 14:05:00,22,341.7,False,0
13347,341.36,1,205,8,1,2011-09-30 13:28:00,2011-09-30 13:28:00,8,341.36,False,0
14491,340.93,2,139,17,1,2010-12-02 12:10:00,2011-06-17 15:22:00,17,170.465,True,197
15115,340.11,1,157,21,1,2011-11-21 14:59:00,2011-11-21 14:59:00,21,340.11,False,0
13737,339.59999999999997,1,125,29,1,2011-05-23 16:32:00,2011-05-23 16:32:00,30,339.59999999999997,False,0
17045,339.44,3,106,20,1,2011-04-06 12:08:00,2011-08-18 17:09:00,22,113.14666666666666,True,134
16545,339.3,1,78,3,1,2011-06-28 10:37:00,2011-06-28 10:37:00,3,339.3,False,0
17697,338.95,1,93,19,1,2011-04-17 15:40:00,2011-04-17 15:40:00,19,338.95,False,0
16183,338.71000000000004,1,113,15,1,2011-10-03 14:59:00,2011-10-03 14:59:00,15,338.71000000000004,False,0
13569,338.62,2,156,73,1,2010-12-07 12:29:00,2011-11-22 13:07:00,79,169.31,True,350
15652,337.74,1,208,21,1,2011-09-09 14:22:00,2011-09-09 14:22:00,21,337.74,False,0
15942,337.44,1,232,14,1,2011-07-29 09:01:00,2011-07-29 09:01:00,14,337.44,False,0
13930,337.34,2,274,15,1,2011-07-26 11:00:00,2011-10-13 09:45:00,17,168.67,True,78
15900,337.28,1,216,44,1,2011-11-16 12:19:00,2011-11-16 12:19:00,47,337.28,False,0
17973,337.04,1,176,15,1,2011-10-19 10:34:00,2011-10-19 10:34:00,15,337.04,False,0
16105,336.96,1,330,13,1,2011-04-05 10:13:00,2011-04-05 10:13:00,13,336.96,False,0
15619,336.40000000000003,1,136,3,1,2011-11-29 08:14:00,2011-11-29 08:14:00,3,336.40000000000003,False,0
17384,336.4,2,88,12,1,2011-05-04 16:07:00,2011-11-20 15:48:00,15,168.2,True,199
18078,336.13,2,145,27,1,2011-03-25 15:08:00,2011-05-06 14:32:00,29,168.065,True,41
18276,335.86,1,186,14,1,2011-10-27 10:54:00,2011-10-27 10:54:00,14,335.86,False,0
14196,335.52,1,142,6,1,2011-08-25 10:25:00,2011-08-25 10:25:00,6,335.52,False,0
16063,335.32,1,262,23,1,2011-03-24 14:55:00,2011-03-24 14:56:00,23,335.32,False,0
17917,335.03,3,184,77,1,2010-12-12 12:08:00,2011-10-25 13:20:00,92,111.67666666666666,True,317
12489,334.93,1,105,15,1,2011-01-07 13:13:00,2011-01-07 13:13:00,15,334.93,False,0
14988,334.54,1,141,40,1,2011-05-12 12:05:00,2011-05-12 12:05:00,40,334.54,False,0
15466,334.53,1,246,56,1,2011-09-15 14:08:00,2011-09-15 14:08:00,57,334.53,False,0
17221,334.48,2,287,59,1,2011-11-03 17:39:00,2011-12-02 13:35:00,62,167.24,True,28
12350,334.4,1,197,17,1,2011-02-02 16:01:00,2011-02-02 16:01:00,17,334.4,False,0
15918,334.23,2,153,33,1,2011-03-13 15:55:00,2011-06-02 11:42:00,40,167.115,True,80
14264,333.97,2,70,15,1,2011-04-08 12:20:00,2011-07-08 10:20:00,17,166.985,True,90
13216,333.74,1,297,5,1,2011-03-17 12:18:00,2011-03-17 12:18:00,5,333.74,False,0
13727,333.48,2,162,19,1,2011-11-06 12:16:00,2011-11-11 09:46:00,20,166.74,True,4
16625,333.08,1,164,23,1,2011-03-10 12:50:00,2011-03-10 12:50:00,23,333.08,False,0
14902,332.66,1,218,20,1,2011-11-14 10:34:00,2011-11-14 10:34:00,20,332.66,False,0
13904,332.64,2,332,24,1,2011-02-18 11:18:00,2011-11-02 13:41:00,26,166.32,True,257
16850,332.41,1,249,19,1,2011-01-10 11:09:00,2011-01-10 11:09:00,19,332.41,False,0
16803,332.3,1,245,24,1,2011-10-05 14:28:00,2011-10-05 14:28:00,24,332.3,False,0
16177,331.95,1,95,15,1,2011-10-20 12:57:00,2011-10-20 12:57:00,15,331.95,False,0
16030,331.24,1,283,28,1,2011-02-03 11:28:00,2011-02-03 11:28:00,29,331.24,False,0
15210,331.18,1,228,20,1,2011-04-28 16:11:00,2011-04-28 16:11:00,20,331.18,False,0
16478,331.0,3,224,15,1,2011-10-05 12:02:00,2011-11-14 15:51:00,17,110.33333333333333,True,40
12891,331.0,3,950,2,1,2011-02-20 11:28:00,2011-06-07 12:31:00,3,110.33333333333333,True,107
17862,330.9,1,100,11,1,2011-01-20 12:23:00,2011-01-20 12:23:00,11,330.9,False,0
12519,330.84,1,175,17,1,2011-10-07 09:26:00,2011-10-07 09:26:00,17,330.84,False,0
13706,330.79,1,189,20,1,2011-02-10 09:21:00,2011-02-10 09:21:00,20,330.79,False,0
14517,330.45,2,91,17,1,2011-07-21 11:42:00,2011-11-06 14:20:00,18,165.225,True,108
15130,330.11,1,197,22,1,2011-06-23 10:15:00,2011-06-23 10:15:00,22,330.11,False,0
15714,330.03000000000003,2,186,34,1,2011-09-23 11:25:00,2011-11-28 11:26:00,34,165.01500000000001,True,66
16593,330.03,3,116,24,1,2011-01-16 12:11:00,2011-10-20 12:41:00,27,110.00999999999999,True,277
12953,329.85,1,84,17,1,2011-11-30 09:24:00,2011-11-30 09:24:00,17,329.85,False,0
17866,329.65,1,174,9,1,2011-07-20 11:07:00,2011-07-20 11:07:00,9,329.65,False,0
17615,329.6,3,140,13,1,2011-05-01 15:33:00,2011-08-01 14:06:00,14,109.86666666666667,True,91
13239,329.56,1,327,21,1,2011-03-23 10:25:00,2011-03-23 10:25:00,21,329.56,False,0
17914,329.36,1,457,72,1,2011-12-06 11:58:00,2011-12-06 11:58:00,75,329.36,False,0
17154,329.34,1,490,23,1,2011-09-25 13:42:00,2011-09-25 13:42:00,23,329.34,False,0
15153,329.25,1,198,22,1,2011-11-08 17:09:00,2011-11-08 17:09:00,22,329.25,False,0
15880,329.03000000000003,1,202,95,1,2010-12-05 13:00:00,2010-12-05 13:00:00,96,329.03000000000003,False,0
14012,328.8,1,160,11,1,2011-03-07 12:26:00,2011-03-07 12:26:00,11,328.8,False,0
17222,328.65,1,122,27,1,2011-10-05 13:58:00,2011-10-05 13:58:00,27,328.65,False,0
16343,328.58,2,175,29,1,2011-11-23 17:43:00,2011-11-23 17:45:00,43,164.29,True,0
16855,328.4,2,164,19,1,2011-10-27 16:31:00,2011-11-16 12:03:00,19,164.2,True,19
15213,328.35,2,272,22,1,2011-01-14 11:05:00,2011-01-25 12:21:00,24,164.175,True,11
14747,328.2,1,84,18,1,2011-04-04 14:09:00,2011-04-04 14:09:00,18,328.2,False,0
14206,328.15999999999997,1,276,20,1,2011-04-14 16:38:00,2011-04-14 16:38:00,20,328.15999999999997,False,0
16318,328.15,1,199,19,1,2011-11-04 13:05:00,2011-11-04 13:05:00,19,328.15,False,0
15314,327.97,1,313,24,1,2011-05-24 14:39:00,2011-05-24 14:39:00,24,327.97,False,0
14024,327.7,2,150,16,1,2011-08-07 13:31:00,2011-08-10 11:30:00,16,163.85,True,2
15579,327.6,2,117,45,1,2011-01-30 12:09:00,2011-10-02 12:45:00,48,163.8,True,245
16366,327.3,1,256,18,1,2011-11-21 08:19:00,2011-11-21 08:19:00,18,327.3,False,0
14870,327.25,1,119,13,1,2011-03-23 10:51:00,2011-03-23 10:51:00,13,327.25,False,0
16322,326.75,2,231,28,1,2011-11-03 14:33:00,2011-12-08 15:41:00,37,163.375,True,35
14987,326.4,2,128,2,1,2010-12-09 12:13:00,2011-11-24 09:59:00,4,163.2,True,349
17715,326.4,1,384,1,1,2011-05-23 12:32:00,2011-05-23 12:32:00,1,326.4,False,0
16071,326.24,1,180,21,1,2011-10-26 11:14:00,2011-10-26 11:14:00,21,326.24,False,0
15363,326.0,1,144,16,1,2010-12-02 12:28:00,2010-12-02 12:28:00,16,326.0,False,0
12844,325.96000000000004,2,125,47,1,2011-08-01 13:11:00,2011-11-10 13:31:00,52,162.98000000000002,True,101
16830,325.91,1,264,23,1,2011-11-01 11:35:00,2011-11-01 11:35:00,23,325.91,False,0
14850,325.75,1,293,21,1,2011-02-01 11:21:00,2011-02-01 11:21:00,21,325.75,False,0
15944,325.1,1,50,6,1,2011-03-08 10:33:00,2011-03-08 10:33:00,6,325.1,False,0
12790,324.92,1,166,21,1,2011-05-31 14:14:00,2011-05-31 14:14:00,21,324.92,False,0
13801,324.8,1,168,23,1,2011-10-04 10:15:00,2011-10-04 10:15:00,23,324.8,False,0
15597,324.57,1,279,22,1,2011-11-04 13:26:00,2011-11-04 13:26:00,22,324.57,False,0
16685,324.24,2,396,60,1,2011-10-09 13:44:00,2011-10-09 13:58:00,62,162.12,True,0
18261,324.24,2,146,19,1,2011-09-05 09:34:00,2011-10-27 15:36:00,21,162.12,True,52
15675,323.69,3,527,20,1,2011-03-04 14:21:00,2011-09-19 13:48:00,21,107.89666666666666,True,198
15921,323.03000000000003,1,162,24,1,2011-06-20 11:03:00,2011-06-20 11:03:00,24,323.03000000000003,False,0
16739,323.0,1,172,13,1,2011-06-16 09:17:00,2011-06-16 09:17:00,13,323.0,False,0
13955,322.96,2,154,33,1,2011-02-07 12:24:00,2011-07-08 17:19:00,33,161.48,True,151
16627,322.8,1,162,20,1,2011-09-21 14:38:00,2011-09-21 14:38:00,20,322.8,False,0
16342,322.41,4,157,10,1,2011-06-13 10:10:00,2011-09-25 14:36:00,15,80.6025,True,104
14424,322.08,1,48,1,1,2011-11-22 11:48:00,2011-11-22 11:48:00,1,322.08,False,0
15224,322.08,2,152,13,1,2010-12-12 12:34:00,2010-12-16 15:02:00,14,161.04,True,4
14484,321.92,1,210,14,1,2011-10-20 14:11:00,2011-10-20 14:11:00,14,321.92,False,0
17976,321.79,1,93,56,1,2010-12-02 13:49:00,2010-12-02 13:49:00,57,321.79,False,0
14823,321.43,3,88,56,1,2011-05-29 12:48:00,2011-06-12 13:12:00,70,107.14333333333333,True,14
15236,321.05,1,269,15,1,2011-02-14 10:52:00,2011-02-14 10:52:00,15,321.05,False,0
16096,320.62,1,155,12,1,2011-03-20 13:38:00,2011-03-20 13:38:00,12,320.62,False,0
14622,320.58000000000004,1,146,21,1,2011-06-08 12:42:00,2011-06-08 12:42:00,21,320.58000000000004,False,0
13986,320.46,1,430,12,1,2011-11-22 15:00:00,2011-11-22 15:00:00,13,320.46,False,0
15107,319.5,6,169,12,1,2010-12-02 13:45:00,2011-02-01 14:46:00,16,53.25,True,61
16967,319.02,1,333,21,1,2011-06-03 14:24:00,2011-06-03 14:24:00,21,319.02,False,0
17157,319.0,2,172,11,1,2011-06-16 15:08:00,2011-12-02 09:10:00,13,159.5,True,168
17229,318.76,2,185,39,1,2011-07-20 12:38:00,2011-09-04 13:56:00,47,159.38,True,46
17248,318.65,1,213,68,1,2011-08-11 13:34:00,2011-08-11 13:34:00,69,318.65,False,0
14703,318.17,1,183,22,1,2011-11-25 09:23:00,2011-11-25 09:23:00,22,318.17,False,0
17839,318.15,1,257,50,1,2011-10-28 17:27:00,2011-10-28 17:27:00,52,318.15,False,0
12648,318.05,1,160,21,1,2011-07-08 11:55:00,2011-07-08 11:55:00,21,318.05,False,0
18066,318.0,1,108,10,1,2011-09-25 15:30:00,2011-09-25 15:30:00,10,318.0,False,0
17172,317.76,1,480,15,1,2011-09-22 09:36:00,2011-09-22 09:36:00,15,317.76,False,0
15101,317.53,2,241,8,1,2010-12-15 12:54:00,2011-12-01 10:18:00,8,158.765,True,350
17267,317.2,2,158,37,1,2011-08-04 17:19:00,2011-08-04 17:22:00,37,158.6,True,0
15257,317.15,1,46,7,1,2011-03-01 12:58:00,2011-03-01 12:58:00,7,317.15,False,0
15385,316.88,1,161,12,1,2011-10-30 15:11:00,2011-10-30 15:11:00,12,316.88,False,0
15243,316.68,1,185,22,1,2011-09-26 14:12:00,2011-09-26 14:12:00,22,316.68,False,0
16761,316.62,1,341,13,1,2011-09-04 11:15:00,2011-09-04 11:15:00,13,316.62,False,0
15204,316.58,1,258,9,1,2010-12-17 13:49:00,2010-12-17 13:49:00,9,316.58,False,0
17458,316.5,1,170,52,1,2011-11-24 13:01:00,2011-11-24 13:01:00,54,316.5,False,0
13494,316.26000000000005,1,162,18,1,2011-02-01 11:58:00,2011-02-01 11:58:00,18,316.26000000000005,False,0
14479,316.25,2,117,18,1,2010-12-09 12:59:00,2011-03-31 09:07:00,18,158.125,True,111
15872,316.25,2,187,101,1,2011-11-25 11:54:00,2011-11-25 11:55:00,108,158.125,True,0
16473,316.11,3,196,18,1,2011-01-07 10:55:00,2011-06-28 09:10:00,18,105.37,True,171
18117,315.65,1,605,68,1,2011-11-14 12:47:00,2011-11-14 12:47:00,72,315.65,False,0
12614,315.6,1,76,20,1,2011-03-07 10:22:00,2011-03-07 10:22:00,20,315.6,False,0
15766,315.06,1,170,11,1,2011-10-06 17:03:00,2011-10-06 17:03:00,11,315.06,False,0
16091,315.06,2,154,16,1,2011-05-25 09:18:00,2011-07-08 08:45:00,18,157.53,True,43
17237,314.69,2,105,18,1,2011-11-17 12:55:00,2011-11-28 15:02:00,19,157.345,True,11
16193,314.45,1,219,19,1,2011-04-17 11:45:00,2011-04-17 11:45:00,19,314.45,False,0
12650,314.44,1,254,20,1,2011-12-06 16:34:00,2011-12-06 16:34:00,20,314.44,False,0
16227,314.22,1,90,6,1,2011-04-28 13:33:00,2011-04-28 13:33:00,6,314.22,False,0
15970,314.1,1,116,11,1,2011-02-09 12:08:00,2011-02-09 12:08:00,11,314.1,False,0
13484,313.8,1,44,8,1,2011-04-12 16:30:00,2011-04-12 16:30:00,8,313.8,False,0
16582,313.62,1,164,6,1,2011-08-18 17:02:00,2011-08-18 17:02:00,6,313.62,False,0
14729,313.49,1,197,69,1,2010-12-01 12:43:00,2010-12-01 12:43:00,71,313.49,False,0
13845,312.98,1,182,9,1,2011-10-06 08:25:00,2011-10-06 08:25:00,9,312.98,False,0
15318,312.62,1,642,33,1,2011-12-06 11:30:00,2011-12-06 11:30:00,33,312.62,False,0
14555,312.54,2,122,18,1,2011-02-10 17:19:00,2011-10-13 16:24:00,19,156.27,True,244
12834,312.38,1,110,18,1,2011-03-02 09:49:00,2011-03-02 09:49:00,18,312.38,False,0
13642,312.28,1,151,57,1,2011-05-08 12:34:00,2011-05-08 12:34:00,57,312.28,False,0
17362,312.23,2,191,30,1,2011-02-03 10:26:00,2011-04-14 14:43:00,35,156.115,True,70
12785,311.95,1,131,14,1,2010-12-10 13:48:00,2010-12-10 13:48:00,14,311.95,False,0
16450,311.92,1,200,11,1,2011-07-13 11:47:00,2011-07-13 11:47:00,11,311.92,False,0
14142,311.81,1,313,22,1,2010-12-01 16:33:00,2010-12-01 16:33:00,22,311.81,False,0
15326,311.71,1,386,29,1,2011-01-10 11:38:00,2011-01-10 11:38:00,29,311.71,False,0
14951,311.69,1,311,20,1,2011-09-21 15:15:00,2011-09-21 15:15:00,20,311.69,False,0
14327,311.65,1,139,12,1,2011-06-29 13:58:00,2011-06-29 13:58:00,12,311.65,False,0
12852,311.55,1,149,17,1,2011-02-18 08:47:00,2011-02-18 08:47:00,17,311.55,False,0
13990,311.3,1,190,16,1,2011-05-10 15:19:00,2011-05-10 15:19:00,16,311.3,False,0
17854,311.26,2,84,15,1,2011-04-26 16:53:00,2011-06-07 16:21:00,15,155.63,True,41
16781,311.25,1,113,17,1,2010-12-02 14:26:00,2010-12-02 14:26:00,17,311.25,False,0
13897,311.16,1,200,17,1,2011-10-20 14:30:00,2011-10-20 14:30:00,17,311.16,False,0
15185,310.62,1,666,21,1,2011-09-30 14:06:00,2011-09-30 14:06:00,21,310.62,False,0
15308,310.47,1,175,19,1,2011-03-10 13:08:00,2011-03-10 13:08:00,19,310.47,False,0
14311,310.26,1,146,20,1,2011-04-11 10:14:00,2011-04-11 10:14:00,20,310.26,False,0
17912,310.06,5,184,35,1,2010-12-10 11:11:00,2011-02-02 14:25:00,37,62.012,True,54
14924,310.05,1,64,10,1,2011-04-08 09:25:00,2011-04-08 09:25:00,10,310.05,False,0
15661,309.8,2,236,4,1,2011-01-05 12:32:00,2011-01-26 13:56:00,5,154.9,True,21
15699,309.65,1,113,18,1,2011-11-22 08:26:00,2011-11-22 08:26:00,18,309.65,False,0
16810,309.54,1,114,15,1,2011-05-31 15:32:00,2011-05-31 15:32:00,15,309.54,False,0
14339,309.52,1,168,14,1,2011-04-11 11:06:00,2011-04-11 11:06:00,14,309.52,False,0
14847,309.4,1,120,13,1,2011-07-14 10:52:00,2011-07-14 10:52:00,13,309.4,False,0
17604,309.36,2,169,57,1,2011-01-31 15:09:00,2011-05-06 13:43:00,63,154.68,True,94
12884,309.05,1,43,7,1,2011-09-12 13:10:00,2011-09-12 13:10:00,7,309.05,False,0
13787,309.04,2,337,24,1,2010-12-10 14:45:00,2011-09-25 12:06:00,31,154.52,True,288
15010,308.94,1,184,20,1,2011-11-04 12:42:00,2011-11-04 12:42:00,20,308.94,False,0
16956,308.74,1,114,16,1,2011-11-22 08:56:00,2011-11-22 08:56:00,16,308.74,False,0
13699,308.58000000000004,1,66,14,1,2011-07-07 16:51:00,2011-07-07 16:51:00,14,308.58000000000004,False,0
17510,308.48,1,214,20,1,2011-11-15 10:00:00,2011-11-15 10:00:00,20,308.48,False,0
13369,308.28000000000003,1,149,14,1,2010-12-09 11:30:00,2010-12-09 11:30:00,14,308.28000000000003,False,0
13466,307.9,1,259,17,1,2011-06-08 16:39:00,2011-06-08 16:39:00,17,307.9,False,0
15973,307.82000000000005,1,106,4,1,2010-12-08 11:42:00,2010-12-08 11:42:00,4,307.82000000000005,False,0
16123,307.78,1,170,16,1,2011-10-19 09:18:00,2011-10-19 09:18:00,16,307.78,False,0
13529,307.76,2,74,15,1,2011-05-19 11:50:00,2011-09-22 09:15:00,15,153.88,True,125
13395,307.72,1,336,21,1,2011-06-07 15:04:00,2011-06-07 15:04:00,21,307.72,False,0
13060,307.53,1,123,15,1,2011-03-31 11:37:00,2011-03-31 11:37:00,15,307.53,False,0
14716,307.51,2,495,46,1,2011-07-14 12:42:00,2011-10-27 17:29:00,51,153.755,True,105
14915,307.48,2,112,12,1,2011-03-07 09:39:00,2011-09-09 13:34:00,12,153.74,True,186
17120,307.46,1,120,18,1,2011-04-20 15:21:00,2011-04-20 15:21:00,18,307.46,False,0
13932,307.4,1,72,16,1,2011-02-18 12:02:00,2011-02-18 12:02:00,16,307.4,False,0
13142,307.09,1,258,23,1,2011-11-20 16:07:00,2011-11-20 16:07:00,23,307.09,False,0
17334,307.02,2,315,11,1,2011-02-04 09:03:00,2011-02-10 14:59:00,11,153.51,True,6
15087,306.94,1,470,15,1,2011-03-03 10:34:00,2011-03-03 10:34:00,15,306.94,False,0
13762,306.72,1,272,7,1,2011-05-05 09:15:00,2011-05-05 09:15:00,7,306.72,False,0
16668,306.71999999999997,6,318,9,1,2011-02-28 12:46:00,2011-11-24 17:43:00,20,51.12,True,269
13718,306.55,2,173,9,1,2011-02-17 11:58:00,2011-04-07 13:24:00,12,153.275,True,49
18059,306.46,3,258,17,1,2011-10-03 09:30:00,2011-11-16 16:49:00,18,102.15333333333332,True,44
15659,306.45,1,111,11,1,2011-10-27 09:23:00,2011-10-27 09:23:00,11,306.45,False,0
17176,306.13,1,170,15,1,2011-05-22 12:41:00,2011-05-22 12:41:00,15,306.13,False,0
13863,305.78,1,224,20,1,2011-04-06 10:20:00,2011-04-06 10:20:00,20,305.78,False,0
15219,305.75,1,45,9,1,2011-06-16 16:57:00,2011-06-16 16:57:00,9,305.75,False,0
16796,305.62,1,186,18,1,2011-09-11 14:01:00,2011-09-11 14:01:00,18,305.62,False,0
16181,305.54,1,152,11,1,2011-09-27 13:38:00,2011-09-27 13:38:00,11,305.54,False,0
18220,305.28000000000003,1,288,2,1,2011-04-27 09:03:00,2011-04-27 09:03:00,2,305.28000000000003,False,0
13045,305.28000000000003,1,221,18,1,2011-09-01 15:04:00,2011-09-01 15:04:00,18,305.28000000000003,False,0
12623,305.1,1,191,18,1,2011-03-08 13:50:00,2011-03-08 13:50:00,18,305.1,False,0
17941,304.56,1,252,2,1,2011-08-01 08:30:00,2011-08-01 08:30:00,2,304.56,False,0
15163,304.47,2,186,29,1,2011-05-31 15:22:00,2011-11-21 13:10:00,29,152.235,True,173
16217,304.25,2,91,13,1,2011-03-02 15:28:00,2011-04-18 13:31:00,15,152.125,True,46
18185,304.25,1,183,17,1,2011-04-04 13:42:00,2011-04-04 13:42:00,17,304.25,False,0
17070,304.24,1,131,62,1,2011-08-17 17:01:00,2011-08-17 17:01:00,62,304.24,False,0
16674,304.24,2,181,89,1,2011-09-02 13:59:00,2011-10-16 11:31:00,93,152.12,True,43
17732,303.97,1,93,18,1,2010-12-02 09:29:00,2010-12-02 09:29:00,18,303.97,False,0
16400,303.93,1,172,28,1,2011-09-06 12:27:00,2011-09-06 12:27:00,29,303.93,False,0
13083,303.75,2,187,15,1,2011-09-25 10:46:00,2011-12-05 15:01:00,18,151.875,True,71
17433,303.15999999999997,1,185,53,1,2011-09-12 14:24:00,2011-09-12 14:24:00,54,303.15999999999997,False,0
16425,302.7,1,199,21,1,2011-02-10 14:30:00,2011-02-10 14:30:00,21,302.7,False,0
14248,302.58,1,102,8,1,2011-01-25 14:45:00,2011-01-25 14:45:00,8,302.58,False,0
16386,302.57,2,205,76,1,2011-03-31 12:19:00,2011-11-11 12:28:00,81,151.285,True,225
18165,302.46000000000004,1,254,10,1,2011-06-15 13:23:00,2011-06-15 13:23:00,10,302.46000000000004,False,0
16292,302.25,1,191,17,1,2011-08-10 12:24:00,2011-08-10 12:24:00,17,302.25,False,0
17506,302.2,1,139,14,1,2011-09-25 11:39:00,2011-09-25 11:39:00,14,302.2,False,0
15054,302.1,2,198,105,1,2011-10-30 14:33:00,2011-11-27 15:02:00,114,151.05,True,28
17094,302.0,1,152,14,1,2011-01-21 13:09:00,2011-01-21 13:09:00,14,302.0,False,0
16297,301.9,1,206,20,1,2011-03-16 08:29:00,2011-03-16 08:29:00,20,301.9,False,0
16715,301.71999999999997,1,642,19,1,2011-09-22 18:15:00,2011-09-22 18:15:00,19,301.71999999999997,False,0
15667,301.32,1,240,13,1,2011-10-31 10:56:00,2011-10-31 10:56:00,13,301.32,False,0
15148,301.29,1,187,20,1,2011-11-29 08:21:00,2011-11-29 08:21:00,20,301.29,False,0
15623,301.03,1,125,19,1,2011-07-21 17:26:00,2011-07-21 17:26:00,19,301.03,False,0
13479,300.95,2,134,14,1,2011-04-19 11:27:00,2011-05-23 10:45:00,15,150.475,True,33
17978,300.91999999999996,1,499,12,1,2010-12-09 14:05:00,2010-12-09 14:05:00,12,300.91999999999996,False,0
16430,300.85,1,103,6,1,2011-10-13 14:47:00,2011-10-13 14:47:00,6,300.85,False,0
16479,300.83,2,102,35,1,2011-11-29 13:04:00,2011-11-29 13:40:00,35,150.415,True,0
14762,300.52,1,341,21,1,2011-03-21 08:20:00,2011-03-21 08:20:00,21,300.52,False,0
13304,300.42,1,238,21,1,2010-12-23 14:35:00,2010-12-23 14:35:00,21,300.42,False,0
15254,300.36,1,275,18,1,2011-08-04 15:04:00,2011-08-04 15:04:00,18,300.36,False,0
17793,300.34,1,226,49,1,2011-11-14 14:24:00,2011-11-14 14:24:00,52,300.34,False,0
13745,300.04,1,496,25,1,2011-06-30 16:43:00,2011-06-30 16:43:00,25,300.04,False,0
18053,300.02,1,302,20,1,2011-09-30 09:05:00,2011-09-30 09:05:00,20,300.02,False,0
18215,299.34000000000003,1,118,13,1,2011-09-11 16:05:00,2011-09-11 16:05:00,13,299.34000000000003,False,0
13667,299.05,1,149,82,1,2011-07-13 15:42:00,2011-07-13 15:42:00,83,299.05,False,0
15609,298.48,1,148,16,1,2011-06-08 13:00:00,2011-06-08 13:00:00,16,298.48,False,0
17824,298.4,1,408,13,1,2011-10-19 14:14:00,2011-10-19 14:14:00,13,298.4,False,0
16104,298.21,1,122,28,1,2011-10-09 10:23:00,2011-10-09 10:23:00,28,298.21,False,0
17678,298.11,1,207,16,1,2011-03-21 11:52:00,2011-03-21 11:52:00,16,298.11,False,0
12881,298.0,1,21,7,1,2011-03-09 11:44:00,2011-03-09 11:44:00,7,298.0,False,0
15857,297.0,1,308,14,1,2011-11-21 12:18:00,2011-11-21 12:18:00,14,297.0,False,0
17531,296.7,1,136,14,1,2011-06-02 19:17:00,2011-06-02 19:17:00,14,296.7,False,0
13441,296.64,1,204,13,1,2011-09-09 09:38:00,2011-09-09 09:38:00,13,296.64,False,0
17266,296.58,3,153,60,1,2011-07-15 11:57:00,2011-12-07 14:12:00,73,98.86,True,145
13751,296.25,1,152,9,1,2011-02-24 15:56:00,2011-02-24 15:56:00,9,296.25,False,0
13504,295.93,1,178,22,1,2011-10-06 13:20:00,2011-10-06 13:20:00,22,295.93,False,0
16998,295.0,4,76,1,1,2011-02-08 15:42:00,2011-07-13 09:44:00,4,73.75,True,154
14954,294.85,1,117,75,1,2011-11-27 14:30:00,2011-11-27 14:30:00,77,294.85,False,0
15060,294.25,4,257,81,1,2011-11-30 14:03:00,2011-12-01 13:47:00,115,73.5625,True,0
17124,294.24,1,129,31,1,2011-06-07 14:02:00,2011-06-07 14:02:00,31,294.24,False,0
15732,294.12,2,215,13,1,2010-12-02 15:00:00,2011-05-11 14:24:00,14,147.06,True,159
16402,293.45,2,146,55,1,2010-12-05 13:42:00,2011-03-20 12:25:00,57,146.725,True,104
17163,293.1,2,66,3,1,2011-09-22 15:54:00,2011-11-18 08:57:00,5,146.55,True,56
12829,293.0,2,376,9,1,2010-12-14 14:54:00,2011-01-07 11:13:00,11,146.5,True,23
16721,292.47,1,172,37,1,2011-03-22 16:08:00,2011-03-22 16:08:00,37,292.47,False,0
14985,292.01,2,256,78,1,2010-12-16 19:51:00,2011-05-25 14:29:00,83,146.005,True,159
13502,292.0,3,264,17,1,2011-01-20 09:03:00,2011-11-23 10:39:00,18,97.33333333333333,True,307
13449,291.88,1,222,19,1,2011-11-16 08:28:00,2011-11-16 08:28:00,19,291.88,False,0
17255,291.48,2,227,69,1,2011-02-13 15:18:00,2011-10-30 12:18:00,74,145.74,True,258
14656,291.05,2,120,73,1,2011-03-01 13:19:00,2011-06-23 13:51:00,80,145.525,True,114
14947,290.82,2,179,14,1,2011-08-01 09:31:00,2011-09-28 15:48:00,14,145.41,True,58
16648,290.65999999999997,1,281,19,1,2011-10-28 08:58:00,2011-10-28 08:58:00,19,290.65999999999997,False,0
15279,290.51,1,189,19,1,2010-12-20 10:48:00,2010-12-20 10:48:00,19,290.51,False,0
17691,290.40000000000003,2,134,18,1,2010-12-06 11:10:00,2010-12-16 17:20:00,19,145.20000000000002,True,10
16526,290.36,1,106,15,1,2011-06-21 12:02:00,2011-06-21 12:02:00,15,290.36,False,0
17551,290.34,1,142,39,1,2010-12-15 14:12:00,2010-12-15 14:12:00,39,290.34,False,0
13573,290.25,2,302,24,1,2011-03-31 14:47:00,2011-10-20 14:33:00,25,145.125,True,202
14784,289.99,2,237,15,1,2011-01-20 09:25:00,2011-11-13 13:30:00,15,144.995,True,297
17464,289.96000000000004,1,220,9,1,2011-07-04 13:19:00,2011-07-04 13:19:00,9,289.96000000000004,False,0
16897,289.78,2,73,37,1,2011-01-30 11:52:00,2011-02-13 15:02:00,37,144.89,True,14
17201,289.78,1,231,38,1,2011-10-17 11:55:00,2011-10-17 11:55:00,38,289.78,False,0
14162,289.36,2,142,25,1,2011-02-20 12:32:00,2011-06-19 11:36:00,25,144.68,True,118
16125,289.35,1,124,13,1,2010-12-07 15:48:00,2010-12-07 15:48:00,13,289.35,False,0
14549,289.24,1,136,56,1,2011-02-01 13:47:00,2011-02-01 13:47:00,56,289.24,False,0
15545,288.96999999999997,2,162,78,1,2010-12-03 17:28:00,2011-10-16 13:24:00,80,144.48499999999999,True,316
17081,288.91,2,77,55,1,2011-10-24 13:08:00,2011-11-14 12:56:00,63,144.455,True,20
17501,288.6,2,160,18,1,2011-05-03 09:46:00,2011-05-03 09:47:00,18,144.3,True,0
16808,288.42,2,196,21,1,2011-03-10 19:05:00,2011-09-01 19:34:00,23,144.21,True,175
15396,288.18,1,122,14,1,2011-08-19 10:56:00,2011-08-19 10:56:00,14,288.18,False,0
17977,288.14,1,342,19,1,2011-11-10 13:28:00,2011-11-10 13:28:00,21,288.14,False,0
17080,287.62,2,166,8,1,2011-03-15 12:05:00,2011-11-17 12:59:00,8,143.81,True,247
17760,287.59,2,239,25,1,2010-12-01 15:08:00,2011-11-18 10:56:00,25,143.795,True,351
16432,287.4,1,276,8,1,2011-10-06 13:59:00,2011-10-06 13:59:00,8,287.4,False,0
13760,286.79,2,197,50,1,2011-03-28 12:52:00,2011-10-16 16:13:00,57,143.395,True,202
16555,285.89,2,175,15,1,2011-08-22 12:32:00,2011-11-04 14:31:00,17,142.945,True,74
14660,285.74,2,228,24,1,2011-08-31 10:40:00,2011-09-14 11:34:00,30,142.87,True,14
14953,285.67,1,224,54,1,2011-11-14 14:59:00,2011-11-14 14:59:00,54,285.67,False,0
17636,285.56,1,182,20,1,2011-11-20 14:40:00,2011-11-20 14:40:00,20,285.56,False,0
13708,285.33,1,301,49,1,2011-03-13 13:46:00,2011-03-13 13:46:00,49,285.33,False,0
16429,284.55,1,9,2,1,2011-08-25 13:54:00,2011-08-25 13:54:00,2,284.55,False,0
18190,284.46000000000004,2,140,14,1,2011-01-13 10:35:00,2011-05-31 14:48:00,15,142.23000000000002,True,138
13121,283.73,1,252,50,1,2011-03-15 16:47:00,2011-03-15 16:47:00,50,283.73,False,0
13439,283.71,1,242,54,1,2011-03-29 14:20:00,2011-03-29 14:20:00,54,283.71,False,0
12703,283.55,1,164,21,1,2011-09-29 17:52:00,2011-09-29 17:52:00,21,283.55,False,0
17783,283.47,2,354,67,1,2011-04-06 10:07:00,2011-09-28 16:07:00,67,141.735,True,175
13259,283.18,1,126,77,1,2011-10-09 10:48:00,2011-10-09 10:48:00,81,283.18,False,0
18270,283.15,2,101,11,1,2011-03-18 12:41:00,2011-11-01 13:57:00,11,141.575,True,228
17694,283.12,1,184,15,1,2011-07-21 12:00:00,2011-07-21 12:00:00,15,283.12,False,0
14350,282.93,1,183,18,1,2011-03-10 14:14:00,2011-03-10 14:14:00,18,282.93,False,0
13754,282.59999999999997,2,214,11,1,2011-01-26 14:58:00,2011-07-11 11:51:00,12,141.29999999999998,True,165
13177,282.45,1,91,17,1,2011-10-06 09:56:00,2011-10-06 09:56:00,17,282.45,False,0
16557,281.85,2,111,11,1,2011-07-25 13:28:00,2011-11-15 14:04:00,11,140.925,True,113
16848,281.42,1,182,14,1,2011-10-18 08:42:00,2011-10-18 08:42:00,14,281.42,False,0
14242,280.55,2,123,13,1,2011-01-18 08:53:00,2011-04-19 11:46:00,16,140.275,True,91
16149,280.52,2,308,18,1,2011-07-20 14:54:00,2011-12-05 11:29:00,18,140.26,True,137
17247,280.09000000000003,1,105,53,1,2011-11-24 15:21:00,2011-11-24 15:21:00,54,280.09000000000003,False,0
14975,279.94,1,380,11,1,2011-10-13 14:08:00,2011-10-13 14:08:00,11,279.94,False,0
15556,279.77,1,236,31,1,2011-11-15 16:08:00,2011-11-15 16:08:00,31,279.77,False,0
14480,279.05,1,143,13,1,2011-11-28 16:35:00,2011-11-28 16:35:00,13,279.05,False,0
14764,278.3,1,190,6,1,2011-10-24 11:54:00,2011-10-24 11:54:00,6,278.3,False,0
14908,277.8,1,132,9,1,2011-09-26 12:56:00,2011-09-26 12:56:00,9,277.8,False,0
13803,277.07,1,121,17,1,2011-03-29 12:57:00,2011-03-29 12:57:00,17,277.07,False,0
15355,277.05,2,45,9,1,2011-10-17 15:22:00,2011-11-10 13:44:00,14,138.525,True,23
13606,276.75,3,276,40,1,2011-02-01 11:42:00,2011-11-10 17:46:00,40,92.25,True,282
13272,276.56,2,96,15,1,2011-09-11 12:06:00,2011-11-08 14:00:00,15,138.28,True,58
13544,276.06,2,112,76,1,2011-04-13 12:09:00,2011-10-31 11:57:00,78,138.03,True,200
12750,275.88,1,137,15,1,2011-08-03 09:13:00,2011-08-03 09:13:00,15,275.88,False,0
14512,275.28,2,122,19,1,2011-04-21 19:05:00,2011-06-05 12:39:00,23,137.64,True,44
16313,274.15000000000003,2,165,16,1,2011-10-21 09:04:00,2011-12-06 13:02:00,16,137.07500000000002,True,46
16883,272.48,2,103,33,1,2010-12-03 10:33:00,2011-06-05 12:51:00,37,136.24,True,184
17498,272.22,1,394,17,1,2011-09-25 12:25:00,2011-09-25 12:25:00,17,272.22,False,0
14819,272.07,2,109,13,1,2011-05-31 13:50:00,2011-10-06 13:41:00,13,136.035,True,127
13917,272.04,2,228,16,1,2011-06-01 12:46:00,2011-10-21 09:56:00,18,136.02,True,141
14816,271.85,1,5,4,1,2011-05-26 13:16:00,2011-05-26 13:16:00,4,271.85,False,0
13058,271.40000000000003,3,52,5,1,2011-07-11 12:01:00,2011-11-15 12:43:00,8,90.46666666666668,True,127
17767,271.2,1,128,21,1,2011-11-24 14:42:00,2011-11-24 14:42:00,21,271.2,False,0
17254,271.19,2,251,100,1,2011-11-24 14:09:00,2011-12-05 12:46:00,111,135.595,True,10
17496,271.05,1,79,10,1,2010-12-16 08:39:00,2010-12-16 08:39:00,10,271.05,False,0
18108,271.0,1,84,17,1,2011-03-30 13:56:00,2011-03-30 13:56:00,17,271.0,False,0
17011,270.9,1,186,15,1,2011-11-09 13:30:00,2011-11-09 13:30:00,15,270.9,False,0
15774,270.8,1,87,25,1,2011-10-02 12:04:00,2011-10-02 12:04:00,25,270.8,False,0
14520,270.6,2,146,3,1,2011-02-22 09:15:00,2011-12-08 09:46:00,4,135.3,True,289
13242,270.40000000000003,3,130,12,1,2011-05-10 12:26:00,2011-08-19 12:53:00,13,90.13333333333334,True,101
12558,269.96,1,196,11,1,2011-12-02 10:41:00,2011-12-02 10:41:00,11,269.96,False,0
17251,269.83,1,108,37,1,2010-12-12 11:06:00,2010-12-12 11:06:00,37,269.83,False,0
13533,269.09,3,202,61,1,2011-03-17 12:47:00,2011-06-10 11:54:00,75,89.69666666666666,True,84
14727,268.58,1,62,10,1,2011-03-10 14:45:00,2011-03-10 14:45:00,10,268.58,False,0
14508,268.05,2,129,52,1,2011-09-11 11:29:00,2011-11-17 19:48:00,55,134.025,True,67
15408,267.18,1,106,34,1,2011-03-20 15:02:00,2011-03-20 15:02:00,34,267.18,False,0
17550,267.16,3,86,42,1,2011-04-10 15:19:00,2011-05-26 14:09:00,42,89.05333333333334,True,45
15320,267.13,1,326,36,1,2011-10-26 13:27:00,2011-10-26 13:27:00,36,267.13,False,0
15517,267.03,1,293,27,1,2011-04-20 14:02:00,2011-04-20 14:02:00,27,267.03,False,0
16451,266.97,1,120,14,1,2011-09-13 09:17:00,2011-09-13 09:17:00,14,266.97,False,0
17786,266.85,2,195,57,1,2011-01-26 14:35:00,2011-09-15 12:51:00,68,133.425,True,231
14863,266.76,1,132,11,1,2011-11-10 15:04:00,2011-11-10 15:04:00,11,266.76,False,0
13837,266.59000000000003,2,182,17,1,2011-01-26 12:15:00,2011-05-12 12:10:00,18,133.29500000000002,True,105
15119,266.4,1,88,14,1,2011-04-08 09:08:00,2011-04-08 09:08:00,14,266.4,False,0
12962,266.39,2,129,15,1,2011-08-18 13:38:00,2011-12-02 15:55:00,16,133.195,True,106
14068,265.85,1,73,22,1,2011-01-23 16:02:00,2011-01-23 16:02:00,24,265.85,False,0
17430,265.76,2,190,14,1,2010-12-09 13:05:00,2011-11-07 09:24:00,14,132.88,True,332
14423,265.2,1,120,3,1,2011-05-05 15:12:00,2011-05-05 15:12:00,3,265.2,False,0
17968,265.1,1,151,74,1,2010-12-01 12:23:00,2010-12-01 12:23:00,81,265.1,False,0
13973,264.7,1,109,11,1,2011-02-25 15:21:00,2011-02-25 15:21:00,11,264.7,False,0
15912,264.62,2,185,19,1,2011-04-20 17:10:00,2011-06-14 14:29:00,19,132.31,True,54
17403,263.92,1,111,32,1,2011-11-03 15:18:00,2011-11-03 15:18:00,32,263.92,False,0
17708,263.33,2,90,28,1,2011-01-19 10:09:00,2011-06-05 10:12:00,34,131.665,True,137
12492,263.21000000000004,2,192,19,1,2011-08-26 14:51:00,2011-10-07 15:15:00,20,131.60500000000002,True,42
17194,262.62,2,119,26,1,2010-12-14 12:06:00,2011-03-11 12:05:00,29,131.31,True,86
16413,262.2,1,148,30,1,2011-10-14 12:08:00,2011-10-14 12:08:00,31,262.2,False,0
16936,261.9,1,171,56,1,2011-11-14 11:04:00,2011-11-14 11:04:00,56,261.9,False,0
13189,260.68,2,842,29,1,2011-08-16 13:12:00,2011-11-21 10:39:00,29,130.34,True,96
14053,260.25,2,215,2,1,2011-07-03 12:21:00,2011-08-07 14:27:00,4,130.125,True,35
15143,259.45,1,150,14,1,2011-04-28 12:03:00,2011-04-28 12:03:00,14,259.45,False,0
13127,259.17,1,127,15,1,2011-09-23 10:26:00,2011-09-23 10:26:00,15,259.17,False,0
14452,259.05,2,116,55,1,2011-09-07 11:32:00,2011-11-29 12:06:00,60,129.525,True,83
15577,258.88,3,89,39,1,2011-02-07 13:32:00,2011-07-11 17:03:00,39,86.29333333333334,True,154
13277,258.4,4,176,5,1,2011-07-29 10:06:00,2011-11-24 09:21:00,8,64.6,True,117
15894,258.25,2,164,35,1,2010-12-05 14:06:00,2011-03-31 13:50:00,37,129.125,True,115
13227,257.7,1,99,9,1,2011-05-22 11:47:00,2011-05-22 11:47:00,9,257.7,False,0
15014,257.67,2,149,29,1,2011-06-16 19:40:00,2011-10-27 20:07:00,33,128.835,True,133
13626,257.23,1,209,19,1,2011-04-01 10:05:00,2011-04-01 10:05:00,19,257.23,False,0
16048,256.44,2,144,8,1,2010-12-01 15:27:00,2010-12-01 15:28:00,8,128.22,True,0
12430,256.4,1,117,11,1,2011-10-27 15:09:00,2011-10-27 15:09:00,11,256.4,False,0
13806,256.38,1,56,10,1,2011-10-07 11:43:00,2011-10-07 11:43:00,10,256.38,False,0
16727,256.32,1,167,41,1,2010-12-10 13:48:00,2010-12-10 13:48:00,44,256.32,False,0
17896,256.32,1,288,2,1,2011-11-16 13:59:00,2011-11-16 13:59:00,2,256.32,False,0
17385,256.11,1,197,42,1,2011-11-25 11:02:00,2011-11-25 11:02:00,45,256.11,False,0
16447,255.91,1,221,34,1,2011-07-27 12:45:00,2011-07-27 12:45:00,34,255.91,False,0
14761,255.9,2,118,11,1,2011-01-09 12:03:00,2011-10-12 12:10:00,11,127.95,True,276
15277,255.89999999999998,1,205,12,1,2011-10-24 10:08:00,2011-10-24 10:08:00,12,255.89999999999998,False,0
14881,255.4,1,316,17,1,2011-11-20 11:06:00,2011-11-20 11:06:00,17,255.4,False,0
16226,255.12,3,192,6,1,2011-04-18 12:58:00,2011-05-20 14:41:00,8,85.04,True,32
15261,254.82,1,270,19,1,2011-07-27 15:20:00,2011-07-27 15:20:00,19,254.82,False,0
15154,254.28,1,89,66,1,2011-09-25 16:05:00,2011-09-25 16:05:00,71,254.28,False,0
12604,254.18,2,201,15,1,2011-03-23 12:06:00,2011-09-21 14:08:00,16,127.09,True,182
14765,254.11,3,135,38,1,2011-06-16 19:49:00,2011-11-10 19:53:00,39,84.70333333333333,True,147
15689,254.1,2,84,8,1,2010-12-13 09:57:00,2011-08-12 09:37:00,9,127.05,True,241
12797,254.03,1,118,13,1,2010-12-09 10:55:00,2010-12-09 10:55:00,13,254.03,False,0
15759,253.04,3,60,5,1,2010-12-16 15:29:00,2011-05-05 15:13:00,7,84.34666666666666,True,139
15019,252.81,1,150,64,1,2011-03-18 12:35:00,2011-03-18 12:35:00,66,252.81,False,0
15035,252.73000000000002,1,245,26,1,2011-09-11 11:08:00,2011-09-11 11:08:00,27,252.73000000000002,False,0
13404,252.49,2,111,11,1,2011-05-11 11:57:00,2011-12-08 15:37:00,11,126.245,True,211
15346,252.42000000000002,1,144,17,1,2011-01-11 11:18:00,2011-01-11 11:18:00,17,252.42000000000002,False,0
13645,252.1,1,158,5,1,2011-08-11 16:11:00,2011-08-11 16:11:00,5,252.1,False,0
13711,252.06,2,140,11,1,2011-05-05 10:29:00,2011-05-05 10:31:00,13,126.03,True,0
16330,251.91,3,147,39,1,2011-08-19 17:08:00,2011-11-22 12:24:00,39,83.97,True,94
16836,251.87,2,165,11,1,2011-08-15 12:38:00,2011-10-31 10:05:00,11,125.935,True,76
17155,251.70000000000002,2,242,19,1,2011-06-15 10:22:00,2011-11-22 12:38:00,20,125.85000000000001,True,160
16976,251.51999999999998,1,88,2,1,2011-03-17 16:33:00,2011-03-17 16:33:00,2,251.51999999999998,False,0
14501,251.21,2,161,9,1,2011-01-24 10:43:00,2011-06-09 12:02:00,10,125.605,True,136
13512,251.21,1,143,15,1,2011-03-24 10:03:00,2011-03-24 10:03:00,15,251.21,False,0
16024,251.03,1,397,61,1,2011-11-27 13:26:00,2011-11-27 13:26:00,63,251.03,False,0
13207,250.26000000000002,2,130,7,1,2011-07-12 11:35:00,2011-11-24 14:52:00,8,125.13000000000001,True,135
16596,250.15,2,97,12,1,2010-12-08 16:18:00,2011-11-24 10:02:00,12,125.075,True,350
17303,250.04,1,144,53,1,2010-12-13 13:32:00,2010-12-13 13:32:00,53,250.04,False,0
15510,250.0,1,2,1,1,2011-01-13 12:10:00,2011-01-13 12:10:00,1,250.0,False,0
17456,249.86,1,222,17,1,2010-12-09 15:23:00,2010-12-09 15:23:00,17,249.86,False,0
16124,249.0,1,48,11,1,2011-01-26 14:45:00,2011-01-26 14:45:00,11,249.0,False,0
13061,248.61,1,107,10,1,2011-09-28 16:04:00,2011-09-28 16:04:00,10,248.61,False,0
16510,248.1,1,92,13,1,2010-12-02 13:39:00,2010-12-02 13:39:00,13,248.1,False,0
15097,248.08,1,170,25,1,2011-12-05 14:03:00,2011-12-05 14:03:00,25,248.08,False,0
13592,247.95999999999998,4,84,15,1,2011-03-20 14:01:00,2011-11-04 09:49:00,16,61.989999999999995,True,228
18072,247.44,1,288,18,1,2011-06-07 10:44:00,2011-06-07 10:44:00,18,247.44,False,0
18009,247.39,1,125,31,1,2011-04-18 13:36:00,2011-04-18 13:36:00,31,247.39,False,0
13349,247.32,1,225,16,1,2011-11-29 08:07:00,2011-11-29 08:07:00,16,247.32,False,0
14658,247.15,2,47,27,1,2011-08-14 15:42:00,2011-12-04 15:35:00,29,123.575,True,111
15783,246.3,1,212,14,1,2011-11-29 09:50:00,2011-11-29 09:50:00,14,246.3,False,0
17278,246.04,1,179,15,1,2011-04-12 13:10:00,2011-04-12 13:10:00,15,246.04,False,0
16778,245.94,2,194,16,1,2011-03-10 15:21:00,2011-09-26 13:48:00,16,122.97,True,199
17771,245.81,2,287,51,1,2011-01-20 14:13:00,2011-10-14 11:43:00,54,122.905,True,266
12660,245.1,1,127,13,1,2011-11-28 13:26:00,2011-11-28 13:26:00,13,245.1,False,0
15118,244.8,1,1440,1,1,2011-07-28 14:54:00,2011-07-28 14:54:00,1,244.8,False,0
16528,244.41,1,171,17,1,2011-12-06 12:45:00,2011-12-06 12:45:00,17,244.41,False,0
17892,244.1,3,109,27,1,2011-07-07 12:56:00,2011-10-14 16:49:00,28,81.36666666666666,True,99
17925,244.08,1,72,1,1,2010-12-02 10:10:00,2010-12-02 10:10:00,1,244.08,False,0
13103,243.94,1,82,8,1,2011-10-31 09:38:00,2011-10-31 09:38:00,8,243.94,False,0
16793,243.84,1,146,16,1,2011-10-13 15:08:00,2011-10-13 15:08:00,16,243.84,False,0
18193,243.76,1,124,16,1,2011-06-27 13:58:00,2011-06-27 13:58:00,16,243.76,False,0
13886,243.56,1,126,16,1,2011-09-29 13:17:00,2011-09-29 13:17:00,16,243.56,False,0
15634,243.55,1,99,15,1,2011-11-22 16:28:00,2011-11-22 16:28:00,15,243.55,False,0
17339,243.36,2,152,9,1,2010-12-09 14:44:00,2011-09-06 13:29:00,9,121.68,True,270
16601,242.7,1,133,29,1,2011-10-30 11:09:00,2011-10-30 11:09:00,30,242.7,False,0
16215,242.35,1,104,14,1,2011-09-20 10:18:00,2011-09-20 10:18:00,14,242.35,False,0
15776,241.62,1,138,18,1,2011-07-29 13:46:00,2011-07-29 13:46:00,18,241.62,False,0
14523,241.09,1,251,12,1,2011-08-23 13:13:00,2011-08-23 13:13:00,12,241.09,False,0
16427,241.06,2,156,8,1,2011-02-28 15:18:00,2011-03-21 17:10:00,9,120.53,True,21
17051,240.89000000000001,1,179,40,1,2011-05-29 14:13:00,2011-05-29 14:13:00,42,240.89000000000001,False,0
15598,240.68,1,160,14,1,2011-10-17 16:04:00,2011-10-17 16:04:00,14,240.68,False,0
15286,240.55,1,55,3,1,2011-10-21 11:08:00,2011-10-21 11:08:00,3,240.55,False,0
13565,240.22,2,172,35,1,2011-01-09 14:28:00,2011-11-20 14:33:00,38,120.11,True,315
17256,240.0,2,141,12,1,2011-01-31 14:53:00,2011-08-24 13:30:00,16,120.0,True,204
17181,239.92000000000002,2,241,23,1,2010-12-01 12:38:00,2011-10-13 14:48:00,23,119.96000000000001,True,316
15690,239.76,2,408,19,1,2011-08-31 11:40:00,2011-12-05 15:59:00,19,119.88,True,96
13570,239.49,1,161,27,1,2011-04-10 13:36:00,2011-04-10 13:36:00,27,239.49,False,0
17684,239.41,1,145,15,1,2011-10-27 11:10:00,2011-10-27 11:10:00,15,239.41,False,0
16756,239.4,1,106,13,1,2011-05-09 09:33:00,2011-05-09 09:33:00,13,239.4,False,0
12561,238.85,1,177,16,1,2011-02-10 11:39:00,2011-02-10 11:39:00,16,238.85,False,0
12718,238.25,1,203,19,1,2011-09-29 16:38:00,2011-09-29 16:38:00,19,238.25,False,0
17877,237.61,1,98,12,1,2011-06-22 13:00:00,2011-06-22 13:00:00,12,237.61,False,0
14586,237.36,1,444,19,1,2011-03-08 10:04:00,2011-03-08 10:04:00,19,237.36,False,0
15457,237.07,1,132,56,1,2011-03-22 15:31:00,2011-03-22 15:31:00,58,237.07,False,0
12732,236.26000000000002,1,111,12,1,2011-06-13 11:33:00,2011-06-13 11:33:00,12,236.26000000000002,False,0
16026,236.09,1,243,30,1,2011-10-27 13:53:00,2011-10-27 13:53:00,32,236.09,False,0
14647,236.04000000000002,1,91,24,1,2011-05-22 13:40:00,2011-05-22 13:40:00,28,236.04000000000002,False,0
13187,236.02,1,95,37,1,2011-01-06 18:57:00,2011-01-06 18:57:00,37,236.02,False,0
14375,235.56,1,184,57,1,2011-06-07 13:44:00,2011-06-07 13:44:00,66,235.56,False,0
15850,234.88,2,298,87,1,2011-06-24 14:16:00,2011-11-20 14:14:00,93,117.44,True,148
15462,234.6,3,172,9,1,2011-06-05 15:36:00,2011-09-06 13:11:00,11,78.2,True,92
14473,234.34000000000003,2,88,7,1,2011-03-02 13:56:00,2011-09-26 15:10:00,7,117.17000000000002,True,208
17060,234.24,1,216,5,1,2011-03-18 13:27:00,2011-03-18 13:27:00,5,234.24,False,0
16961,234.17,1,125,14,1,2011-08-15 13:46:00,2011-08-15 13:46:00,14,234.17,False,0
12736,234.0,1,173,4,1,2011-01-11 07:57:00,2011-01-11 07:57:00,4,234.0,False,0
13348,233.76,1,136,14,1,2011-10-06 17:28:00,2011-10-06 17:28:00,14,233.76,False,0
16583,233.45,1,111,14,1,2010-12-01 12:03:00,2010-12-01 12:03:00,14,233.45,False,0
16302,233.22,1,158,11,1,2011-08-05 09:44:00,2011-08-05 09:44:00,11,233.22,False,0
13678,232.6,1,924,16,1,2011-07-11 10:14:00,2011-07-11 10:14:00,16,232.6,False,0
18213,232.48000000000002,1,232,15,1,2011-04-17 10:21:00,2011-04-17 10:21:00,15,232.48000000000002,False,0
16117,232.21,1,130,30,1,2011-06-03 11:42:00,2011-06-03 11:42:00,30,232.21,False,0
17908,232.03,1,169,51,1,2010-12-01 11:45:00,2010-12-01 11:45:00,54,232.03,False,0
14995,231.98000000000002,2,102,53,1,2011-03-04 13:14:00,2011-11-01 11:39:00,60,115.99000000000001,True,241
15393,231.86,2,150,10,1,2011-03-03 16:58:00,2011-11-23 16:48:00,12,115.93,True,264
17111,231.61,1,282,29,1,2011-10-23 15:59:00,2011-10-23 15:59:00,29,231.61,False,0
16641,231.10000000000002,1,256,12,1,2011-08-26 12:49:00,2011-08-26 12:49:00,12,231.10000000000002,False,0
18030,230.64999999999998,2,67,8,1,2011-10-28 13:55:00,2011-12-05 16:37:00,9,115.32499999999999,True,38
16445,230.51,1,111,62,1,2011-11-06 12:32:00,2011-11-06 12:32:00,63,230.51,False,0
17125,230.5,1,281,34,1,2011-10-20 14:41:00,2011-10-20 14:41:00,35,230.5,False,0
13786,230.39999999999998,1,136,7,1,2010-12-07 13:53:00,2010-12-07 13:53:00,7,230.39999999999998,False,0
16926,230.25,1,35,14,1,2010-12-03 13:42:00,2010-12-03 13:42:00,14,230.25,False,0
13960,230.22,2,142,11,1,2011-09-29 12:39:00,2011-11-18 15:27:00,12,115.11,True,50
12812,229.64000000000001,1,164,15,1,2011-10-26 09:54:00,2011-10-26 09:54:00,15,229.64000000000001,False,0
13008,229.46999999999997,1,175,14,1,2011-01-20 14:24:00,2011-01-20 14:24:00,14,229.46999999999997,False,0
15528,229.33,1,123,26,1,2011-03-30 16:14:00,2011-03-30 16:14:00,26,229.33,False,0
14793,228.99,1,91,14,1,2011-11-18 14:50:00,2011-11-18 14:50:00,14,228.99,False,0
17347,228.96,1,216,1,1,2011-09-14 13:12:00,2011-09-14 13:12:00,1,228.96,False,0
13146,228.91,1,154,16,1,2011-11-13 15:29:00,2011-11-13 15:29:00,17,228.91,False,0
13712,228.84,1,352,10,1,2011-04-07 12:33:00,2011-04-07 12:33:00,10,228.84,False,0
13070,228.8,1,110,9,1,2011-05-31 13:45:00,2011-05-31 13:45:00,9,228.8,False,0
17969,228.2,2,152,14,1,2010-12-13 15:34:00,2011-06-26 13:00:00,14,114.1,True,194
16527,228.06,1,106,14,1,2011-09-19 16:21:00,2011-09-19 16:21:00,14,228.06,False,0
14569,227.39,1,79,10,1,2011-12-08 14:58:00,2011-12-08 14:58:00,12,227.39,False,0
17212,226.85,1,147,4,1,2011-03-31 19:42:00,2011-03-31 19:42:00,4,226.85,False,0
13474,226.84,1,129,59,1,2011-04-17 13:53:00,2011-04-17 13:53:00,62,226.84,False,0
17572,226.75000000000003,4,95,7,1,2010-12-01 12:51:00,2011-09-29 17:53:00,12,56.68750000000001,True,302
18005,226.47,2,86,52,1,2011-10-23 14:40:00,2011-12-06 11:51:00,53,113.235,True,43
17860,226.45000000000002,1,93,49,1,2010-12-06 12:41:00,2010-12-06 12:41:00,52,226.45000000000002,False,0
16315,226.37,1,75,14,1,2011-01-13 11:57:00,2011-01-13 11:57:00,14,226.37,False,0
16619,226.21,1,133,14,1,2011-03-21 08:18:00,2011-03-21 08:18:00,14,226.21,False,0
17789,225.9,1,74,14,1,2011-03-03 13:14:00,2011-03-03 13:14:00,14,225.9,False,0
12672,225.89999999999998,1,78,10,1,2011-01-14 09:20:00,2011-01-14 09:20:00,10,225.89999999999998,False,0
14624,225.85,2,162,13,1,2011-10-11 14:39:00,2011-10-13 13:44:00,13,112.925,True,1
12402,225.6,1,94,11,1,2011-01-20 13:49:00,2011-01-20 13:49:00,11,225.6,False,0
16690,225.57999999999998,2,138,10,1,2011-05-22 10:53:00,2011-09-28 15:02:00,12,112.78999999999999,True,129
14052,225.36,1,89,56,1,2011-11-20 12:30:00,2011-11-20 12:30:00,56,225.36,False,0
15483,225.26,4,291,74,1,2011-03-18 12:26:00,2011-07-01 13:07:00,84,56.315,True,105
16587,225.15,1,71,13,1,2011-04-21 15:51:00,2011-04-21 15:51:00,13,225.15,False,0
14357,225.12,1,147,39,1,2011-10-27 16:23:00,2011-10-27 16:23:00,40,225.12,False,0
17171,224.91,1,185,16,1,2011-02-23 16:37:00,2011-02-23 16:37:00,16,224.91,False,0
15175,224.14,1,454,23,1,2011-09-29 11:31:00,2011-09-29 11:31:00,23,224.14,False,0
16471,223.95000000000002,1,141,13,1,2011-03-10 09:41:00,2011-03-10 09:41:00,13,223.95000000000002,False,0
16753,223.92000000000002,1,189,34,1,2011-10-12 13:14:00,2011-10-12 13:14:00,34,223.92000000000002,False,0
14929,223.88,1,136,11,1,2011-11-07 17:21:00,2011-11-07 17:21:00,11,223.88,False,0
13926,223.85000000000002,1,104,11,1,2011-11-16 13:16:00,2011-11-16 13:16:00,11,223.85000000000002,False,0
15637,223.36,1,128,15,1,2011-10-18 08:28:00,2011-10-18 08:28:00,15,223.36,False,0
17534,223.36,1,103,9,1,2011-10-17 12:47:00,2011-10-17 12:47:00,9,223.36,False,0
13382,222.99,1,131,15,1,2011-03-04 10:03:00,2011-03-04 10:03:00,15,222.99,False,0
16777,222.62,2,62,45,1,2011-03-27 14:34:00,2011-09-20 13:41:00,48,111.31,True,176
18101,222.4,2,87,37,1,2011-07-19 13:05:00,2011-11-28 13:37:00,40,111.2,True,132
14598,221.97,1,189,49,1,2011-10-26 13:19:00,2011-10-26 13:19:00,50,221.97,False,0
14960,221.27,2,221,23,1,2011-06-21 13:38:00,2011-12-01 12:54:00,27,110.635,True,162
13419,221.06,1,275,16,1,2011-10-07 12:49:00,2011-10-07 12:49:00,16,221.06,False,0
16482,220.62,1,346,18,1,2011-11-24 12:33:00,2011-11-24 12:33:00,18,220.62,False,0
13079,220.10000000000002,5,62,2,1,2011-07-22 14:41:00,2011-12-05 16:53:00,6,44.02,True,136
18114,220.1,1,55,28,1,2011-02-22 13:20:00,2011-02-22 13:20:00,28,220.1,False,0
13600,219.52,1,324,19,1,2011-01-31 15:27:00,2011-01-31 15:27:00,19,219.52,False,0
15096,219.39000000000001,1,120,11,1,2011-10-28 10:27:00,2011-10-28 10:27:00,11,219.39000000000001,False,0
12702,219.0,1,53,12,1,2011-11-20 10:36:00,2011-11-20 10:36:00,12,219.0,False,0
15790,218.75,1,113,34,1,2011-11-29 14:53:00,2011-11-29 14:53:00,34,218.75,False,0
13669,218.55,2,237,9,1,2011-07-13 11:44:00,2011-10-20 09:32:00,9,109.275,True,98
12574,218.45,1,61,11,1,2011-01-28 09:20:00,2011-01-28 09:20:00,11,218.45,False,0
15724,218.25,2,73,11,1,2011-02-28 10:40:00,2011-05-22 14:40:00,11,109.125,True,83
14570,218.06,2,95,29,1,2011-03-04 10:39:00,2011-03-04 10:58:00,29,109.03,True,0
16634,217.9,2,82,9,1,2010-12-02 17:41:00,2011-05-01 12:09:00,9,108.95,True,149
16392,217.89,1,201,41,1,2011-03-15 12:11:00,2011-03-15 12:11:00,43,217.89,False,0
15554,217.2,1,74,14,1,2011-03-07 09:00:00,2011-03-07 09:00:00,14,217.2,False,0
16080,217.16,2,128,10,1,2011-03-10 14:44:00,2011-09-19 10:42:00,10,108.58,True,192
13739,216.9,1,54,3,1,2011-11-21 13:35:00,2011-11-21 13:35:00,3,216.9,False,0
13503,216.85,1,248,17,1,2011-09-29 13:23:00,2011-09-29 13:23:00,17,216.85,False,0
12897,216.5,2,110,3,1,2011-02-11 11:40:00,2011-05-19 12:13:00,4,108.25,True,97
15604,216.39,1,159,17,1,2011-10-18 14:47:00,2011-10-18 14:47:00,17,216.39,False,0
17436,216.29999999999998,2,90,7,1,2011-04-27 11:33:00,2011-12-08 12:30:00,9,108.14999999999999,True,225
14104,216.20999999999998,2,72,21,1,2011-06-27 12:49:00,2011-07-08 12:50:00,21,108.10499999999999,True,11
13858,216.17,1,75,11,1,2011-10-13 16:17:00,2011-10-13 16:17:00,11,216.17,False,0
18212,216.07,1,92,30,1,2011-01-17 16:14:00,2011-01-17 16:14:00,34,216.07,False,0
16179,215.83,1,99,11,1,2011-10-10 09:41:00,2011-10-10 09:41:00,11,215.83,False,0
17580,215.72,3,88,43,1,2010-12-16 15:27:00,2011-04-01 12:41:00,45,71.90666666666667,True,105
16189,215.48,2,134,9,1,2011-09-15 15:21:00,2011-11-24 11:47:00,11,107.74,True,69
16190,215.08,1,88,6,1,2011-10-30 15:59:00,2011-10-30 15:59:00,6,215.08,False,0
16519,215.07999999999998,2,54,13,1,2010-12-09 14:08:00,2011-11-14 15:41:00,13,107.53999999999999,True,340
12831,215.05,1,135,9,1,2011-03-22 13:02:00,2011-03-22 13:02:00,9,215.05,False,0
12588,214.89999999999998,1,53,10,1,2011-10-31 15:01:00,2011-10-31 15:01:00,10,214.89999999999998,False,0
16338,214.79999999999998,1,94,11,1,2011-07-05 13:56:00,2011-07-05 13:56:00,11,214.79999999999998,False,0
17619,214.37,1,124,71,1,2011-01-31 14:18:00,2011-01-31 14:18:00,74,214.37,False,0
16846,214.32,1,135,11,1,2011-10-20 13:55:00,2011-10-20 13:55:00,11,214.32,False,0
15460,214.26,1,107,53,1,2010-12-20 16:08:00,2010-12-20 16:08:00,56,214.26,False,0
16647,214.06,2,146,12,1,2011-05-19 09:31:00,2011-06-23 11:47:00,14,107.03,True,35
14601,213.96,1,168,7,1,2011-11-29 09:48:00,2011-11-29 09:48:00,7,213.96,False,0
13621,213.85,1,343,19,1,2011-08-15 08:26:00,2011-08-15 08:26:00,19,213.85,False,0
17153,213.78,1,104,14,1,2011-11-15 13:42:00,2011-11-15 13:42:00,14,213.78,False,0
14241,213.70000000000002,1,146,10,1,2011-06-09 11:46:00,2011-06-09 11:46:00,10,213.70000000000002,False,0
13411,213.55,1,72,17,1,2011-08-24 13:57:00,2011-08-24 13:57:00,18,213.55,False,0
16591,213.5,1,41,10,1,2011-10-02 10:43:00,2011-10-02 10:43:00,10,213.5,False,0
15540,213.3,1,200,15,1,2011-11-28 13:51:00,2011-11-28 13:51:00,15,213.3,False,0
17928,212.54,2,140,23,1,2011-04-07 18:03:00,2011-10-25 13:52:00,23,106.27,True,200
15866,211.89,1,124,43,1,2011-08-30 14:09:00,2011-08-30 14:09:00,43,211.89,False,0
16017,211.88,1,102,26,1,2011-10-23 12:56:00,2011-10-23 12:56:00,32,211.88,False,0
16356,211.77,3,93,20,1,2011-03-07 12:31:00,2011-05-26 11:51:00,31,70.59,True,79
16411,211.7,2,131,41,1,2010-12-05 13:26:00,2011-11-20 13:23:00,44,105.85,True,349
15703,211.5,1,66,5,1,2011-03-20 10:51:00,2011-03-20 10:51:00,5,211.5,False,0
13271,211.49,1,240,79,1,2011-11-02 14:31:00,2011-11-02 14:31:00,87,211.49,False,0
12995,211.32,1,108,3,1,2011-09-15 15:44:00,2011-09-15 15:44:00,3,211.32,False,0
13532,210.31,1,129,66,1,2011-11-06 12:25:00,2011-11-06 12:25:00,66,210.31,False,0
13828,209.49,1,311,15,1,2011-11-17 16:02:00,2011-11-17 16:02:00,15,209.49,False,0
17855,208.97,1,197,17,1,2010-12-02 09:44:00,2010-12-02 09:44:00,17,208.97,False,0
15327,208.75,1,116,10,1,2011-10-18 11:55:00,2011-10-18 11:55:00,10,208.75,False,0
17514,208.65,1,135,40,1,2011-08-03 15:45:00,2011-08-03 15:45:00,40,208.65,False,0
15897,208.59,2,223,17,1,2011-05-29 13:32:00,2011-05-29 13:50:00,22,104.295,True,0
16457,208.36,1,140,9,1,2011-05-05 13:19:00,2011-05-05 13:19:00,9,208.36,False,0
12547,207.79999999999998,2,134,7,1,2011-03-04 12:46:00,2011-05-26 12:38:00,8,103.89999999999999,True,82
18191,207.79999999999998,1,140,7,1,2011-03-23 12:08:00,2011-03-23 12:08:00,7,207.79999999999998,False,0
16866,207.73999999999998,3,60,10,1,2011-07-01 12:34:00,2011-07-22 10:06:00,11,69.24666666666666,True,20
15052,207.73000000000002,1,79,27,1,2011-01-24 15:52:00,2011-01-24 15:52:00,28,207.73000000000002,False,0
16323,207.50000000000003,1,50,1,1,2011-05-27 14:48:00,2011-05-27 14:48:00,1,207.50000000000003,False,0
17923,207.50000000000003,1,50,1,1,2011-03-02 15:15:00,2011-03-02 15:15:00,1,207.50000000000003,False,0
16752,207.5,1,54,9,1,2010-12-02 12:18:00,2010-12-02 12:18:00,9,207.5,False,0
13099,207.35999999999999,1,288,1,1,2011-09-01 17:40:00,2011-09-01 17:40:00,1,207.35999999999999,False,0
15925,207.15,1,93,12,1,2011-05-29 15:35:00,2011-05-29 15:35:00,12,207.15,False,0
15820,206.98,1,128,17,1,2011-01-24 12:00:00,2011-01-24 12:00:00,17,206.98,False,0
17166,206.34,2,78,11,1,2011-05-20 08:18:00,2011-11-01 09:46:00,12,103.17,True,165
14964,206.21,1,143,13,1,2011-04-06 14:13:00,2011-04-06 14:13:00,13,206.21,False,0
13065,205.86,1,74,14,1,2010-12-01 16:52:00,2010-12-01 16:52:00,14,205.86,False,0
17670,205.7,1,110,11,1,2011-04-26 09:12:00,2011-04-26 09:12:00,11,205.7,False,0
17843,205.48,1,113,36,1,2011-02-09 15:33:00,2011-02-09 15:33:00,37,205.48,False,0
15307,205.3,1,37,12,1,2011-09-05 11:38:00,2011-09-05 11:38:00,12,205.3,False,0
15758,205.25,1,47,9,1,2011-11-15 10:48:00,2011-11-15 10:48:00,9,205.25,False,0
13513,205.1,1,109,10,1,2011-08-05 11:50:00,2011-08-05 11:50:00,10,205.1,False,0
15319,204.5,1,175,16,1,2011-03-01 12:48:00,2011-03-01 12:48:00,16,204.5,False,0
17206,204.24,1,76,7,1,2011-10-17 13:25:00,2011-10-17 13:25:00,7,204.24,False,0
18273,204.0,3,80,1,1,2011-03-27 11:22:00,2011-12-07 13:16:00,3,68.0,True,255
13017,204.0,1,48,1,1,2011-12-02 15:53:00,2011-12-02 15:53:00,1,204.0,False,0
17187,203.95,1,144,10,1,2011-04-27 12:39:00,2011-04-27 12:39:00,10,203.95,False,0
17394,203.86999999999998,1,241,4,1,2011-05-04 13:22:00,2011-05-04 13:22:00,4,203.86999999999998,False,0
17891,203.85999999999999,1,393,34,1,2011-06-30 20:08:00,2011-06-30 20:08:00,34,203.85999999999999,False,0
17376,203.2,2,86,23,1,2011-02-01 14:12:00,2011-09-30 12:36:00,24,101.6,True,240
14381,202.68,1,146,56,1,2011-10-18 17:10:00,2011-10-18 17:10:00,56,202.68,False,0
18169,202.65,1,61,9,1,2011-10-10 12:18:00,2011-10-10 12:18:00,9,202.65,False,0
14984,202.37,2,58,37,1,2011-06-12 11:04:00,2011-11-20 14:28:00,39,101.185,True,161
16895,202.27,1,91,57,1,2011-10-06 12:15:00,2011-10-06 12:15:00,62,202.27,False,0
14385,202.11,3,159,13,1,2011-11-16 11:55:00,2011-11-30 15:36:00,14,67.37,True,14
13428,201.78,1,151,70,1,2011-11-29 14:20:00,2011-11-29 14:20:00,71,201.78,False,0
15347,201.60000000000002,1,130,5,1,2010-12-08 15:25:00,2010-12-08 15:25:00,5,201.60000000000002,False,0
17889,201.37,2,77,20,1,2011-01-21 17:14:00,2011-05-11 16:26:00,20,100.685,True,109
13295,201.20000000000002,1,82,10,1,2010-12-15 11:21:00,2010-12-15 11:21:00,10,201.20000000000002,False,0
13284,201.19,1,91,13,1,2011-01-13 09:23:00,2011-01-13 09:23:00,13,201.19,False,0
16965,201.19,1,291,26,1,2011-04-27 12:08:00,2011-04-27 12:08:00,26,201.19,False,0
13859,201.16,1,129,27,1,2011-01-17 16:14:00,2011-01-17 16:14:00,28,201.16,False,0
17988,201.12,7,43,37,1,2011-01-17 11:59:00,2011-11-28 11:00:00,38,28.731428571428573,True,314
18126,200.92000000000002,1,135,52,1,2011-10-10 12:19:00,2011-10-10 12:19:00,52,200.92000000000002,False,0
17693,200.47,1,231,16,1,2011-07-25 15:48:00,2011-07-25 15:48:00,16,200.47,False,0
13262,200.29,1,125,11,1,2011-03-21 15:06:00,2011-03-21 15:06:00,11,200.29,False,0
16415,200.27,1,178,45,1,2011-10-26 13:35:00,2011-10-26 13:35:00,47,200.27,False,0
15437,200.16,1,79,44,1,2011-03-22 13:11:00,2011-03-22 13:11:00,45,200.16,False,0
13980,200.14,1,172,11,1,2011-10-10 13:34:00,2011-10-10 13:34:00,11,200.14,False,0
14782,200.10000000000002,1,114,6,1,2011-01-24 11:12:00,2011-01-24 11:12:00,6,200.10000000000002,False,0
13723,199.85000000000002,1,43,6,1,2011-05-06 17:04:00,2011-05-06 17:04:00,6,199.85000000000002,False,0
15593,199.8,1,60,5,1,2011-09-30 11:46:00,2011-09-30 11:46:00,5,199.8,False,0
13322,199.48000000000002,1,117,25,1,2011-11-22 14:21:00,2011-11-22 14:21:00,25,199.48000000000002,False,0
16832,199.15,3,33,11,1,2011-05-06 14:12:00,2011-06-08 15:36:00,12,66.38333333333334,True,33
18110,198.8,1,72,33,1,2011-11-20 12:34:00,2011-11-20 12:34:00,37,198.8,False,0
17987,198.57,1,261,13,1,2011-06-07 14:22:00,2011-06-07 14:22:00,13,198.57,False,0
16178,197.9,1,94,8,1,2011-07-24 16:05:00,2011-07-24 16:05:00,8,197.9,False,0
12450,197.88,2,128,7,1,2011-06-19 14:36:00,2011-07-06 14:41:00,8,98.94,True,17
12581,197.71,1,161,15,1,2011-10-31 08:56:00,2011-10-31 08:56:00,15,197.71,False,0
14185,197.65,1,6,3,1,2011-01-12 13:52:00,2011-01-12 13:52:00,3,197.65,False,0
14789,197.64,1,116,6,1,2011-11-11 08:59:00,2011-11-11 08:59:00,6,197.64,False,0
16829,197.22,1,99,11,1,2011-07-06 10:48:00,2011-07-06 10:48:00,11,197.22,False,0
15234,197.0,1,196,14,1,2011-03-08 08:53:00,2011-03-08 08:53:00,14,197.0,False,0
12586,196.94000000000003,1,79,11,1,2011-11-22 16:24:00,2011-11-22 16:24:00,11,196.94000000000003,False,0
13436,196.89,1,76,12,1,2011-12-08 10:33:00,2011-12-08 10:33:00,12,196.89,False,0
15746,196.88,1,178,28,1,2011-07-28 15:21:00,2011-07-28 15:21:00,28,196.88,False,0
13978,196.79000000000002,2,315,14,1,2011-10-25 15:04:00,2011-11-25 11:36:00,15,98.39500000000001,True,30
16112,195.73999999999998,4,574,15,1,2011-01-05 11:47:00,2011-07-19 14:28:00,16,48.934999999999995,True,195
13792,195.55,2,92,13,1,2011-02-25 14:03:00,2011-10-04 14:31:00,13,97.775,True,221
17010,195.36,1,118,11,1,2011-11-21 14:49:00,2011-11-21 14:49:00,11,195.36,False,0
14666,195.25,1,161,14,1,2011-11-15 12:57:00,2011-11-15 12:57:00,14,195.25,False,0
15612,195.15,2,52,4,1,2011-10-09 12:49:00,2011-11-03 14:52:00,6,97.575,True,25
17475,194.37,1,178,14,1,2011-09-21 14:55:00,2011-09-21 14:55:00,14,194.37,False,0
15683,193.75,1,131,10,1,2011-08-14 12:56:00,2011-08-14 12:56:00,10,193.75,False,0
15198,193.64,2,120,10,1,2011-08-07 15:16:00,2011-09-08 14:42:00,10,96.82,True,31
17343,193.64,1,56,17,1,2010-12-19 15:07:00,2010-12-19 15:07:00,17,193.64,False,0
16847,193.44,1,78,12,1,2011-10-27 13:29:00,2011-10-27 13:29:00,12,193.44,False,0
17383,193.39000000000001,1,148,49,1,2011-12-05 17:36:00,2011-12-05 17:36:00,49,193.39000000000001,False,0
14806,193.39000000000001,1,330,11,1,2011-09-25 15:32:00,2011-09-25 15:32:00,11,193.39000000000001,False,0
14476,193.0,1,110,17,1,2011-03-27 15:39:00,2011-03-27 15:39:00,17,193.0,False,0
12522,192.72,2,194,11,1,2011-10-19 14:41:00,2011-10-31 15:30:00,12,96.36,True,12
12791,192.60000000000002,1,97,2,1,2010-12-01 11:27:00,2010-12-01 11:27:00,2,192.60000000000002,False,0
14768,192.60000000000002,2,52,4,1,2011-08-04 13:25:00,2011-11-22 12:54:00,5,96.30000000000001,True,109
16887,192.32999999999998,1,156,35,1,2011-11-04 14:07:00,2011-11-04 14:07:00,36,192.32999999999998,False,0
17608,191.99,2,229,54,1,2011-11-06 13:00:00,2011-11-06 13:06:00,56,95.995,True,0
14100,191.95000000000002,1,63,24,1,2011-07-25 11:01:00,2011-07-25 11:01:00,25,191.95000000000002,False,0
15909,191.94,1,98,7,1,2011-06-19 10:38:00,2011-06-19 10:38:00,7,191.94,False,0
14087,191.47,1,250,61,1,2011-12-07 12:41:00,2011-12-07 12:41:00,68,191.47,False,0
15692,191.04,1,138,12,1,2011-11-11 14:12:00,2011-11-11 14:12:00,12,191.04,False,0
17233,190.88,1,131,25,1,2011-11-04 14:06:00,2011-11-04 14:06:00,25,190.88,False,0
15723,190.7,1,73,37,1,2010-12-10 11:12:00,2010-12-10 11:12:00,38,190.7,False,0
13033,190.55,1,83,11,1,2010-12-17 14:23:00,2010-12-17 14:23:00,11,190.55,False,0
15412,190.53,1,108,10,1,2011-06-21 15:24:00,2011-06-21 15:24:00,10,190.53,False,0
13972,190.25,2,187,15,1,2011-05-22 11:34:00,2011-09-30 11:54:00,15,95.125,True,131
12361,189.9,1,91,10,1,2011-02-25 13:51:00,2011-02-25 13:51:00,10,189.9,False,0
13826,189.5,1,82,10,1,2011-06-16 13:48:00,2011-06-16 13:48:00,10,189.5,False,0
13663,189.47,1,91,13,1,2011-06-13 15:44:00,2011-06-13 15:44:00,13,189.47,False,0
14801,189.34,1,173,56,1,2011-10-09 15:24:00,2011-10-09 15:24:00,57,189.34,False,0
14830,188.88,1,164,39,1,2011-10-17 14:29:00,2011-10-17 14:29:00,39,188.88,False,0
14697,188.60999999999999,2,181,22,1,2011-05-05 15:29:00,2011-05-05 15:39:00,22,94.30499999999999,True,0
17781,188.02,2,34,12,1,2011-03-31 19:54:00,2011-07-03 16:00:00,12,94.01,True,93
17279,187.82999999999998,1,48,8,1,2011-10-13 11:58:00,2011-10-13 11:58:00,9,187.82999999999998,False,0
18013,187.29,2,285,31,1,2011-07-07 14:08:00,2011-07-07 14:11:00,31,93.645,True,0
13568,187.05,1,66,41,1,2011-06-19 14:42:00,2011-06-19 14:42:00,43,187.05,False,0
17440,186.42000000000002,3,246,3,1,2011-04-06 12:05:00,2011-07-06 11:54:00,5,62.14000000000001,True,90
13672,186.39000000000001,2,57,4,1,2011-01-11 13:54:00,2011-02-11 13:53:00,6,93.19500000000001,True,30
14551,186.23,2,106,9,1,2011-05-19 18:21:00,2011-11-21 13:36:00,10,93.115,True,185
15567,186.01,1,223,7,1,2011-11-21 10:48:00,2011-11-21 10:48:00,7,186.01,False,0
12641,185.9,1,72,10,1,2011-08-16 13:26:00,2011-08-16 13:26:00,10,185.9,False,0
17574,185.65,1,77,8,1,2011-04-11 09:47:00,2011-04-11 09:47:00,8,185.65,False,0
14199,185.39999999999998,1,28,2,1,2011-05-05 13:44:00,2011-05-05 13:44:00,2,185.39999999999998,False,0
16097,185.04999999999998,1,87,10,1,2011-04-13 13:47:00,2011-04-13 13:47:00,10,185.04999999999998,False,0
13482,184.64,1,116,11,1,2011-04-21 17:03:00,2011-04-21 17:03:00,11,184.64,False,0
17680,184.4,1,96,11,1,2011-11-16 12:42:00,2011-11-16 12:42:00,11,184.4,False,0
16433,184.26,1,106,17,1,2011-11-11 14:09:00,2011-11-11 14:09:00,17,184.26,False,0
15124,184.19,2,233,14,1,2011-06-01 09:06:00,2011-11-17 10:09:00,15,92.095,True,169
14326,183.85,1,103,8,1,2011-04-11 15:04:00,2011-04-11 15:04:00,8,183.85,False,0
16914,183.76,1,112,25,1,2011-11-03 15:27:00,2011-11-03 15:27:00,30,183.76,False,0
16680,183.7,1,94,10,1,2011-10-27 17:35:00,2011-10-27 17:35:00,10,183.7,False,0
14059,183.6,1,128,8,1,2011-03-18 10:06:00,2011-03-18 10:06:00,8,183.6,False,0
13460,183.44,2,286,16,1,2011-10-21 09:50:00,2011-11-10 17:17:00,17,91.72,True,20
13059,183.4,1,35,8,1,2011-04-04 10:40:00,2011-04-04 10:40:00,8,183.4,False,0
14966,183.02,1,179,35,1,2011-11-25 12:20:00,2011-11-25 12:20:00,36,183.02,False,0
16448,182.99,1,76,19,1,2011-05-25 16:28:00,2011-05-25 16:28:00,19,182.99,False,0
14082,182.25,1,110,28,1,2010-12-10 11:02:00,2010-12-10 11:02:00,29,182.25,False,0
16594,181.09,1,64,53,1,2011-09-25 14:08:00,2011-09-25 14:08:00,53,181.09,False,0
15886,181.09,1,147,12,1,2011-10-10 14:25:00,2011-10-10 14:25:00,12,181.09,False,0
17904,181.07,1,59,33,1,2011-11-18 12:57:00,2011-11-18 12:57:00,34,181.07,False,0
15945,181.0,1,52,2,1,2010-12-09 13:14:00,2010-12-09 13:14:00,2,181.0,False,0
16835,180.85,2,61,10,1,2010-12-01 17:15:00,2011-08-03 13:50:00,10,90.425,True,244
18119,180.7,1,124,29,1,2010-12-07 11:59:00,2010-12-07 11:59:00,29,180.7,False,0
18280,180.60000000000002,1,45,10,1,2011-03-07 09:52:00,2011-03-07 09:52:00,10,180.60000000000002,False,0
13710,180.48,1,176,8,1,2011-11-08 08:16:00,2011-11-08 08:16:00,8,180.48,False,0
14722,180.42000000000002,1,118,28,1,2011-07-15 14:58:00,2011-07-15 14:58:00,28,180.42000000000002,False,0
12622,180.1,1,69,11,1,2011-04-21 16:39:00,2011-04-21 16:39:00,11,180.1,False,0
15041,179.93,1,103,66,1,2011-06-22 16:16:00,2011-06-22 16:16:00,66,179.93,False,0
18147,179.33999999999997,2,203,7,1,2011-08-23 12:22:00,2011-10-25 11:46:00,7,89.66999999999999,True,62
15895,179.17,1,94,11,1,2011-07-13 10:27:00,2011-07-13 10:27:00,11,179.17,False,0
15454,179.1,1,86,23,1,2010-12-12 14:21:00,2010-12-12 14:21:00,25,179.1,False,0
14705,179.0,1,100,1,1,2011-05-25 12:39:00,2011-05-25 12:39:00,1,179.0,False,0
16990,179.0,1,100,1,1,2011-05-05 08:30:00,2011-05-05 08:30:00,1,179.0,False,0
16620,178.96,2,88,9,1,2011-03-24 10:37:00,2011-12-06 12:19:00,9,89.48,True,257
15139,178.96,2,208,13,1,2011-01-07 12:44:00,2011-04-14 11:39:00,13,89.48,True,96
15262,178.95000000000002,1,73,10,1,2011-01-20 12:16:00,2011-01-20 12:16:00,10,178.95000000000002,False,0
17660,178.75,1,121,37,1,2011-07-21 13:37:00,2011-07-21 13:37:00,38,178.75,False,0
13778,178.7,1,70,9,1,2011-08-28 15:25:00,2011-08-28 15:25:00,9,178.7,False,0
17879,178.51999999999998,1,45,6,1,2011-06-19 12:36:00,2011-06-19 12:36:00,6,178.51999999999998,False,0
15292,178.39,1,55,24,1,2011-05-22 15:00:00,2011-05-22 15:00:00,24,178.39,False,0
18045,178.34,1,138,43,1,2011-10-25 13:07:00,2011-10-25 13:07:00,43,178.34,False,0
17253,178.26,1,43,18,1,2011-11-21 12:59:00,2011-11-21 12:59:00,18,178.26,False,0
17356,178.22,1,166,19,1,2011-02-01 11:07:00,2011-02-01 11:07:00,19,178.22,False,0
18282,178.05,2,103,12,1,2011-08-05 13:35:00,2011-12-02 11:43:00,12,89.025,True,118
16403,177.5,1,114,10,1,2011-01-31 13:39:00,2011-01-31 13:39:00,10,177.5,False,0
13618,177.34,1,246,13,1,2011-06-19 11:09:00,2011-06-19 11:09:00,13,177.34,False,0
12618,177.31,1,96,11,1,2011-11-18 11:10:00,2011-11-18 11:10:00,11,177.31,False,0
13072,177.15,1,69,7,1,2011-03-18 08:12:00,2011-03-18 08:12:00,7,177.15,False,0
17947,176.68,1,168,9,1,2011-11-02 13:05:00,2011-11-02 13:05:00,9,176.68,False,0
14287,176.63,3,261,9,1,2011-05-25 11:41:00,2011-12-01 13:25:00,9,58.876666666666665,True,190
12893,176.55,1,90,27,1,2011-11-09 12:34:00,2011-11-09 12:34:00,31,176.55,False,0
12509,176.5,1,55,7,1,2011-02-28 14:45:00,2011-02-28 14:45:00,7,176.5,False,0
18274,175.92,1,88,11,1,2011-11-09 17:03:00,2011-11-09 17:03:00,11,175.92,False,0
17582,175.27,1,123,28,1,2011-04-17 13:18:00,2011-04-17 13:18:00,29,175.27,False,0
17331,175.2,1,16,1,1,2011-08-08 11:55:00,2011-08-08 11:55:00,1,175.2,False,0
16144,175.2,1,16,1,1,2011-04-07 10:09:00,2011-04-07 10:09:00,1,175.2,False,0
18010,174.8,1,60,14,1,2011-03-28 12:27:00,2011-03-28 12:27:00,14,174.8,False,0
14355,174.4,1,92,11,1,2010-12-09 12:16:00,2010-12-09 12:16:00,11,174.4,False,0
14518,174.37,1,278,16,1,2011-10-06 14:43:00,2011-10-06 14:43:00,16,174.37,False,0
18278,173.9,1,66,9,1,2011-09-27 11:58:00,2011-09-27 11:58:00,9,173.9,False,0
16861,173.76,2,140,6,1,2011-07-04 15:38:00,2011-10-11 09:05:00,6,86.88,True,98
14798,173.74,3,150,11,1,2011-02-02 15:26:00,2011-10-18 10:58:00,12,57.913333333333334,True,257
16565,173.7,1,46,3,1,2010-12-10 15:21:00,2010-12-10 15:21:00,3,173.7,False,0
12441,173.55,1,121,11,1,2010-12-08 10:45:00,2010-12-08 10:45:00,11,173.55,False,0
17772,173.45,2,55,50,1,2011-11-29 10:57:00,2011-11-29 11:05:00,50,86.725,True,0
15565,173.16,2,60,8,1,2011-09-30 10:44:00,2011-10-20 14:33:00,8,86.58,True,20
15670,173.05,1,91,12,1,2011-02-16 10:50:00,2011-02-16 10:50:00,12,173.05,False,0
14693,172.9,1,34,8,1,2011-03-20 12:50:00,2011-03-20 12:50:00,8,172.9,False,0
12923,172.82,1,68,28,1,2011-10-06 16:20:00,2011-10-06 16:20:00,28,172.82,False,0
18048,172.29000000000002,2,127,6,1,2011-05-20 14:54:00,2011-05-20 14:58:00,7,86.14500000000001,True,0
13690,172.25,1,67,9,1,2011-10-11 15:03:00,2011-10-11 15:03:00,9,172.25,False,0
13922,172.25,1,93,7,1,2010-12-23 10:38:00,2010-12-23 10:38:00,7,172.25,False,0
12442,172.06,1,182,12,1,2011-12-06 14:22:00,2011-12-06 14:22:00,12,172.06,False,0
16773,171.59,1,171,23,1,2011-10-13 14:37:00,2011-10-13 14:37:00,26,171.59,False,0
17245,171.45,1,75,9,1,2011-05-19 10:43:00,2011-05-19 10:43:00,9,171.45,False,0
13560,171.42000000000002,1,63,32,1,2011-12-02 13:11:00,2011-12-02 13:11:00,32,171.42000000000002,False,0
15432,171.19,1,65,10,1,2011-11-16 16:30:00,2011-11-16 16:30:00,10,171.19,False,0
14536,170.95,1,39,18,1,2011-03-25 12:21:00,2011-03-25 12:21:00,18,170.95,False,0
17542,170.75,1,134,24,1,2011-03-15 11:45:00,2011-03-15 11:45:00,25,170.75,False,0
14860,170.32,1,232,11,1,2011-11-20 14:17:00,2011-11-20 14:17:00,11,170.32,False,0
15335,170.22,1,79,34,1,2011-10-17 12:50:00,2011-10-17 12:50:00,35,170.22,False,0
18058,170.16,1,88,3,1,2011-11-30 08:38:00,2011-11-30 08:38:00,3,170.16,False,0
15016,170.04,1,76,20,1,2011-06-20 12:06:00,2011-06-20 12:06:00,20,170.04,False,0
13962,169.55,2,87,11,1,2011-04-08 11:21:00,2011-11-18 08:47:00,11,84.775,True,223
14218,169.48000000000002,1,160,12,1,2011-10-28 10:00:00,2011-10-28 10:00:00,12,169.48000000000002,False,0
12367,168.9,1,173,11,1,2011-12-05 16:48:00,2011-12-05 16:48:00,11,168.9,False,0
14578,168.63,1,240,24,1,2011-12-06 17:18:00,2011-12-06 17:18:00,24,168.63,False,0
18269,168.6,1,76,7,1,2010-12-08 13:53:00,2010-12-08 13:53:00,7,168.6,False,0
18099,168.31,1,149,19,1,2011-08-04 15:52:00,2011-08-04 15:52:00,19,168.31,False,0
15888,168.31,1,76,11,1,2011-09-20 12:30:00,2011-09-20 12:30:00,12,168.31,False,0
16282,168.3,1,114,11,1,2011-01-04 11:42:00,2011-01-04 11:42:00,11,168.3,False,0
17737,168.24,2,108,8,1,2011-10-12 14:42:00,2011-11-30 15:16:00,10,84.12,True,49
15986,168.12,1,268,14,1,2011-11-09 15:17:00,2011-11-09 15:17:00,14,168.12,False,0
15374,168.0,1,126,3,1,2011-08-03 09:59:00,2011-08-03 09:59:00,3,168.0,False,0
12551,168.0,1,100,10,1,2010-12-17 11:23:00,2010-12-17 11:23:00,10,168.0,False,0
16952,167.61,2,92,16,1,2011-08-22 12:58:00,2011-08-22 13:03:00,16,83.805,True,0
17367,167.55,1,149,33,1,2011-04-15 14:21:00,2011-04-15 14:21:00,33,167.55,False,0
15920,167.5,4,99,53,1,2011-07-08 15:16:00,2011-07-08 15:31:00,60,41.875,True,0
16405,167.25,2,187,3,1,2011-02-02 17:08:00,2011-02-10 15:24:00,5,83.625,True,7
14295,166.20000000000002,1,84,5,1,2011-10-30 15:50:00,2011-10-30 15:50:00,5,166.20000000000002,False,0
17650,166.08,1,150,8,1,2011-11-18 14:52:00,2011-11-18 14:52:00,8,166.08,False,0
12817,166.04,1,53,4,1,2011-03-03 16:28:00,2011-03-03 16:28:00,4,166.04,False,0
18088,166.03,1,107,35,1,2011-10-09 13:41:00,2011-10-09 13:41:00,37,166.03,False,0
17561,165.12,1,144,44,1,2011-11-20 12:53:00,2011-11-20 12:53:00,45,165.12,False,0
18042,165.04999999999998,1,33,7,1,2011-10-17 11:49:00,2011-10-17 11:49:00,7,165.04999999999998,False,0
13470,165.0,2,100,7,1,2011-08-16 17:06:00,2011-09-01 14:57:00,10,82.5,True,15
15316,165.0,1,100,1,1,2011-01-17 11:34:00,2011-01-17 11:34:00,1,165.0,False,0
15904,164.68,1,84,30,1,2011-12-01 14:50:00,2011-12-01 14:50:00,30,164.68,False,0
17535,164.4,1,136,13,1,2011-03-04 15:20:00,2011-03-04 15:20:00,13,164.4,False,0
13603,164.34,1,164,27,1,2011-11-13 15:57:00,2011-11-13 15:57:00,27,164.34,False,0
14552,164.22,1,90,57,1,2011-07-11 12:49:00,2011-07-11 12:49:00,57,164.22,False,0
14354,163.62,2,210,9,1,2011-11-09 15:36:00,2011-12-04 11:32:00,9,81.81,True,24
17110,163.29999999999998,1,50,12,1,2011-06-27 12:58:00,2011-06-27 12:58:00,12,163.29999999999998,False,0
17301,163.24,1,137,59,1,2011-11-18 13:43:00,2011-11-18 13:43:00,59,163.24,False,0
13223,163.20000000000002,2,88,5,1,2011-04-21 15:16:00,2011-05-23 13:03:00,5,81.60000000000001,True,31
14485,162.8,1,70,44,1,2011-11-01 12:25:00,2011-11-01 12:25:00,46,162.8,False,0
12920,162.78,1,128,27,1,2011-11-22 15:05:00,2011-11-22 15:05:00,27,162.78,False,0
16517,162.7,1,96,17,1,2011-03-07 13:50:00,2011-03-07 13:50:00,17,162.7,False,0
15733,162.3,1,62,10,1,2011-03-02 09:05:00,2011-03-02 09:05:00,10,162.3,False,0
18014,162.22,1,66,29,1,2011-11-11 15:28:00,2011-11-11 15:28:00,30,162.22,False,0
15325,161.74,1,231,47,1,2011-08-28 11:55:00,2011-08-28 11:55:00,48,161.74,False,0
17600,161.67000000000002,1,144,13,1,2011-11-22 09:43:00,2011-11-22 09:43:00,13,161.67000000000002,False,0
15458,161.64,1,156,7,1,2011-11-14 13:08:00,2011-11-14 13:08:00,7,161.64,False,0
16113,161.38,1,176,30,1,2011-06-09 16:16:00,2011-06-09 16:16:00,30,161.38,False,0
14237,161.0,1,38,9,1,2010-12-01 13:20:00,2010-12-01 13:20:00,9,161.0,False,0
13229,160.95,1,63,10,1,2011-04-28 12:07:00,2011-04-28 12:07:00,10,160.95,False,0
15852,160.71,2,48,22,1,2011-05-26 13:26:00,2011-06-06 11:22:00,22,80.355,True,10
12573,160.54000000000002,1,84,26,1,2011-04-26 15:52:00,2011-04-26 15:52:00,28,160.54000000000002,False,0
18203,160.42000000000002,1,43,19,1,2011-07-05 13:07:00,2011-07-05 13:07:00,19,160.42000000000002,False,0
18146,160.35000000000002,2,153,10,1,2011-05-03 16:35:00,2011-07-22 12:08:00,10,80.17500000000001,True,79
14714,160.19,1,229,10,1,2011-11-15 13:07:00,2011-11-15 13:07:00,10,160.19,False,0
12966,160.18,1,75,10,1,2011-11-30 12:38:00,2011-11-30 12:38:00,10,160.18,False,0
13598,160.04,1,52,33,1,2011-10-23 14:28:00,2011-10-23 14:28:00,35,160.04,False,0
13420,159.85,2,101,8,1,2011-06-22 11:35:00,2011-07-13 08:48:00,8,79.925,True,20
16213,159.0,1,48,6,1,2011-09-22 10:03:00,2011-09-22 10:03:00,6,159.0,False,0
18224,158.95000000000002,1,69,10,1,2011-03-21 10:30:00,2011-03-21 10:30:00,10,158.95000000000002,False,0
13937,158.85,1,123,9,1,2011-06-23 16:35:00,2011-06-23 16:35:00,9,158.85,False,0
15167,158.8,1,65,39,1,2011-01-23 12:41:00,2011-01-23 12:41:00,39,158.8,False,0
14089,158.75,1,133,13,1,2011-10-14 10:38:00,2011-10-14 10:38:00,13,158.75,False,0
17165,158.68,1,100,10,1,2011-02-28 16:39:00,2011-02-28 16:39:00,10,158.68,False,0
15160,158.16,1,84,4,1,2010-12-17 14:15:00,2010-12-17 14:15:00,4,158.16,False,0
15348,158.04,1,84,9,1,2011-09-28 13:17:00,2011-09-28 13:17:00,9,158.04,False,0
18004,157.92,1,75,32,1,2010-12-12 13:47:00,2010-12-12 13:47:00,37,157.92,False,0
17556,157.9,1,101,6,1,2011-05-18 10:48:00,2011-05-18 10:48:00,6,157.9,False,0
14799,157.7,1,146,13,1,2011-10-19 16:16:00,2011-10-19 16:16:00,13,157.7,False,0
17344,157.62,1,65,31,1,2011-10-24 12:56:00,2011-10-24 12:56:00,31,157.62,False,0
14148,157.2,1,16,3,1,2011-04-20 12:02:00,2011-04-20 12:02:00,3,157.2,False,0
17128,157.09,1,76,14,1,2011-01-09 12:02:00,2011-01-09 12:02:00,14,157.09,False,0
14585,157.05,1,91,29,1,2011-10-20 14:33:00,2011-10-20 14:33:00,29,157.05,False,0
17118,157.02,1,154,10,1,2011-01-26 12:19:00,2011-01-26 12:19:00,10,157.02,False,0
15007,156.91,1,69,12,1,2011-07-03 16:00:00,2011-07-03 16:00:00,12,156.91,False,0
15988,156.78,1,180,26,1,2011-11-20 13:23:00,2011-11-20 13:23:00,26,156.78,False,0
14406,156.75,1,77,8,1,2011-08-12 16:54:00,2011-08-12 16:54:00,8,156.75,False,0
15438,156.57999999999998,1,59,25,1,2011-07-31 14:19:00,2011-07-31 14:19:00,25,156.57999999999998,False,0
15263,156.51,1,89,12,1,2011-08-25 10:26:00,2011-08-25 10:26:00,12,156.51,False,0
17885,156.34,1,110,50,1,2011-11-27 14:40:00,2011-11-27 14:40:00,53,156.34,False,0
13898,155.93,1,133,12,1,2011-01-18 10:28:00,2011-01-18 10:28:00,12,155.93,False,0
17871,155.9,1,182,10,1,2011-05-19 11:32:00,2011-05-19 11:32:00,10,155.9,False,0
17832,155.37,1,208,61,1,2011-10-21 11:43:00,2011-10-21 11:43:00,61,155.37,False,0
12738,155.35,1,148,11,1,2010-12-02 18:27:00,2010-12-02 18:27:00,11,155.35,False,0
15447,155.17,1,85,9,1,2011-01-13 11:26:00,2011-01-13 11:26:00,9,155.17,False,0
13809,155.05,1,29,11,1,2011-02-07 13:15:00,2011-02-07 13:15:00,12,155.05,False,0
14368,155.0,1,36,8,1,2011-01-24 09:52:00,2011-01-24 09:52:00,8,155.0,False,0
14046,154.99,1,460,14,1,2011-02-28 14:48:00,2011-02-28 14:48:00,14,154.99,False,0
17698,154.95,1,93,8,1,2011-03-24 11:34:00,2011-03-24 11:34:00,8,154.95,False,0
15740,154.88,1,152,9,1,2011-10-21 14:29:00,2011-10-21 14:29:00,9,154.88,False,0
17026,154.82999999999998,2,97,4,1,2010-12-05 12:47:00,2011-06-07 14:28:00,4,77.41499999999999,True,184
17899,154.55,1,170,29,1,2011-07-03 14:58:00,2011-07-03 14:58:00,31,154.55,False,0
15226,154.41,1,71,8,1,2011-02-02 11:41:00,2011-02-02 11:41:00,8,154.41,False,0
16406,154.35,1,116,54,1,2011-11-21 11:57:00,2011-11-21 11:57:00,58,154.35,False,0
16921,154.18,1,154,50,1,2011-10-09 16:22:00,2011-10-09 16:22:00,55,154.18,False,0
17517,153.94,1,102,11,1,2011-02-04 11:48:00,2011-02-04 11:48:00,11,153.94,False,0
16351,153.9,1,90,8,1,2011-01-11 10:26:00,2011-01-11 10:26:00,8,153.9,False,0
12602,153.12,1,162,12,1,2011-10-12 11:22:00,2011-10-12 11:22:00,12,153.12,False,0
17714,153.0,1,92,10,1,2011-01-23 10:32:00,2011-01-23 10:32:00,10,153.0,False,0
16720,152.95,1,180,25,1,2011-11-13 16:22:00,2011-11-13 16:22:00,25,152.95,False,0
16248,152.94,1,78,7,1,2011-10-09 11:32:00,2011-10-09 11:32:00,7,152.94,False,0
14813,152.88,2,66,25,1,2010-12-05 11:54:00,2010-12-05 11:57:00,29,76.44,True,0
17984,152.68,1,98,48,1,2011-07-17 15:59:00,2011-07-17 15:59:00,48,152.68,False,0
18138,152.65,1,38,8,1,2011-02-17 14:51:00,2011-02-17 14:51:00,8,152.65,False,0
14066,152.55,1,45,7,1,2011-03-18 12:21:00,2011-03-18 12:21:00,7,152.55,False,0
17707,152.4,2,144,3,1,2011-01-07 13:30:00,2011-06-07 15:03:00,5,76.2,True,151
13514,152.20000000000002,1,40,4,1,2011-09-27 09:39:00,2011-09-27 09:39:00,4,152.20000000000002,False,0
14039,152.2,1,92,6,1,2011-11-06 13:48:00,2011-11-06 13:48:00,6,152.2,False,0
17898,152.06,2,190,27,1,2011-05-16 17:13:00,2011-09-15 14:56:00,28,76.03,True,121
16617,151.85,1,91,5,1,2011-04-18 10:35:00,2011-04-18 10:35:00,5,151.85,False,0
14208,151.74,1,114,10,1,2011-09-06 12:48:00,2011-09-06 12:48:00,10,151.74,False,0
14362,151.5,1,96,37,1,2011-11-17 15:08:00,2011-11-17 15:08:00,37,151.5,False,0
13462,151.5,1,62,9,1,2011-04-01 11:20:00,2011-04-01 11:20:00,9,151.5,False,0
17286,151.37,1,117,44,1,2011-11-18 12:47:00,2011-11-18 12:47:00,44,151.37,False,0
13697,151.29999999999998,1,177,12,1,2011-11-01 09:14:00,2011-11-01 09:14:00,12,151.29999999999998,False,0
16337,151.05,1,87,10,1,2011-11-03 10:03:00,2011-11-03 10:03:00,10,151.05,False,0
14073,151.04,1,130,13,1,2011-11-07 15:49:00,2011-11-07 15:49:00,13,151.04,False,0
14204,150.61,1,72,36,1,2011-12-07 13:38:00,2011-12-07 13:38:00,39,150.61,False,0
18200,150.35,1,104,29,1,2011-08-25 18:45:00,2011-08-25 18:45:00,30,150.35,False,0
15717,150.3,1,70,7,1,2011-04-19 13:21:00,2011-04-19 13:21:00,7,150.3,False,0
16932,150.23000000000002,1,82,44,1,2011-10-17 14:12:00,2011-10-17 14:12:00,48,150.23000000000002,False,0
17234,149.89000000000001,1,55,14,1,2011-06-10 11:20:00,2011-06-10 11:20:00,14,149.89000000000001,False,0
15869,149.64,2,175,13,1,2011-03-07 17:19:00,2011-03-07 17:23:00,15,74.82,True,0
17946,149.57999999999998,2,75,18,1,2011-03-25 14:34:00,2011-04-20 17:00:00,20,74.78999999999999,True,26
18262,149.48,1,182,13,1,2011-07-22 16:04:00,2011-07-22 16:04:00,13,149.48,False,0
15435,149.29,1,54,29,1,2011-11-17 16:39:00,2011-11-17 16:39:00,29,149.29,False,0
13003,149.05,3,103,4,1,2011-05-09 08:23:00,2011-08-26 10:50:00,6,49.68333333333334,True,109
17549,148.86,2,210,5,1,2011-10-19 10:05:00,2011-11-16 09:59:00,6,74.43,True,27
15526,148.44,2,24,4,1,2011-11-06 15:01:00,2011-11-06 15:04:00,4,74.22,True,0
14968,147.59,1,127,37,1,2011-11-09 13:58:00,2011-11-09 13:58:00,37,147.59,False,0
14098,147.35,1,104,21,1,2011-11-03 10:13:00,2011-11-03 10:13:00,21,147.35,False,0
14037,147.20000000000002,2,46,27,1,2010-12-10 11:39:00,2011-06-16 13:57:00,28,73.60000000000001,True,188
12864,147.12,1,216,3,1,2011-07-24 13:03:00,2011-07-24 13:03:00,3,147.12,False,0
17030,146.87,1,146,11,1,2011-10-07 08:49:00,2011-10-07 08:49:00,11,146.87,False,0
14238,146.85,1,111,8,1,2011-01-17 14:40:00,2011-01-17 14:40:00,8,146.85,False,0
16893,145.93,1,62,44,1,2010-12-08 12:06:00,2010-12-08 12:06:00,45,145.93,False,0
12565,145.92,1,80,9,1,2011-02-24 10:34:00,2011-02-24 10:34:00,9,145.92,False,0
17935,145.79,2,82,28,1,2011-07-21 11:23:00,2011-07-24 13:18:00,29,72.895,True,3
13866,145.67000000000002,1,57,7,1,2011-09-26 14:54:00,2011-09-26 14:54:00,7,145.67000000000002,False,0
15937,145.35,1,73,7,1,2011-10-06 15:48:00,2011-10-06 15:48:00,7,145.35,False,0
16598,145.04999999999998,1,73,10,1,2011-02-27 11:42:00,2011-02-27 11:42:00,10,145.04999999999998,False,0
17524,145.0,1,90,6,1,2010-12-13 14:32:00,2010-12-13 14:32:00,6,145.0,False,0
16852,144.91000000000003,2,56,9,1,2011-06-16 15:49:00,2011-11-29 13:22:00,9,72.45500000000001,True,165
12974,144.8,1,24,8,1,2011-05-26 09:33:00,2011-05-26 09:33:00,8,144.8,False,0
15748,144.36,1,50,19,1,2011-10-30 12:51:00,2011-10-30 12:51:00,20,144.36,False,0
14109,144.2,1,88,9,1,2011-09-28 10:18:00,2011-09-28 10:18:00,9,144.2,False,0
12587,144.0,1,51,4,1,2011-12-02 12:47:00,2011-12-02 12:47:00,4,144.0,False,0
17186,144.0,2,200,1,1,2011-10-10 12:52:00,2011-10-24 10:20:00,2,72.0,True,13
17578,143.45999999999998,1,138,5,1,2011-05-05 18:38:00,2011-05-05 18:38:00,5,143.45999999999998,False,0
15705,143.1,1,62,6,1,2011-05-22 15:37:00,2011-05-22 15:37:00,6,143.1,False,0
16461,142.92,1,48,31,1,2011-06-15 12:07:00,2011-06-15 12:07:00,32,142.92,False,0
13299,142.5,1,30,5,1,2011-03-16 12:55:00,2011-03-16 12:55:00,5,142.5,False,0
16287,142.5,1,298,8,1,2011-06-23 09:08:00,2011-06-23 09:08:00,8,142.5,False,0
14386,142.4,1,54,7,1,2011-02-16 09:45:00,2011-02-16 09:45:00,7,142.4,False,0
13584,142.4,1,37,24,1,2011-02-06 12:49:00,2011-02-06 12:49:00,24,142.4,False,0
17859,141.92000000000002,1,102,23,1,2011-02-08 10:32:00,2011-02-08 10:32:00,23,141.92000000000002,False,0
13561,141.85999999999999,1,83,14,1,2011-05-08 12:39:00,2011-05-08 12:39:00,14,141.85999999999999,False,0
14041,141.41,1,94,21,1,2011-03-18 13:25:00,2011-03-18 13:25:00,21,141.41,False,0
15503,141.04,1,70,66,1,2010-12-12 10:57:00,2010-12-12 10:57:00,66,141.04,False,0
15388,140.54,1,88,10,1,2011-03-14 13:53:00,2011-03-14 13:53:00,10,140.54,False,0
13483,140.34,1,160,10,1,2011-10-05 11:53:00,2011-10-05 11:53:00,10,140.34,False,0
14494,139.56,1,92,7,1,2011-11-14 09:21:00,2011-11-14 09:21:00,7,139.56,False,0
16483,139.35,1,44,19,1,2011-05-31 13:08:00,2011-05-31 13:08:00,19,139.35,False,0
17718,139.35,1,83,6,1,2011-04-21 13:39:00,2011-04-21 13:39:00,6,139.35,False,0
14772,139.26,1,82,9,1,2011-08-19 15:04:00,2011-08-19 15:04:00,9,139.26,False,0
18209,139.10000000000002,1,58,8,1,2011-11-11 12:07:00,2011-11-11 12:07:00,8,139.10000000000002,False,0
15135,139.05,1,43,9,1,2011-04-14 19:16:00,2011-04-14 19:16:00,9,139.05,False,0
13273,138.98,1,153,16,1,2011-08-18 14:02:00,2011-08-18 14:02:00,16,138.98,False,0
12902,138.68,1,66,10,1,2011-03-20 12:06:00,2011-03-20 12:06:00,10,138.68,False,0
14581,138.6,1,217,16,1,2011-11-23 12:39:00,2011-11-23 12:39:00,17,138.6,False,0
17122,138.32,1,80,7,1,2011-08-12 14:33:00,2011-08-12 14:33:00,7,138.32,False,0
13716,138.28,1,138,21,1,2011-03-15 13:49:00,2011-03-15 13:49:00,21,138.28,False,0
15663,138.14,1,106,9,1,2011-08-25 15:50:00,2011-08-25 15:50:00,9,138.14,False,0
16050,137.9,1,278,10,1,2011-06-19 11:44:00,2011-06-19 11:44:00,10,137.9,False,0
13279,137.75,1,73,9,1,2011-09-22 17:24:00,2011-09-22 17:24:00,9,137.75,False,0
17709,137.45,1,17,7,1,2011-06-23 11:55:00,2011-06-23 11:55:00,7,137.45,False,0
15836,137.37,1,26,10,1,2011-10-20 17:13:00,2011-10-20 17:13:00,10,137.37,False,0
14483,137.1,1,97,9,1,2011-03-03 10:26:00,2011-03-03 10:26:00,9,137.1,False,0
17468,137.0,2,116,5,1,2011-11-25 12:52:00,2011-11-29 15:33:00,5,68.5,True,4
15691,136.8,1,72,2,1,2011-04-01 15:13:00,2011-04-01 15:13:00,2,136.8,False,0
14247,136.76999999999998,1,47,19,1,2011-03-06 15:21:00,2011-03-06 15:21:00,20,136.76999999999998,False,0
16462,136.0,3,16,1,1,2011-03-01 08:58:00,2011-09-27 10:24:00,3,45.333333333333336,True,210
16412,135.99,1,63,25,1,2011-10-17 12:35:00,2011-10-17 12:35:00,30,135.99,False,0
12968,135.95,1,73,5,1,2011-08-19 15:44:00,2011-08-19 15:44:00,5,135.95,False,0
15042,135.93,1,30,5,1,2011-05-24 16:25:00,2011-05-24 16:25:00,5,135.93,False,0
14889,135.9,1,90,10,1,2011-01-07 15:19:00,2011-01-07 15:19:00,10,135.9,False,0
15419,135.86,1,230,8,1,2011-11-15 09:23:00,2011-11-15 09:23:00,8,135.86,False,0
16114,135.75000000000003,1,43,8,1,2011-06-22 10:13:00,2011-06-22 10:13:00,8,135.75000000000003,False,0
15174,135.75,1,145,11,1,2011-01-21 09:06:00,2011-01-21 09:06:00,11,135.75,False,0
16665,135.39999999999998,1,59,9,1,2010-12-12 14:03:00,2010-12-12 14:03:00,9,135.39999999999998,False,0
17972,135.19,1,36,30,1,2011-04-12 12:16:00,2011-04-12 12:16:00,30,135.19,False,0
13364,134.95999999999998,1,71,10,1,2011-09-29 18:13:00,2011-09-29 18:13:00,10,134.95999999999998,False,0
16055,134.8,1,22,8,1,2011-05-03 09:26:00,2011-05-03 09:26:00,8,134.8,False,0
14340,134.7,1,58,6,1,2011-05-05 09:44:00,2011-05-05 09:44:00,6,134.7,False,0
15562,134.55,1,39,1,1,2010-12-23 09:55:00,2010-12-23 09:55:00,1,134.55,False,0
14174,134.46,1,94,26,1,2011-11-06 13:17:00,2011-11-06 13:17:00,26,134.46,False,0
12837,134.1,1,24,12,1,2011-06-19 16:07:00,2011-06-19 16:07:00,12,134.1,False,0
14280,134.04,1,52,8,1,2011-05-27 10:37:00,2011-05-27 10:37:00,8,134.04,False,0
16424,133.56,1,88,5,1,2011-06-01 13:40:00,2011-06-01 13:40:00,5,133.56,False,0
14349,133.5,1,86,31,1,2011-11-29 15:39:00,2011-11-29 15:39:00,31,133.5,False,0
12445,133.4,1,62,4,1,2011-11-17 18:43:00,2011-11-17 18:43:00,4,133.4,False,0
17881,133.35000000000002,1,32,8,1,2011-02-08 17:16:00,2011-02-08 17:16:00,8,133.35000000000002,False,0
15709,133.25,1,121,6,1,2011-03-01 10:38:00,2011-03-01 10:38:00,6,133.25,False,0
17647,133.06,1,30,7,1,2011-10-05 15:38:00,2011-10-05 15:38:00,7,133.06,False,0
12512,132.18,2,96,31,1,2011-10-04 14:53:00,2011-10-04 14:55:00,31,66.09,True,0
17785,131.94,1,67,13,1,2011-10-17 13:43:00,2011-10-17 13:43:00,13,131.94,False,0
14438,131.9,1,82,9,1,2011-02-06 14:56:00,2011-02-06 14:56:00,9,131.9,False,0
12851,131.81,1,106,43,1,2011-09-04 12:41:00,2011-09-04 12:41:00,47,131.81,False,0
17455,131.7,1,66,8,1,2011-05-20 12:31:00,2011-05-20 12:31:00,8,131.7,False,0
14795,131.45000000000002,1,17,6,1,2011-06-26 13:04:00,2011-06-26 13:04:00,6,131.45000000000002,False,0
15844,130.73999999999998,1,134,11,1,2011-10-24 15:19:00,2011-10-24 15:19:00,11,130.73999999999998,False,0
16679,129.75,1,29,3,1,2010-12-08 13:51:00,2010-12-08 13:51:00,3,129.75,False,0
16611,129.49,1,47,9,1,2011-06-06 15:46:00,2011-06-06 15:46:00,10,129.49,False,0
16623,129.45,1,39,5,1,2011-04-08 10:09:00,2011-04-08 10:09:00,5,129.45,False,0
15276,128.63,1,61,49,1,2011-10-04 16:39:00,2011-10-04 16:39:00,49,128.63,False,0
16828,128.5,2,59,8,1,2011-08-19 13:24:00,2011-09-07 15:10:00,8,64.25,True,19
17297,128.18,1,65,49,1,2011-11-22 14:43:00,2011-11-22 14:43:00,49,128.18,False,0
15543,127.86,1,86,26,1,2011-02-24 15:26:00,2011-02-24 15:26:00,28,127.86,False,0
17359,127.86,1,161,13,1,2011-11-28 14:37:00,2011-11-28 14:37:00,15,127.86,False,0
13781,127.84,1,30,17,1,2011-04-03 12:08:00,2011-04-03 12:08:00,17,127.84,False,0
15578,127.1,1,52,13,1,2011-06-30 13:03:00,2011-06-30 13:03:00,13,127.1,False,0
15923,127.08,1,122,21,1,2010-12-02 12:16:00,2010-12-02 12:16:00,21,127.08,False,0
14962,126.7,1,44,5,1,2011-03-14 09:42:00,2011-03-14 09:42:00,5,126.7,False,0
16414,126.25,2,27,5,1,2011-03-04 13:27:00,2011-11-18 09:42:00,7,63.125,True,258
15463,126.14,1,106,7,1,2011-11-10 12:57:00,2011-11-10 12:57:00,7,126.14,False,0
16988,126.12,1,43,7,1,2011-12-04 16:02:00,2011-12-04 16:02:00,7,126.12,False,0
12814,125.92,1,49,2,1,2011-08-30 12:11:00,2011-08-30 12:11:00,2,125.92,False,0
13522,125.80000000000001,1,44,5,1,2011-11-09 15:11:00,2011-11-09 15:11:00,5,125.80000000000001,False,0
14861,125.79,1,117,6,1,2011-10-18 12:54:00,2011-10-18 12:54:00,6,125.79,False,0
14890,125.65,1,51,7,1,2011-03-31 11:57:00,2011-03-31 11:57:00,7,125.65,False,0
15017,125.58,1,63,20,1,2011-11-06 10:33:00,2011-11-06 10:33:00,20,125.58,False,0
12531,125.22,1,45,17,1,2011-11-25 11:12:00,2011-11-25 11:12:00,17,125.22,False,0
17148,124.88,1,82,9,1,2011-10-19 09:59:00,2011-10-19 09:59:00,9,124.88,False,0
16849,124.57,1,33,8,1,2011-06-06 09:16:00,2011-06-06 09:16:00,8,124.57,False,0
16569,124.2,1,93,5,1,2011-12-06 15:32:00,2011-12-06 15:32:00,5,124.2,False,0
14495,123.8,2,62,6,1,2011-08-10 14:13:00,2011-10-20 12:28:00,6,61.9,True,70
16658,123.24,1,40,8,1,2010-12-06 13:47:00,2010-12-06 13:47:00,8,123.24,False,0
15917,123.1,1,42,12,1,2011-04-06 10:40:00,2011-04-06 10:40:00,12,123.1,False,0
13519,122.75,1,23,8,1,2011-09-22 18:24:00,2011-09-22 18:24:00,8,122.75,False,0
13876,122.7,1,36,7,1,2011-10-07 10:22:00,2011-10-07 10:22:00,7,122.7,False,0
13638,122.64,1,93,8,1,2011-11-24 10:38:00,2011-11-24 10:38:00,8,122.64,False,0
16073,122.39999999999999,1,48,1,1,2011-02-15 15:41:00,2011-02-15 15:41:00,1,122.39999999999999,False,0
18018,122.14,2,55,29,1,2011-05-24 13:22:00,2011-08-23 17:37:00,29,61.07,True,91
13244,121.74000000000001,1,38,27,1,2011-09-08 11:46:00,2011-09-08 11:46:00,27,121.74000000000001,False,0
13182,121.18,1,201,11,1,2011-10-25 13:46:00,2011-10-25 13:46:00,11,121.18,False,0
15049,121.17000000000002,1,63,3,1,2011-03-11 12:13:00,2011-03-11 12:13:00,3,121.17000000000002,False,0
14413,121.05,1,67,22,1,2010-12-12 13:37:00,2010-12-12 13:37:00,22,121.05,False,0
15512,121.0,2,68,7,1,2010-12-15 12:01:00,2011-07-07 10:20:00,7,60.5,True,203
13002,120.94999999999999,1,73,7,1,2011-01-25 15:18:00,2011-01-25 15:18:00,7,120.94999999999999,False,0
17446,120.9,2,198,6,1,2011-02-02 14:40:00,2011-06-16 10:42:00,9,60.45,True,133
14165,120.44,1,53,23,1,2011-03-09 12:39:00,2011-03-09 12:39:00,24,120.44,False,0
18015,120.03,1,157,46,1,2011-12-05 14:49:00,2011-12-05 14:49:00,46,120.03,False,0
14259,120.0,1,68,5,1,2011-07-21 10:44:00,2011-07-21 10:44:00,5,120.0,False,0
14314,120.0,1,296,8,1,2011-08-25 10:39:00,2011-08-25 10:39:00,8,120.0,False,0
14453,119.93,1,49,22,1,2011-06-02 14:15:00,2011-06-02 14:15:00,22,119.93,False,0
16542,119.62,1,46,5,1,2011-10-17 10:47:00,2011-10-17 10:47:00,5,119.62,False,0
15266,119.3,1,18,6,1,2011-01-05 13:40:00,2011-01-05 13:40:00,6,119.3,False,0
16666,118.98,1,233,32,1,2011-11-20 14:01:00,2011-11-20 14:01:00,32,118.98,False,0
15843,118.95000000000002,1,27,8,1,2011-02-09 10:19:00,2011-02-09 10:19:00,8,118.95000000000002,False,0
17079,118.80000000000001,1,24,2,1,2011-09-22 15:34:00,2011-09-22 15:34:00,2,118.80000000000001,False,0
14155,118.75,1,25,6,1,2011-03-18 14:13:00,2011-03-18 14:13:00,6,118.75,False,0
14076,118.67,1,79,43,1,2011-08-02 15:19:00,2011-08-02 15:19:00,44,118.67,False,0
13581,118.0,1,30,10,1,2011-02-03 14:41:00,2011-02-03 14:41:00,10,118.0,False,0
12929,117.85,1,37,8,1,2011-02-01 12:08:00,2011-02-01 12:08:00,8,117.85,False,0
17654,117.55,1,41,22,1,2011-03-07 13:17:00,2011-03-07 13:17:00,22,117.55,False,0
16959,117.35000000000001,1,49,7,1,2011-09-13 15:03:00,2011-09-13 15:03:00,7,117.35000000000001,False,0
13877,117.24,1,108,3,1,2011-09-14 15:49:00,2011-09-14 15:49:00,3,117.24,False,0
17117,116.19999999999999,1,68,9,1,2011-02-24 13:54:00,2011-02-24 13:54:00,9,116.19999999999999,False,0
17601,116.00999999999999,1,103,9,1,2011-04-14 18:02:00,2011-04-14 18:02:00,9,116.00999999999999,False,0
14143,115.8,1,30,7,1,2011-07-29 09:48:00,2011-07-29 09:48:00,7,115.8,False,0
15350,115.65,1,51,5,1,2010-12-01 13:33:00,2010-12-01 13:33:00,5,115.65,False,0
13067,115.46000000000001,1,32,14,1,2011-09-18 13:38:00,2011-09-18 13:38:00,15,115.46000000000001,False,0
18027,115.31,1,78,21,1,2011-09-02 10:38:00,2011-09-02 10:38:00,21,115.31,False,0
14972,114.77,1,28,18,1,2011-08-03 14:54:00,2011-08-03 14:54:00,18,114.77,False,0
13188,114.60000000000001,1,25,2,1,2011-11-28 15:28:00,2011-11-28 15:28:00,2,114.60000000000001,False,0
16247,114.56,1,182,16,1,2011-06-22 14:23:00,2011-06-22 14:23:00,16,114.56,False,0
14632,114.56,1,96,8,1,2011-03-22 08:49:00,2011-03-22 08:49:00,8,114.56,False,0
17852,114.34,2,53,21,1,2011-11-28 12:31:00,2011-11-28 12:36:00,24,57.17,True,0
17219,114.23,1,89,24,1,2011-11-08 11:25:00,2011-11-08 11:25:00,25,114.23,False,0
14652,114.18,1,53,29,1,2011-09-23 14:21:00,2011-09-23 14:21:00,29,114.18,False,0
12938,114.14,1,140,9,1,2011-11-14 11:21:00,2011-11-14 11:21:00,9,114.14,False,0
14582,114.11,1,73,6,1,2011-10-30 11:56:00,2011-10-30 11:56:00,6,114.11,False,0
12651,114.0,1,78,9,1,2011-01-09 12:46:00,2011-01-09 12:46:00,9,114.0,False,0
14457,113.64,1,88,4,1,2011-02-02 09:39:00,2011-02-02 09:39:00,4,113.64,False,0
15445,113.5,1,58,5,1,2011-03-20 15:06:00,2011-03-20 15:06:00,5,113.5,False,0
17217,113.5,1,24,9,1,2011-04-19 17:19:00,2011-04-19 17:19:00,9,113.5,False,0
18105,113.48000000000002,1,46,18,1,2011-11-02 12:04:00,2011-11-02 12:04:00,18,113.48000000000002,False,0
16913,113.44,1,82,8,1,2011-02-22 12:56:00,2011-02-22 12:56:00,8,113.44,False,0
15280,113.12,1,154,16,1,2011-06-20 17:14:00,2011-06-20 17:14:00,16,113.12,False,0
14689,112.8,1,76,13,1,2011-05-15 11:22:00,2011-05-15 11:22:00,13,112.8,False,0
13161,112.75,1,29,8,1,2011-01-30 14:03:00,2011-01-30 14:03:00,8,112.75,False,0
16697,112.75,1,27,20,1,2011-04-12 17:12:00,2011-04-12 17:12:00,21,112.75,False,0
13807,112.6,1,36,7,1,2010-12-07 15:48:00,2010-12-07 15:48:00,7,112.6,False,0
18129,112.55000000000001,1,48,13,1,2011-04-10 14:16:00,2011-04-10 14:16:00,14,112.55000000000001,False,0
15610,112.46000000000001,1,66,6,1,2011-10-19 10:36:00,2011-10-19 10:36:00,6,112.46000000000001,False,0
17038,112.4,1,28,22,1,2011-11-09 13:50:00,2011-11-09 13:50:00,22,112.4,False,0
14271,112.32,1,88,10,1,2011-04-28 12:47:00,2011-04-28 12:47:00,10,112.32,False,0
17967,112.27,1,73,41,1,2010-12-03 11:19:00,2010-12-03 11:19:00,42,112.27,False,0
17900,112.19999999999999,2,73,4,1,2011-06-02 14:28:00,2011-06-02 14:38:00,6,56.099999999999994,True,0
13193,112.08,1,46,22,1,2011-10-09 14:30:00,2011-10-09 14:30:00,25,112.08,False,0
12756,112.07999999999998,1,144,4,1,2011-09-14 09:31:00,2011-09-14 09:31:00,4,112.07999999999998,False,0
17957,111.68,1,287,31,1,2011-10-04 14:58:00,2011-10-04 14:58:00,31,111.68,False,0
17887,111.35,1,30,10,1,2011-08-02 17:29:00,2011-08-02 17:29:00,10,111.35,False,0
18120,111.15,1,31,17,1,2011-05-09 13:45:00,2011-05-09 13:45:00,17,111.15,False,0
13508,110.97,1,24,12,1,2011-04-10 11:58:00,2011-04-10 11:58:00,12,110.97,False,0
13144,110.95,1,21,3,1,2011-01-11 11:15:00,2011-01-11 11:15:00,3,110.95,False,0
15537,110.92,1,29,24,1,2011-06-29 13:10:00,2011-06-29 13:10:00,24,110.92,False,0
15853,110.8,1,135,29,1,2011-10-19 10:38:00,2011-10-19 10:38:00,30,110.8,False,0
16963,110.55000000000001,1,35,7,1,2011-06-05 13:48:00,2011-06-05 13:48:00,7,110.55000000000001,False,0
14641,110.46,1,90,7,1,2011-11-18 10:42:00,2011-11-18 10:42:00,7,110.46,False,0
12734,110.39999999999999,1,88,4,1,2010-12-22 12:47:00,2010-12-22 12:47:00,4,110.39999999999999,False,0
16792,110.38000000000001,2,44,11,1,2011-03-02 14:39:00,2011-03-02 14:41:00,12,55.190000000000005,True,0
17901,110.38,1,24,19,1,2011-11-10 17:29:00,2011-11-10 17:29:00,19,110.38,False,0
18277,110.38,1,68,8,1,2011-10-12 15:22:00,2011-10-12 15:22:00,8,110.38,False,0
17746,110.25,1,29,6,1,2011-04-13 14:31:00,2011-04-13 14:31:00,6,110.25,False,0
17836,110.21000000000001,1,88,23,1,2011-10-23 16:13:00,2011-10-23 16:13:00,24,110.21000000000001,False,0
13133,109.8,2,32,7,1,2011-02-08 15:48:00,2011-03-11 10:31:00,7,54.9,True,30
16363,109.36000000000001,1,52,5,1,2011-10-17 14:14:00,2011-10-17 14:14:00,5,109.36000000000001,False,0
14699,109.13000000000001,1,77,8,1,2011-05-09 14:54:00,2011-05-09 14:54:00,8,109.13000000000001,False,0
14345,108.97999999999999,1,50,6,1,2011-11-01 09:51:00,2011-11-01 09:51:00,6,108.97999999999999,False,0
13170,108.81,1,141,29,1,2011-11-13 12:19:00,2011-11-13 12:19:00,30,108.81,False,0
17639,108.5,1,49,7,1,2011-03-08 15:22:00,2011-03-08 15:22:00,7,108.5,False,0
16106,108.38,1,74,6,1,2011-10-05 10:37:00,2011-10-05 10:37:00,6,108.38,False,0
13226,108.21000000000001,1,80,16,1,2011-03-11 14:35:00,2011-03-11 14:35:00,16,108.21000000000001,False,0
12956,108.07,1,34,19,1,2011-02-06 16:08:00,2011-02-06 16:08:00,19,108.07,False,0
14661,107.95,1,35,4,1,2011-11-13 11:51:00,2011-11-13 11:51:00,4,107.95,False,0
17274,107.82,1,77,24,1,2011-11-04 13:16:00,2011-11-04 13:16:00,25,107.82,False,0
16784,107.6,1,24,3,1,2011-11-20 12:20:00,2011-11-20 12:20:00,3,107.6,False,0
15395,107.45,1,17,7,1,2011-01-18 12:40:00,2011-01-18 12:40:00,7,107.45,False,0
17893,107.21,1,149,15,1,2011-04-28 13:50:00,2011-04-28 13:50:00,15,107.21,False,0
16757,106.83000000000001,1,81,7,1,2011-01-25 11:59:00,2011-01-25 11:59:00,7,106.83000000000001,False,0
15168,106.56,1,52,5,1,2011-11-14 11:26:00,2011-11-14 11:26:00,5,106.56,False,0
15070,106.2,1,36,1,1,2010-12-02 11:23:00,2010-12-02 11:23:00,1,106.2,False,0
17791,106.1,1,46,10,1,2011-11-10 12:09:00,2011-11-10 12:09:00,10,106.1,False,0
16581,105.84,1,134,9,1,2011-06-10 10:05:00,2011-06-10 10:05:00,9,105.84,False,0
15775,104.9,1,68,7,1,2011-04-08 12:56:00,2011-04-08 12:56:00,7,104.9,False,0
14027,104.82,1,62,6,1,2011-10-10 09:01:00,2011-10-10 09:01:00,6,104.82,False,0
15607,104.76,1,202,13,1,2011-01-07 12:44:00,2011-01-07 12:44:00,13,104.76,False,0
15958,104.35,1,33,7,1,2011-09-26 13:41:00,2011-09-26 13:41:00,7,104.35,False,0
18174,104.0,1,50,1,1,2011-12-02 16:56:00,2011-12-02 16:56:00,1,104.0,False,0
18255,103.3,1,74,6,1,2011-09-11 13:16:00,2011-09-11 13:16:00,6,103.3,False,0
17548,103.3,1,58,5,1,2011-04-20 12:01:00,2011-04-20 12:01:00,5,103.3,False,0
14542,103.25,1,19,5,1,2011-06-07 08:19:00,2011-06-07 08:19:00,5,103.25,False,0
18011,102.78999999999999,1,71,28,1,2010-12-01 17:35:00,2010-12-01 17:35:00,28,102.78999999999999,False,0
14836,102.44999999999999,3,45,5,1,2011-11-09 13:26:00,2011-11-29 16:45:00,6,34.15,True,20
17962,102.41,1,127,33,1,2011-07-20 14:16:00,2011-07-20 14:16:00,34,102.41,False,0
14981,102.12,1,97,8,1,2011-04-07 13:45:00,2011-04-07 13:45:00,8,102.12,False,0
13948,102.0,1,40,3,1,2010-12-14 10:18:00,2010-12-14 10:18:00,3,102.0,False,0
15212,101.8,1,36,5,1,2011-04-12 13:45:00,2011-04-12 13:45:00,5,101.8,False,0
16516,101.69999999999999,1,58,6,1,2011-11-09 14:59:00,2011-11-09 14:59:00,6,101.69999999999999,False,0
18068,101.69999999999999,1,6,1,1,2011-02-23 14:50:00,2011-02-23 14:50:00,1,101.69999999999999,False,0
17643,101.55,1,71,8,1,2010-12-01 14:38:00,2010-12-01 14:38:00,8,101.55,False,0
16006,101.4,1,84,8,1,2011-05-12 13:12:00,2011-05-12 13:12:00,8,101.4,False,0
18086,101.34,1,106,7,1,2011-03-10 13:34:00,2011-03-10 13:34:00,7,101.34,False,0
13101,101.19,1,113,8,1,2011-04-19 14:37:00,2011-04-19 14:37:00,8,101.19,False,0
16344,101.10000000000001,1,18,1,1,2011-07-04 15:50:00,2011-07-04 15:50:00,2,101.10000000000001,False,0
16498,100.97,2,45,15,1,2011-06-30 19:52:00,2011-07-01 15:07:00,15,50.485,True,0
14946,100.9,1,22,3,1,2011-11-25 13:33:00,2011-11-25 13:33:00,3,100.9,False,0
17427,100.8,1,34,2,1,2011-09-29 11:29:00,2011-09-29 11:29:00,2,100.8,False,0
14371,100.5,1,34,4,1,2011-02-17 16:35:00,2011-02-17 16:35:00,4,100.5,False,0
13703,99.5,1,10,1,1,2011-01-25 13:10:00,2011-01-25 13:10:00,1,99.5,False,0
17939,99.14,1,40,12,1,2011-07-03 12:27:00,2011-07-03 12:27:00,12,99.14,False,0
15256,98.45,1,55,6,1,2011-07-14 11:47:00,2011-07-14 11:47:00,6,98.45,False,0
17538,98.42,1,134,9,1,2011-11-14 12:12:00,2011-11-14 12:12:00,9,98.42,False,0
17349,98.25,1,102,8,1,2011-06-13 14:29:00,2011-06-13 14:29:00,8,98.25,False,0
15422,97.7,2,38,6,1,2011-01-20 14:17:00,2011-01-20 16:17:00,6,48.85,True,0
12984,97.5,1,26,4,1,2011-11-21 12:37:00,2011-11-21 12:37:00,4,97.5,False,0
17325,96.8,1,60,6,1,2011-03-04 13:09:00,2011-03-04 13:09:00,6,96.8,False,0
15216,96.6,1,28,2,1,2011-09-13 11:41:00,2011-09-13 11:41:00,2,96.6,False,0
14642,96.12,1,76,2,1,2011-10-12 11:08:00,2011-10-12 11:08:00,2,96.12,False,0
17024,95.85,3,69,2,1,2011-07-05 09:31:00,2011-10-25 13:47:00,3,31.95,True,112
17895,95.45,1,127,15,1,2011-10-26 17:00:00,2011-10-26 17:00:00,15,95.45,False,0
18249,95.34,1,128,8,1,2011-11-22 15:07:00,2011-11-22 15:07:00,8,95.34,False,0
12548,95.19999999999999,1,49,5,1,2011-06-26 15:35:00,2011-06-26 15:35:00,5,95.19999999999999,False,0
16387,94.36,1,44,4,1,2011-01-21 11:34:00,2011-01-21 11:34:00,4,94.36,False,0
13651,94.2,2,33,6,1,2011-10-31 12:11:00,2011-11-04 14:59:00,6,47.1,True,4
16339,94.05,1,21,17,1,2011-02-28 13:41:00,2011-02-28 13:41:00,18,94.05,False,0
15397,94.0,1,20,6,1,2011-02-23 09:25:00,2011-02-23 09:25:00,6,94.0,False,0
18033,93.82000000000001,1,252,32,1,2011-10-05 17:28:00,2011-10-05 17:28:00,33,93.82000000000001,False,0
15428,93.78,1,102,6,1,2011-11-24 16:54:00,2011-11-24 16:54:00,6,93.78,False,0
18227,93.75,1,21,5,1,2011-05-06 12:23:00,2011-05-06 12:23:00,5,93.75,False,0
13283,93.66,2,90,7,1,2011-06-07 12:39:00,2011-10-11 09:50:00,7,46.83,True,125
17991,93.35,2,25,4,1,2011-04-27 16:39:00,2011-04-28 15:58:00,5,46.675,True,0
12821,92.72,1,70,6,1,2011-05-09 15:51:00,2011-05-09 15:51:00,6,92.72,False,0
14054,92.46,1,62,6,1,2011-10-05 15:49:00,2011-10-05 15:49:00,6,92.46,False,0
12789,91.85,1,4,4,1,2011-10-05 13:34:00,2011-10-05 13:34:00,4,91.85,False,0
13551,91.80000000000001,1,12,4,1,2011-01-24 14:46:00,2011-01-24 14:46:00,4,91.80000000000001,False,0
13160,91.8,1,56,4,1,2011-11-17 13:07:00,2011-11-17 13:07:00,4,91.8,False,0
12659,91.68,1,105,5,1,2011-11-10 11:53:00,2011-11-10 11:53:00,5,91.68,False,0
15488,91.32000000000001,1,73,2,1,2011-09-08 10:11:00,2011-09-08 10:11:00,2,91.32000000000001,False,0
13947,90.6,1,44,5,1,2011-10-05 14:42:00,2011-10-05 14:42:00,5,90.6,False,0
14353,90.6,1,64,6,1,2011-05-08 16:06:00,2011-05-08 16:06:00,6,90.6,False,0
18084,90.47999999999999,1,312,1,1,2011-11-23 13:57:00,2011-11-23 13:57:00,1,90.47999999999999,False,0
16506,90.30000000000001,2,42,3,1,2011-10-30 15:50:00,2011-11-20 12:17:00,3,45.150000000000006,True,20
15552,90.12,1,60,17,1,2011-05-06 14:47:00,2011-05-06 14:47:00,17,90.12,False,0
16597,90.04,1,184,7,1,2011-12-05 15:44:00,2011-12-05 15:44:00,7,90.04,False,0
14117,90.0,1,72,3,1,2011-07-19 09:49:00,2011-07-19 09:49:00,3,90.0,False,0
14219,89.94,1,78,7,1,2011-12-05 16:23:00,2011-12-05 16:23:00,7,89.94,False,0
14974,89.94,1,37,17,1,2011-11-02 13:01:00,2011-11-02 13:01:00,17,89.94,False,0
14760,89.2,1,40,5,1,2011-02-15 16:27:00,2011-02-15 16:27:00,5,89.2,False,0
12686,89.14,1,107,7,1,2010-12-03 09:51:00,2010-12-03 09:51:00,7,89.14,False,0
14436,89.06,1,129,9,1,2011-09-02 10:13:00,2011-09-02 10:13:00,9,89.06,False,0
12353,89.0,1,20,4,1,2011-05-19 17:47:00,2011-05-19 17:47:00,4,89.0,False,0
15083,88.2,1,38,5,1,2011-03-28 12:18:00,2011-03-28 12:18:00,5,88.2,False,0
15180,87.5,1,36,6,1,2010-12-07 14:57:00,2010-12-07 14:57:00,6,87.5,False,0
13296,87.4,1,78,5,1,2011-07-25 13:46:00,2011-07-25 13:46:00,5,87.4,False,0
15541,85.13000000000001,1,49,29,1,2011-08-17 14:58:00,2011-08-17 14:58:00,29,85.13000000000001,False,0
13841,85.0,1,100,1,1,2011-04-01 12:10:00,2011-04-01 12:10:00,1,85.0,False,0
15729,85.0,1,28,5,1,2011-05-11 12:36:00,2011-05-11 12:36:00,5,85.0,False,0
13666,84.65,3,41,12,1,2011-02-25 13:05:00,2011-10-10 15:39:00,12,28.21666666666667,True,227
12401,84.3,1,11,5,1,2011-02-09 13:50:00,2011-02-09 13:50:00,5,84.3,False,0
17309,82.75,1,41,11,1,2011-09-05 15:20:00,2011-09-05 15:20:00,12,82.75,False,0
13006,81.57,1,55,4,1,2011-10-14 13:49:00,2011-10-14 13:49:00,4,81.57,False,0
17620,81.44,1,60,4,1,2011-10-11 12:08:00,2011-10-11 12:08:00,4,81.44,False,0
18281,80.82,1,54,7,1,2011-06-12 10:53:00,2011-06-12 10:53:00,7,80.82,False,0
16789,80.8,1,32,5,1,2011-12-01 15:12:00,2011-12-01 15:12:00,5,80.8,False,0
13967,80.7,1,42,2,1,2011-07-17 12:02:00,2011-07-17 12:02:00,2,80.7,False,0
17752,80.64,1,192,1,1,2010-12-15 16:19:00,2010-12-15 16:19:00,1,80.64,False,0
13747,79.6,1,8,1,1,2010-12-01 10:37:00,2010-12-01 10:37:00,1,79.6,False,0
15753,79.2,1,144,1,1,2011-02-08 12:41:00,2011-02-08 12:41:00,1,79.2,False,0
16078,79.2,1,16,1,1,2011-03-01 09:47:00,2011-03-01 09:47:00,1,79.2,False,0
17942,77.50000000000001,1,38,2,1,2011-12-02 10:45:00,2011-12-02 10:45:00,2,77.50000000000001,False,0
14785,77.4,2,84,2,1,2011-11-24 13:40:00,2011-11-29 13:21:00,3,38.7,True,4
13132,77.3,1,20,3,1,2011-03-23 12:44:00,2011-03-23 12:44:00,3,77.3,False,0
13992,76.8,1,64,5,1,2011-11-09 15:23:00,2011-11-09 15:23:00,5,76.8,False,0
14373,76.55,1,17,4,1,2010-12-16 15:40:00,2010-12-16 15:40:00,4,76.55,False,0
13106,76.5,1,18,1,1,2011-07-29 15:12:00,2011-07-29 15:12:00,1,76.5,False,0
17536,76.5,1,6,3,1,2011-06-15 13:23:00,2011-06-15 13:23:00,3,76.5,False,0
16148,76.32000000000001,1,72,1,1,2011-02-16 14:01:00,2011-02-16 14:01:00,1,76.32000000000001,False,0
18113,76.32000000000001,1,72,1,1,2010-12-06 12:31:00,2010-12-06 12:31:00,1,76.32000000000001,False,0
15668,76.32000000000001,1,72,1,1,2011-05-06 10:39:00,2011-05-06 10:39:00,1,76.32000000000001,False,0
14090,76.32000000000001,1,72,1,1,2011-01-19 10:51:00,2011-01-19 10:51:00,1,76.32000000000001,False,0
17995,76.1,1,133,2,1,2011-03-03 12:30:00,2011-03-03 12:30:00,2,76.1,False,0
17628,75.75,1,79,5,1,2011-09-19 15:21:00,2011-09-19 15:21:00,5,75.75,False,0
16610,75.66,1,66,6,1,2011-05-04 13:13:00,2011-05-04 13:13:00,6,75.66,False,0
13403,75.0,1,44,3,1,2011-11-22 08:28:00,2011-11-22 08:28:00,3,75.0,False,0
16468,74.9,1,31,2,1,2011-09-26 14:13:00,2011-09-26 14:13:00,2,74.9,False,0
18050,74.4,1,40,5,1,2010-12-15 14:25:00,2010-12-15 14:25:00,5,74.4,False,0
13095,74.39999999999999,1,144,6,1,2011-09-30 12:03:00,2011-09-30 12:03:00,6,74.39999999999999,False,0
17960,73.78,1,41,26,1,2011-06-21 14:15:00,2011-06-21 14:15:00,26,73.78,False,0
12506,73.5,1,23,23,1,2011-04-21 08:54:00,2011-04-21 08:54:00,23,73.5,False,0
18032,73.5,1,42,5,1,2011-01-09 15:32:00,2011-01-09 15:32:00,5,73.5,False,0
16171,73.2,1,24,3,1,2011-10-11 14:51:00,2011-10-11 14:51:00,3,73.2,False,0
17906,72.9,1,26,12,1,2011-04-06 17:25:00,2011-04-06 17:25:00,12,72.9,False,0
13686,72.0,1,70,8,1,2011-06-10 09:10:00,2011-06-10 09:10:00,8,72.0,False,0
13938,71.66,1,70,7,1,2011-11-04 14:37:00,2011-11-04 14:37:00,7,71.66,False,0
13185,71.4,1,12,1,1,2011-03-17 11:56:00,2011-03-17 11:56:00,1,71.4,False,0
17747,71.4,1,12,1,1,2011-08-19 08:13:00,2011-08-19 08:13:00,1,71.4,False,0
17022,71.0,1,108,7,1,2011-11-08 17:09:00,2011-11-08 17:09:00,7,71.0,False,0
18037,70.02,6,20,19,1,2010-12-12 16:20:00,2011-07-08 13:39:00,19,11.67,True,207
15863,68.84,2,19,18,1,2011-05-31 11:36:00,2011-11-14 12:49:00,18,34.42,True,167
14393,67.95,1,13,5,1,2011-05-05 18:16:00,2011-05-05 18:16:00,5,67.95,False,0
17382,65.4,1,25,2,1,2011-10-05 13:05:00,2011-10-05 13:05:00,2,65.4,False,0
13684,65.13,1,38,29,1,2011-02-27 10:13:00,2011-02-27 10:13:00,29,65.13,False,0
13130,64.0,1,32,2,1,2011-09-06 15:30:00,2011-09-06 15:30:00,2,64.0,False,0
13302,63.75,1,5,1,1,2011-07-07 17:56:00,2011-07-07 17:56:00,1,63.75,False,0
17263,63.440000000000005,1,36,23,1,2011-05-15 14:32:00,2011-05-15 14:32:00,23,63.440000000000005,False,0
14437,63.0,1,60,5,1,2010-12-09 09:27:00,2010-12-09 09:27:00,5,63.0,False,0
12665,63.0,1,37,3,1,2011-01-19 08:34:00,2011-01-19 08:34:00,3,63.0,False,0
14840,62.85,1,31,4,1,2011-03-17 12:00:00,2011-03-17 12:00:00,4,62.85,False,0
13218,62.63999999999999,1,88,5,1,2011-08-04 16:59:00,2011-08-04 16:59:00,5,62.63999999999999,False,0
15516,62.43,3,27,15,1,2011-10-24 11:33:00,2011-10-26 10:51:00,15,20.81,True,1
13194,60.7,1,26,3,1,2011-07-27 09:01:00,2011-07-27 09:01:00,3,60.7,False,0
17174,59.9,1,41,4,1,2011-05-06 11:47:00,2011-05-06 11:47:00,4,59.9,False,0
13391,59.8,1,4,1,1,2011-05-20 10:50:00,2011-05-20 10:50:00,1,59.8,False,0
13682,59.5,1,10,3,1,2011-06-05 14:06:00,2011-06-05 14:06:00,3,59.5,False,0
14957,58.49,1,34,12,1,2011-03-31 17:59:00,2011-03-31 17:59:00,12,58.49,False,0
13080,58.08,1,120,6,1,2011-06-13 14:59:00,2011-06-13 14:59:00,6,58.08,False,0
17775,56.4,1,72,3,1,2011-03-30 10:50:00,2011-03-30 10:50:00,3,56.4,False,0
15899,56.25,1,39,4,1,2010-12-06 10:36:00,2010-12-06 10:36:00,4,56.25,False,0
13366,56.160000000000004,1,144,1,1,2011-10-20 13:37:00,2011-10-20 13:37:00,1,56.160000000000004,False,0
16349,53.5,1,9,9,1,2011-02-22 12:40:00,2011-02-22 12:40:00,9,53.5,False,0
15504,52.83,1,33,13,1,2011-09-19 13:45:00,2011-09-19 13:45:00,13,52.83,False,0
14865,52.2,2,108,4,1,2010-12-02 18:23:00,2011-12-02 16:25:00,4,26.1,True,364
13832,52.199999999999996,1,28,3,1,2011-11-20 15:36:00,2011-11-20 15:36:00,3,52.199999999999996,False,0
15313,52.0,1,25,1,1,2011-08-21 16:02:00,2011-08-21 16:02:00,1,52.0,False,0
14682,52.0,2,80,1,1,2011-05-22 12:51:00,2011-06-05 12:12:00,2,26.0,True,13
17844,51.559999999999995,1,52,5,1,2011-08-25 11:27:00,2011-08-25 11:27:00,5,51.559999999999995,False,0
14351,51.0,1,12,1,1,2011-06-28 11:56:00,2011-06-28 11:56:00,1,51.0,False,0
13011,50.550000000000004,1,13,3,1,2010-12-02 17:22:00,2010-12-02 17:22:00,3,50.550000000000004,False,0
18184,49.8,1,60,1,1,2011-11-24 15:28:00,2011-11-24 15:28:00,1,49.8,False,0
14821,48.800000000000004,1,20,2,1,2010-12-08 08:43:00,2010-12-08 08:43:00,2,48.800000000000004,False,0
15603,48.480000000000004,1,96,2,1,2011-09-22 10:04:00,2011-09-22 10:04:00,2,48.480000000000004,False,0
16257,46.95,1,2,2,1,2011-06-16 10:11:00,2011-06-16 10:11:00,2,46.95,False,0
14080,45.599999999999994,1,48,4,1,2011-11-07 11:09:00,2011-11-07 11:09:00,4,45.599999999999994,False,0
15423,43.5,1,101,2,1,2011-11-01 14:01:00,2011-11-01 14:01:00,2,43.5,False,0
14300,43.2,1,32,3,1,2011-11-21 08:57:00,2011-11-21 08:57:00,3,43.2,False,0
15992,41.989999999999995,1,17,3,1,2011-12-06 11:00:00,2011-12-06 11:00:00,3,41.989999999999995,False,0
15178,40.5,1,30,3,1,2011-03-24 15:12:00,2011-03-24 15:12:00,3,40.5,False,0
14589,39.75,1,5,3,1,2010-12-03 11:42:00,2010-12-03 11:42:00,3,39.75,False,0
12977,39.239999999999995,1,12,9,1,2011-07-06 16:40:00,2011-07-06 16:40:00,9,39.239999999999995,False,0
16659,39.12,1,72,2,1,2011-06-03 15:03:00,2011-06-03 15:03:00,2,39.12,False,0
18019,38.45,1,7,5,1,2011-10-19 12:10:00,2011-10-19 12:10:00,5,38.45,False,0
12855,38.1,1,30,3,1,2010-12-02 09:37:00,2010-12-02 09:37:00,3,38.1,False,0
16162,37.4,1,4,2,1,2011-04-01 15:03:00,2011-04-01 15:03:00,2,37.4,False,0
17816,36.56,4,30,16,1,2010-12-09 14:10:00,2011-11-03 11:34:00,17,9.14,True,328
15940,35.8,1,4,1,1,2011-02-01 16:18:00,2011-02-01 16:18:00,1,35.8,False,0
17831,35.400000000000006,1,12,2,1,2011-11-06 15:09:00,2011-11-06 15:09:00,2,35.400000000000006,False,0
14576,35.400000000000006,1,12,1,1,2010-12-02 17:51:00,2010-12-02 17:51:00,1,35.400000000000006,False,0
16856,35.400000000000006,1,12,2,1,2011-11-25 08:59:00,2011-11-25 08:59:00,2,35.400000000000006,False,0
15744,34.8,1,120,3,1,2011-09-23 09:52:00,2011-09-23 09:52:00,3,34.8,False,0
16765,34.0,1,4,1,1,2011-02-18 15:41:00,2011-02-18 15:41:00,1,34.0,False,0
17408,32.65,1,3,2,1,2011-06-29 12:53:00,2011-06-29 12:53:00,2,32.65,False,0
13120,30.599999999999998,1,12,1,1,2011-04-15 10:19:00,2011-04-15 10:19:00,1,30.599999999999998,False,0
15657,30.0,1,24,1,1,2011-11-17 12:19:00,2011-11-17 12:19:00,1,30.0,False,0
18268,25.5,1,2,1,1,2011-07-28 19:13:00,2011-07-28 19:13:00,1,25.5,False,0
17102,25.5,1,2,1,1,2011-03-23 10:08:00,2011-03-23 10:08:00,1,25.5,False,0
17986,20.8,1,10,1,1,2011-10-14 14:22:00,2011-10-14 14:22:00,1,20.8,False,0
16953,20.8,1,10,1,1,2011-11-09 15:54:00,2011-11-09 15:54:00,1,20.8,False,0
16093,17.0,1,20,1,1,2011-08-25 11:09:00,2011-08-25 11:09:00,1,17.0,False,0
17763,15.0,1,12,1,1,2011-03-21 14:25:00,2011-03-21 14:25:00,1,15.0,False,0
15823,15.0,1,1,1,1,2010-12-02 15:08:00,2010-12-02 15:08:00,1,15.0,False,0
13307,15.0,1,4,1,1,2011-08-11 17:14:00,2011-08-11 17:14:00,1,15.0,False,0
16878,13.3,1,12,3,1,2011-09-16 17:39:00,2011-09-16 17:39:00,3,13.3,False,0
17956,12.75,1,1,1,1,2011-04-04 13:47:00,2011-04-04 13:47:00,1,12.75,False,0
16454,6.9,2,3,2,1,2011-10-06 16:57:00,2011-10-26 11:40:00,2,3.45,True,19
14792,6.2,1,2,2,1,2011-10-07 09:19:00,2011-10-07 09:19:00,2,6.2,False,0
16738,3.75,1,3,1,1,2011-02-15 09:46:00,2011-02-15 09:46:00,1,3.75,False,0
