stock_code,description,revenue,units_sold,orders,customers_with_id,sales_rows,revenue_share_pct,average_unit_price
DOT,DOTCOM POSTAGE,206248.77,706,706,1,706,1.938043812910482,292.13706798866855
22423,REGENCY CAKESTAND 3 TIER,174156.54,13851,1988,881,2007,1.636484934309654,12.573571583279186
23843,"PAPER CRAFT , LITTLE BIRDIE",168469.6,80995,1,1,1,1.5830468513509377,2.08
85123A,WHITE HANGING HEART T-LIGHT HOLDER,104462.75,37641,2198,856,2253,0.9815980299766854,2.775238436810924
47566,PARTY BUNTING,99445.23,18283,1685,708,1699,0.9344502404788154,5.439218399606191
85099B,JUMBO BAG RED RETROSPOT,94159.81,48371,2089,635,2109,0.8847850932411696,1.9466169812490954
23166,MEDIUM CERAMIC TOP STORAGE JAR,81700.92000000001,78033,247,138,250,0.7677134875281646,1.047004728768598
POST,POSTAGE,78101.88,3150,1126,331,1126,0.7338946327324858,24.79424761904762
M,Manual,77750.27,6984,289,197,316,0.7305906829195611,11.132627434135166
23084,RABBIT NIGHT LIGHT,66870.03,30739,994,450,1017,0.6283530704723153,2.1754133185855102
22086,PAPER CHAIN KIT 50'S CHRISTMAS,64875.590000000004,19329,1160,613,1184,0.6096120515454088,3.356386258989084
84879,ASSORTED COLOUR BIRD ORNAMENT,58927.62,36362,1455,678,1476,0.5537211657094488,1.6205824762114296
79321,CHILLI LIGHTS,54096.36,10302,661,205,667,0.508323592906654,5.251054164239953
22502,PICNIC BASKET WICKER SMALL,51408.770000000004,1937,463,175,466,0.483069298439152,26.540407847186373
22197,SMALL POPCORN HOLDER,51334.47,56898,1392,407,1418,0.48237112867407045,0.9022192344194875
23298,SPOTTY BUNTING,43148.18,8466,1146,573,1161,0.405447573274487,5.096643042759273
22386,JUMBO BAG PINK POLKADOT,42401.01,21448,1218,372,1232,0.3984266916678121,1.9769213912719135
23203,JUMBO BAG DOILEY PATTERNS,42030.340000000004,20485,1231,505,1242,0.3949436420470482,2.051761776909934
21137,BLACK RECORD COVER FRAME,40633.38,11651,375,140,376,0.3818169228676638,3.4875444167882583
23284,DOORMAT KEEP CALM AND COME IN,38133.64,5487,728,378,732,0.35832778574027707,6.949815928558411
22720,SET OF 3 CAKE TINS PANTRY DESIGN,38108.89,7483,1385,640,1392,0.3580952190957849,5.09272885206468
22960,JAM MAKING SET WITH JARS,37082.13,8695,1132,573,1133,0.34844713312007713,4.264764807360551
82484,WOOD BLACK BOARD ANT WHITE FINISH,35966.92,6012,685,285,685,0.3379679150350631,5.982521623419827
20725,LUNCH BAG RED RETROSPOT,35862.36,19432,1565,532,1582,0.33698540318261466,1.845531082750103
22178,VICTORIAN GLASS HANGING T-LIGHT,33146.82,24275,1037,403,1041,0.3114684728478983,1.365471472708548
22114,HOT WATER BOTTLE TEA AND SYMPATHY,32973.44,5740,643,325,646,0.3098392847742802,5.7445017421602795
22910,PAPER CHAIN KIT VINTAGE CHRISTMAS,32843.840000000004,10594,820,470,831,0.3086214812540304,3.1002303190485185
22112,CHOCOLATE HOT WATER BOTTLE,32826.58,6017,858,382,872,0.3084592953839724,5.455639022768822
85099F,JUMBO BAG STRAWBERRY,32495.59,17237,812,315,816,0.3053491041249639,1.8852230666589314
22469,HEART OF WICKER SMALL,32094.6,17963,1201,573,1219,0.30158114861890695,1.7867060067917384
23245,SET OF 3 REGENCY CAKE TINS,31118.550000000003,6345,873,472,876,0.29240956585702543,4.904420803782506
21931,JUMBO STORAGE BAG SUKI,30764.01,13651,1184,333,1194,0.2890780839120456,2.25360852684785
22727,ALARM CLOCK BAKELIKE RED,30644.87,7800,1051,388,1061,0.28795856916356904,3.928829487179487
23199,JUMBO BAG APPLES,30450.690000000002,14908,978,344,986,0.2861339311422565,2.0425737858867725
22470,HEART OF WICKER LARGE,30098.11,9887,925,485,936,0.28282086659619404,3.0442105795489027
22355,CHARLOTTE BAG SUKI DESIGN,29254.149999999998,18124,882,249,890,0.27489048496849305,1.6141111233723238
22699,ROSES REGENCY TEACUP AND SAUCER,29056.920000000002,9864,1065,423,1073,0.27303718721927334,2.945754257907543
23355,HOT WATER BOTTLE KEEP CALM,28718.800000000003,5816,782,474,796,0.269859997973387,4.9378954607978
22411,JUMBO SHOPPER VINTAGE RED PAISLEY,28577.1,12574,1175,375,1180,0.2685284952047187,2.272713535867663
20685,DOORMAT RED RETROSPOT,28049.54,4088,696,329,697,0.26357120797367706,6.861433463796478
85099C,JUMBO  BAG BAROQUE BLACK WHITE,28047.74,13900,933,306,943,0.26355429403589586,2.0178230215827337
22457,NATURAL SLATE HEART CHALKBOARD,27991.61,9119,1249,587,1255,0.2630268610760839,3.0695920605329534
23201,JUMBO BAG ALPHABET,27850.83,13366,906,396,911,0.2617040032089484,2.0837071674397727
22726,ALARM CLOCK BAKELIKE GREEN,27155.28,6419,980,322,989,0.2551681757513112,4.230453341642
21175,GIN + TONIC DIET METAL SIGN,27029.97,12207,809,343,812,0.25399068378277334,2.214300811010076
84347,ROTATING SILVER ANGELS T-LIGHT HLDR,26425.579999999998,9461,449,192,464,0.24831145330743537,2.793106436951696
21915,RED  HARMONICA IN BOX,26294.08,21903,661,349,664,0.24707579618619427,1.200478473268502
22666,RECIPE BOX PANTRY YELLOW DESIGN,26219.95,8269,1111,471,1119,0.24637922384856983,3.1708731406457855
84946,ANTIQUE SILVER TEA GLASS ETCHED,25843.38,19209,905,415,912,0.2428407340984118,1.345378728720912
22629,SPACEBOY LUNCH BOX,25719.02,14249,900,322,905,0.24167216893036964,1.804970173345498
22961,JAM MAKING SET PRINTED,25637.78,16396,1162,537,1164,0.24090878653850928,1.5636606489387654
48138,DOORMAT UNION FLAG,25534.15,3751,616,313,618,0.23993501355391447,6.807291388962944
21181,PLEASE ONE PERSON METAL SIGN,25225.480000000003,12274,845,361,857,0.23703455512339355,2.0551963500081474
23173,REGENCY TEAPOT ROSES,24879.13,2766,416,248,421,0.23378003159531843,8.994624005784527
21621,VINTAGE UNION JACK BUNTING,24525.83,2787,475,267,485,0.23046020147414356,8.800082526013636
22111,SCOTTIE DOG HOT WATER BOTTLE,24455.39,4655,771,425,781,0.22979830270897073,5.253574650912997
22722,SET OF 6 SPICE TINS PANTRY DESIGN,24436.260000000002,5966,834,393,847,0.22961854513688448,4.095920214549112
22326,ROUND SNACK BOXES SET OF4 WOODLAND,24364.870000000003,8535,732,281,733,0.22894771957121599,2.8547006444053897
22138,BAKING SET 9 PIECE RETROSPOT,24185.27,4937,934,581,938,0.22726008444593146,4.898778610492202
48187,DOORMAT NEW ENGLAND,24108.39,3807,600,314,602,0.2265376713700302,6.332647754137116
21731,RED TOADSTOOL LED NIGHT LIGHT,23919.78,14001,849,266,855,0.22476537258951843,1.7084336833083351
48185,DOORMAT FAIRY CAKE,23872.91,3615,365,143,366,0.22432495244295897,6.60384785615491
23344,JUMBO BAG 50'S CHRISTMAS,23772.07,10285,716,391,722,0.22337739606192505,2.311333981526495
23243,SET OF TEA COFFEE SUGAR TINS PANTRY,23489.420000000002,4800,470,275,471,0.22072143799866414,4.893629166666667
22189,CREAM HEART CARD HOLDER,23435.82,8284,524,274,526,0.22021777851806695,2.8290463544181557
21733,RED HANGING HEART T-LIGHT HOLDER,23199.24,7872,741,385,753,0.21799472329568503,2.9470579268292685
21929,JUMBO BAG PINK VINTAGE PAISLEY,23179.06,11006,865,308,872,0.217805099259893,2.106038524441214
82482,WOODEN PICTURE FRAME WHITE FINISH,23057.06,8986,1100,410,1106,0.21665871014360846,2.565886935232584
20713,JUMBO BAG OWLS,23001.06,11429,657,207,662,0.2161324987459696,2.0125172806019775
21623,VINTAGE UNION JACK MEMOBOARD,22980.239999999998,3269,221,139,221,0.21593686086563316,7.029746099724686
22139,RETROSPOT TEA SET CERAMIC 11 PC,22868.260000000002,4518,962,488,964,0.21488462600299757,5.061589198760514
22090,PAPER BUNTING RETROSPOT,22785.06,7562,798,325,802,0.2141028262122199,3.0130997090716742
22697,GREEN REGENCY TEACUP AND SAUCER,22755.5,7278,1013,387,1022,0.2138250617673234,3.126614454520473
85066,CREAM SWEETHEART MINI CHEST,22594.2,1784,519,289,524,0.2123093850094816,12.664910313901347
22383,LUNCH BAG SUKI  DESIGN,22486.34,12518,1284,434,1306,0.21129586427110084,1.7963204984821857
20727,LUNCH BAG  BLACK SKULL.,22346.96,12195,1273,458,1301,0.20998616168890621,1.8324690446904468
15056N,EDWARDIAN PARASOL NATURAL,22152.690000000002,3950,456,184,458,0.20816067797070456,5.608275949367089
48194,DOORMAT HEARTS,22114.42,3416,592,286,593,0.20780106886021102,6.473776346604215
20712,JUMBO BAG WOODLAND ANIMALS,22092.42,9773,863,248,869,0.20759434295399576,2.260556635628773
84029E,RED WOOLLY HOTTIE WHITE HEART.,22025.73,4734,429,228,438,0.20696768155920053,4.652667934093789
23202,JUMBO BAG VINTAGE LEAF,21810.43,10941,879,377,886,0.2049445866679213,1.993458550406727
20724,RED RETROSPOT CHARLOTTE BAG,21773.39,17761,1032,335,1044,0.2045965354149116,1.225910140194809
20728,LUNCH BAG CARS BLUE,21699.48,11786,1150,479,1162,0.2039020303363494,1.8411233667062616
22630,DOLLY GIRL LUNCH BOX,21609.789999999997,11780,850,287,858,0.2030592464032382,1.8344473684210525
21523,DOORMAT FANCY FONT HOME SWEET HOME,21593.74,3245,502,203,502,0.20290843045802212,6.6544653312788915
23209,LUNCH BAG DOILEY PATTERN,21418.82,13170,1098,469,1114,0.20126477157096884,1.626334092634776
21843,RED RETROSPOT CAKE STAND,21354.3,2012,539,260,541,0.2006585008678321,10.613469184890656
21212,PACK OF 72 RETROSPOT CAKE CASES,21246.45,36396,1320,635,1352,0.1996450740957724,0.5837578305308276
21928,JUMBO BAG SCANDINAVIAN PAISLEY,21144.41,10468,806,264,809,0.19868624175621766,2.019909247229652
21166,COOK WITH WINE METAL SIGN,20874.440000000002,10324,723,287,728,0.19614943298799353,2.0219333591631155
23206,LUNCH BAG APPLE DESIGN,20852.579999999998,12147,1036,401,1053,0.19594402261027236,1.7166856013830574
22659,LUNCH BOX I LOVE LONDON,20781.649999999998,11504,707,213,722,0.19527751949537017,1.8064716620305978
22728,ALARM CLOCK BAKELIKE PINK,20672.15,5356,783,291,791,0.1942485882803443,3.8596247199402542
71477,COLOUR GLASS. STAR T-LIGHT HOLDER,20650.66,6748,316,155,319,0.1940466546565004,3.060263781861292
21479,WHITE SKULL HOT WATER BOTTLE,20582.2,3915,499,252,510,0.19340336122288695,5.257266922094509
84997D,PINK 3 PIECE POLKADOT CUTLERY SET,19728.2,5103,473,248,476,0.185378637408895,3.866000391926318
82494L,WOODEN FRAME ANTIQUE WHITE,19599.49,6735,910,392,917,0.18416919689121478,2.9100950259836678
22501,PICNIC BASKET WICKER LARGE,19302.26,1602,445,187,445,0.1813762359319257,12.048851435705368
22328,ROUND SNACK BOXES SET OF 4 FRUITS,19094.97,6835,581,227,585,0.17942840806377303,2.793704462326262
22467,GUMBALL COAT RACK,18798.670000000002,7926,681,262,689,0.17664418597233766,2.3717726469846077
22969,HOMEMADE JAM SCENTED CANDLES,18771.149999999998,12520,646,429,646,0.17638559065692655,1.4992931309904152
15036,ASSORTED COLOURS SILK FAN,18569.84,23826,518,194,519,0.17449395464873604,0.7793939393939394
20914,SET/5 RED RETROSPOT LID GLASS BOWLS,18357.75,6361,880,356,893,0.17250102294650002,2.885984908033328
82486,WOOD S/3 CABINET ANT WHITE FINISH,18343.92,2136,605,235,609,0.17237106752454742,8.587977528089887
20726,LUNCH BAG WOODLAND,18283.78,9909,1017,372,1030,0.17180595407001173,1.8451690382480572
21108,FAIRY CAKE FLANNEL ASSORTED COLOUR,18056.280000000002,10241,262,160,263,0.16966822026710407,1.763136412459721
22382,LUNCH BAG SPACEBOY DESIGN,18031.31,10427,1157,490,1164,0.16943358636354974,1.7292903040184138
22693,GROW A FLYTRAP OR SUNFLOWER IN TIN,17927.45,16244,305,167,305,0.16845765215357175,1.103635188377247
22835,HOT WATER BOTTLE I AM SO POORLY,17892.96,3441,657,316,662,0.16813356231241883,5.199930252833479
22865,HAND WARMER OWL DESIGN,17786.13,8439,654,375,666,0.1671297201051018,2.107611091361536
21485,RETROSPOT HEART HOT WATER BOTTLE,17663.98,3524,623,371,640,0.16598192149400212,5.012480136208853
22698,PINK REGENCY TEACUP AND SAUCER,17445.56,5788,765,319,768,0.16392950911056872,3.0140912232204564
22384,LUNCH BAG PINK POLKADOT,17388.99,10487,1090,444,1101,0.16339794163263252,1.6581472299036903
22077,6 RIBBONS RUSTIC CHARM,17186.62,9172,955,413,970,0.16149634519441522,1.8738137810728301
22385,JUMBO BAG SPACEBOY DESIGN,17071.59,8666,686,247,692,0.1604154506038725,1.969950380798523
23240,SET OF 4 KNICK KNACK TINS DOILEY,17000.170000000002,4177,536,323,546,0.15974434313924102,4.069947330620063
82583,HOT BATHS METAL SIGN,16946.260000000002,7258,609,206,621,0.15923777070269265,2.3348387985670986
22492,MINI PAINT SET VINTAGE,16937.82,26633,380,213,380,0.15915846312776277,0.6359711635940375
21754,HOME BUILDING BLOCK WORD,16923.47,2759,777,360,781,0.15902362145711785,6.133914461761508
20719,WOODLAND CHARLOTTE BAG,16744.45,13290,833,238,840,0.15734143637845174,1.2599285176824682
22993,SET OF 4 PANTRY JELLY MOULDS,16478.48,12649,1073,431,1090,0.15484221413863036,1.302749624476243
84978,HANGING HEART JAR T-LIGHT HOLDER,16453.78,12493,728,304,733,0.15461011732574323,1.317039942367726
22624,IVORY KITCHEN SCALES,16378.710000000001,1883,711,376,711,0.15390471215394422,8.698199681359533
84078A,SET/4 WHITE RETRO STORAGE CUBES,16363.300000000001,415,155,79,155,0.15375991005327252,39.42963855421687
23301,GARDENERS KNEELING PAD KEEP CALM,16327.349999999999,8807,913,405,920,0.1534221011292526,1.8539059838764618
21232,STRAWBERRY CERAMIC TRINKET BOX,16248.800000000001,11842,831,312,836,0.15268399567774316,1.3721330856274279
84029G,KNITTED UNION FLAG HOT WATER BOTTLE,16148.04,3319,459,211,466,0.1517371910272773,4.865332931605906
84997B,RED 3 PIECE RETROSPOT CUTLERY SET,16045.970000000001,4214,370,202,374,0.15077807678875957,3.8077764594209778
85152,HAND OVER THE CHOCOLATE   SIGN,15928.730000000001,8246,677,270,679,0.1496764156412743,1.9316917293233085
15056BL,EDWARDIAN PARASOL BLACK,15828.84,2844,321,142,321,0.14873778606073607,5.565696202531646
23313,VINTAGE CHRISTMAS BUNTING,15798.66,2990,401,254,408,0.14845419570393714,5.283832775919732
22379,RECYCLING BAG RETROSPOT,15607.59,6896,748,187,750,0.1466587812084577,2.2632816125290023
82483,WOOD 2 DRAWER CABINET WHITE FINISH,15123.92,2386,543,241,546,0.14211391216031544,6.338608549874267
22084,PAPER CHAIN KIT EMPIRE,15099.37,5181,436,277,443,0.14188322484224342,2.9143736730360934
22900,SET 2 TEA TOWELS I LOVE LONDON,14938.43,4907,533,194,543,0.14037093087195784,3.044310169146118
84997C,BLUE 3 PIECE POLKADOT CUTLERY SET,14497.03,3783,335,202,335,0.1362232574627119,3.832151731430082
22752,SET 7 BABUSHKA NESTING BOXES,14427.970000000001,1787,380,188,382,0.13557432604983802,8.073850027979855
22847,BREAD BIN DINER STYLE IVORY,14389.34,905,376,214,376,0.13521133415178824,15.89982320441989
22866,HAND WARMER SCOTTY DOG DESIGN,14366.52,6611,548,329,562,0.13499690300725042,2.1731235819089396
48184,DOORMAT ENGLISH ROSE,14300.15,2035,407,227,407,0.1343732485347274,7.027100737100737
22507,MEMO BOARD RETROSPOT  DESIGN,14193.35,2960,459,230,459,0.1333696882263734,4.795050675675676
23200,JUMBO BAG PEARS,14188.960000000001,7067,595,262,598,0.13332843701145136,2.0077769916513373
22625,RED KITCHEN SCALES,14082.2,1620,546,292,546,0.13232525256838135,8.692716049382717
22867,HAND WARMER BIRD DESIGN,14061.890000000001,6433,554,333,561,0.13213440697041626,2.1858992693921966
22083,PAPER CHAIN KIT RETROSPOT,14051.640000000001,4616,610,294,611,0.13203809149138415,3.0441161178509533
21930,JUMBO STORAGE BAG SKULLS,14006.2,6438,705,220,714,0.13161110852872865,2.1755514134824483
23343,JUMBO BAG VINTAGE CHRISTMAS,13972.710000000001,6078,476,286,486,0.13129641531967645,2.298899308983218
22622,BOX OF VINTAGE ALPHABET BLOCKS,13931.31,1342,267,174,267,0.13090739475070773,10.381005961251862
20971,PINK BLUE FELT CRAFT TRINKET BOX,13828.1,10993,522,277,526,0.1299375683515952,1.2579004821249886
84077,WORLD WAR 2 GLIDERS ASSTD DESIGNS,13814.009999999998,54951,535,307,536,0.12980516980529644,0.25138778184200467
22941,CHRISTMAS LIGHTS 10 REINDEER,13795.92,1670,311,205,311,0.1296351847305949,8.26102994011976
AMAZONFEE,AMAZON FEE,13761.09,2,2,0,2,0.12930790003452775,6880.545
23077,DOUGHNUT LIP GLOSS,13695.77,10395,344,217,344,0.1286941120257105,1.3175343915343916
22171,3 HOOK PHOTO SHELF ANTIQUE WHITE,13611.81,1794,382,172,382,0.12790517079453628,7.587408026755853
22551,PLASTERS IN TIN SPACEBOY,13602.109999999999,8074,673,339,681,0.12781402346315954,1.6846804557839978
21524,DOORMAT SPOTTY HOME SWEET HOME,13572.06,1752,480,251,481,0.12753165466853372,7.746609589041095
23356,LOVE HOT WATER BOTTLE,13334.320000000002,2359,476,316,486,0.12529769935291493,5.652530733361594
22554,PLASTERS IN TIN WOODLAND ANIMALS,13328.269999999999,7803,704,351,714,0.12524084972870572,1.7080956042547737
22558,CLOTHES PEGS RETROSPOT PACK 24,13325.869999999999,8676,772,363,775,0.12521829781166408,1.5359462886122637
23207,LUNCH BAG ALPHABET DESIGN,13325.55,7830,740,377,756,0.12521529088939184,1.7018582375478926
23108,SET OF 10 LED DOLLY LIGHTS,13290.519999999999,2219,372,271,373,0.12488612686690455,5.989418657052726
23328,SET 6 SCHOOL MILK BOTTLES IN CRATE,13269.49,2841,405,195,409,0.124688515693827,4.670711017247448
22776,SWEETHEART CAKESTAND 3 TIER,13078.779999999999,1244,536,327,537,0.12289648398590379,10.513488745980707
82600,NO SINGING METAL SIGN,12833.18,6013,545,221,549,0.12058867114197357,2.134239148511558
22499,WOODEN UNION JACK BUNTING,12792.25,2091,407,217,410,0.1202040669900922,6.117766618842659
22113,GREY HEART HOT WATER BOTTLE,12763.08,3220,561,337,582,0.11992996723171497,3.9636894409937886
22427,ENAMEL FLOWER JUG CREAM,12647.26,2106,506,311,509,0.11884164930181268,6.005346628679962
20750,RED RETROSPOT MINI CASES,12634.98,1747,385,235,386,0.11872625865961617,7.232386949055524
20749,ASSORTED COLOUR MINI CASES,12550.57,1762,383,239,385,0.11793308894399666,7.122911464245176
20723,STRAWBERRY CHARLOTTE BAG,12548.15,9793,722,230,726,0.11791034909431299,1.2813387113244155
22607,WOODEN ROUNDERS GARDEN SET,12531.57,1327,358,224,359,0.11775455293408349,9.44353428786737
21790,VINTAGE SNAP CARDS,12510.009999999998,14521,926,449,935,0.11755196154599253,0.8615116038840299
22188,BLACK HEART CARD HOLDER,12483.220000000001,4870,189,123,189,0.11730022577201499,2.5632895277207393
21755,LOVE BUILDING BLOCK WORD,12435.86,2011,629,337,634,0.11685520127572616,6.183918448533069
22568,FELTCRAFT CUSHION OWL,12413.89,3373,470,244,473,0.11664875726847392,3.6803705899792467
22424,ENAMEL BREAD BIN CREAM,12358.33,873,454,189,454,0.1161266803889594,14.156162657502863
22149,FELTCRAFT 6 FLOWER FRIENDS,12357.08,6070,547,337,553,0.11611493459883354,2.0357627677100494
23174,REGENCY SUGAR BOWL GREEN,12342.43,3055,322,190,324,0.11597727393855839,4.040075286415712
21977,PACK OF 60 PINK PAISLEY CAKE CASES,12226.32,24820,869,410,880,0.1148862309853469,0.49259951651893635
48188,DOORMAT WELCOME PUPPIES,12107.02,2064,287,163,287,0.1137652127757342,5.865804263565892
47590B,PINK HAPPY BIRTHDAY BUNTING,12050.12,2323,393,238,394,0.11323054440920477,5.187309513560052
22273,FELTCRAFT DOLL MOLLY,12001.59,4509,331,211,333,0.11277452585335813,2.6616966067864274
22191,IVORY DINER WALL CLOCK,11911.65,1445,415,239,418,0.11192939276222177,8.243356401384084
21430,SET/3 RED GINGHAM ROSE STORAGE BOX,11905.95,3034,477,186,479,0.11187583195924784,3.9241760052735666
22087,PAPER BUNTING WHITE LACE,11872.58,4082,326,155,331,0.1115622663460477,2.9085203331700145
22193,RED DINER WALL CLOCK,11857.07,1400,460,206,460,0.11141652458216596,8.469335714285714
22158,3 HEARTS HANGING DECORATION RUSTIC,11797.380000000001,3413,303,196,307,0.11085563961207559,3.456601230588925
23300,GARDENERS KNEELING PAD CUP OF TEA,11785.99,6809,758,351,766,0.11074861197244867,1.7309428697312381
21936,RED RETROSPOT PICNIC BAG,11665.19,3985,531,223,532,0.10961349881468493,2.9272747804266
23581,JUMBO BAG PAISLEY PARK,11581.83,5020,338,230,345,0.10883019556277115,2.3071374501992032
22692,DOORMAT WELCOME TO OUR HOME,11539.06,1522,443,231,443,0.10842830160782452,7.5815111695137976
21217,RED RETROSPOT ROUND CAKE TINS,11522.439999999999,1088,344,167,344,0.10827212958231097,10.59047794117647
22730,ALARM CLOCK BAKELIKE IVORY,11453.4,2885,570,241,572,0.10762338610207914,3.9699826689774698
21481,FAWN BLUE HOT WATER BOTTLE,11443.87,3307,490,253,500,0.10753383619815954,3.460498941638948
22356,CHARLOTTE BAG PINK POLKADOT,11417.74,9716,742,220,755,0.10728830220136842,1.1751482091395635
21216,"SET 3 RETROSPOT TEA,COFFEE,SUGAR",11382.81,2128,430,150,434,0.10696007784209122,5.34906484962406
22041,"RECORD FRAME 7"" SINGLE SIZE",11354.56,4374,361,73,365,0.10669462298524664,2.5959213534522174
21080,SET/20 RED RETROSPOT PAPER NAPKINS,11312.56,13202,986,427,1005,0.1062999644370175,0.856882290562036
21340,CLASSIC METAL BIRDCAGE PLANT HOLDER,11300.02,975,290,179,291,0.10618213067047483,11.589764102564104
22605,WOODEN CROQUET GARDEN SET,11276.21,782,299,181,300,0.1059583968601573,14.41970588235294
47566B,TEA TIME PARTY BUNTING,11275.27,2379,365,192,366,0.10594956402598266,4.739499789827659
22570,FELTCRAFT CUSHION RABBIT,11204.97,3086,386,202,389,0.10528898078930393,3.630904082955282
23170,REGENCY TEA PLATE ROSES,11097.249999999998,6857,445,224,445,0.10427677557941725,1.6183826746390546
22413,METAL SIGN TAKE IT OR LEAVE IT,11095.94,3774,412,228,416,0.10426446599136535,2.9401006889242183
B,Adjust bad debt,11062.06,1,1,0,1,0.10394610809579387,11062.06
22662,LUNCH BAG DOLLY GIRL DESIGN,11060.88,6706,682,310,690,0.10393502006991505,1.649400536832687
20711,JUMBO BAG TOYS,11014.62,5007,522,152,524,0.103500331868937,2.199844218094668
85014B,RED RETROSPOT UMBRELLA,10952.2,1910,350,210,350,0.10291379409321172,5.734136125654451
85048,15CM CHRISTMAS GLASS BALL 20 LIGHTS,10910.61,1359,261,170,263,0.1025229881641439,8.028410596026491
71459,HANGING JAM JAR T-LIGHT HOLDER,10858.89,13605,440,226,441,0.10203699435189603,0.798154355016538
22988,SOLDIERS EGG CUP,10858.31,9073,418,197,422,0.10203154430527762,1.196771740328447
22617,BAKING SET SPACEBOY DESIGN,10745.050000000001,2209,464,296,467,0.10096728175355313,4.864214576731554
22846,BREAD BIN DINER STYLE RED,10676.619999999999,665,278,158,278,0.10032427021890268,16.05506766917293
22734,SET OF 6 RIBBONS VINTAGE CHRISTMAS,10610.04,3261,422,278,432,0.09969864245363855,3.253615455381785
21891,TRADITIONAL WOODEN SKIPPING ROPE,10504.85,8130,425,264,432,0.09871021072296665,1.292109471094711
21791,VINTAGE HEADS AND TAILS CARD GAME,10504.4,7864,607,342,611,0.09870598223852131,1.3357578840284843
47590A,BLUE HAPPY BIRTHDAY BUNTING,10491.75,1990,390,228,390,0.09858711484244756,5.272236180904523
84755,COLOUR GLASS T-LIGHT HOLDER HANGING,10487.050000000001,16401,621,318,622,0.0985429506715743,0.6394152795561246
23208,LUNCH BAG VINTAGE LEAF DESIGN,10441.91,6308,668,305,677,0.09811878669854901,1.6553440076093848
22992,REVOLVER WOODEN RULER,10373.99,5233,348,217,356,0.09748056744626993,1.9824173514236576
22169,FAMILY ALBUM WHITE PICTURE FRAME,10345.76,1197,372,165,372,0.09721530052206737,8.643074352548037
21914,BLUE HARMONICA IN BOX,10339.81,7876,603,306,610,0.09715939056106822,1.3128250380904012
84947,ANTIQUE SILVER TEA GLASS ENGRAVED,10229.77,8652,347,177,352,0.09612538516470796,1.1823589921405455
23582,VINTAGE DOILY JUMBO BAG RED,10206.41,4802,259,186,262,0.09590587983883576,2.1254498125780925
22970,LONDON BUS COFFEE MUG,10140.6,4334,317,180,319,0.09528748748028915,2.339778495616059
21218,RED SPOTTY BISCUIT TIN,10116.49,2433,394,130,398,0.09506093468034144,4.158031237155774
22569,FELTCRAFT CUSHION BUTTERFLY,10110.83,2759,348,192,350,0.09500774974265151,3.664671982602392
22556,PLASTERS IN TIN CIRCUS PARADE,10061.859999999999,6113,571,305,577,0.09454759666868055,1.6459774251594959
22621,TRADITIONAL KNITTING NANCY,10053.65,6148,609,366,619,0.09447045031913387,1.6352716330513988
23171,REGENCY TEA PLATE GREEN,10051.99,6247,381,195,383,0.09445485190984673,1.609090763566512
22633,HAND WARMER UNION JACK,10023.720000000001,4851,479,300,493,0.09418920912036013,2.066320346320347
20679,EDWARDIAN PARASOL RED,10021.42,1710,326,141,327,0.09416759686652854,5.860479532163743
48173C,DOORMAT BLACK FLOCK,10000.66,1799,188,105,188,0.09397252278411815,5.559010561423013
22690,DOORMAT HOME SWEET HOME BLUE,9943.7,1619,285,198,286,0.09343729061966267,6.1418777022853615
23076,ICE CREAM SUNDAE LIP GLOSS,9935.76,8076,277,202,277,0.09336268136078316,1.2302823179791977
84997A,GREEN 3 PIECE POLKADOT CUTLERY SET,9933.880000000001,2573,260,143,260,0.09334501569243386,3.8608161678973962
22619,SET OF 6 SOLDIER SKITTLES,9895.04,2480,443,250,446,0.09298005050164294,3.989935483870968
22654,DELUXE SEWING KIT,9893.0,1411,328,157,330,0.09296088137215752,7.0113394755492555
22791,T-LIGHT GLASS FLUTED ANTIQUE,9873.880000000001,7955,345,184,346,0.09278121776639227,1.2412168447517287
22555,PLASTERS IN TIN STRONGMAN,9841.829999999998,6010,515,294,524,0.09248005570756503,1.6375757071547419
21314,SMALL GLASS HEART TRINKET POT,9798.980000000001,4246,541,215,542,0.09207741002205036,2.3078144135657093
22838,3 TIER CAKE TIN RED AND CREAM,9765.11,689,168,115,168,0.09175914609279988,14.172873730043543
22766,PHOTO FRAME CORNICE,9755.09,3267,504,278,508,0.09166499183915093,2.9859473523109887
22561,WOODEN SCHOOL COLOURING SET,9741.57,5883,433,288,442,0.09153794937314955,1.6558847526772054
21559,STRAWBERRY LUNCH BOX WITH CUTLERY,9735.38,3933,573,233,581,0.09147978422044625,2.475306381896771
22144,CHRISTMAS CRAFT LITTLE FRIENDS,9662.28,4073,544,319,553,0.0907928904138856,2.3722759636631476
22844,VINTAGE CREAM DOG FOOD CONTAINER,9661.32,1003,416,176,418,0.09078386964706892,9.632422731804587
23175,REGENCY MILK JUG PINK,9587.15,3160,329,206,331,0.09008692144416051,3.033908227848101
22560,TRADITIONAL MODELLING CLAY,9572.32,8144,389,229,389,0.08994756939010723,1.1753831041257368
22978,PANTRY ROLLING PIN,9564.98,2464,238,153,238,0.08987859811048814,3.8818912337662335
22456,NATURAL SLATE CHALKBOARD LARGE,9534.67,1727,476,220,477,0.08959378619151614,5.520943833236827
35970,ZINC FOLKART SLEIGH BELLS,9512.73,5050,456,270,465,0.08938762408322692,1.883708910891089
22952,60 CAKE CASES VINTAGE CHRISTMAS,9512.07,16056,619,343,633,0.08938142230604047,0.5924308669656203
21174,POTTERING IN THE SHED METAL SIGN,9405.76,4175,538,225,544,0.08838246634741578,2.252876646706587
85150,LADIES & GENTLEMEN METAL SIGN,9383.43,4037,478,196,479,0.0881726395526073,2.3243571959375773
84375,SET OF 20 KIDS COOKIE CUTTERS,9383.150000000001,4311,517,290,521,0.08817000849561912,2.1765599628856416
21155,RED RETROSPOT PEG BAG,9296.3,3155,485,205,491,0.0873539109976739,2.9465293185419967
23319,BOX OF 6 MINI 50'S CRACKERS,9219.53,3720,403,300,411,0.0866325315513037,2.4783682795698927
22749,FELTCRAFT PRINCESS CHARLOTTE DOLL,9216.16,2362,449,275,456,0.08660086490112436,3.9018458933107536
22966,GINGERBREAD MAN COOKIE CUTTER,9202.15,7440,670,388,682,0.08646921808539364,1.2368481182795699
84991,60 TEATIME FAIRY CAKE CASES,9169.970000000001,18189,828,414,844,0.08616683446439335,0.5041492110616307
23318,BOX OF 6 MINI VINTAGE CRACKERS,9162.41,3809,376,270,382,0.08609579592571209,2.4054633762142292
20972,PINK CREAM FELT CRAFT TRINKET BOX,9128.06,7337,616,312,622,0.08577302161305328,1.2441133978465313
23080,RED METAL BOX TOP SECRET,9117.62,1074,257,148,261,0.08567492077392205,8.489404096834265
48116,DOORMAT MULTICOLOUR STRIPE,9080.68,1491,201,88,201,0.08532780918412244,6.0903286384976525
22729,ALARM CLOCK BAKELIKE ORANGE,9068.95,2323,445,179,452,0.08521758668958132,3.9039819199311236
22759,SET OF 3 NOTEBOOKS IN PARCEL,9027.439999999999,5435,422,253,430,0.08482753249108153,1.6609825206991717
22989,SET 2 PANTRY DESIGN TEA TOWELS,8999.27,2811,372,241,378,0.08456282936480501,3.2014478833155464
22632,HAND WARMER RED POLKA DOT,8982.830000000002,4468,392,260,399,0.08440834873306963,2.0104811996418985
22771,CLEAR DRAWER KNOB ACRYLIC EDWARDIAN,8930.44,6539,441,168,447,0.08391605917731432,1.3657195289799664
23322,LARGE WHITE HEART OF WICKER,8878.210000000001,3069,562,350,572,0.08342527308269511,2.892867383512545
82582,AREA PATROLLED METAL SIGN,8858.79,4365,437,176,439,0.08324279048729964,2.0295051546391756
23439,HAND WARMER RED LOVE HEART,8855.51,3986,397,268,412,0.08321196953400936,2.2216532865027596
21889,WOODEN BOX OF DOMINOES,8847.29,6390,587,336,599,0.08313472921814168,1.3845524256651018
84945,MULTI COLOUR SILVER T-LIGHT HOLDER,8744.43,10545,347,208,352,0.08216819164026437,0.82924893314367
22947,WOODEN ADVENT CALENDAR RED,8714.24,746,137,81,137,0.08188450731714444,11.681286863270778
23256,CHILDRENS CUTLERY SPACEBOY,8667.07,2113,368,232,372,0.08144126818095475,4.101784193090393
22147,FELTCRAFT BUTTERFLY HEARTS,8621.14,6226,481,287,495,0.0810096808685699,1.3846996466431094
22652,TRAVEL SEWING KIT,8612.07,5091,467,263,470,0.08092445341541663,1.6916263995285798
23534,STOP FOR TEA WALL ART,8608.9,1387,260,159,261,0.08089466609165741,6.206849315068493
22795,SWEETHEART RECIPE BOOK STAND,8571.25,1211,368,170,371,0.08054088289306632,7.077828241123039
23082,SET 6 PAPER TABLE LANTERN HEARTS,8558.76,2328,297,205,303,0.08042351895812867,3.676443298969072
23078,ICE CREAM PEN LIP GLOSS,8553.34,6831,257,159,257,0.08037258921214291,1.2521358512662861
21035,SET/2 RED RETROSPOT TEA TOWELS,8536.85,2599,394,151,397,0.08021763874880247,3.284667179684494
84378,SET OF 3 HEART COOKIE CUTTERS,8518.4,6332,685,376,692,0.08004427088654469,1.3452937460518004
23493,VINTAGE DOILY TRAVEL SEWING KIT,8497.98,3964,415,282,424,0.07985239165904852,2.143789101917255
21484,CHICK GREY HOT WATER BOTTLE,8495.42,1871,402,205,410,0.07982833628087076,4.5405772314270445
23535,BICYCLE SAFTEY WALL ART,8440.24,1324,215,135,216,0.07930983012155451,6.374803625377643
23321,SMALL WHITE HEART OF WICKER,8438.539999999999,4716,629,378,644,0.07929385584698331,1.7893426632739609
71053,WHITE METAL LANTERN,8419.32,1944,333,149,340,0.07911325257800801,4.330925925925926
21213,PACK OF 72 SKULL CAKE CASES,8414.59,15169,663,295,671,0.07906880650817173,0.5547227899004549
21210,SET OF 72 RETROSPOT PAPER  DOILIES,8368.39,5808,453,244,453,0.0786346821051197,1.4408384986225895
22768,FAMILY PHOTO FRAME CORNICE,8258.59,867,260,184,261,0.07760293190046359,9.525478662053057
72741,GRAND CHOCOLATECANDLE,8196.0,5958,292,195,293,0.07701479669728122,1.3756294058408862
22192,BLUE DINER WALL CLOCK,8189.29,954,365,179,365,0.07695174529588555,8.58416142557652
22725,ALARM CLOCK BAKELIKE CHOCOLATE,8153.6,1980,428,171,434,0.07661637949621182,4.117979797979798
84380,SET OF 3 BUTTERFLY COOKIE CUTTERS,8153.56,5799,688,325,694,0.0766160036309278,1.4060286256251078
22655,VINTAGE RED KITCHEN CABINET,8125.0,60,38,34,38,0.07634763581813199,135.41666666666666
22804,CANDLEHOLDER PINK HANGING HEART,8102.950000000001,3131,474,252,480,0.07614044008031172,2.587975087831364
22667,RECIPE BOX RETROSPOT,8045.1,2882,464,233,471,0.07559684491328662,2.791498959056211
22909,SET OF 20 VINTAGE CHRISTMAS NAPKINS,8041.179999999999,8976,610,368,624,0.0755600101154519,0.8958533868092691
21121,SET/10 RED POLKADOT PARTY CANDLES,7998.85,6606,379,238,383,0.07516225067862956,1.2108462004238572
22616,PACK OF 12 LONDON TISSUES,7975.98,26119,512,195,523,0.07494734970248669,0.30537080286381557
21770,OPEN CLOSED METAL SIGN,7923.93,1638,388,263,389,0.07445825500164563,4.8375641025641025
22487,WHITE WOOD GARDEN PLANT LADDER,7909.28,784,429,278,429,0.07432059434137046,10.088367346938774
22940,FELTCRAFT CHRISTMAS FAIRY,7890.25,1915,321,240,327,0.07414177643249427,4.12023498694517
22352,LUNCH BOX WITH CUTLERY RETROSPOT,7860.969999999999,3088,482,185,484,0.07386664304458597,2.545650906735751
22968,ROSE COTTAGE KEEPSAKE BOX,7851.98,794,189,118,189,0.07378216732200074,9.889143576826196
21136,PAINTED METAL PEARS ASSORTED,7793.139999999999,4687,370,259,376,0.07322926948919596,1.6627138894815445
23238,SET OF 4 KNICK KNACK TINS LONDON,7771.610000000001,1849,274,150,278,0.07302696000006804,4.203142239048135
22173,METAL 4 HOOK HANGER FRENCH CHATEAU,7767.8,2444,493,210,498,0.07299115883176441,3.1783142389525367
22557,PLASTERS IN TIN VINTAGE PAISLEY,7762.239999999999,4712,566,315,576,0.07293891355728453,1.647334465195246
21908,CHOCOLATE THIS WAY METAL SIGN,7752.22,3771,468,220,473,0.0728447593036356,2.055746486343145
23204,CHARLOTTE BAG APPLES DESIGN,7741.94,7976,583,199,586,0.07274816192564047,0.9706544633901705
23007,SPACEBOY BABY GIFT SET,7741.749999999999,498,184,110,184,0.07274637656554134,15.545682730923692
48111,DOORMAT 3 SMILEY CATS,7708.48,1172,233,111,234,0.07243375061555127,6.577201365187713
21258,VICTORIAN SEWING BOX LARGE,7674.799999999999,532,163,61,163,0.07211727204639994,14.426315789473684
84406B,CREAM CUPID HEARTS COAT HANGER,7653.17,2015,284,133,286,0.07191402289406193,3.7980992555831268
84970S,HANGING HEART ZINC T-LIGHT HOLDER,7650.3099999999995,8879,537,271,537,0.07188714852625396,0.8616184254983669
84949,SILVER HANGING T-LIGHT HOLDER,7622.639999999999,4789,290,165,292,0.07162714371602777,1.5916976404259762
21231,SWEETHEART CERAMIC TRINKET BOX,7617.280000000001,6054,509,215,511,0.07157677776796807,1.2582226627023456
22991,GIRAFFE WOODEN RULER,7604.889999999999,3887,274,185,279,0.07146035349624047,1.956493439670697
21955,DOORMAT UNION JACK GUNS AND ROSES,7580.82,1228,206,108,208,0.07123417656157678,6.173306188925081
22585,PACK OF 6 BIRDY GIFT TAGS,7547.89,6221,395,241,407,0.07092474546650096,1.2132920752290628
22627,MINT KITCHEN SCALES,7521.89,852,357,193,357,0.07068043303188294,8.828509389671362
22367,CHILDRENS APRON SPACEBOY DESIGN,7508.58,3749,550,298,553,0.07055536385862271,2.0028220858895707
22750,FELTCRAFT PRINCESS LOLA DOLL,7491.83,2001,413,247,416,0.07039797027093611,3.7440429785107447
21668,RED STRIPE CERAMIC DRAWER KNOB,7481.16,5494,437,169,441,0.0702977082064217,1.3616963960684383
22381,TOY TIDY PINK POLKADOT,7433.74,3439,469,133,473,0.06985211991220683,2.1615993021227102
84836,ZINC METAL HEART DECORATION,7418.07,5937,535,311,545,0.06970487468718897,1.2494643759474482
22741,FUNKY DIVA PEN,7363.86,8547,233,107,234,0.0691954832610104,0.8615724815724816
23382,BOX OF 6 CHRISTMAS CAKE DECORATIONS,7356.18,1875,220,136,221,0.06912331712647708,3.923296
21169,YOU'RE CONFUSING ME METAL SIGN,7301.7699999999995,4413,450,191,456,0.06861204637387835,1.6546045773849987
23083,SET 6 PAPER TABLE LANTERN STARS,7250.900000000001,1932,246,161,249,0.0681340396989161,3.7530538302277434
20969,RED FLORAL FELTCRAFT SHOULDER BAG,7229.43,1960,305,157,306,0.06793229400771422,3.6884846938775513
22179,SET 10 LIGHTS NIGHT OWL,7226.2,966,289,98,292,0.06790194288602898,7.4805383022774325
22631,CIRCUS PARADE LUNCH BOX,7199.57,3677,396,168,402,0.06765171057318752,1.9580010878433505
22485,SET OF 2 WOODEN MARKET CRATES,7190.349999999999,526,208,142,208,0.06756507362521913,13.66986692015209
22767,TRIPLE PHOTO FRAME CORNICE,7173.549999999999,774,218,152,218,0.06740721020592748,9.268152454780362
22634,CHILDS BREAKFAST SET SPACEBOY,7161.3,763,222,155,224,0.06729210146269399,9.385714285714286
21787,RAIN PONCHO RETROSPOT,7161.1,8875,243,115,248,0.06729022213627385,0.8068845070422536
22553,PLASTERS IN TIN SKULLS,7132.119999999999,4242,560,281,570,0.06701790773799575,1.681310702498821
22950,36 DOILIES VINTAGE CHRISTMAS,7131.549999999999,5209,185,156,185,0.06701255165769836,1.3690823574582451
22637,PIGGY BANK RETROSPOT,7111.18,2760,329,188,329,0.06682114226180726,2.576514492753623
22834,HAND WARMER BABUSHKA DESIGN,7105.33,4941,368,199,373,0.0667661719640182,1.438034810767051
21669,BLUE STRIPE CERAMIC DRAWER KNOB,7091.15,5252,425,167,434,0.06663292772083036,1.3501808834729625
22505,MEMO BOARD COTTAGE DESIGN,7084.42,1457,311,186,313,0.0665696883867927,4.862333562113933
21259,VICTORIAN SEWING BOX SMALL,7077.200000000001,1179,285,133,285,0.0665018447030257,6.0027141645462265
23236,DOILEY STORAGE TIN,7059.97,2493,327,203,330,0.06633994073193075,2.8319173686321704
23320,GIANT 50'S CHRISTMAS CRACKER,7053.57,2661,333,260,338,0.06627980228648632,2.6507215332581735
22663,JUMBO BAG DOLLY GIRL DESIGN,7051.2,3419,450,171,451,0.06625753226840767,2.062357414448669
C2,CARRIAGE,7051.0,142,141,29,141,0.06625565294198754,49.65492957746479
21912,VINTAGE SNAKES & LADDERS,7047.7,1786,396,201,396,0.06622464405605524,3.946080627099664
22333,RETROSPOT PARTY BAG + STICKER SET,7043.94,4492,317,167,320,0.06618931271935663,1.5681077471059661
23215,JINGLE BELL HEART ANTIQUE SILVER,7038.400000000001,3564,210,162,213,0.0661372553775188,1.9748597081930417
22946,WOODEN ADVENT CALENDAR CREAM,7030.22,453,137,64,138,0.06606039092693512,15.51924944812362
23543,KEEP CALM WALL ART,7010.76,1236,103,81,105,0.06587753246625563,5.672135922330098
23283,DOORMAT VINTAGE LEAVES DESIGN,7003.38,994,233,146,233,0.06580818532135252,7.045653923541248
23293,SET OF 12 FAIRY CAKE BAKING CASES,6989.54,8471,552,323,554,0.06567813593307893,0.8251139180734269
22839,3 TIER CAKE TIN GREEN AND CREAM,6981.67,445,201,107,202,0.06560418443844648,15.68914606741573
22170,PICTURE FRAME WOOD TRIPLE PORTRAIT,6977.6,1068,265,142,265,0.06556594014579666,6.533333333333334
21922,UNION STRIPE WITH FRINGE  HAMMOCK,6944.360000000001,898,208,113,209,0.06525359609476962,7.73314031180401
21165,BEWARE OF THE CAT METAL SIGN,6935.7,4154,449,178,455,0.06517222126077761,1.669643716899374
21094,SET/6 RED SPOTTY PAPER PLATES,6933.259999999999,8758,527,179,532,0.06514929347845191,0.7916487782598766
21877,HOME SWEET HOME MUG,6932.78,5411,349,174,350,0.06514478309504358,1.2812382184439106
22109,FULL ENGLISH BREAKFAST PLATE,6921.15,1640,296,100,299,0.06503550026371252,4.220213414634146
22840,ROUND CAKE TIN VINTAGE RED,6903.79,913,271,193,271,0.0648723747304445,7.561653888280394
23254,CHILDRENS CUTLERY DOLLY GIRL,6903.110000000001,1703,299,204,301,0.06486598502061602,4.05349970640047
21257,VICTORIAN SEWING BOX MEDIUM,6901.42,688,261,100,262,0.06485010471236585,10.031133720930233
21326,AGED GLASS SILVER T-LIGHT HOLDER,6859.27,10535,340,168,346,0.06445403666932163,0.6510934978642621
22580,ADVENT CALENDAR GINGHAM SACK,6848.1900000000005,1311,246,126,246,0.06434992198564596,5.223638443935927
23103,BELL HEART DECORATION,6846.159999999999,4072,365,231,376,0.06433084682248154,1.6812770137524555
23109,LED TEA LIGHTS,6835.02,2386,268,178,272,0.06422616834087982,2.8646353730092207
23541,WALL ART CLASSIC PUDDINGS,6823.91,872,152,97,152,0.06412177175824112,7.825584862385321
75049L,LARGE CIRCULAR MIRROR MOBILE,6812.98,7102,205,71,209,0.06401906656938054,0.9593044212897774
22294,HEART FILIGREE DOVE  SMALL,6805.08,5457,299,162,307,0.06394483317578507,1.2470368334249589
23297,SET 40 HEART SHAPE PETIT FOUR CASES,6792.23,4303,161,123,163,0.06382408645329116,1.5784871020218452
22620,4 TRADITIONAL SPINNING TOPS,6782.21,4889,483,260,490,0.06372993219964222,1.3872386991204746
21672,WHITE SPOT RED CERAMIC DRAWER KNOB,6776.0,4992,409,159,415,0.06367157911429691,1.357371794871795
22943,CHRISTMAS LIGHTS 10 VINTAGE BAUBLES,6755.47,1355,209,128,209,0.06347866625726968,4.985586715867159
23229,VINTAGE DONKEY TAIL GAME,6739.71,1869,256,186,256,0.06333057533536275,3.606051364365971
23008,DOLLY GIRL BABY GIFT SET,6719.61,433,133,99,133,0.06314170303013883,15.518729792147806
23480,MINI LIGHTS WOODLAND MUSHROOMS,6719.14,1798,215,143,218,0.0631372866130515,3.7370077864293663
23247,BISCUIT TIN 50'S CHRISTMAS,6681.25,2194,309,231,309,0.06278124822275623,3.045237010027347
21871,SAVE THE PLANET MUG,6679.56,5453,357,133,361,0.06276536791450607,1.2249330643682377
85014A,BLACK/BLUE POLKADOT UMBRELLA,6678.72,1163,278,183,278,0.06275747474354149,5.742665520206363
22668,PINK BABY BUNTING,6677.969999999999,2179,345,162,345,0.06275042726946596,3.064694814134924
84988,SET OF 72 PINK HEART PAPER DOILIES,6671.25,4311,510,209,511,0.0626872819017493,1.5474947807933195
23169,CLASSIC GLASS SWEET JAR,6662.84,1556,314,203,315,0.06260825622578248,4.282030848329049
21888,BINGO SET,6659.54,1688,378,210,378,0.06257724733985018,3.945225118483412
21533,RETROSPOT LARGE MILK JUG,6651.72,1351,339,209,340,0.06250376567682277,4.923552923760178
20718,RED RETROSPOT SHOPPER BAG,6604.29,4769,575,236,578,0.062058083416286894,1.3848374921367164
84992,72 SWEETHEART FAIRY CAKE CASES,6532.780000000001,13319,615,325,630,0.06138613025476633,0.4904857722051206
22508,DOORSTOP RETROSPOT HEART,6525.88,1594,296,177,296,0.061321293493271534,4.094027603513174
21122,SET/10 PINK POLKADOT PARTY CANDLES,6488.54,5325,344,214,350,0.06097042325063165,1.2185051643192488
23311,VINTAGE CHRISTMAS STOCKING,6488.2,2390,344,246,347,0.06096722839571742,2.7147280334728032
22141,CHRISTMAS CRAFT TREE TOP ANGEL,6463.790000000001,2791,457,256,464,0.0607378566061395,2.3159405231099965
23188,VINTAGE  2 METER FOLDING RULER,6447.7699999999995,3471,333,207,337,0.060587322559886386,1.8576116392970323
23553,LANDMARK FRAME CAMDEN TOWN,6444.65,568,68,50,68,0.06055800506773222,11.346214788732393
23134,LARGE ZINC HEART WALL ORGANISER,6431.110000000001,1065,38,29,38,0.060430774669088846,6.038600938967137
84030E,ENGLISH ROSE HOT WATER BOTTLE,6414.69,1497,334,198,336,0.06027648196999546,4.28503006012024
22635,CHILDS BREAKFAST SET DOLLY GIRL,6412.33,681,194,143,195,0.06025430591823783,9.41604992657856
84970L,SINGLE HEART ZINC T-LIGHT HOLDER,6411.5199999999995,6064,457,234,458,0.06024669464623626,1.0573087071240104
23571,TRADITIONAL NAUGHTS & CROSSES,6406.91,2841,257,195,262,0.06020337617225206,2.255160154875044
22979,PANTRY WASHING UP BRUSH,6391.82,4090,381,225,383,0.06006158099385261,1.5627921760391197
20676,RED RETROSPOT BOWL,6374.81,5023,448,185,451,0.059901744281819824,1.2691240294644635
23307,SET OF 60 PANTRY DESIGN CAKE CASES,6371.89,12049,629,366,641,0.059874306116085796,0.5288314382936343
22784,LANTERN CREAM GAZEBO,6360.99,1272,299,192,303,0.05977188282618824,5.000778301886792
23172,REGENCY TEA PLATE PINK,6344.409999999999,3861,305,160,305,0.05961608666595874,1.643203833203833
22303,COFFEE MUG APPLES DESIGN,6338.25,2816,261,155,262,0.05955820341221848,2.2507990056818183
22895,SET OF 2 TEA TOWELS APPLE AND PEARS,6334.3,2058,284,163,286,0.05952108671542074,3.0778911564625853
22151,PLACE SETTING WHITE HEART,6322.21,15126,332,174,339,0.059407481433323354,0.41796972101018115
21154,RED RETROSPOT OVEN GLOVE,6320.51,4034,451,175,458,0.05939150715875218,1.5668096182449183
21380,WOODEN HAPPY BIRTHDAY GARLAND,6307.51,2165,290,138,290,0.05926935094144317,2.9133995381062356
21935,SUKI  SHOULDER BAG,6298.61,3393,530,121,531,0.059185720915746996,1.8563542587680517
22826,LOVE SEAT ANTIQUE WHITE METAL,6210.0,58,41,33,41,0.05835308534530458,107.06896551724138
23192,BUNDLE OF 3 ALPHABET EXERCISE BOOKS,6114.24,3516,345,224,351,0.05745326385534219,1.738976109215017
21975,PACK OF 60 DINOSAUR CAKE CASES,6102.51,12312,601,287,615,0.05734304136080107,0.49565545808966865
23118,PARISIENNE JEWELLERY DRAWER,6102.18,813,258,154,258,0.057339940472207834,7.505756457564576
21156,RETROSPOT CHILDRENS APRON,6091.099999999999,3170,358,202,360,0.05723582578853215,1.921482649842271
21670,BLUE SPOT CERAMIC DRAWER KNOB,6083.99,4328,374,158,375,0.057169015734296225,1.4057278188539741
21671,RED SPOT CERAMIC DRAWER KNOB,6054.79,4402,369,164,370,0.05689463407695599,1.3754634257155838
47591D,PINK FAIRY CAKE CHILDRENS APRON,6052.45,3207,439,250,439,0.05687264595784036,1.88726223885251
47556B,TEA TIME TEA TOWELS,6045.0,2600,2,1,2,0.056802641048690206,2.325
21673,WHITE SPOT BLUE CERAMIC DRAWER KNOB,6041.2,4372,365,154,369,0.05676693384670757,1.3817932296431839
22366,DOORMAT AIRMAIL,6034.9,800,220,104,220,0.0567077350644732,7.543625
17003,BROCADE RING PURSE,6025.95,23020,239,136,241,0.056623635207172,0.26177019982623806
23526,DOG LICENCE WALL ART,6021.4,1012,143,79,144,0.05658088053111384,5.949999999999999
48129,DOORMAT TOPIARY,6009.84,904,205,125,206,0.056472255464029834,6.648053097345133
21535,RED RETROSPOT SMALL MILK JUG,5986.01,2487,343,204,346,0.05624833372107032,2.406919983916365
23296,SET OF 6 TEA TIME BAKING CASES,5985.55,4979,378,243,382,0.056244011270304005,1.202159068085961
22174,PHOTO CUBE,5978.78,3218,321,104,325,0.056180396070982304,1.8579179614667494
23312,VINTAGE CHRISTMAS GIFT SACK,5964.150000000001,1423,214,168,218,0.05604292334334917,4.191250878425861
22783,SET 3 WICKER OVAL BASKETS W LIDS,5961.25,463,33,29,33,0.05601567311025715,12.875269978401727
23052,RECYCLED ACAPULCO MAT TURQUOISE,5949.34,654,278,147,278,0.055903759221937896,9.0968501529052
22584,PACK OF 6 PANNETONE GIFT BOXES,5946.96,2330,196,127,197,0.055881395237538246,2.552343347639485
22150,3 STRIPEY MICE FELTCRAFT,5907.84,3021,468,288,472,0.05551379898975913,1.9555908639523336
23113,PANTRY CHOPPING BOARD,5868.5,1154,57,39,57,0.055144135482917855,5.085355285961872
22971,QUEENS GUARD COFFEE MUG,5849.29,2431,272,164,274,0.05496362618026355,2.406125051419169
23485,BOTANICAL GARDENS WALL CLOCK,5843.92,262,83,70,83,0.05491316626588282,22.305038167938932
23154,SET OF 4 JAM JAR MAGNETS,5842.88,2701,235,141,240,0.05490339376849811,2.1632284339133654
22207,FRYING PAN UNION FLAG,5833.59,1333,208,68,208,0.054816099056282666,4.376286571642911
22751,FELTCRAFT PRINCESS OLIVIA DOLL,5801.47,1563,290,184,292,0.0545142792332084,3.7117530390275113
22740,POLKADOT PEN,5793.62,6842,170,89,170,0.05444051567121796,0.846772873428822
22779,WOODEN OWLS LIGHT GARLAND,5789.85,1537,149,88,151,0.05440509036819834,3.766981132075472
22796,PHOTO FRAME 3 CLASSIC HANGING,5787.45,582,232,146,234,0.054382538451156676,9.944072164948453
22365,DOORMAT RESPECTABLE HOUSE,5754.03,789,179,83,179,0.05406850300635151,7.292813688212927
82001S,VINYL RECORD FRAME SILVER,5750.21,1582,127,49,128,0.05403260787172687,3.634772439949431
23205,CHARLOTTE BAG VINTAGE ALPHABET,5726.38,5857,467,201,470,0.053808686128767345,0.9776984804507427
22595,CHRISTMAS GINGHAM HEART,5720.21,6788,467,274,474,0.05375070890870608,0.8426944608131998
62018,SOMBRERO,5716.85,4415,61,39,61,0.053719136224847745,1.2948697621744054
21242,RED RETROSPOT PLATE,5699.71,3373,304,148,304,0.053558077950641866,1.6898043284909576
22646,CERAMIC STRAWBERRY CAKE MONEY BANK,5684.17,4160,390,185,393,0.05341205428779709,1.3663870192307692
22907,PACK OF 20 NAPKINS PANTRY DESIGN,5670.0,6573,670,357,692,0.05327890401093027,0.8626198083067093
22088,PAPER BUNTING COLOURED LACE,5661.05,1893,238,115,240,0.053194804153629066,2.990517696777602
22837,HOT WATER BOTTLE BABUSHKA,5657.93,1173,178,108,186,0.0531654866614749,4.8234697357203755
22466,FAIRY TALE COTTAGE NIGHTLIGHT,5605.79,3069,209,114,211,0.05267554626374476,1.8265852069077875
22418,10 COLOUR SPACEBOY PEN,5585.45,6564,318,179,319,0.05248441876681666,0.8509216940889701
22488,NATURAL SLATE RECTANGLE CHALKBOARD,5573.679999999999,3195,415,211,417,0.0523738204069915,1.7445007824726133
22798,ANTIQUE GLASS DRESSING TABLE POT,5561.3,1798,267,126,267,0.052257490101584925,3.0930478309232483
21558,SKULL LUNCH BOX WITH CUTLERY,5550.219999999999,2131,412,167,416,0.05215337541790924,2.6045143125293286
23531,WALL ART BIG LOVE,5538.26,976,112,77,113,0.05204099169798495,5.674446721311476
23126,DOLLCRAFT GIRL AMELIE KIT,5532.04,1109,291,198,293,0.05198254464631863,4.988313796212804
23133,LARGE IVORY HEART WALL ORGANISER,5525.4,782,155,94,155,0.05192015100917003,7.065728900255754
23177,TREASURE ISLAND BOOK BOX,5521.29,2532,267,174,270,0.05188153085123619,2.1806042654028435
23158,SET OF 5 LUCKY CAT MAGNETS,5513.83,2633,255,96,255,0.051811431975765015,2.0941245727307254
22429,ENAMEL MEASURING JUG CREAM,5507.18,1262,376,227,378,0.05174894437229541,4.3638510301109354
23583,LUNCH BAG PAISLEY PARK,5497.33,3385,325,233,332,0.05165638754610358,1.62402658788774
22464,HANGING METAL HEART LANTERN,5485.629999999999,3402,351,191,353,0.05154644695052547,1.6124720752498527
22964,3 PIECE SPACEBOY COOKIE CUTTER SET,5472.6900000000005,2624,378,216,381,0.051424854531142504,2.08562881097561
22904,CALENDAR PAPER CUT DESIGN,5467.26,1834,271,162,274,0.05137383081883573,2.9810577971646675
22297,HEART IVORY TRELLIS SMALL,5459.91,4164,378,157,383,0.051304765572895636,1.3112175792507204
23135,SMALL ZINC HEART WALL ORGANISER,5416.18,1541,45,31,45,0.050893850851132336,3.5147177157689815
22827,RUSTIC  SEVENTEEN DRAWER SIDEBOARD,5415.0,35,26,21,26,0.05088276282525351,154.71428571428572
22845,VINTAGE CREAM CAT FOOD CONTAINER,5396.929999999999,802,316,155,317,0.05071296568319398,6.7293391521197
22349,DOG BOWL CHASING BALL DESIGN,5381.5199999999995,1366,131,85,132,0.0505681635825223,3.9396193265007318
23494,VINTAGE DOILY DELUXE SEWING KIT,5354.01,809,205,145,206,0.05030966223343224,6.618059332509271
21172,PARTY METAL SIGN,5338.63,3485,467,236,474,0.05016514203172358,1.5318880918220947
22998,TRAVEL CARD WALLET KEEP CALM,5262.82,12366,534,217,538,0.049452783352170016,0.42558790231279314
22296,HEART IVORY TRELLIS LARGE,5247.719999999999,3140,318,189,327,0.049310894207449545,1.6712484076433118
22120,WELCOME  WOODEN BLOCK LETTERS,5247.09,523,188,121,188,0.04930497432922613,10.032676864244742
22623,BOX OF VINTAGE JIGSAW BLOCKS,5236.31,937,235,165,235,0.04920367863518065,5.588377801494131
22848,BREAD BIN DINER STYLE PINK,5208.45,323,128,68,128,0.04894188846485534,16.125232198142413
22665,RECIPE BOX BLUE SKETCHBOOK DESIGN,5192.08,1516,356,163,356,0.04878806559736699,3.4248548812664907
22781,GUMBALL MAGAZINE RACK,5191.01,621,232,118,232,0.048778011201019246,8.359114331723028
22689,DOORMAT MERRY CHRISTMAS RED,5176.25,673,146,94,147,0.04863931691121302,7.6913075780089155
21844,RED RETROSPOT MUG,5167.6900000000005,1847,156,99,157,0.04855888174043109,2.7978830536004335
21428,SET3 BOOK BOX GREEN GINGHAM FLOWER,5163.63,1207,262,117,262,0.04852073141410227,4.278069594034797
21164,HOME SWEET HOME METAL SIGN,5155.9800000000005,1766,282,166,284,0.04844884717853197,2.919580973952435
22898,CHILDRENS APRON APPLES DESIGN,5150.92,2414,365,201,367,0.04840130022010246,2.1337696768848384
23263,SET OF 3 WOODEN HEART DECORATIONS,5147.19,3863,445,269,474,0.048366250782366865,1.3324333419622054
23162,REGENCY TEA STRAINER,5143.6900000000005,1412,176,96,176,0.04833336257001445,3.6428399433427767
23157,SET OF 6 NATIVITY MAGNETS,5143.06,2557,163,111,169,0.04832744269179101,2.0113648807195936
23165,LARGE CERAMIC TOP STORAGE JAR,5141.0599999999995,3114,280,167,283,0.04830864942758962,1.650950545921644
23132,SMALL IVORY HEART WALL ORGANISER,5138.6,1020,152,115,152,0.048285533712621925,5.037843137254902
22302,COFFEE MUG PEARS  DESIGN,5134.29,2329,212,134,213,0.04824503422826793,2.2045040790038644
37449,CERAMIC CAKE STAND + HANGING CAKES,5117.29,563,154,106,154,0.04808529148255614,9.089325044404973
22772,PINK DRAWER KNOB ACRYLIC EDWARDIAN,5116.7,3793,254,84,256,0.04807974746961673,1.3489849723174268
23397,FOOT STOOL HOME SWEET HOME,5097.65,489,217,139,217,0.04790074162809853,10.424642126789365
23234,BISCUIT TIN VINTAGE CHRISTMAS,5079.78,1722,277,201,278,0.04773282381245914,2.94993031358885
21098,CHRISTMAS TOILET ROLL,5078.76,3719,248,115,260,0.04772323924771644,1.365625168055929
23295,SET OF 12 MINI LOAF BAKING CASES,5073.45,6134,444,250,450,0.04767334313126175,0.8271030322791001
22371,AIRLINE BAG VINTAGE TOKYO 78,5072.32,1086,392,144,395,0.04766272493698797,4.670644567219153
23198,PANTRY MAGNETIC  SHOPPING LIST,5062.599999999999,3342,475,259,485,0.04757138967296923,1.5148414123279472
22780,LIGHT GARLAND BUTTERFILES PINK,5044.34,1346,132,82,134,0.04739980717081058,3.747652303120357
22849,BREAD BIN DINER STYLE MINT,5027.73,323,129,79,129,0.04724372911161806,15.565727554179565
21907,I'M ON HOLIDAY METAL SIGN,5027.18,2371,367,208,368,0.047238560963962686,2.1202783635596796
22957,SET 3 PAPER VINTAGE CHICK PAPER EGG,5014.650000000001,1775,214,179,216,0.04712082116374101,2.825154929577465
23314,VINTAGE CHRISTMAS TABLECLOTH,5012.96,407,117,87,118,0.04710494085549083,12.316855036855037
22636,CHILDS BREAKFAST SET CIRCUS PARADE,5009.56,595,198,141,198,0.047072992306348475,8.419428571428572
22271,FELTCRAFT DOLL ROSIE,5007.35,1701,301,181,303,0.04705222574940594,2.9437683715461493
21756,BATH BUILDING BLOCK WORD,5006.26,809,270,168,271,0.047041983420416184,6.188207663782448
23310,BUBBLEGUM RING ASSORTED,4997.28,12050,245,146,246,0.04695760166415196,0.4147120331950207
21932,SCANDINAVIAN PAISLEY PICNIC BAG,4995.38,2720,446,218,450,0.04693974806316065,1.8365367647058823
22301,COFFEE MUG CAT + BIRD DESIGN,4980.83,2205,252,123,252,0.04680302706609556,2.2588798185941044
21933,PINK VINTAGE PAISLEY PICNIC BAG,4957.43,2672,410,198,417,0.046583145874939336,1.8553255988023953
22142,CHRISTMAS CRAFT WHITE FAIRY,4946.19,3247,377,259,386,0.046477527730127546,1.5233107483831227
23556,LANDMARK FRAME COVENT GARDEN,4937.01,436,53,46,53,0.04639126664744318,11.323417431192661
84212,"ASSORTED FLOWER COLOUR ""LEIS""",4934.87,10315,111,72,111,0.0463711578547477,0.47841686863790595
23570,TRADITIONAL PICK UP STICKS GAME,4931.87,2772,276,203,286,0.04634296795844561,1.7791738816738816
22110,BIRD HOUSE HOT WATER BOTTLE,4912.14,1172,279,116,288,0.046157572407098946,4.191245733788397
21937,STRAWBERRY   PICNIC BAG,4898.849999999999,1707,251,146,252,0.046032691166480726,2.8698594024604565
22748,POPPY'S PLAYHOUSE KITCHEN,4880.83,2117,436,233,439,0.04586336385602624,2.3055408597071327
23010,CIRCUS PARADE BABY GIFT SET,4879.599999999999,315,111,73,111,0.045851805998542376,15.490793650793648
23351,ROLL WRAP 50'S CHRISTMAS,4875.65,3535,354,242,358,0.04581468930174464,1.379250353606789
21124,SET/10 BLUE POLKADOT PARTY CANDLES,4863.05,4011,240,180,242,0.04569629173727592,1.212428322114186
23503,PLAYING CARDS KEEP CALM & CARRY ON,4860.55,3643,335,284,342,0.045672800157024185,1.3342163052429317
21033,JUMBO BAG CHARLIE AND LOLA TOYS,4851.73,1932,300,75,300,0.04558992186189606,2.5112474120082813
21086,SET/6 RED SPOTTY PAPER CUPS,4851.5,7121,428,167,435,0.04558776063651291,0.6812947619716332
21390,FILIGRIS HEART WITH BUTTERFLY,4848.13,3903,212,120,219,0.045556093986333576,1.2421547527542915
21876,POTTERING MUG,4825.36,3789,333,141,334,0.04534213267340079,1.27351807864872
23554,LANDMARK FRAME OXFORD STREET,4805.53,422,57,49,57,0.04515579745884404,11.387511848341232
22549,PICTURE DOMINOES,4798.38,3188,356,195,362,0.045088611539324086,1.505138017565872
23555,LANDMARK FRAME NOTTING HILL,4780.57,421,50,45,51,0.04492125752161074,11.355273159144893
23184,BULL DOG BOTTLE OPENER,4764.5,874,264,129,266,0.0447702536437526,5.451372997711671
84050,PINK HEART SHAPE EGG FRYING PAN,4753.53,3229,256,139,259,0.04466717258960799,1.4721368844843603
22243,5 HOOK HANGER RED MAGIC TOADSTOOL,4751.639999999999,3098,131,71,133,0.044649412954937684,1.5337766300839248
23389,SPACEBOY MINI BACKPACK,4751.49,1115,237,159,239,0.044648003460122584,4.26142600896861
23286,BLUE VINTAGE SPOT BEAKER,4747.62,5048,222,125,222,0.0446116384938929,0.9404952456418383
20677,PINK POLKADOT BOWL,4747.34,3674,333,133,337,0.04460900743690471,1.292144801306478
21539,RED RETROSPOT BUTTER DISH,4743.900000000001,969,238,123,240,0.04457668302247833,4.895665634674923
20979,36 PENCILS TUBE RED RETROSPOT,4723.7300000000005,3734,325,164,325,0.044387152953007346,1.2650589180503482
23569,TRADTIONAL ALPHABET STAMP SET,4717.66,954,192,152,196,0.04433011539615613,4.945136268343815
23159,SET OF 5 PANCAKE DAY MAGNETS,4713.52,2293,223,121,224,0.04429121333925927,2.0556127344090713
22645,CERAMIC HEART FAIRY CAKE MONEY BANK,4709.74,2354,351,161,355,0.044255694069918645,2.0007391673746815
23558,LANDMARK FRAME LONDON BRIDGE,4703.87,415,52,43,52,0.044200535839487576,11.334626506024096
23176,ABC TREASURE BOOK BOX,4693.08,2165,226,159,227,0.0440991461791211,2.1677043879907623
82552,WASHROOM METAL SIGN,4674.83,3012,364,184,368,0.04392765764328345,1.5520683930942896
22504,CABIN BAG VINTAGE RETROSPOT,4674.62,247,68,31,68,0.0439256843505423,18.925587044534414
22721,SET OF 3 CAKE TINS SKETCHBOOK,4671.81,1020,297,183,298,0.04389927981433936,4.580205882352941
23241,TREASURE TIN GYMKHANA DESIGN,4669.55,2165,363,183,366,0.04387804342579179,2.156836027713626
22082,RIBBON REEL STRIPES DESIGN,4661.88,2680,409,250,415,0.04380597125757947,1.7395074626865672
22745,POPPY'S PLAYHOUSE BEDROOM,4661.79,2021,423,216,425,0.04380512556069041,2.3066749134092035
47599A,PINK PARTY BAGS,4649.5,2456,165,102,167,0.04368964095217289,1.8931188925081432
22813,PACK 3 BOXES BIRD PANNETONE,4640.78,2372,218,116,218,0.04360770232025484,1.9564839797639122
22606,WOODEN SKITTLES GARDEN SET,4638.46,313,142,110,143,0.04358590213378123,14.819361022364218
22628,PICNIC BOXES SET OF 3 RETROSPOT,4620.91,965,190,85,191,0.04342099124041407,4.788507772020726
22295,HEART FILIGREE DOVE LARGE,4613.969999999999,2789,250,155,254,0.04335577861363525,1.6543456435998563
21833,CAMOUFLAGE LED TORCH,4594.43,2726,168,87,168,0.04317216842238772,1.6854108584005871
23285,PINK VINTAGE SPOT BEAKER,4572.41,4807,191,108,192,0.042965254583530454,0.951198252548367
22417,PACK OF 60 SPACEBOY CAKE CASES,4563.24,8420,520,270,527,0.04287908746716709,0.5419524940617577
23404,HOME SWEET HOME BLACKBOARD,4561.76,1011,169,104,169,0.042865180451658075,4.512126607319486
23168,CLASSIC SUGAR DISPENSER,4558.67,3291,337,140,342,0.04283614485846693,1.3851929504709815
82551,LAUNDRY 15C METAL SIGN,4542.889999999999,2918,351,156,353,0.04268786600391798,1.5568505825908154
20974,12 PENCILS SMALL TUBE SKULL,4527.43,6976,355,195,363,0.04254259407164127,0.6490008600917432
23275,SET OF 3 HANGING OWLS OLLIE BEAK,4521.72,3720,325,171,334,0.04248893930234632,1.215516129032258
23163,REGENCY SUGAR TONGS,4515.22,1832,209,95,209,0.04242786119369181,2.4646397379912663
23112,PARISIENNE CURIO CABINET,4507.08,546,241,134,241,0.04235137260839217,8.254725274725274
23309,SET OF 60 I LOVE LONDON CAKE CASES,4495.85,8275,407,178,422,0.04224584842990139,0.5433051359516616
22938,CUPCAKE LACE PAPER SET 6,4488.63,2367,186,160,188,0.04217800474613438,1.8963371356147023
21934,SKULL SHOULDER BAG,4480.28,2421,411,85,412,0.04209954286809359,1.8505906650144568
23167,SMALL CERAMIC TOP STORAGE JAR,4476.009999999999,5847,231,129,238,0.04205941924902362,0.7655224901658969
84987,SET OF 36 TEATIME PAPER DOILIES,4471.17,3051,334,201,334,0.04201393954965628,1.4654768928220256
21906,PHARMACIE FIRST AID TIN,4470.8099999999995,581,173,71,174,0.04201055676210002,7.695025817555937
22775,PURPLE DRAWERKNOB ACRYLIC EDWARDIAN,4469.37,3105,237,79,242,0.04199702561187502,1.4394106280193237
22942,CHRISTMAS LIGHTS 10 SANTAS,4460.54,608,152,111,153,0.04191405335042591,7.3364144736842105
22089,PAPER BUNTING VINTAGE PAISLEY,4457.43,1423,272,142,274,0.041884829824592754,3.1324174279690795
23288,GREEN VINTAGE SPOT BEAKER,4444.2300000000005,4625,185,107,186,0.04176079428086361,0.9609145945945947
23530,WALL ART ONLY ONE PERSON,4436.27,1056,87,60,87,0.04168599708934209,4.201013257575758
22626,BLACK KITCHEN SCALES,4401.86,517,199,134,199,0.04136265897875723,8.514235976789168
20975,12 PENCILS SMALL TUBE RED RETROSPOT,4383.27,6633,362,231,366,0.041187975588005354,0.6608276797829037
15056P,EDWARDIAN PARASOL PINK,4354.92,776,144,87,144,0.0409215810679507,5.61201030927835
23349,ROLL WRAP VINTAGE CHRISTMAS,4342.6,3221,337,214,343,0.04080581456047016,1.3482148401117666
16014,SMALL CHINESE STYLE SCISSOR,4335.76,13328,54,34,54,0.040741541596901416,0.32531212484994
84692,BOX OF 24 COCKTAIL PARASOLS,4327.38,7903,583,209,590,0.0406627978198976,0.5475616854359104
22899,CHILDREN'S APRON DOLLY GIRL,4326.43,2069,313,190,315,0.040653871019401946,2.0910729821169647
21892,TRADITIONAL WOODEN CATCH CUP GAME,4317.16,3192,412,235,418,0.040566764239828516,1.3524937343358396
21498,RED RETROSPOT WRAP,4311.92,10526,336,238,336,0.04051752588762089,0.4096446893406802
22327,ROUND SNACK BOXES SET OF 4 SKULLS,4304.25,1167,287,106,290,0.040445453719408574,3.6883033419023135
23050,RECYCLED ACAPULCO MAT GREEN,4286.55,497,205,116,205,0.040279133331226305,8.624849094567406
23237,SET OF 4 KNICK KNACK TINS LEAVES,4274.39,1053,177,131,177,0.04016487028488187,4.0592497625830966
22723,SET OF 6 HERB TINS SKETCHBOOK,4262.820000000001,1164,295,170,298,0.04005615125147686,3.6622164948453615
22694,WICKER STAR,4251.72,1842,405,228,411,0.03995184863515916,2.3082084690553746
20970,PINK FLORAL FELTCRAFT SHOULDER BAG,4232.13,1116,262,141,263,0.039767768612306575,3.792231182795699
22061,LARGE CAKE STAND  HANGING STRAWBERY,4218.0599999999995,582,146,86,146,0.03963555799864982,7.247525773195876
23089,GLASS BON BON JAR,4215.78,2354,225,101,228,0.03961413367746024,1.7909005947323704
22661,CHARLOTTE BAG DOLLY GIRL DESIGN,4214.95,5194,415,172,419,0.03960633447281667,0.8115036580670003
22801,ANTIQUE GLASS PEDESTAL BOWL,4203.89,1027,220,123,224,0.039502407721783005,4.093369036027264
23144,ZINC T-LIGHT HOLDER STARS SMALL,4197.83,5089,274,180,275,0.0394454641312528,0.8248830811554333
23012,GLASS APOTHECARY BOTTLE PERFUME,4197.110000000001,1071,246,151,248,0.03943869855614031,3.9188702147525682
22550,HOLIDAY FUN LUDO,4194.89,1162,217,136,217,0.03941783803287677,3.610060240963856
20682,RED RETROSPOT CHILDRENS UMBRELLA,4171.33,1235,237,138,238,0.03919645338058443,3.3775951417004046
23110,PARISIENNE KEY CABINET,4147.18,700,255,157,256,0.0389695247153527,5.924542857142858
23486,ANTIQUE HEART SHELF UNIT,4145.47,275,74,64,74,0.03895345647446051,15.074436363636364
72760B,VINTAGE CREAM 3 BASKET CAKE STAND,4145.389999999999,409,153,104,153,0.03895270474389245,10.135427872860634
21874,GIN AND TONIC MUG,4141.179999999999,2974,295,110,295,0.038913144922748534,1.3924613315400132
22649,STRAWBERRY FAIRY CAKE TEAPOT,4132.88,795,200,86,204,0.038835152876312784,5.198591194968554
23306,SET OF 36 DOILIES PANTRY DESIGN,4123.38,2808,277,182,279,0.0387458848713562,1.4684401709401709
22596,CHRISTMAS STAR WISH LIST CHALKBOARD,4110.42,3476,262,196,265,0.038624104519331216,1.1825143843498274
22841,ROUND CAKE TIN VINTAGE GREEN,4101.77,529,213,156,213,0.03854282365166022,7.75381852551985
23255,CHILDRENS CUTLERY CIRCUS PARADE,4097.22,1014,158,116,158,0.03850006897560207,4.040650887573965
23009,I LOVE LONDON BABY GIFT SET,4082.5199999999995,263,103,48,103,0.03836193848372187,15.522889733840302
23193,BUFFALO BILL TREASURE BOOK BOX,4079.28,1922,175,109,175,0.03833149339571563,2.1224141519250783
23194,GYMKHANNA TREASURE BOOK BOX,4077.37,1835,214,142,217,0.03831354582840331,2.222
22577,WOODEN HEART CHRISTMAS SCANDINAVIAN,4075.3599999999997,10608,538,343,554,0.03829465859788091,0.3841779788838612
22489,PACK OF 12 TRADITIONAL CRAYONS,4072.13,9719,443,232,446,0.03826430747619567,0.4189865212470419
21116,OWL DOORSTOP,4051.79,695,251,81,252,0.038073179979267575,5.829913669064748
22896,PEG BAG APPLES DESIGN,4043.3599999999997,1584,288,144,290,0.03799396637065873,2.5526262626262626
21704,BAG 250g SWIRLY MARBLES,4039.2799999999997,5144,248,137,249,0.0379556281116879,0.7852410575427682
23081,GREEN METAL BOX ARMY SUPPLIES,4038.25,483,139,80,139,0.03794594958062419,8.360766045548655
23340,VINTAGE CHRISTMAS CAKE FRILL,4034.08,2500,151,112,152,0.0379067656247643,1.613632
22219,LOVEBIRD HANGING DECORATION WHITE,4033.7299999999996,4133,544,190,553,0.037903476803529054,0.975981127510283
72351B,SET/6 PINK  BUTTERFLY T-LIGHTS,4007.85,2096,186,87,187,0.037660291964763115,1.912142175572519
23129,HEART SHAPED HOLLY WREATH,3999.5000000000005,950,172,138,172,0.037581830086722334,4.210000000000001
22431,WATERING CAN BLUE ELEPHANT,3998.7099999999996,2058,334,159,336,0.03757440674736278,1.9430077745383867
22951,60 CAKE CASES DOLLY GIRL DESIGN,3990.2000000000003,7481,437,237,442,0.037494441408185884,0.5333778906563295
23130,MISTLETOE HEART WREATH GREEN,3988.98,962,184,139,184,0.037482977517023036,4.146548856548857
22493,PAINT YOUR OWN CANVAS SET,3986.64,2461,220,125,222,0.037460989397907415,1.6199268590004063
22956,36 FOIL HEART CAKE CASES,3983.3900000000003,2050,198,144,201,0.03743045034358016,1.943117073170732
20675,BLUE POLKADOT BOWL,3983.12,3120,322,149,324,0.037427913252912975,1.2766410256410257
84792,ENCHANTED BIRD COATHANGER 5 HOOK,3974.32,833,241,125,243,0.037345222890426875,4.77109243697479
22274,FELTCRAFT DOLL EMILY,3953.4800000000005,1340,267,168,267,0.03714939707744843,2.9503582089552243
22890,NOVELTY BISCUITS CAKE STAND 3 TIER,3939.87,385,165,94,166,0.03702150891455799,10.233428571428572
22131,FOOD CONTAINER SET 3 LOVE HEART,3936.5899999999997,2031,291,115,296,0.03699068796126772,1.9382520925652387
23557,LANDMARK FRAME BAKER STREET,3930.27,350,32,25,32,0.03693130124639134,11.229342857142857
22148,EASTER CRAFT 4 CHICKS,3917.45,1933,186,148,189,0.036810836422860455,2.02661665804449
22980,PANTRY SCRUBBING BRUSH,3910.0099999999998,2363,291,198,294,0.03674092548003129,1.6546804909013964
23049,RECYCLED ACAPULCO MAT RED,3896.84,456,186,103,186,0.03661717183526517,8.545701754385965
22117,METAL SIGN HER DINNER IS SERVED,3896.4500000000003,1320,95,58,95,0.0366135071487459,2.951856060606061
21041,RED RETROSPOT OVEN GLOVE DOUBLE,3888.98,914,255,100,257,0.03654331430695372,4.254901531728665
23552,BICYCLE PUNCTURE REPAIR KIT,3881.91,1863,116,93,123,0.03647688011800182,2.0836876006441223
22222,CAKE PLATE LOVEBIRD WHITE,3880.2,1057,222,104,222,0.03646081187710963,3.6709555345316933
21749,LARGE RED RETROSPOT WINDMILL,3877.09,1963,140,80,140,0.03643158835127648,1.97508405501783
22578,WOODEN STAR CHRISTMAS SCANDINAVIAN,3876.5399999999995,10460,512,332,530,0.03642642020362109,0.37060611854684505
21716,BOYS VINTAGE TIN SEASIDE BUCKET,3872.92,1425,244,112,244,0.03639240439541659,2.717838596491228
23032,DRAWER KNOB CRACKLE GLAZE IVORY,3853.68,2328,199,117,203,0.03621161319379925,1.655360824742268
23253,16 PIECE CUTLERY SET PANTRY DESIGN,3848.8599999999997,258,70,44,70,0.036166321427073905,14.918062015503875
85049A,TRADITIONAL CHRISTMAS RIBBONS,3842.36,3001,323,204,328,0.036105243318419404,1.2803598800399867
23111,PARISIENNE SEWING BOX,3839.2400000000002,312,138,80,139,0.03607592582626524,12.30525641025641
37370,RETRO COFFEE MUGS ASSORTED,3839.01,2567,159,72,162,0.03607376460088208,1.495523957927542
23131,MISTLETOE HEART WREATH CREAM,3835.9800000000005,942,115,91,116,0.03604529280561699,4.072165605095542
22738,RIBBON REEL SNOWY VILLAGE,3829.67,2173,275,147,277,0.03598600005706161,1.7623884031293144
21243,PINK  POLKADOT PLATE,3827.16,2285,210,103,211,0.035962414510488865,1.67490590809628
22842,BISCUIT TIN VINTAGE RED,3823.21,589,162,120,162,0.03592529781369113,6.491018675721562
22350,ILLUSTRATED CAT BOWL,3822.1199999999994,1410,120,63,121,0.03591505548470137,2.7107234042553188
21110,LARGE CAKE TOWEL PINK SPOTS,3815.7,1105,134,62,135,0.03585472910661492,3.4531221719457013
23542,70'S ALPHABET WALL ART,3800.16,506,89,55,89,0.035708705443770146,7.5101976284584975
21244,BLUE POLKADOT PLATE,3789.3199999999997,2282,196,107,197,0.03560684595179864,1.6605258545135844
85049E,SCANDINAVIAN REDS RIBBONS,3783.61,2860,409,248,415,0.035553191182503684,1.3229405594405594
22809,SET OF 6 T-LIGHTS SANTA,3781.2000000000003,1240,204,141,206,0.03553054529914101,3.049354838709678
23299,FOOD COVER WITH BEADS SET 2,3772.88,1012,146,110,146,0.035452365320063246,3.728142292490119
21746,SMALL RED RETROSPOT WINDMILL,3766.93,3075,226,122,228,0.03539645535906412,1.2250178861788616
23127,DOLLCRAFT GIRL NICOLE,3759.0,736,194,146,196,0.03532194006650562,5.107336956521739
23092,LARGE ANTIQUE WHITE PHOTO FRAME,3757.78,523,135,96,135,0.035310476175342775,7.185047801147228
21527,RED RETROSPOT TRADITIONAL TEAPOT,3724.9900000000002,477,144,95,145,0.035002360608761045,7.809203354297694
21260,FIRST AID TIN,3722.23,1161,166,104,168,0.03497642590416313,3.2060551248923344
22195,LARGE HEART MEASURING SPOONS,3720.66,1976,373,148,378,0.03496167319176504,1.882925101214575
23064,CINDERELLA CHANDELIER,3717.56,221,23,20,23,0.03493254363225289,16.821538461538463
21658,GLASS  BEURRE DISH,3709.78,878,212,82,213,0.0348594378345095,4.225261958997723
22854,CREAM SWEETHEART EGG HOLDER,3708.52,767,161,123,163,0.03484759807806263,4.83509778357236
22212,FOUR HOOK  WHITE LOVEBIRDS,3700.94,1609,399,145,404,0.034776371606739374,2.3001491609695464
23182,TOILET SIGN OCCUPIED OR VACANT,3688.2099999999996,3741,433,140,437,0.034656752480097544,0.9858887997861533
22656,VINTAGE BLUE KITCHEN CABINET,3685.0,26,20,17,20,0.034626589291054326,141.73076923076923
21531,RED RETROSPOT SUGAR JAM BOWL,3682.17,1516,246,143,248,0.034599996822209364,2.4288720316622694
23013,GLASS APOTHECARY BOTTLE TONIC,3674.1600000000003,924,223,135,224,0.03452472979908282,3.9763636363636365
21890,S/6 WOODEN SKITTLES IN COTTON BAG,3674.11,1147,231,143,234,0.03452425996747778,3.2032345248474283
22926,IVORY GIANT GARDEN THERMOMETER,3656.8500000000004,594,195,140,196,0.034362074097419815,6.156313131313132
23091,ZINC HERB GARDEN CONTAINER,3656.32,580,209,160,210,0.034357093882406445,6.304
23497,CLASSIC CHROME BICYCLE BELL,3656.02,2558,195,150,200,0.03435427489277624,1.4292494136043785
85053,FRENCH ENAMEL CANDLEHOLDER,3649.4900000000002,1693,317,157,322,0.03429291488515872,2.15563496751329
22378,WALL TIDY RETROSPOT,3638.5699999999997,2283,293,69,294,0.03419030366261914,1.5937669732807709
22468,BABUSHKA LIGHTS STRING OF 10,3633.17,517,153,82,153,0.0341395618492754,7.027408123791103
23191,BUNDLE OF 3 RETRO NOTE BOOKS,3628.8899999999994,2201,281,182,287,0.03409934426388443,1.6487460245343024
22236,CAKE STAND 3 TIER MAGIC GARDEN,3624.5999999999995,308,88,67,88,0.034059032712172456,11.768181818181816
22812,PACK 3 BOXES CHRISTMAS PANNETONE,3608.2999999999997,1725,185,98,190,0.03390586760893116,2.091768115942029
23294,SET OF 6 SNACK LOAF BAKING CASES,3607.81,4392,354,214,358,0.03390126325920182,0.821450364298725
22053,EMPIRE DESIGN ROSETTE,3606.4199999999996,4244,28,23,28,0.033888201940581855,0.8497690857681431
84968C,SET OF 16 VINTAGE PISTACHIO CUTLERY,3585.99,317,104,36,104,0.03369622874676469,11.312271293375394
22348,TEA BAG PLATE RED RETROSPOT,3583.29,4084,358,144,361,0.03367085784009283,0.8773971596474045
23085,ANTIQUE SILVER BAUBLE LAMP,3583.23,376,78,64,84,0.03367029404216678,9.529867021276596
21494,ROTATING LEAVES T-LIGHT HOLDER,3571.33,1928,313,79,316,0.03355847412016853,1.8523495850622407
22908,PACK OF 20 NAPKINS RED APPLES,3569.58,4380,375,212,383,0.033542030013992315,0.814972602739726
85132C,CHARLIE AND LOLA FIGURES TINS,3562.3199999999997,1520,211,96,212,0.03347381046494129,2.343631578947368
20717,STRAWBERRY SHOPPER BAG,3561.98,2855,412,150,417,0.03347061561002706,1.247628721541156
22800,ANTIQUE TALL SWIRLGLASS TRINKET POT,3560.74,870,203,109,203,0.03345896378622219,4.092804597701149
22669,RED BABY BUNTING,3559.0,1128,234,143,234,0.033442613646366984,3.155141843971631
22739,RIBBON REEL CHRISTMAS SOCK BAUBLE,3556.97,1818,318,168,321,0.03342353848320258,1.9565291529152915
23210,WHITE ROCKING HORSE HAND PAINTED,3551.53,2849,192,115,202,0.03337242080457481,1.2465882765882768
21974,SET OF 36 PAISLEY FLOWER DOILIES,3545.6,2219,360,177,360,0.0333166987762177,1.5978368634520053
23332,IVORY WICKER HEART LARGE,3542.7099999999996,2059,287,207,296,0.03328954250944669,1.720597377367654
21703,BAG 125g SWIRLY MARBLES,3528.89,9390,294,175,298,0.033159681053815115,0.3758136315228967
22180,RETROSPOT LAMP,3521.54,330,155,92,155,0.03309061580787502,10.671333333333333
22688,DOORMAT PEACE ON EARTH BLUE,3519.6600000000003,705,32,26,32,0.03307295013952572,4.992425531914894
21992,VINTAGE PAISLEY STATIONERY SET,3510.72,1901,436,160,442,0.032988944248545524,1.846775381378222
23353,6 GIFT TAGS VINTAGE CHRISTMAS,3510.0499999999997,4007,327,227,331,0.03298264850503805,0.8759795358123283
23189,SET OF 12 FORK CANDLES,3507.51,1249,141,89,142,0.0329587810595023,2.8082546036829465
21715,GIRLS VINTAGE TIN SEASIDE BUCKET,3507.17,1330,231,116,232,0.032955586204588064,2.63696992481203
22760,"TRAY, BREAKFAST IN BED",3491.8599999999997,275,80,50,80,0.03281172376712645,12.697672727272726
21238,RED RETROSPOT CUP,3488.44,3969,387,160,391,0.032779587285342075,0.8789216427311666
21745,GAOLERS KEYS DECORATIVE GARDEN,3475.73,935,214,115,215,0.03266015609134227,3.7173582887700536
82580,BATHROOM METAL SIGN,3473.21,5881,631,210,634,0.032636476578448516,0.5905815337527631
22065,CHRISTMAS PUDDING TRINKET POT,3462.25,6729,241,132,251,0.03253348949062492,0.5145266755832962
84508A,CAMOUFLAGE DESIGN TEDDY,3448.05,1631,36,17,36,0.03240005731479508,2.1140711220110364
22435,SET OF 9 HEART SHAPED BALLOONS,3445.5,2757,266,153,268,0.032376095902938315,1.249727965179543
23350,ROLL WRAP VINTAGE SPOT,3445.08,2712,305,205,311,0.03237214931745602,1.2703097345132743
23426,METAL SIGN DROP YOUR PANTS,3444.4300000000003,1275,206,126,208,0.03236604150659057,2.701513725490196
21588,RETROSPOT GIANT TUBE MATCHES,3442.5,1494,132,99,135,0.03234790600663623,2.3042168674698793
21385,IVORY HANGING DECORATION  HEART,3442.45,3883,317,153,326,0.0323474361750312,0.8865439093484418
23536,VILLAGE SHOW WALL ART,3442.13,626,85,68,85,0.032344429252758974,5.498610223642173
23232,WRAP VINTAGE PETALS  DESIGN,3436.92,8526,238,188,239,0.03229547279951437,0.4031104855735398
21463,MIRRORED DISCO BALL,3435.05,649,134,77,134,0.03227790109748607,5.292835130970724
23388,WOODLAND MINI BACKPACK,3432.09,821,154,115,154,0.03225008706646802,4.180377588306943
23354,6 GIFT TAGS 50'S CHRISTMAS,3429.3999999999996,3740,322,235,330,0.03222481012611715,0.9169518716577539
23065,LARGE DECO JEWELLERY STAND,3427.44,273,99,81,99,0.032206392727199794,12.554725274725275
23156,SET OF 5 MINI GROCERY MAGNETS,3423.29,1665,205,117,207,0.032167396703981915,2.05603003003003
23014,GLASS APOTHECARY BOTTLE ELIXIR,3419.5800000000004,856,209,122,211,0.03213253519888835,3.9948364485981314
84509A,SET OF 4 ENGLISH ROSE PLACEMATS,3417.28,896,230,103,230,0.032110922945056755,3.813928571428572
47567B,TEA TIME KITCHEN APRON,3414.5000000000005,602,133,81,134,0.03208480030781683,5.671926910299004
22300,COFFEE MUG DOG + BALL DESIGN,3409.21,1528,196,100,196,0.032035092124004155,2.231158376963351
21497,FANCY FONTS BIRTHDAY WRAP,3409.0,8550,230,177,230,0.03203311883126301,0.3987134502923977
22311,OFFICE MUG WARMER BLACK+SILVER,3403.76,1132,142,61,144,0.031983880479055385,3.006855123674912
22782,SET 3 WICKER STORAGE BASKETS,3399.95,241,74,65,74,0.031948079310751734,14.107676348547717
21429,RED GINGHAM ROSE JEWELLERY BOX,3391.1499999999996,1740,286,147,291,0.03186538894826564,1.9489367816091951
22029,SPACEBOY BIRTHDAY CARD,3387.5699999999997,8161,527,234,528,0.031831749005345154,0.4150925131724053
84032A,CHARLIE+LOLA PINK HOT WATER BOTTLE,3384.98,1003,313,78,314,0.03180741172820436,3.374855433698903
22653,BUTTON BOX,3378.5,1876,250,73,253,0.03174652155219187,1.80090618336887
79000,MOROCCAN TEA GLASS,3357.34,4162,125,69,125,0.031547688816941206,0.8066650648726574
21993,FLORAL FOLK STATIONERY SET,3355.84,1937,425,151,427,0.03153359386879016,1.7324935467217346
22687,DOORMAT CHRISTMAS VILLAGE,3354.22,590,52,30,52,0.03151837132478704,5.6851186440677965
23239,SET OF 4 KNICK KNACK TINS POPPIES,3353.84,842,178,125,181,0.03151480060458878,3.983182897862233
22563,HAPPY STENCIL CRAFT,3348.1800000000003,2823,281,171,284,0.03146161566689886,1.186036131774708
22432,WATERING CAN PINK BUNNY,3342.8199999999997,1716,277,158,279,0.031411249718839136,1.9480303030303028
22165,"DIAMANTE HEART SHAPED WALL MIRROR,",3328.2,415,146,27,147,0.031273870957527004,8.019759036144578
22079,RIBBON REEL HEARTS DESIGN,3325.29,1897,323,190,326,0.031246526758113985,1.7529204006325778
22855,FINE WICKER HEART,3301.73,2642,237,152,238,0.031025142105821656,1.2497085541256623
22962,JAM JAR WITH PINK LID,3288.11,3896,342,180,342,0.03089715997661022,0.8439707392197126
22244,3 HOOK HANGER MAGIC GARDEN,3276.2099999999996,1703,159,66,160,0.030785340054611962,1.9237874339401055
22460,EMBOSSED GLASS TEALIGHT HOLDER,3273.5,2546,211,118,211,0.030759875181619087,1.2857423409269442
23308,SET OF 60 VINTAGE LEAF CAKE CASES,3272.61,6139,382,209,389,0.030751512179049468,0.5330851930281805
22967,SET 3 SONG BIRD PAPER EGGS ASSORTED,3271.4100000000003,1171,138,122,138,0.03074023622052864,2.793689154568745
21868,POTTING SHED TEA MUG,3259.75,2477,302,153,304,0.030630671490234556,1.3160072668550666
23395,BELLE JARDINIERE CUSHION COVER,3257.08,748,210,141,211,0.030605582482525703,4.354385026737968
23053,RECYCLED ACAPULCO MAT PINK,3254.32,364,164,105,164,0.030579647777927793,8.940439560439561
22567,20 DOLLY PEGS RETROSPOT,3251.6,2448,222,135,224,0.030554088938613905,1.328267973856209
22187,GREEN CHRISTMAS TREE CARD HOLDER,3245.68,1266,192,123,194,0.0304984608765778,2.563728278041074
22430,ENAMEL WATERING CAN CREAM,3241.34,617,195,131,196,0.030457679493260795,5.253387358184765
22746,POPPY'S PLAYHOUSE LIVINGROOM,3236.5400000000004,1447,328,179,329,0.030412575659177474,2.2367242570836217
23051,RECYCLED ACAPULCO MAT BLUE,3223.49,365,162,95,162,0.03028994961026342,8.831479452054793
23230,WRAP ALPHABET DESIGN,3217.92,7976,235,178,235,0.030237610369462563,0.40345035105315946
20973,12 PENCIL SMALL TUBE WOODLAND,3210.27,4497,355,191,365,0.030165726133892262,0.7138692461641094
23393,HOME SWEET HOME CUSHION COVER,3207.91,801,229,165,231,0.03014355008213462,4.004881398252184
21135,VICTORIAN  METAL POSTCARD SPRING,3206.0,2869,177,122,182,0.030125602514822297,1.1174625304984316
23035,DRAWER KNOB CERAMIC IVORY,3199.99,2191,191,110,192,0.030069128755897134,1.460515746234596
22360,GLASS JAR ENGLISH CONFECTIONERY,3192.82,1010,214,102,215,0.03000175490373516,3.1612079207920796
22491,PACK OF 12 COLOURED PENCILS,3183.6299999999997,3947,219,162,221,0.02991539985472979,0.8065948821890042
23342,MINT DINER WALL CLOCK,3176.41,373,163,105,163,0.029847556170962783,8.515844504021448
21115,ROSE CARAVAN DOORSTOP,3162.24,562,162,104,163,0.029714405894095963,5.626761565836299
22778,GLASS CLOCHE SMALL,3146.82,808,143,80,148,0.029569509827103282,3.8945792079207924
23323,WHITE WICKER STAR,3146.78,1469,294,210,302,0.02956913396181925,2.14212389380531
72807C,SET/3 VANILLA SCENTED CANDLE IN BOX,3145.05,721,157,83,157,0.02955287778828505,4.362066574202497
22465,HANGING METAL STAR LANTERN,3141.5399999999995,2053,198,119,200,0.029519895609611612,1.5302191914271794
84968A,SET OF 16 VINTAGE ROSE CUTLERY,3139.2999999999997,267,98,32,99,0.029498847153706063,11.757677902621722
21381,MINI WOODEN HAPPY BIRTHDAY GARLAND,3131.24,1811,224,88,226,0.029423110298974476,1.7290115958034233
21561,DINOSAUR LUNCH BOX WITH CUTLERY,3127.38,1281,213,116,214,0.029386839299065805,2.4413583138173305
23346,SPACEBOY BEAKER,3112.34,2628,184,106,186,0.02924551395227138,1.1842998477929985
21240,BLUE POLKADOT CUP,3110.2599999999998,3570,325,149,327,0.029225968957501933,0.8712212885154061
20754,RETROSPOT RED WASHING UP GLOVES,3088.86,1457,304,153,307,0.0290248810305471,2.1200137268359645
20828,GLITTER BUTTERFLY CLIPS,3074.7799999999997,1128,241,116,248,0.02889257645056934,2.725868794326241
22972,CHILDREN'S SPACEBOY MUG,3067.64,1795,229,139,230,0.02882548449737039,1.7089916434540389
22564,ALPHABET STENCIL CRAFT,3057.27,2697,186,120,186,0.028728041422486205,1.1335817575083427
84997b,RED 3 PIECE RETROSPOT CUTLERY SET,3052.9199999999996,364,67,0,70,0.028687166072848186,8.387142857142855
23461,SWEETHEART BIRD HOUSE,3041.21,847,94,75,100,0.028577131510949073,3.5905667060212516
22604,SET OF 4 NAPKIN CHARMS CUTLERY,3039.66,1251,125,77,129,0.028562566731192996,2.4297841726618703
23329,DECORATIVE WICKER HEART LARGE,3038.1899999999996,1767,233,168,250,0.028548753682004973,1.7194057724957552
22894,TABLECLOTH RED APPLES DESIGN,3027.3799999999997,305,122,82,123,0.02844717608899648,9.925836065573769
23390,DOLLY GIRL MINI BACKPACK,3025.59,747,163,117,166,0.028430356117536245,4.050321285140562
23242,TREASURE TIN BUFFALO BILL,3024.63,1470,214,132,217,0.02842133535071958,2.057571428571429
22810,SET OF 6 T-LIGHTS SNOWMEN,3022.0800000000004,944,165,106,166,0.028397373938862814,3.2013559322033904
22892,SET OF SALT AND PEPPER TOADSTOOLS,3021.6,2472,199,117,199,0.02839286355545448,1.2223300970873785
22592,CARDHOLDER HOLLY WREATH METAL,3021.12,658,135,79,135,0.028388353172046146,4.591367781155015
21714,CITRONELLA CANDLE GARDEN POT,3010.65,1651,225,106,227,0.028289970433951886,1.8235311932162326
22945,CHRISTMAS METAL TAGS ASSORTED,3008.92,2991,172,118,175,0.028273714260417693,1.0059913072550986
23231,WRAP DOILEY DESIGN,3008.34,7277,260,190,260,0.02826826421379929,0.41340387522330635
21201,TROPICAL  HONEYCOMB PAPER GARLAND,2987.82,1240,101,44,104,0.028075445323093064,2.4095322580645164
22644,CERAMIC CHERRY CAKE MONEY BANK,2986.97,2214,276,146,276,0.02806745818580747,1.3491282746160793
85184C,S/4 VALENTINE DECOUPAGE HEART BOX,2985.84,1652,193,116,194,0.028056839991533692,1.8074092009685232
21810,CHRISTMAS HANGING STAR WITH BELL,2981.8399999999997,5840,252,129,263,0.028019253463130913,0.5105890410958903
16161P,WRAP ENGLISH ROSE,2980.42,7201,248,189,248,0.028005910245547935,0.4138897375364533
22331,WOODLAND PARTY BAG + STICKER SET,2975.14,1840,183,101,183,0.02795629602805627,1.6169239130434783
21411,GINGHAM HEART  DOORSTOP RED,2961.83,785,241,147,243,0.027831226854796047,3.773031847133758
22777,GLASS BELL JAR LARGE,2951.53,352,58,37,58,0.02773444154415891,8.385028409090909
21918,SET 12 KIDS COLOUR  CHALK STICKS,2950.25,7199,369,193,372,0.027722413855070023,0.40981386303653283
22906,12 MESSAGE CARDS WITH ENVELOPES,2947.87,1733,251,150,258,0.02770004987067037,1.7010213502596652
21625,VINTAGE UNION JACK APRON,2939.51,407,169,97,170,0.02762149402630858,7.222383292383293
35004B,SET OF 3 BLACK FLYING DUCKS,2934.8100000000004,577,111,30,112,0.02757732985543532,5.086325823223571
23211,RED ROCKING HORSE HAND PAINTED,2930.57,2329,160,82,162,0.02753748813532838,1.2582954057535423
85174,S/4 CACTI CANDLES,2927.08,613,157,55,157,0.02750469388929696,4.775008156606852
22078,RIBBON REEL LACE DESIGN,2923.21,1369,192,105,197,0.02746832892306728,2.1352885317750183
22990,COTTON APRON PANTRY DESIGN,2917.4300000000003,633,164,117,166,0.027414016389525276,4.6088941548183255
22965,3 TRADITIONAL COOKIE CUTTERS  SET,2910.61,1371,236,171,237,0.027349931358598544,2.122983223924143
22843,BISCUIT TIN VINTAGE GREEN,2904.52,450,126,92,126,0.027292705869105323,6.454488888888889
23056,FLOWERS CHANDELIER T-LIGHT HOLDER,2898.12,963,39,33,40,0.027232567423660883,3.0094704049844236
21313,GLASS HEART T-LIGHT HOLDER,2893.77,3321,214,96,214,0.02719169207402287,0.8713550135501354
23290,SPACEBOY CHILDRENS BOWL,2890.3500000000004,2430,214,125,214,0.027159555592238503,1.1894444444444445
23345,DOLLY GIRL BEAKER,2886.25,2451,174,100,176,0.02712102940062566,1.177580579355365
21112,"SWISS ROLL TOWEL, PINK  SPOTS",2885.13,1359,82,37,82,0.02711050517267288,2.1229801324503312
22774,RED DRAWER KNOB ACRYLIC EDWARDIAN,2871.75,2254,140,56,141,0.02698477823516561,1.2740683229813665
21990,MODERN FLORAL STATIONERY SET,2870.0,1672,366,127,369,0.026968334128989396,1.7165071770334928
21976,PACK OF 60 MUSHROOM CAKE CASES,2869.9,5199,393,181,398,0.026967394465779324,0.5520100019234468
22354,RETROSPOT PADDED SEAT CUSHION,2860.98,750,83,43,83,0.02688357650744114,3.81464
23212,HEART WREATH DECORATION WITH BELL,2860.89,2296,186,104,191,0.026882730810552077,1.2460322299651567
23427,STOOL HOME SWEET HOME,2860.58,237,114,87,115,0.026879817854600866,12.069957805907173
22426,ENAMEL WASH BOWL CREAM,2855.21,742,208,104,209,0.026829357940220143,3.8479919137466307
22797,CHEST OF DRAWERS GINGHAM HEART,2851.3599999999997,163,91,63,91,0.02679318090663247,17.493006134969324
23504,PLAYING CARDS JUBILEE UNION JACK,2848.89,1927,208,164,217,0.026769971225343758,1.478406850025947
22930,BAKING MOULD HEART MILK CHOCOLATE,2846.8,1108,189,120,191,0.026750332264253312,2.5693140794223828
23196,RETRO LEAVES MAGNETIC NOTEPAD,2842.24,1872,298,170,304,0.02670748362187415,1.518290598290598
22476,EMPIRE UNION JACK TV DINNER TRAY,2839.21,880,125,61,125,0.026679011826609055,3.226375
85178,VICTORIAN SEWING KIT,2822.58,2518,140,77,141,0.02652274583477452,1.1209610802223986
47599B,BLUE PARTY BAGS,2822.32,1480,118,69,118,0.026520302710428344,1.9069729729729732
22380,TOY TIDY SPACEBOY,2815.46,1312,285,114,286,0.02645584181421759,2.1459298780487805
22072,RED RETROSPOT TEA CUP AND SAUCER,2811.17,848,162,90,166,0.026415530262505618,3.315058962264151
21499,BLUE POLKADOT WRAP,2809.34,6927,217,175,217,0.02639833442576135,0.405563736105096
21563,RED HEART SHAPE LOVE BUCKET,2803.13,1395,159,95,159,0.02633998134041604,2.0094121863799286
22762,CUPBOARD 3 DRAWER MA CAMPAGNE,2786.0299999999997,171,112,74,112,0.026179298931494187,16.292573099415204
22794,SWEETHEART WIRE MAGAZINE RACK,2784.9,326,182,114,182,0.026168680737220406,8.542638036809816
22963,JAM JAR WITH GREEN LID,2777.99,3290,307,165,309,0.026103750009404614,0.8443738601823707
22224,WHITE LOVEBIRD LANTERN,2764.0600000000004,834,164,89,165,0.025972854924241964,3.3142206235011997
21109,"LARGE CAKE TOWEL, CHOCOLATE SPOTS",2763.2,936,112,54,116,0.025964773820635362,2.952136752136752
23190,BUNDLE OF 3 SCHOOL EXERCISE BOOKS,2761.8999999999996,1702,202,145,203,0.02595255819890446,1.6227379553466508
22925,BLUE GIANT GARDEN THERMOMETER,2757.4700000000003,449,182,125,183,0.025910931118698393,6.141358574610246
22196,SMALL HEART MEASURING SPOONS,2754.16,2847,472,146,479,0.025879828266445096,0.9673902353354408
23147,SINGLE ANTIQUE ROSE HOOK IVORY,2752.2,1868,261,170,265,0.02586141086752774,1.473340471092077
23396,BUTTERFLY CUSHION COVER,2750.5299999999997,654,196,134,201,0.02584571849191958,4.205703363914373
22823,CHEST NATURAL WOOD 20 DRAWERS,2745.0,24,13,13,13,0.025793755116402747,114.375
23266,SET OF 3 WOODEN STOCKING DECORATION,2743.82,2053,319,201,337,0.02578266709052393,1.3364929371651242
23341,PINK DINER WALL CLOCK,2741.35,307,121,75,121,0.025759457409235215,8.929478827361564
22773,GREEN DRAWER KNOB ACRYLIC EDWARDIAN,2739.4,2075,191,82,195,0.025741133976638866,1.3201927710843373
23100,SILVER BELLS TABLE DECORATION,2739.38,2166,257,180,263,0.025740946043996855,1.2647183748845798
22974,CHILDRENS DOLLY GIRL MUG,2729.6899999999996,1598,204,126,205,0.02564989267894113,1.7081914893617018
21985,PACK OF 12 HEARTS DESIGN TISSUES,2729.5099999999998,8775,427,262,429,0.025648201285163007,0.3110552706552706
22283,6 EGG HOUSE PAINTED WOOD,2726.43,299,155,82,155,0.025619259658292877,9.118494983277591
20829,GLITTER HANGING BUTTERFLY STRING,2722.9500000000003,1314,194,90,199,0.02558655937858247,2.072260273972603
23164,REGENCY CAKE SLICE,2718.65,578,92,70,92,0.025546153860549484,4.703546712802768
84832,ZINC WILLIE WINKIE  CANDLE STICK,2712.7,2933,268,137,271,0.025490243899550357,0.9248891919536311
23407,SET OF 2 TRAYS HOME SWEET HOME,2709.43,265,133,103,133,0.02545951691258109,10.224264150943396
23489,"GARLAND, VINTAGE BELLS",2709.23,913,159,125,165,0.025457637586160955,2.9673932092004383
21239,PINK  POLKADOT CUP,2707.34,3016,307,141,310,0.025439877951490643,0.897659151193634
22927,GREEN GIANT GARDEN THERMOMETER,2704.71,430,148,94,148,0.025415164809065822,6.290023255813954
22278,OVERNIGHT BAG VINTAGE ROSE PAISLEY,2704.35,405,178,59,182,0.02541178202150957,6.677407407407407
23292,SPACE BOY CHILDRENS CUP,2703.33,2181,222,113,223,0.025402197456766865,1.2394910591471802
23333,IVORY WICKER HEART MEDIUM,2695.45,2089,233,179,243,0.0253281519958134,1.290306366682623
22737,RIBBON REEL CHRISTMAS PRESENT,2694.15,1388,259,148,266,0.025315936374082505,1.9410302593659943
23264,SET OF 3 WOODEN SLEIGH DECORATIONS,2690.81,1963,299,177,314,0.025284551622866185,1.370764136525726
72802C,VANILLA SCENT CANDLE JEWELLED BOX,2688.19,1395,105,63,107,0.025259932446762372,1.9270179211469534
22702,BLACK AND WHITE CAT BOWL,2684.6499999999996,1363,49,35,49,0.02522666836912591,1.969662509170946
21811,CHRISTMAS HANGING HEART WITH BELL,2682.4,4850,245,119,253,0.025205525946899354,0.5530721649484537
22660,DOORMAT I LOVE LONDON,2678.96,364,102,56,102,0.02517320153247297,7.35978021978022
22691,DOORMAT WELCOME SUNRISE,2678.77,371,120,65,120,0.02517141617237384,7.220404312668464
84568,GIRLS ALPHABET IRON ON PATCHES,2678.33,12442,147,18,147,0.025167281654249533,0.21526523067031023
22045,SPACEBOY GIFT WRAP,2673.34,6527,208,148,208,0.02512039246006708,0.40958173739849857
22433,WATERING CAN GREEN DINOSAUR,2667.5,1394,227,121,229,0.025065516128599027,1.913558106169297
22130,PARTY CONE CHRISTMAS DECORATION,2664.6299999999997,2277,110,78,113,0.025038547794470036,1.1702371541501975
22329,ROUND CONTAINER SET OF 5 RETROSPOT,2661.89,1603,238,103,239,0.025012801022514138,1.6605676855895195
21781,MA CAMPAGNE CUTLERY BOX,2661.7999999999997,168,101,51,101,0.025011955325625074,15.844047619047618
84997d,PINK 3 PIECE POLKADOT CUTLERY SET,2657.79,319,73,0,75,0.024974274830901297,8.331630094043888
22582,PACK OF 6 SWEETIE GIFT BOXES,2649.35,1061,102,73,104,0.024894967255971446,2.4970311027332706
23146,TRIPLE HOOK ANTIQUE IVORY ROSE,2645.26,798,227,151,231,0.02485653503067961,3.3148621553884716
22902,TOTE BAG I LOVE LONDON,2633.28,1288,136,71,136,0.024743963378113312,2.0444720496894413
35961,FOLKART ZINC HEART CHRISTMAS DEC,2629.81,2986,244,116,248,0.024711357064723903,0.8807133288680509
22792,FLUTED ANTIQUE CANDLE HOLDER,2622.93,2785,206,100,206,0.02464670823587113,0.9418061041292639
21012,ANTIQUE ALL GLASS CANDLESTICK,2614.05,1169,199,66,201,0.02456326614281698,2.236142001710864
22830,UTILTY CABINET WITH HOOKS,2610.29,131,6,5,6,0.02452793480611837,19.92587786259542
22241,GARLAND WOODEN HAPPY EASTER,2609.43,1952,239,125,241,0.024519853702511776,1.3367981557377049
23054,RECYCLED ACAPULCO MAT LAVENDER,2604.93,295,130,81,130,0.024477568858058657,8.830271186440678
22833,HALL CABINET WITH 3 DRAWERS,2603.5299999999997,76,5,4,5,0.024464413573117683,34.25697368421052
22700,BLACK AND WHITE DOG BOWL,2602.18,1196,52,41,52,0.02445172811978175,2.175735785953177
22175,PINK OWL SOFT TOY,2594.23,877,171,84,171,0.02437702489458124,2.958072976054732
21500,PINK POLKADOT WRAP,2593.0,6350,213,162,213,0.024365467037097386,0.40834645669291336
22361,GLASS JAR DAISY FRESH COTTON WOOL,2592.33,727,268,92,269,0.024359171293589922,3.5657909215955983
22933,BAKING MOULD EASTER EGG MILK CHOC,2585.92,940,122,82,123,0.024298938881824477,2.7509787234042555
47559B,TEA TIME OVEN GLOVE,2584.9,2077,287,152,289,0.024289354317081773,1.244535387578238
22822,CREAM WALL PLANTER HEART SHAPED,2582.75,433,158,121,158,0.02426915155806528,5.964780600461894
21735,TWO DOOR CURIO CABINET,2577.45,212,83,60,83,0.024219349407931606,12.157783018867924
22805,BLUE DRAWER KNOB ACRYLIC EDWARDIAN,2576.03,1890,195,77,195,0.024206006190348624,1.3629788359788362
22610,PENS ASSORTED FUNNY FACE,2571.4,9572,216,123,217,0.024162499783722417,0.26863769327204345
22937,BAKING MOULD CHOCOLATE CUPCAKES,2563.24,972,160,122,164,0.024085823265780758,2.637078189300411
22358,KINGS CHOICE TEA CADDY,2551.2200000000003,698,255,87,256,0.023972875747930427,3.6550429799426936
21452,TOADSTOOL MONEY BOX,2549.11,817,184,109,186,0.023953048854197963,3.1200856793145655
84596B,SMALL DOLLY MIX DESIGN ORANGE BOWL,2547.42,5023,522,189,529,0.023937168545947792,0.50715110491738
22064,PINK DOUGHNUT TRINKET POT,2546.2999999999997,1728,241,85,247,0.023926644317995013,1.4735532407407406
21078,SET/20 STRAWBERRY PAPER NAPKINS,2531.04,2769,313,148,315,0.023783251712138437,0.9140628385698808
23681,LUNCH BAG RED VINTAGE DOILY,2525.04,1576,132,105,133,0.02372687191953428,1.6021827411167513
22670,FRENCH WC SIGN BLUE METAL,2516.75,1882,301,141,303,0.023648973839419534,1.3372741764080764
21556,CERAMIC STRAWBERRY MONEY BOX,2515.52,977,114,38,115,0.02363741598193568,2.5747389969293755
21730,GLASS STAR FROSTED T-LIGHT HOLDER,2514.4300000000003,517,131,79,131,0.023627173652945928,4.8635009671179885
22672,FRENCH BATHROOM SIGN BLUE METAL,2511.22,1476,219,125,221,0.023597010463902696,1.7013685636856368
23424,GINGHAM RECIPE BOOK BOX,2509.62,462,135,87,135,0.023581975852541587,5.432077922077922
23316,RED REFECTORY CLOCK,2501.64,250,110,75,110,0.023506990728378058,10.00656
72351A,SET/6 TURQUOISE BUTTERFLY T-LIGHTS,2498.75,1264,153,78,156,0.023479834461607056,1.9768591772151898
21107,CREAM SLICE FLANNEL PINK SPOT,2492.71,901,97,48,98,0.02342307880371887,2.766603773584906
23367,SET 12 COLOUR PENCILS SPACEBOY,2491.2000000000003,3278,282,184,285,0.023408889889246824,0.7599755948749238
21903,MAN FLU METAL SIGN,2490.13,1160,180,113,180,0.023398835492899082,2.1466637931034485
22075,6 RIBBONS ELEGANT CHRISTMAS,2489.0299999999997,1773,200,96,202,0.023388499197588314,1.40385222786238
22215,CAKE STAND WHITE TWO TIER LACE,2471.39,343,101,71,101,0.02322274260733209,7.205218658892128
23352,ROLL WRAP 50'S RED CHRISTMAS,2459.2,1800,212,151,213,0.023108197662024637,1.3662222222222222
85062,PEARL CRYSTAL PUMPKIN T-LIGHT HLDR,2429.4999999999995,1462,159,97,160,0.02282911768863405,1.6617647058823526
21875,KINGS CHOICE MUG,2429.38,2055,148,83,149,0.022827990092781972,1.1821800486618006
22374,AIRLINE BAG VINTAGE JET SET RED,2427.52,546,223,108,224,0.02281051235707468,4.446007326007326
22573,STAR WOODEN CHRISTMAS DECORATION,2423.0,2684,221,127,222,0.022768039579979547,0.9027570789865872
23406,HOME SWEET HOME KEY HOLDER,2422.6600000000003,456,111,65,111,0.022764844725065316,5.312850877192983
84032B,CHARLIE + LOLA RED HOT WATER BOTTLE,2421.59,936,255,106,257,0.02275479032871757,2.5871688034188036
22811,SET OF 6 T-LIGHTS CACTI,2419.29,881,108,37,109,0.022733178074885976,2.746072644721907
22807,SET OF 6 T-LIGHTS TOADSTOOLS,2417.73,818,195,74,197,0.022718519328808896,2.9556601466992665
22437,SET OF 9 BLACK SKULL BALLOONS,2417.24,2828,226,140,227,0.022713914979079552,0.8547524752475246
21328,BALLOONS  WRITING SET,2410.43,1337,346,135,348,0.022649923914473836,1.802864622288706
23400,SHELF WITH 4 HOOKS HOME SWEET HOME,2409.34,461,107,76,108,0.022639681585484083,5.226334056399133
22743,MAKE YOUR OWN FLOWERPOWER CARD KIT,2408.54,930,206,115,207,0.022632164279803524,2.589827956989247
23265,SET OF 3 WOODEN TREE DECORATIONS,2404.79,1769,293,180,305,0.022596926909425923,1.359406444318824
20978,36 PENCILS TUBE SKULLS,2395.05,1795,263,133,266,0.022505403712765177,1.3342896935933148
84796B,BLUE SAVANNAH PICNIC HAMPER FOR 2,2393.5899999999997,256,124,16,124,0.02249168462989816,9.349960937499999
22939,APRON APPLE DELIGHT,2392.67,469,125,77,125,0.022483039728365524,5.101641791044776
22167,OVAL WALL MIRROR DIAMANTE,2391.12,236,156,41,156,0.022468474948609447,10.13186440677966
84969,BOX OF 6 ASSORTED COLOUR TEASPOONS,2389.52,558,210,48,210,0.02245344033724834,4.282293906810036
11001,ASSTD DESIGN RACING CAR PEN,2389.44,1615,113,44,115,0.022452688606680288,1.479529411764706
22282,12 EGG HOUSE PAINTED WOOD,2378.52,149,99,39,99,0.022350077384140715,15.963221476510068
23028,DRAWER KNOB CRACKLE GLAZE BLUE,2377.1299999999997,1369,137,88,138,0.022337016065520746,1.736398831263696
22440,BALLOON WATER BOMB PACK OF 35,2375.04,6010,154,100,157,0.022317377104430304,0.39518136439267887
20983,12 PENCILS TALL TUBE RED RETROSPOT,2374.81,2737,268,185,277,0.022315215879047143,0.8676689806357325
84997c,BLUE 3 PIECE POLKADOT CUTLERY SET,2374.4399999999996,284,62,0,66,0.022311739125169885,8.36070422535211
23437,50'S CHRISTMAS GIFT BAG LARGE,2373.63,1939,131,108,131,0.022304127853168328,1.2241516245487365
23498,CLASSIC BICYCLE CLIPS,2372.68,1640,99,77,102,0.022295201052672665,1.4467560975609755
22851,SET 20 NAPKINS FAIRY CAKES DESIGN,2368.64,2741,350,198,354,0.022257238658985865,0.8641517694272163
23048,SET OF 10 LANTERNS FAIRY LIGHT STAR,2368.37,577,99,81,102,0.02225470156831868,4.104627383015598
23436,GIFT BAG LARGE VINTAGE CHRISTMAS,2367.39,1979,114,91,114,0.02224549286886,1.196255684689237
37500,TEA TIME TEAPOT IN GIFT BOX,2360.68,380,113,53,113,0.022182441467464346,6.212315789473684
21495,SKULLS AND CROSSBONES WRAP,2356.0,5800,165,102,165,0.022138465229233104,0.40620689655172415
23401,RUSTIC MIRROR WITH LACE HEART,2354.87,459,83,59,83,0.022127847034959323,5.130435729847495
23412,HEART MIRROR ANTIQUE WHITE,2354.8,358,76,64,77,0.022127189270712277,6.5776536312849165
22070,SMALL RED RETROSPOT MUG IN BOX,2354.4,948,116,62,117,0.022123430617871996,2.4835443037974683
22548,HEADS AND TAILS SPORTING FUN,2348.94,1975,209,149,212,0.022072125006602213,1.1893367088607596
22425,ENAMEL COLANDER CREAM,2346.1200000000003,460,166,110,166,0.02204562650407826,5.1002608695652185
21700,BIG DOUGHNUT FRIDGE MAGNETS,2334.94,1726,198,58,200,0.021940572157192507,1.3528041714947856
16156S,WRAP PINK FAIRY CAKES,2331.0,5800,167,135,167,0.021903549426715775,0.4018965517241379
20977,36 PENCILS TUBE WOODLAND,2328.64,1739,185,111,186,0.02188137337495814,1.33906843013226
23371,SET 36 COLOUR PENCILS SPACEBOY,2304.78,1705,185,98,186,0.021657169733035605,1.351777126099707
23029,DRAWER KNOB CRACKLE GLAZE GREEN,2303.9199999999996,1352,156,97,156,0.021649088629429002,1.704082840236686
23197,SKETCHBOOK MAGNETIC SHOPPING LIST,2303.5,1478,249,116,250,0.021645142043946713,1.5585250338294994
22483,RED GINGHAM TEDDY BEAR,2302.94,770,169,91,169,0.021639879929970327,2.990831168831169
22736,RIBBON REEL MAKING SNOWMEN,2297.1,1222,223,130,227,0.021585003598502274,1.8797872340425532
84950,ASSORTED COLOUR T-LIGHT HOLDER,2297.03,3619,120,66,121,0.021584345834255232,0.6347140093948606
22829,SWEETHEART WIRE WALL TIDY,2295.43,227,109,80,109,0.021569311222894117,10.11202643171806
22441,GROW YOUR OWN BASIL IN ENAMEL MUG,2292.9100000000003,1047,219,130,221,0.021545631710000377,2.1899808978032476
23330,DECORATIVE WICKER HEART MEDIUM,2286.97,1794,216,158,223,0.021489815715322255,1.274788182831661
23360,SET 8 CANDLES VINTAGE DOILEY,2286.4,1182,114,94,116,0.021484459635024863,1.9343485617597294
21813,GARLAND WITH STARS AND BELLS,2280.4700000000003,549,112,38,113,0.02142873760666775,4.153861566484518
85175,CACTI T-LIGHT CANDLES,2278.9,5321,143,84,143,0.021413984894269662,0.42828415711332457
21896,POTTING SHED TWINE,2272.79,980,110,79,111,0.021356571472134427,2.319173469387755
23252,VINTAGE RED ENAMEL TRIM JUG,2261.61,603,138,104,138,0.021251517125248677,3.7505970149253733
22914,BLUE COAT RACK PARIS FASHION,2261.21,467,154,106,155,0.021247758472408403,4.841991434689508
23128,FELTCRAFT BOY JEAN-PAUL KIT,2258.6600000000003,448,139,112,139,0.021223797060551636,5.041651785714286
22983,CARD BILLBOARD FONT,2256.56,5290,443,223,443,0.021204064133140174,0.4265708884688091
46000S,POLYESTER FILLER PAD 40x40cm,2256.2,1556,185,128,185,0.021200681345583925,1.45
21069,VINTAGE BILLBOARD TEA MUG,2250.52,1949,86,35,86,0.021147308475251987,1.1547049769112365
23093,SMALL PARISIENNE HEART PHOTO FRAME,2239.2400000000002,939,142,105,142,0.021041314465156172,2.3847071352502667
22030,SWALLOWS GREETING CARD,2237.89,5527,274,179,275,0.021028629011820236,0.4049013931608467
23326,HANGING MINI COLOURED BOTTLES,2237.08,3442,76,52,76,0.02102101773981867,0.6499360836722835
22185,SLATE TILE NATURAL HANGING,2235.9399999999996,1472,162,111,164,0.02101030557922388,1.5189809782608692
21989,PACK OF 20 SKULL PAPER NAPKINS,2233.1,2409,335,130,339,0.020983619144057913,0.9269821502698214
23079,TOADSTOOL BEDSIDE LIGHT,2225.45,251,106,83,107,0.020911734908487613,8.86633466135458
21471,STRAWBERRY RAFFIA FOOD COVER,2220.59,639,163,77,163,0.020866067276478245,3.4751017214397497
22601,CHRISTMAS RETROSPOT ANGEL WOOD,2219.83,2479,200,121,202,0.020858925836081715,0.8954538120209762
23501,KEY RING BASEBALL BOOT UNION JACK,2217.87,1821,112,77,114,0.020840508437164357,1.2179406919275122
21982,PACK OF 12 SUKI TISSUES,2215.6099999999997,7173,359,182,366,0.020819272048616787,0.30888191830475387
21794,CLASSIC FRENCH STYLE BASKET NATURAL,2213.42,522,106,79,106,0.020798693424316273,4.240268199233717
82494l,WOODEN FRAME ANTIQUE WHITE,2211.6,264,61,0,61,0.02078159155389301,8.377272727272727
22478,BIRDHOUSE GARDEN MARKER,2210.62,1537,140,59,140,0.02077238285443433,1.4382693558880937
23438,RED SPOT GIFT BAG LARGE,2209.92,1809,109,88,109,0.020765805211963848,1.2216252072968492
37448,CERAMIC CAKE DESIGN SPOTTED MUG,2206.63,1451,187,78,190,0.020734890292352568,1.520764989662302
10135,COLOURING PENCILS BROWN TUBE,2204.89,2229,175,92,177,0.02071854015249736,0.989183490354419
23403,LETTER HOLDER HOME SWEET HOME,2204.11,625,134,80,135,0.02071121077945882,3.5265760000000004
22574,HEART WOODEN CHRISTMAS DECORATION,2199.5899999999997,2333,222,131,224,0.020668738002363685,0.9428161165880838
21042,RED RETROSPOT APRON,2199.52,334,131,71,134,0.02066808023811664,6.585389221556886
21900,"KEY FOB , SHED",2197.17,3228,372,166,373,0.02064599815268001,0.6806598513011153
23020,GLASS  SONGBIRD STORAGE JAR,2191.84,180,76,67,76,0.020595914103583315,12.17688888888889
22571,ROCKING HORSE RED CHRISTMAS,2185.48,2434,254,152,258,0.020536151523422908,0.8978964667214462
23302,KNEELING MAT HOUSEWORK  DESIGN,2181.4199999999996,1536,230,140,233,0.020498001197094086,1.4201953124999998
22763,KEY CABINET MA CAMPAGNE,2176.3199999999997,206,108,76,108,0.020450078373380552,10.564660194174756
22357,KINGS CHOICE BISCUIT TIN,2175.04,468,180,69,180,0.02043805068429167,4.647521367521367
21878,PACK OF 6 SANDCASTLE FLAGS ASSORTED,2172.2,2523,224,120,228,0.0204113642491257,0.8609591755846214
22377,BOTTLE BAG RETROSPOT,2171.53,1330,207,83,207,0.020405068505618237,1.632729323308271
85038,6 CHOCOLATE LOVE HEART T-LIGHTS,2171.26,1061,142,70,146,0.02040253141495105,2.0464278982092368
22732,3D VINTAGE CHRISTMAS STICKERS,2162.75,1645,188,102,190,0.02032256607577415,1.314741641337386
23445,ICE CREAM BUBBLES,2161.24,2668,101,81,102,0.020308377161302103,0.8100599700149924
21249,WOODLAND  HEIGHT CHART STICKERS,2160.0,724,119,68,119,0.020296725337497244,2.983425414364641
22121,NOEL WOODEN BLOCK LETTERS,2159.7000000000003,352,133,94,134,0.020293906347867038,6.135511363636365
22704,WRAP RED APPLES,2158.26,5253,174,129,174,0.02028037519764204,0.41086236436322104
82581,TOILET METAL SIGN,2155.8900000000003,3883,405,172,406,0.020258105179563397,0.5552124645892352
22920,HERB MARKER BASIL,2153.34,3423,242,133,244,0.020234143767706627,0.629079754601227
22107,PIZZA PLATE IN BOX,2153.06,592,179,44,182,0.020231512710718436,3.6369256756756756
23031,DRAWER KNOB CRACKLE GLAZE PINK,2152.2999999999997,1278,155,93,155,0.020224371270321905,1.6841158059467916
23370,SET 36 COLOUR PENCILS DOILEY,2151.6,1550,151,86,153,0.02021779362785142,1.3881290322580644
21592,RETROSPOT CIGAR BOX MATCHES,2149.07,2149,216,156,223,0.02019402014863667,1.0000325732899022
23161,REGENCY CAKE FORK,2145.3,1715,98,58,98,0.020158594845617057,1.2509037900874638
22588,CARD HOLDER GINGHAM HEART,2141.32,684,175,110,176,0.020121196249856296,3.1305847953216377
23213,STAR WREATH DECORATION WITH BELL,2138.42,1682,152,95,155,0.020093946016764286,1.2713555291319858
23066,SMALL DECO JEWELLERY STAND,2137.81,259,85,69,85,0.020088214071182862,8.254092664092664
40016,CHINESE DRAGON PAPER LANTERNS,2136.34,5556,97,54,97,0.020074401021994846,0.3845104391648668
22973,CHILDREN'S CIRCUS PARADE MUG,2136.0099999999998,1255,144,81,145,0.020071300133401613,1.7019999999999997
22128,PARTY CONES CANDY ASSORTED,2127.53,1762,76,62,76,0.019991616693187737,1.2074517593643588
23005,TRAVEL CARD WALLET I LOVE LONDON,2126.55,4733,241,105,244,0.019982407993729058,0.4493027678005494
22509,SEWING BOX RETROSPOT DESIGN,2124.54,209,86,71,86,0.019963520763206663,10.165263157894737
84356,POMPOM CURTAIN,2124.15,424,82,32,82,0.019959856076687398,5.009787735849057
21980,PACK OF 12 RED RETROSPOT TISSUES,2121.18,6685,297,192,298,0.019931948079348335,0.31730441286462224
37450,CERAMIC CAKE BOWL + HANGING CAKES,2117.54,714,134,47,136,0.019897744338501812,2.9657422969187675
22498,WOODEN REGATTA BUNTING,2116.04,333,150,68,150,0.019883649390350772,6.3544744744744746
21718,RED METAL BEACH SPADE,2113.39,1493,229,106,230,0.019858748315283933,1.4155324849296718
22156,HEART DECORATION WITH PEARLS,2113.1299999999997,2196,256,106,261,0.019856305190937753,0.9622632058287794
23046,PAPER LANTERN 9 POINT DELUXE STAR,2111.4900000000002,349,36,31,36,0.01984089471429262,6.050114613180517
22891,TEA FOR ONE POLKADOT,2108.18,420,168,69,168,0.019809791862039322,5.01947619047619
23251,VINTAGE RED ENAMEL TRIM MUG,2105.75,1712,120,80,120,0.01978695804603464,1.2299941588785046
23233,WRAP POPPIES  DESIGN,2105.5,5175,158,130,159,0.019784608888009467,0.4068599033816425
22733,3D TRADITIONAL CHRISTMAS STICKERS,2095.08,1583,197,119,201,0.019686695981520244,1.3234870499052431
22996,TRAVEL CARD WALLET VINTAGE TICKET,2094.93,4801,408,155,415,0.019685286486705138,0.4363528431576755
23315,IVORY REFECTORY CLOCK,2094.24,213,86,63,86,0.01967880281055566,9.832112676056337
21609,SET 12 LAVENDER  BOTANICAL T-LIGHTS,2086.69,763,76,59,77,0.01960785823819543,2.734849279161206
21506,"FANCY FONT BIRTHDAY CARD,",2085.89,4922,323,171,323,0.01960034093251487,0.42378911011783826
22593,CHRISTMAS GINGHAM STAR,2085.64,2263,198,106,200,0.0195979917744897,0.9216261599646487
22744,MAKE YOUR OWN MONSOON CARD KIT,2084.8500000000004,867,172,123,174,0.019590568435130157,2.404671280276817
22055,MINI CAKE STAND  HANGING STRAWBERY,2083.19,1375,220,102,224,0.019574970025843002,1.5150472727272728
22059,CERAMIC STRAWBERRY DESIGN MUG,2081.54,1780,173,85,177,0.019559465582876856,1.1694044943820225
22747,POPPY'S PLAYHOUSE BATHROOM,2080.85,954,227,123,229,0.019552981906727378,2.1811844863731653
23152,IVORY SWEETHEART WIRE LETTER RACK,2080.65,554,159,108,160,0.019551102580307244,3.7556859205776174
22831,WHITE BROCANTE SOAP DISH,2070.9,706,121,91,123,0.019459485417325482,2.93328611898017
22863,SOAP DISH BROCANTE,2070.73,719,110,77,110,0.019457887989868368,2.8800139082058416
23227,FILIGREE HEART BUTTERFLY WHITE,2070.06,1642,117,61,117,0.0194515922463609,1.260694275274056
22935,BAKING MOULD ROSE MILK CHOCOLATE,2066.82,690,65,46,65,0.019421147158354655,2.995391304347826
23291,DOLLY GIRL CHILDRENS CUP,2059.03,1634,195,104,196,0.019347947394290257,1.2601162790697675
22955,36 FOIL STAR CAKE CASES,2053.3500000000004,1040,134,91,136,0.01929457452395832,1.9743750000000004
22101,MIRROR MOSAIC VOTIVE HOLDER,2053.17,1438,69,21,69,0.019292883130180197,1.4277955493741308
47504K,ENGLISH ROSE GARDEN SECATEURS,2048.66,2018,212,141,216,0.019250504319406066,1.015193260654113
21864,UNION JACK FLAG PASSPORT COVER,2041.69,828,184,65,186,0.019185009793664234,2.4658091787439615
20751,FUNKY WASHING UP GLOVES ASSORTED,2041.5200000000002,971,198,127,203,0.01918341236620712,2.10249227600412
22414,DOORMAT NEIGHBOURHOOD WITCH,2038.39,279,95,37,95,0.01915400090773195,7.306057347670251
23500,KEY RING BASEBALL BOOT ASSORTED,2038.33,1626,98,76,102,0.019153437109805906,1.2535854858548585
22803,IVORY EMBROIDERED QUILT,2038.0900000000001,54,31,18,31,0.019151181918101744,37.74240740740741
23490,T-LIGHT HOLDER HANGING LOVE BIRD,2032.77,542,101,83,101,0.019101191835326055,3.7504981549815497
22788,BROCANTE COAT RACK,2025.96,220,60,33,60,0.019037200770720332,9.20890909090909
22602,CHRISTMAS RETROSPOT HEART WOOD,2023.87,2215,273,141,280,0.019017561809629883,0.9137110609480812
22115,METAL SIGN EMPIRE TEA,2020.91,1549,228,152,230,0.018989747778611833,1.3046546158812138
23268,SET OF 2 CERAMIC CHRISTMAS REINDEER,2018.1399999999999,1447,89,68,89,0.01896371910769291,1.3947062888735313
20674,GREEN POLKADOT BOWL,2016.23,1563,205,101,206,0.018945771540380588,1.2899744081893794
22959,WRAP CHRISTMAS VILLAGE,2014.42,4901,142,133,142,0.018928763636278333,0.4110222403591104
23289,DOLLY GIRL CHILDRENS BOWL,2013.7,1622,191,111,192,0.018921998061165835,1.2414919852034525
22897,OVEN MITT APPLES DESIGN,2013.1,1350,211,135,212,0.018916360081905417,1.4911851851851852
84880,WHITE WIRE EGG HOLDER,2012.74,312,76,51,77,0.01891297729434917,6.451089743589743
23529,DOLLY GIRL WALL ART,2011.9900000000002,637,37,26,37,0.01890592982027365,3.1585400313971745
22503,CABIN BAG VINTAGE PAISLEY,2010.12,99,34,15,34,0.018888358118245352,20.304242424242425
23358,HOT STUFF HOT WATER BOTTLE,2008.38,594,89,61,89,0.018872007978390146,3.381111111111111
23274,STAR T-LIGHT HOLDER WILLIE WINKIE,2004.9999999999998,1180,119,85,120,0.0188402473618898,1.6991525423728813
22080,RIBBON REEL POLKADOTS,2003.48,1206,155,116,157,0.01882596448109675,1.6612603648424544
22859,EASTER TIN BUNNY BOUQUET,2003.07,1203,158,111,160,0.018822111861935466,1.6650623441396508
22364,GLASS JAR DIGESTIVE BISCUITS,2001.32,616,164,69,165,0.018805667755759252,3.248896103896104
22932,BAKING MOULD TOFFEE CUP CHOCOLATE,2000.88,884,72,51,72,0.01880153323763495,2.2634389140271494
51014A,"FEATHER PEN,HOT PINK",2000.06,3842,239,106,239,0.01879382799931238,0.520577824049974
85049G,CHOCOLATE BOX RIBBONS,1999.19,1608,258,161,268,0.018785652929384777,1.2432773631840797
22186,RED STAR CARD HOLDER,1997.48,848,149,111,150,0.01876958468849259,2.3555188679245282
21591,COSY HOUR CIGAR BOX MATCHES,1996.1399999999999,1374,146,114,153,0.01875699320147766,1.4527947598253275
22928,YELLOW GIANT GARDEN THERMOMETER,1993.75,288,115,62,115,0.018734535250757006,6.922743055555555
72802B,OCEAN SCENT CANDLE IN JEWELLED BOX,1993.48,1028,82,54,82,0.01873199816008982,1.939182879377432
22579,WOODEN TREE CHRISTMAS SCANDINAVIAN,1988.0199999999998,5167,338,226,349,0.018680692548820033,0.3847532417263402
21622,VINTAGE UNION JACK CUSHION COVER,1982.64,380,104,76,104,0.018630138668118305,5.2174736842105265
23357,HOT WATER BOTTLE SEX BOMB,1982.0500000000002,450,102,79,103,0.018624594655178895,4.404555555555556
23145,ZINC T-LIGHT HOLDER STAR LARGE,1979.4799999999998,2084,169,128,170,0.01860044531068011,0.9498464491362762
15039,SANDALWOOD FAN,1978.6399999999999,2090,145,58,145,0.01859255213971553,0.9467177033492822
37446,MINI CAKE STAND WITH HANGING CAKES,1976.09,1354,183,93,188,0.018568590727858762,1.4594460856720826
21916,SET 12 RETRO WHITE CHALK STICKS,1973.49,4599,359,156,365,0.018544159484396965,0.42911285061969995
22477,WATERING CAN GARDEN MARKER,1967.9,1364,127,63,127,0.01849163231095409,1.442741935483871
23068,ALUMINIUM STAMPED HEART,1966.93,809,136,106,138,0.018482517577816413,2.4313102595797282
22931,BAKING MOULD HEART WHITE CHOCOLATE,1963.3,813,129,95,130,0.018448407803290896,2.414883148831488
23374,RED SPOT PAPER GIFT BAG,1962.83,2456,131,108,131,0.018443991386203572,0.7991978827361563
23075,DOUBLE CERAMIC PARLOUR HOOK,1960.3000000000002,472,80,61,80,0.01842021790698882,4.153177966101695
23228,FILIGREE HEART BIRD WHITE,1960.0,1492,125,58,126,0.01841739891735861,1.3136729222520107
84031A,CHARLIE+LOLA RED HOT WATER BOTTLE,1959.91,430,165,34,165,0.018416553220469548,4.55793023255814
85123a,WHITE HANGING HEART T-LIGHT HOLDER,1952.4799999999998,292,67,0,67,0.018346736243961395,6.686575342465753
23235,STORAGE TIN VINTAGE LEAF,1950.66,736,105,88,105,0.018329634373538135,2.6503532608695655
22312,OFFICE MUG WARMER POLKADOT,1950.4900000000002,645,131,61,133,0.01832803694608102,3.0240155038759693
20992,JAZZ HEARTS PURSE NOTEBOOK,1944.6299999999999,4425,277,162,291,0.018272972681970954,0.439464406779661
84596F,SMALL MARSHMALLOWS PINK BOWL,1943.62,3732,435,166,444,0.018263482083549255,0.5207984994640943
22824,3 TIER SWEETHEART GARDEN SHELF,1938.2500000000002,55,43,42,43,0.018213022169168536,35.24090909090909
22639,SET OF 4 NAPKIN CHARMS HEARTS,1935.1599999999999,805,148,101,151,0.018183986575977393,2.403925465838509
22412,METAL SIGN NEIGHBOURHOOD WITCH,1931.8500000000001,911,147,73,148,0.0181528837237241,2.120581778265642
22199,FRYING PAN RED RETROSPOT,1926.59,467,167,71,167,0.018103457438874454,4.125460385438972
23094,LE GRAND TRAY CHIC SET,1924.92,152,79,65,79,0.018087765063266294,12.663947368421054
21192,WHITE BELL HONEYCOMB PAPER,1923.2899999999997,1092,88,32,91,0.018072448552942162,1.7612545787545786
22183,CAKE STAND VICTORIAN FILIGREE MED,1916.01,322,129,16,129,0.01800404107124912,5.950341614906832
20963,APPLE BATH SPONGE,1911.17,1336,229,83,232,0.017958561371881763,1.4305164670658683
22291,HANGING CHICK CREAM DECORATION,1906.02,1289,120,72,122,0.017910168716563195,1.4786811481768813
22594,CHRISTMAS GINGHAM TREE,1905.7699999999998,2006,196,93,197,0.01790781955853802,0.9500348953140577
84968F,SET OF 16 VINTAGE SKY BLUE CUTLERY,1905.6799999999998,177,65,25,65,0.017906973861648957,10.766553672316384
23155,KNICKERBOCKERGLORY MAGNET ASSORTED,1904.77,2221,135,84,135,0.017898422926437327,0.8576181900045025
23491,VINTAGE JINGLE BELLS HEART,1897.76,228,78,64,79,0.01783255253541147,8.323508771929825
16169E,WRAP 50'S  CHRISTMAS,1892.46,4563,149,143,150,0.017782750385277796,0.4147403024326101
21068,VINTAGE BILLBOARD LOVE/HATE MUG,1890.33,1638,198,81,199,0.017762735558903318,1.154047619047619
35004C,SET OF 3 COLOURED  FLYING DUCKS,1888.1000000000001,394,39,28,39,0.017741781069318775,4.792131979695432
15058B,PINK POLKADOT GARDEN PARASOL,1885.27,228,97,32,97,0.01771518860047381,8.268728070175438
23434,3 RAFFIA RIBBONS 50'S CHRISTMAS,1884.17,2095,199,129,200,0.017704852305163048,0.8993651551312649
85061W,WHITE JEWELLED HEART DECORATION,1882.1499999999999,2146,162,77,169,0.017685871108319644,0.8770503261882572
20982,12 PENCILS TALL TUBE SKULLS,1880.6699999999998,2151,256,158,259,0.01767196409281062,0.874323570432357
21534,DAIRY MAID LARGE MILK JUG,1879.18,370,155,94,156,0.017657963110980588,5.078864864864865
23394,POSTE FRANCE CUSHION COVER,1877.65,435,150,90,152,0.01764358626386653,4.3164367816091955
22027,TEA PARTY BIRTHDAY CARD,1873.71,4368,362,180,364,0.017606563533389796,0.4289629120879121
22534,MAGIC DRAWING SLATE SPACEBOY,1871.12,4496,261,172,266,0.017582226256249,0.41617437722419925
22198,LARGE POPCORN HOLDER,1870.9099999999999,1025,86,42,86,0.017580252963507854,1.8252780487804876
23090,VINTAGE GLASS T-LIGHT HOLDER,1870.0299999999997,2237,149,96,152,0.017571983927259244,0.8359544032185963
23359,SET OF 12 T-LIGHTS VINTAGE DOILEY,1866.4599999999998,990,79,73,79,0.01753843795065977,1.885313131313131
70006,LOVE HEART POCKET WARMER,1863.98,2702,120,72,122,0.017515134303050052,0.6898519615099926
23525,BUFFALO BILL WALL ART,1863.8200000000002,582,53,38,53,0.017513630841913944,3.2024398625429558
21988,PACK OF 6 SKULL PAPER PLATES,1862.75,2321,193,101,195,0.017503576445566202,0.8025635501938819
22858,EASTER TIN KEEPSAKE,1860.7799999999997,1126,136,103,137,0.017485065080327832,1.652557726465364
22428,ENAMEL FIRE BUCKET CREAM,1854.76,246,114,75,114,0.017428497355081663,7.539674796747968
21870,I CAN ONLY PLEASE ONE PERSON MUG,1851.46,1407,163,97,165,0.017397488469149375,1.3158919687277897
22220,CAKE STAND LOVEBIRD 2 TIER WHITE,1849.25,231,86,64,86,0.017376721912206843,8.005411255411255
72807A,SET/3 ROSE CANDLE IN JEWELLED BOX,1845.57,393,107,53,108,0.01734214230607629,4.696106870229007
22944,CHRISTMAS METAL POSTCARD WITH BELLS,1843.64,3375,111,50,114,0.017324006806121953,0.5462637037037037
21557,SET OF 6 FUNKY BEAKERS,1843.6100000000001,551,162,26,163,0.017323724907158933,3.3459346642468244
23378,PACK OF 12 50'S CHRISTMAS TISSUES,1840.08,3997,176,127,183,0.017290554795843488,0.46036527395546656
22651,GENTLEMAN SHIRT REPAIR KIT,1837.4699999999998,2166,170,73,170,0.017266029586060674,0.8483240997229916
21873,IF YOU CAN'T STAND THE HEAT MUG,1834.3,1618,116,62,116,0.017236242262301478,1.1336835599505561
21564,PINK  HEART SHAPE LOVE BUCKET,1831.6200000000001,1042,123,63,123,0.017211059288271623,1.7577927063339733
72807B,SET/3 OCEAN SCENT CANDLE JEWEL BOX,1822.21,395,110,56,112,0.017122636980204102,4.6131898734177215
22712,CARD DOLLY GIRL,1822.2,4435,312,141,313,0.017122543013883093,0.41086809470124014
22223,CAKE PLATE LOVEBIRD PINK,1821.6100000000001,441,78,34,79,0.017116999000943683,4.130634920634921
15044D,RED PAPER PARASOL,1819.76,644,84,53,84,0.0170996152315574,2.8257142857142856
21713,CITRONELLA CANDLE FLOWERPOT,1817.74,786,157,103,159,0.017080634034714,2.31264631043257
23148,MINIATURE ANTIQUE ROSE HOOK IVORY,1816.31,2139,247,143,254,0.01706719685081001,0.8491397849462365
22200,FRYING PAN PINK POLKADOT,1809.48,398,140,51,141,0.017003017853562275,4.54643216080402
15060B,FAIRY CAKE DESIGN UMBRELLA,1807.55,451,131,68,131,0.016984882353607938,4.007871396895787
22536,MAGIC DRAWING SLATE PURDEY,1803.95,4752,156,109,157,0.01695105447804544,0.37961910774410773
85034C,3 ROSE MORRIS BOXED CANDLES,1800.0,1129,158,109,165,0.016913937781247702,1.5943312666076173
23160,REGENCY TEA SPOON,1794.48,1450,76,50,76,0.01686206837205188,1.2375724137931035
21832,CHOCOLATE CALCULATOR,1790.1,954,198,83,199,0.01682091112345084,1.8764150943396225
21245,GREEN POLKADOT PLATE,1787.1999999999998,1075,128,72,129,0.01679366089035883,1.6625116279069765
21034,REX CASH+CARRY JUMBO SHOPPER,1784.1,1878,871,480,909,0.01676453133084668,0.95
22832,BROCANTE SHELF WITH HOOKS,1781.82,162,76,64,76,0.0167431070096571,10.998888888888889
21114,LAVENDER SCENTED FABRIC HEART,1778.08,1341,138,105,139,0.01670796360560051,1.3259358687546607
23317,BLUE REFECTORY CLOCK,1777.46,173,82,56,82,0.01670213769369808,10.274335260115608
22710,WRAP I LOVE LONDON,1774.42,4501,104,79,104,0.016673571932111973,0.3942279493445901
23057,GEMSTONE CHANDELIER T-LIGHT HOLDER,1768.67,773,45,38,45,0.01661954129753299,2.288059508408797
21439,BASKET OF TOADSTOOLS,1767.15,1430,130,51,131,0.016605258416739935,1.2357692307692307
21056,DOCTOR'S BAG SOFT TOY,1765.3999999999999,184,72,46,72,0.01658881431056372,9.594565217391304
21055,TOOL BOX SOFT TOY,1764.6399999999999,178,105,63,105,0.01658167287016719,9.913707865168538
22562,MONSTERS STENCIL CRAFT,1763.3700000000001,1413,211,149,211,0.016569739147399315,1.2479617834394905
85035C,ROSE 3 WICK MORRIS BOX CANDLE,1760.66,1137,130,86,134,0.016544274274406436,1.5485136323658752
22452,MEASURING TAPE BABUSHKA PINK,1760.3100000000002,722,144,53,146,0.016540985453171193,2.4381024930747923
22314,OFFICE MUG WARMER CHOC+BLUE,1759.1200000000001,570,133,58,135,0.016529803460971368,3.0861754385964915
21899,"KEY FOB , GARAGE DESIGN",1757.97,2679,278,148,281,0.01651899733405557,0.6562038073908175
22852,DOG BOWL VINTAGE CREAM,1757.8799999999999,390,125,83,125,0.01651815163716651,4.507384615384615
23372,SET 36 COLOUR PENCILS DOLLY GIRL,1750.29,1389,147,76,151,0.016446831199522245,1.2601079913606912
21812,GARLAND WITH HEARTS AND BELLS,1746.27,393,100,36,100,0.016409056738477458,4.443435114503817
23399,HOME SWEET HOME HANGING HEART,1745.55,1914,225,146,234,0.01640229116336496,0.9119905956112853
20961,STRAWBERRY BATH SPONGE,1745.43,1232,228,82,229,0.01640116356751288,1.41674512987013
21584,RETROSPOT SMALL TUBE MATCHES,1743.35,1059,146,119,154,0.016381618572743437,1.646222851746931
20981,12 PENCILS TALL TUBE WOODLAND,1740.57,1974,249,157,250,0.01635549593550351,0.8817477203647416
23101,SILVER STARS TABLE DECORATION,1739.6299999999999,2031,213,175,214,0.016346663101328856,0.8565386509108813
23096,PETIT TRAY CHIC,1736.6899999999998,1033,146,89,146,0.016319037002952817,1.6812100677637947
22119,PEACE WOODEN BLOCK LETTERS,1734.8700000000001,345,106,82,108,0.016301935132529557,5.028608695652174
23244,ROUND STORAGE TIN VINTAGE LEAF,1733.9799999999998,936,112,87,112,0.016293572129959938,1.8525427350427348
23181,BULL DOG BOTTLE TOP WALL CLOCK,1733.57,201,82,60,82,0.016289719510798654,8.624726368159203
47570B,TEA TIME TABLE CLOTH,1727.23,185,31,23,31,0.01623014486328026,9.33637837837838
23122,PARTY CHARMS 50 PIECES,1726.09,2251,133,89,136,0.01621943270268547,0.7668103065304309
21329,DINOSAURS  WRITING SET,1723.6899999999998,941,287,120,288,0.016196880785643807,1.8317640807651432
21586,KINGS CHOICE GIANT TUBE MATCHES,1721.85,743,67,54,67,0.016179590982578533,2.31742934051144
21845,DAIRY MAID STRIPE MUG,1720.3000000000002,1906,82,63,82,0.016165026202822463,0.9025708289611754
22526,WHEELBARROW FOR CHILDREN,1720.26,125,79,55,79,0.01616465033753843,13.76208
85015,SET OF 12  VINTAGE POSTCARD SET,1718.5400000000002,2180,143,103,143,0.01614848813032524,0.7883211009174312
22544,MINI JIGSAW SPACEBOY,1714.9199999999998,4518,175,101,176,0.016114472322120727,0.37957503320053115
22986,GINGHAM ROSE WRAP,1712.1,4105,155,124,155,0.016087973819596774,0.4170767356881851
22227,HANGING HEART MIRROR DECORATION,1708.0700000000002,2341,289,83,301,0.016050105392230982,0.729632635625801
22934,BAKING MOULD EASTER EGG WHITE CHOC,1707.47,589,78,65,78,0.016044467412970567,2.89893039049236
23073,GEORGIAN TRINKET BOX,1706.5,143,61,49,61,0.016035352679832894,11.933566433566433
21917,SET 12 KIDS  WHITE CHALK STICKS,1701.93,4151,225,132,225,0.015992410071132727,0.4100048181161166
37340,MULTICOLOUR SPRING FLOWER MUG,1695.86,2544,135,59,136,0.015935372514281516,0.6666116352201258
22037,ROBOT BIRTHDAY CARD,1695.32,3929,354,173,355,0.01593029833294714,0.4314889284805294
23214,JINGLE BELL HEART ANTIQUE GOLD,1695.04,789,103,79,104,0.01592766727595895,2.148339670468948
22674,FRENCH TOILET SIGN BLUE METAL,1692.72,1346,187,106,190,0.01590586708948534,1.257592867756315
22816,CARD MOTORBIKE SANTA,1691.76,3987,266,158,268,0.015896846322668676,0.4243190368698269
51008,AFGHAN SLIPPER SOCK PAIR,1690.5500000000002,519,22,16,22,0.01588547639782684,3.257321772639692
21544,SKULLS  WATER TRANSFER TATTOOS,1687.6799999999998,1972,174,80,175,0.015858508063697846,0.8558215010141987
16161U,WRAP SUKI AND FRIENDS,1687.5,4075,134,105,134,0.015856816669919723,0.41411042944785276
21207,SKULL AND CROSSBONES  GARLAND,1684.85,1067,132,74,133,0.015831915594852884,1.579053420805998
23368,SET 12 COLOUR PENCILS DOLLY GIRL,1679.5500000000002,2379,232,134,236,0.015782113444719213,0.7059899117276167
22332,SKULLS PARTY BAG + STICKER SET,1677.9999999999998,1032,148,92,149,0.015767548664963136,1.6259689922480618
22913,RED COAT RACK PARIS FASHION,1673.15,352,112,78,112,0.015721974999274777,4.753267045454546
22419,LIPSTICK PEN RED,1673.1,3338,272,94,277,0.01572150516766974,0.5012282804074296
22335,HEART DECORATION PAINTED ZINC,1668.89,2380,225,88,230,0.01568194534652582,0.7012142857142858
15058A,BLUE POLKADOT GARDEN PARASOL,1668.49,200,89,40,89,0.015678186693685547,8.34245
23366,SET 12 COLOURING PENCILS DOILY,1667.95,2249,195,115,198,0.01567311251235117,0.7416407292129835
22076,6 RIBBONS EMPIRE,1667.8799999999999,1259,225,96,226,0.01567245474810412,1.3247656870532167
21577,SAVE THE PLANET COTTON TOTE BAG,1664.8999999999999,720,175,94,175,0.015644452784444055,2.312361111111111
84968D,SET OF 16 VINTAGE RED CUTLERY,1661.47,157,55,27,55,0.015612222336338678,10.582611464968153
22479,DAISY GARDEN MARKER,1658.57,1139,98,48,98,0.015584972103246667,1.456163301141352
21578,WOODLAND DESIGN  COTTON TOTE BAG,1657.76,746,127,68,127,0.01557736083124511,2.2221983914209114
22789,T-LIGHT HOLDER SWEETHEART HANGING,1657.02,844,138,101,139,0.015570407323490593,1.9632938388625591
22853,CAT BOWL VINTAGE CREAM,1655.96,472,116,76,116,0.015560446893463859,3.5083898305084746
21981,PACK OF 12 WOODLAND TISSUES,1651.3,5468,271,143,273,0.01551665858787463,0.30199341623994147
23505,PLAYING CARDS I LOVE LONDON,1651.29,1200,115,93,117,0.015516564621553621,1.376075
47566b,TEA TIME PARTY BUNTING,1651.1499999999999,199,102,0,102,0.015515249093059524,8.297236180904521
21111,"SWISS ROLL TOWEL, CHOCOLATE  SPOTS",1651.02,900,94,46,95,0.015514027530886437,1.8344666666666667
23273,HEART T-LIGHT HOLDER WILLIE WINKIE,1649.0499999999997,969,112,88,113,0.015495516165648067,1.7018059855521153
23270,SET OF 2 CERAMIC PAINTED HEARTS,1646.32,1174,125,96,128,0.015469863360013176,1.4023168654173765
22161,HEART DECORATION RUSTIC HANGING,1645.75,5083,340,118,357,0.015464507279715784,0.32377532952980526
22154,ANGEL DECORATION 3 BUTTONS,1636.67,3745,162,87,166,0.015379185860241487,0.4370280373831776
23483,HANGING  BUTTERFLY T-LIGHT HOLDER,1636.36,1328,73,57,74,0.015376272904290273,1.2321987951807227
22474,SPACEBOY TV DINNER TRAY,1636.27,303,132,70,132,0.015375427207401211,5.40023102310231
23348,CHILDRENS TOY COOKING UTENSIL SET,1633.81,746,168,95,170,0.015352311492433504,2.190093833780161
35953,FOLKART STAR CHRISTMAS DECORATIONS,1633.6699999999998,3581,131,81,134,0.015350995963939407,0.45620497067858135
84510A,SET OF 4 ENGLISH ROSE COASTERS,1630.32,1196,239,100,241,0.015319517246402086,1.36314381270903
85034B,3 WHITE CHOC MORRIS BOXED CANDLES,1628.78,945,120,80,122,0.015305046432967017,1.7235767195767195
23391,I LOVE LONDON MINI BACKPACK,1628.17,389,87,58,88,0.015299314487385597,4.185526992287918
22375,AIRLINE BAG VINTAGE JET SET BROWN,1626.54,346,167,67,167,0.015283997977061467,4.700982658959537
22975,SPACEBOY CHILDRENS EGG CUP,1624.63,1204,186,110,188,0.015266050409749144,1.3493604651162792
22799,SWEETHEART WIRE FRUIT BOWL,1623.08,207,89,70,89,0.015251485629993067,7.840966183574879
22473,TV DINNER TRAY VINTAGE PAISLEY,1623.04,503,112,58,112,0.01525110976470904,3.226719681908549
37495,FAIRY CAKE BIRTHDAY CANDLE SET,1622.24,440,92,75,92,0.015243592459028487,3.686909090909091
21706,FOLDING UMBRELLA RED/WHITE POLKADOT,1616.81,346,120,53,120,0.015192568746721721,4.6728612716763
22445,PENCIL CASE LIFE IS BEAUTIFUL,1615.91,534,130,72,135,0.0151841117778311,3.0260486891385767
22166,WALL MIRROR RECTANGLE DIAMANTE PINK,1614.4,207,87,13,87,0.015169922863359053,7.799033816425121
23280,FOLDING BUTTERFLY MIRROR HOT PINK,1614.16,2023,157,87,158,0.015167667671654885,0.7979041028175977
23217,LAUREL HEART ANTIQUE SILVER,1613.82,1309,97,64,99,0.015164472816740649,1.2328647822765468
21206,STRAWBERRY HONEYCOMB  GARLAND,1610.9199999999998,1290,109,55,111,0.015137222583648639,1.2487751937984495
22671,FRENCH LAUNDRY SIGN BLUE METAL,1608.6999999999998,962,144,75,144,0.0151163620603851,1.672245322245322
85040A,S/4 PINK FLOWER CANDLES IN BOWL,1607.32,888,164,86,169,0.015103394708086143,1.810045045045045
23462,ROCOCO WALL MIRROR WHITE,1607.04,80,46,43,46,0.01510076365109795,20.088
22095,LADS ONLY TISSUE BOX,1605.96,1643,143,72,150,0.015090615288429202,0.9774558734023129
22305,COFFEE MUG PINK PAISLEY DESIGN,1604.58,693,51,35,51,0.015077647936130246,2.3154112554112554
22292,HANGING CHICK  YELLOW DECORATION,1604.51,1136,112,76,116,0.015076990171883195,1.4124207746478874
21394,RED POLKADOT BEAKER,1603.77,3865,131,88,131,0.015070036664128683,0.4149469598965071
23287,RED VINTAGE SPOT BEAKER,1603.3899999999999,1879,198,114,200,0.01506646594393042,0.8533209153805215
22948,METAL DECORATION NAUGHTY CHILDREN,1603.29,1599,136,69,142,0.015065526280720349,1.0026829268292683
22284,HEN HOUSE DECORATION,1597.0699999999997,927,131,78,132,0.015007079229054036,1.7228371089536134
23226,FILIGREE HEART DAISY WHITE,1596.67,1247,98,56,99,0.015003320576213763,1.2804089815557338
18097C,WHITE TALL PORCELAIN T-LIGHT HOLDER,1591.01,695,69,43,69,0.01495013563852384,2.2892230215827336
22475,SKULL DESIGN TV DINNER TRAY,1590.82,313,138,49,139,0.014948350278424704,5.082492012779553
22398,MAGNETS PACK OF 4 SWALLOWS,1589.12,2575,248,167,252,0.014932376003853526,0.6171339805825242
15056n,EDWARDIAN PARASOL NATURAL,1585.2800000000002,127,84,0,84,0.014896292936586867,12.482519685039371
21626,VINTAGE UNION JACK PENNANT,1584.8,794,99,64,100,0.014891782553178533,1.9959697732997481
22449,SILK PURSE BABUSHKA PINK,1583.95,491,143,65,144,0.014883795415892943,3.225967413441955
46000M,POLYESTER FILLER PAD 45x45cm,1582.55,1021,137,92,138,0.014870640130951974,1.55
21967,PACK OF 12 SKULL TISSUES,1582.1499999999999,5271,232,129,235,0.014866881478111695,0.30016125972301266
23369,SET 36 COLOUR PENCILS LOVE LONDON,1581.06,1105,126,80,129,0.014856639149121942,1.4308235294117646
22676,FRENCH BLUE METAL DOOR SIGN 1,1578.39,1155,199,61,200,0.014831550141413092,1.3665714285714285
21509,COWBOYS AND INDIANS BIRTHDAY CARD,1572.28,3741,274,142,274,0.014774136719277855,0.4202833466987436
22494,EMERGENCY FIRST AID TIN,1572.27,1088,245,79,245,0.014774042752956849,1.4451011029411764
22208,WOOD STAMP SET THANK YOU,1571.4899999999998,1509,280,148,286,0.014766713379918306,1.0414115308151093
22434,BALLOON PUMP WITH 10 BALLOONS,1570.41,793,124,94,124,0.014756565017249559,1.9803404791929382
22583,PACK OF 6 HANDBAG GIFT BOXES,1570.3999999999999,573,111,73,112,0.01475647105092855,2.7406631762652705
85206A,CREAM FELT EASTER EGG BASKET,1568.9299999999998,974,114,99,115,0.014742658001740532,1.6108110882956876
22085,PAPER CHAIN KIT SKULLS,1566.99,548,97,62,98,0.014724428535465189,2.859470802919708
21913,VINTAGE SEASIDE JIGSAW PUZZLES,1565.83,398,148,72,148,0.014713528442228382,3.934246231155779
84279P,CHERRY BLOSSOM  DECORATIVE FLASK,1565.71,377,126,79,127,0.014712400846376303,4.153076923076923
22313,OFFICE MUG WARMER PINK,1564.8300000000002,565,65,41,67,0.014704131810127691,2.769610619469027
85132A,CHARLIE + LOLA BISCUITS TINS,1561.77,545,110,38,110,0.01467537811589957,2.865633027522936
21744,SNOWFLAKE PORTABLE TABLE LIGHT,1557.65,529,127,66,129,0.014636663991644715,2.9445179584120984
23524,HORSE & PONY WALL ART,1557.63,481,63,42,63,0.014636476059002701,3.2383160083160085
21528,DAIRY MAID TRADITIONAL TEAPOT,1557.57,215,111,62,111,0.014635912261076658,7.244511627906976
22675,FRENCH KITCHEN SIGN BLUE METAL,1555.16,1240,164,94,166,0.014613266377713988,1.2541612903225807
22818,CARD CHRISTMAS VILLAGE,1550.4,3633,244,151,244,0.014568538408914691,0.4267547481420314
20665,RED RETROSPOT PURSE,1546.2700000000002,461,156,58,156,0.014529730318338827,3.3541648590021698
22982,PANTRY PASTRY BRUSH,1543.77,1154,212,120,212,0.014506238738087093,1.3377556325823223
22600,CHRISTMAS RETROSPOT STAR WOOD,1543.2299999999998,1698,193,120,196,0.014501164556752717,0.9088515901060069
22318,FIVE HEART HANGING DECORATION,1541.6200000000001,462,142,67,143,0.014486035979070604,3.336839826839827
21898,POTTING SHED ROSE CANDLE,1541.11,493,25,6,25,0.014481243696699248,3.1259837728194726
20985,HEART CALCULATOR,1540.59,1179,131,65,136,0.014476357448006889,1.3066921119592874
84971S,SMALL HEART FLOWERS HOOK,1540.4499999999998,1761,172,69,173,0.01447504191951279,0.8747586598523565
10133,COLOURING PENCILS BROWN TUBE,1539.6,2856,196,101,196,0.014467054782227201,0.5390756302521008
22176,BLUE OWL SOFT TOY,1536.88,512,115,62,117,0.014441495942913319,3.00171875
84828,JUNGLE POPSICLES ICE LOLLY HOLDERS,1536.3600000000001,1099,182,82,184,0.014436609694220956,1.3979617834394906
22731,3D CHRISTMAS STAMPS STICKERS,1536.24,1172,143,85,144,0.014435482098368873,1.3107849829351537
23267,SET OF 4 SANTA PLACE SETTINGS,1531.95,1202,108,79,111,0.014395170546656899,1.2745008319467555
21200,MULTICOLOUR HONEYCOMB PAPER GARLAND,1531.1399999999999,1119,75,33,75,0.014387559274655338,1.3683109919571044
23250,VINTAGE RED TRIM ENAMEL BOWL,1531.03,1179,110,64,110,0.014386525645124262,1.2985835453774386
22828,REGENCY MIRROR WITH SHUTTERS,1530.0,10,7,7,7,0.014376847114060549,153.0
22472,TV DINNER TRAY DOLLY GIRL,1527.01,320,107,58,107,0.014348751184079477,4.77190625
84968E,SET OF 16 VINTAGE BLACK CUTLERY,1522.53,132,44,15,44,0.01430665427226837,11.53431818181818
22530,MAGIC DRAWING SLATE DOLLY GIRL,1516.46,3628,233,143,235,0.014249616715417163,0.4179878721058434
85049C,ROMANTIC PINKS RIBBONS,1515.69,1215,224,162,229,0.01424238130869963,1.2474814814814816
22770,MIRROR CORNICE,1515.68,94,62,44,62,0.014242287342378621,16.124255319148936
21352,EUCALYPTUS & PINECONE  WREATH,1511.2600000000002,378,77,35,77,0.01420075422849356,3.9980423280423287
22591,CARDHOLDER GINGHAM CHRISTMAS TREE,1509.41,413,86,53,86,0.014183370459107277,3.6547457627118645
21361,LOVE LARGE WOOD LETTERS,1505.96,106,69,42,69,0.014150952078359884,14.207169811320755
23528,SPACEBOY WALL ART,1504.49,479,50,30,50,0.014137139029171865,3.1408977035490606
22905,CALENDAR IN SEASON DESIGN,1502.2900000000002,581,110,50,111,0.014116466438550341,2.5856970740103273
22471,TV DINNER TRAY AIR HOSTESS,1502.02,419,105,53,105,0.014113929347883152,3.5847732696897374
20668,DISCO BALL CHRISTMAS DECORATION,1501.4,12883,215,111,218,0.014108103435980724,0.11654117829698052
22985,"WRAP, BILLBOARD FONTS DESIGN",1500.44,3782,99,77,99,0.014099082669164058,0.3967318878900053
21792,CLASSIC FRENCH STYLE BASKET GREEN,1497.72,344,76,58,76,0.014073523829850174,4.353837209302326
23271,CHRISTMAS TABLE CANDLE SILVER SPIKE,1496.8899999999999,1731,104,69,106,0.014065724625206596,0.8647544771808202
22285,"DECORATION HEN ON NEST, HANGING",1493.2499999999998,870,120,74,123,0.014031520884360072,1.7163793103448273
23334,IVORY WICKER HEART SMALL,1491.75,2271,130,83,136,0.014017425936209034,0.6568692206076618
37342,POLKADOT COFFEE CUP & SAUCER PINK,1489.01,1570,109,50,110,0.013991679164253135,0.9484140127388535
72349B,SET/6 PURPLE BUTTERFLY T-LIGHTS,1486.69,729,114,51,116,0.013969878977779527,2.039355281207133
35924,HANGING FAIRY CAKE DECORATION,1484.3,820,72,25,74,0.01394742102705887,1.8101219512195121
21327,SKULLS WRITING SET,1484.1299999999999,864,252,99,256,0.01394582359960175,1.7177430555555555
22203,MILK PAN RED RETROSPOT,1483.13,403,145,75,145,0.01393642696750106,3.680223325062035
84580,MOUSE TOY WITH PINK T-SHIRT,1482.43,389,165,91,167,0.013929849325030575,3.8108740359897175
23559,WOODLAND BUNNIES LOLLY MAKERS,1482.41,649,124,69,124,0.013929661392388562,2.284144838212635
21447,12 IVORY ROSE PEG PLACE SETTINGS,1478.1,969,148,56,149,0.013889161908034572,1.5253869969040246
21619,4 VANILLA BOTANICAL CANDLES,1476.4,974,164,99,165,0.013873187633463393,1.515811088295688
23392,SPACEBOY ROCKET LOLLY MAKERS,1475.03,662,113,70,114,0.013860314247485446,2.228141993957704
22802,FAUX FUR CHOCOLATE THROW,1474.74,87,49,30,49,0.013857589224176244,16.951034482758622
22664,TOY TIDY DOLLY GIRL DESIGN,1472.85,713,162,62,162,0.013839829589505932,2.0657082748948103
21470,FLOWER VINE RAFFIA FOOD COVER,1470.32,381,140,77,140,0.01381605611029118,3.859107611548556
23365,SET 12 COLOUR PENCILS LOVE LONDON,1463.0800000000002,1857,169,107,173,0.013748024493882164,0.7878729133010233
21705,BAG 500g SWIRLY MARBLES,1462.1699999999998,1459,141,89,143,0.013739473558670529,1.0021727210418094
84818,DANISH ROSE PHOTO FRAME,1460.81,1423,99,79,99,0.013726694139013588,1.0265706254392128
21829,DINOSAUR KEYRINGS ASSORTED,1460.74,6765,177,104,178,0.01372603637476654,0.21592609016999262
23470,CARD HOLDER LOVE BIRD LARGE,1460.5,232,84,70,84,0.013723781183062373,6.295258620689655
21872,GLAMOROUS  MUG,1454.98,1292,142,81,143,0.013671911773866546,1.1261455108359133
22461,SAVOY ART DECO CLOCK,1453.5800000000002,239,53,35,53,0.013658756488925578,6.081924686192469
22696,WICKER WREATH LARGE,1452.55,729,151,108,156,0.01364907795786186,1.9925240054869684
21191,LARGE WHITE HONEYCOMB PAPER BELL,1451.82,562,95,38,95,0.013642218416428355,2.583309608540925
23086,ZINC  STAR T-LIGHT HOLDER,1451.43,1225,47,31,47,0.013638553729909087,1.1848408163265307
23034,DRAWER KNOB CERAMIC BLACK,1448.6699999999998,979,88,57,90,0.013612619025311171,1.4797446373850867
15044A,PINK PAPER PARASOL,1439.0200000000002,458,102,53,102,0.013521941525539486,3.141965065502184
22713,CARD I LOVE LONDON,1437.36,3441,217,109,218,0.013506343116252331,0.4177157802964254
84031B,CHARLIE LOLA BLUE HOT WATER BOTTLE,1435.72,303,143,29,145,0.013490932639607196,4.738349834983499
85054,FRENCH ENAMEL POT W LID,1430.63,587,115,66,116,0.01344310378221467,2.4371890971039183
15058C,ICE CREAM DESIGN GARDEN PARASOL,1429.82,240,72,26,72,0.013435492510213106,5.957583333333333
21620,SET OF 4 ROSE BOTANICAL CANDLES,1429.49,881,165,97,167,0.013432391621619877,1.6225766174801362
23527,ANIMALS AND NATURE WALL ART,1428.56,420,48,40,48,0.013423652753766233,3.401333333333333
23249,VINTAGE RED ENAMEL TRIM PLATE,1426.1,842,81,57,81,0.013400537038798526,1.6937054631828978
22922,FRIDGE MAGNETS US DINER ASSORTED,1422.8999999999999,1587,102,73,102,0.01337046781607631,0.8965973534971644
22458,CAST IRON HOOK GARDEN FORK,1421.83,523,23,12,23,0.013360413419728566,2.718604206500956
21407,BROWN CHECK CAT DOORSTOP,1421.11,290,138,79,138,0.01335364784461607,4.900379310344827
22182,CAKE STAND VICTORIAN FILIGREE SMALL,1420.58,372,122,30,122,0.013348667629602701,3.8187634408602147
21507,"ELEPHANT, BIRTHDAY CARD,",1420.24,3320,262,139,262,0.013345472774688467,0.42778313253012046
22949,36 DOILIES DOLLY GIRL,1417.55,956,105,81,105,0.0133201958343376,1.4827928870292886
22306,SILVER MUG BONE CHINA TREE OF LIFE,1415.8500000000001,1162,111,85,113,0.013304221559766426,1.2184595524956972
22714,CARD BIRTHDAY COWBOY,1415.73,3487,225,125,225,0.01330309396391434,0.40600229423573275
22576,SWALLOW WOODEN CHRISTMAS DECORATION,1414.4599999999998,1538,173,102,177,0.013291160241146458,0.9196749024707411
22531,MAGIC DRAWING SLATE CIRCUS PARADE,1412.41,3382,200,127,201,0.01327189714534004,0.41762566528681255
84536A,ENGLISH ROSE NOTEBOOK A7 SIZE,1409.8999999999999,3138,341,140,345,0.013248311598767297,0.44929891650732945
82567,"AIRLINE LOUNGE,METAL SIGN",1408.07,711,291,86,291,0.01323111576202303,1.980407876230661
22915,ASSORTED BOTTLE TOP  MAGNETS,1406.42,3152,184,110,185,0.013215611319056887,0.4461992385786802
51014C,"FEATHER PEN,COAL BLACK",1405.73,2687,174,71,175,0.013209127642907409,0.5231596576107183
23104,IVORY PANTRY HANGING LAMP,1405.42,118,46,38,46,0.013206214686956194,11.910338983050847
21363,HOME SMALL WOOD LETTERS,1403.94,243,125,67,129,0.013192307671447167,5.777530864197531
23119,PACK OF 6 LARGE FRUIT STRAWS,1401.7,2282,151,97,151,0.013171259215541615,0.6142418930762489
21424,WOODLAND STORAGE BOX LARGE,1401.02,346,70,19,70,0.013164869505713142,4.049190751445087
22436,12 COLOURED PARTY BALLOONS,1398.51,2134,163,105,166,0.013141283959140404,0.6553467666354265
23055,IVORY CHANDELIER T-LIGHT HOLDER,1395.18,657,38,33,40,0.013109993174245096,2.1235616438356164
23040,PAPER LANTERN 9 POINT SNOW STAR,1394.03,253,41,33,43,0.013099187047329298,5.51
84813,SET OF 4 DIAMOND NAPKIN RINGS,1393.79,166,38,20,38,0.013096931855625132,8.396325301204818
22443,GROW YOUR OWN HERBS SET OF 3,1391.74,164,90,60,90,0.01307766875981871,8.486219512195122
84795B,SUNSET CHECK HAMMOCK,1390.64,176,48,33,48,0.01306733246450795,7.901363636363637
21519,GIN & TONIC DIET GREETING CARD,1389.22,3299,246,100,246,0.013053989246924965,0.4211033646559564
22677,FRENCH BLUE METAL DOOR SIGN 2,1389.07,1001,188,59,189,0.01305257975210986,1.3876823176823176
22976,CIRCUS PARADE CHILDRENS EGG CUP,1389.01,1066,143,77,144,0.013052015954183817,1.3030112570356474
21537,RED RETROSPOT PUDDING BOWL,1387.96,332,61,50,61,0.01304214949047809,4.180602409638555
22299,PIG KEYRING WITH LIGHT & SOUND,1386.97,1379,80,38,80,0.013032846824698406,1.0057795503988398
23376,PACK OF 12 VINTAGE CHRISTMAS TISSUE,1384.9099999999999,3039,155,104,159,0.013013489762570975,0.455712405396512
22071,SMALL WHITE RETROSPOT MUG IN BOX,1384.3,729,86,64,88,0.013007757816989554,1.8989026063100136
21123,SET/10 IVORY POLKADOT PARTY CANDLES,1380.84,1143,154,66,157,0.012975245469921154,1.2080839895013122
22363,GLASS JAR MARMALADE,1380.8,480,81,46,83,0.012974869604637127,2.8766666666666665
21071,VINTAGE BILLBOARD DRINK ME MUG,1380.28,991,177,72,179,0.012969983355944768,1.3928153380423813
22735,RIBBON REEL SOCKS AND MITTENS,1379.21,741,136,73,140,0.012959928959597028,1.8612820512820514
23414,ZINC BOX SIGN HOME,1378.75,141,64,58,64,0.012955606508830708,9.77836879432624
21382,SET/4 SPRING FLOWER DECORATION,1376.53,1143,128,64,129,0.012934745985567167,1.2043132108486438
22047,EMPIRE GIFT WRAP,1373.5,3375,106,93,106,0.012906274190302068,0.40696296296296297
21820,GLITTER HEART GARLAND WITH BELLS,1368.47,329,90,49,92,0.01285900913083558,4.159483282674772
23000,TRAVEL CARD WALLET TRANSPORT,1368.28,3169,278,125,279,0.012857223770736448,0.43177027453455347
22609,PENS ASSORTED SPACEBALL,1368.1,5874,155,89,156,0.012855532376958322,0.2329077289751447
22063,CERAMIC BOWL WITH STRAWBERRY DESIGN,1367.45,583,120,56,123,0.012849424566092874,2.345540308747856
23546,WRAP PAISLEY PARK,1365.0,3250,120,106,120,0.012826402817446176,0.42
23221,REINDEER HEART DECORATION SILVER,1363.04,1536,145,85,149,0.012807985418528817,0.8873958333333333
22716,CARD CIRCUS PARADE,1360.91,3201,288,167,288,0.01278797059215434,0.42515151515151517
85227,SET OF 6 3D KIT CARDS FOR KIDS,1359.3999999999999,1477,223,115,229,0.012773781677682294,0.9203791469194312
22911,PAPER CHAIN KIT LONDON,1358.0900000000001,463,94,68,95,0.012761472089630388,2.9332397408207345
85232B,SET OF 3 BABUSHKA STACKING TINS,1356.3,274,13,7,13,0.012744652118170144,4.95
23469,CARD HOLDER LOVE BIRD SMALL,1355.24,332,72,61,72,0.012734691688143411,4.082048192771085
21039,RED RETROSPOT SHOPPING BAG,1353.6899999999998,523,90,57,90,0.012720126908387334,2.5883173996175906
22304,COFFEE MUG BLUE PAISLEY DESIGN,1352.88,761,61,38,61,0.012712515636385775,1.7777660972404732
21686,MEDINA STAMPED METAL STOOL,1351.64,35,20,6,20,0.012700863812580915,38.61828571428572
22754,SMALL RED BABUSHKA NOTEBOOK,1350.4699999999998,1951,266,120,268,0.012689869753023102,0.6921937467965145
21615,4 LAVENDER BOTANICAL DINNER CANDLES,1347.92,891,135,86,138,0.012665908341166337,1.5128170594837262
22421,LIPSTICK PEN FUSCHIA,1347.1,2597,213,80,215,0.012658203102843766,0.5187139006546014
22399,MAGNETS PACK OF 4 CHILDHOOD MEMORY,1347.08,1152,98,71,98,0.012658015170201754,1.1693402777777777
21987,PACK OF 6 SKULL PAPER CUPS,1346.65,2113,171,106,176,0.012653974618398456,0.6373166114529106
22912,YELLOW COAT RACK PARIS FASHION,1342.39,287,100,74,101,0.012613944965649503,4.677317073170732
22917,HERB MARKER ROSEMARY,1340.22,1937,240,132,241,0.012593554273990998,0.6919050077439339
21246,RED RETROSPOT BIG BOWL,1336.78,286,96,33,96,0.012561229859564614,4.674055944055944
22073,RED RETROSPOT STORAGE JAR,1336.14,334,69,38,71,0.012555216015020172,4.000419161676647
22293,HANGING CHICK GREEN DECORATION,1335.87,903,122,63,125,0.01255267892435298,1.4793687707641194
23061,VINTAGE EMBOSSED HEART,1332.68,1015,117,76,117,0.012522703667951773,1.312985221674877
21624,VINTAGE UNION JACK DOORSTOP,1331.5600000000002,216,95,72,97,0.012512179439998997,6.164629629629631
72802A,ROSE SCENT CANDLE IN JEWELLED BOX,1329.91,323,63,44,64,0.012496674997032853,4.117368421052632
23538,WALL ART VINTAGE HEART,1329.54,331,32,25,32,0.012493198243155595,4.0167371601208455
22362,GLASS JAR PEACOCK BATH SALTS,1329.44,408,133,62,133,0.012492258579945527,3.25843137254902
22742,MAKE YOUR OWN PLAYTIME CARD KIT,1323.5700000000002,639,101,77,101,0.01243710034951446,2.0713145539906104
85183B,CHARLIE & LOLA WASTEPAPER BIN FLORA,1323.37,996,118,84,119,0.012435221023094318,1.3286847389558232
22650,CERAMIC PIRATE CHEST MONEY BANK,1320.6999999999998,851,143,78,143,0.012410132015385465,1.551938895417156
21818,GLITTER CHRISTMAS HEART,1320.41,2737,163,117,178,0.012407406992076268,0.4824296675191816
22916,HERB MARKER THYME,1314.21,1905,237,130,242,0.01234914787305197,0.6898740157480315
21179,NO JUNK MAIL METAL SIGN,1313.79,1940,266,122,272,0.012345201287569678,0.6772113402061856
23373,VINTAGE CHRISTMAS PAPER GIFT BAG,1313.3899999999999,1608,100,86,100,0.0123414426347294,0.8167848258706467
37447,CERAMIC CAKE DESIGN SPOTTED PLATE,1313.28,820,115,51,115,0.012340409005198323,1.601560975609756
23405,HOME SWEET HOME 2 DRAWER CABINET,1311.48,252,70,54,71,0.012323495067417077,5.204285714285715
90057,DIAMANTE RING ASSORTED IN BOX.,1311.3600000000001,1008,22,21,22,0.012322367471564994,1.300952380952381
21195,PINK  HONEYCOMB PAPER BALL,1308.56,693,80,21,81,0.012296056901683054,1.888253968253968
22686,FRENCH BLUE METAL DOOR SIGN No,1308.38,993,158,39,158,0.012294365507904928,1.3176032225579055
22028,PENNY FARTHING BIRTHDAY CARD,1304.1399999999999,3042,262,124,263,0.012254523787797988,0.4287113740959894
85199S,SMALL HANGING IVORY/RED WOOD BIRD,1302.31,2660,261,101,268,0.01223732795105372,0.48959022556390974
21627,ELEPHANT CARNIVAL POUFFE,1299.83,63,47,14,47,0.012214024303444001,20.63222222222222
21793,CLASSIC FRENCH STYLE BASKET BROWN,1296.6100000000001,304,74,57,75,0.01218376714807977,4.265164473684211
22310,IVORY KNITTED MUG COSY,1296.23,668,109,29,111,0.012180196427881507,1.9404640718562876
21422,PORCELAIN ROSE SMALL,1295.0,1607,63,32,63,0.012168638570397653,0.805849408836341
22439,6 ROCKET BALLOONS,1293.22,1898,197,116,201,0.01215191256525842,0.681359325605901
21866,UNION JACK FLAG LUGGAGE TAG,1292.38,747,193,79,194,0.012144019394293838,1.7300937081659975
22372,AIRLINE BAG VINTAGE WORLD CHAMPION,1289.49,279,147,81,148,0.012116863127522835,4.6218279569892475
21616,4 PEAR BOTANICAL DINNER CANDLES,1288.34,822,138,84,142,0.012106057000607037,1.5673236009732359
84012,MAGIC SHEEP WOOL GROWING FROM PAPER,1283.99,1265,115,78,116,0.012065181650969021,1.0150118577075098
21408,SPOTTY PINK DUCK DOORSTOP,1282.81,285,117,50,117,0.012054093625090204,4.501087719298245
21064,BOOM BOX SPEAKER BOYS,1281.2,296,101,40,103,0.012038965047408088,4.328378378378378
21901,"KEY FOB , BACK DOOR",1277.89,1828,308,143,315,0.012007862195154794,0.6990645514223195
22918,HERB MARKER PARSLEY,1275.3500000000001,1869,238,130,241,0.011983994749619035,0.6823702514713751
21090,SET/6 COLLAGE PAPER PLATES,1274.1899999999998,2413,217,98,218,0.011973094656382226,0.5280522171570659
47480,HANGING PHOTO CLIP ROPE LADDER,1274.1699999999998,746,86,29,86,0.011972906723740214,1.7080026809651472
23072,MARIE ANTOINETTE TRINKET BOX SILVER,1273.76,334,30,21,30,0.01196905410457893,3.8136526946107785
85059,FRENCH ENAMEL WATER BASIN,1273.11,411,128,62,129,0.01196294629371348,3.097591240875912
21211,SET OF 72 SKULL PAPER  DOILIES,1270.07,883,103,58,104,0.011934380532127373,1.4383578708946771
21897,POTTING SHED CANDLE CITRONELLA,1268.1899999999998,405,3,1,3,0.011916714863778068,3.131333333333333
21902,"KEY FOB , FRONT  DOOR",1262.3700000000001,1962,210,114,213,0.011862026464952036,0.6434097859327218
47503A,ASS FLORAL PRINT MULTI SCREWDRIVER,1254.1200000000001,2734,163,123,168,0.011784504250121319,0.4587125091441112
22977,DOLLY GIRL CHILDRENS EGG CUP,1252.61,950,135,98,136,0.011770315335649269,1.318536842105263
22999,TRAVEL CARD WALLET RETRO PETALS,1252.59,2894,222,108,225,0.011770127403007254,0.43282308223911536
23511,EMBROIDERED RIBBON REEL EMILY,1252.01,571,98,83,99,0.011764677356388854,2.192661996497373
22597,CHRISTMAS MUSICAL ZINC HEART,1247.49,2821,186,95,190,0.011722204579293722,0.4422155264090748
22572,ROCKING HORSE GREEN CHRISTMAS,1244.6699999999998,1380,179,114,182,0.011695706076769764,0.9019347826086955
22442,GROW YOUR OWN FLOWERS SET OF 3,1241.3,296,78,68,78,0.01166403942659043,4.1935810810810805
22074,6 RIBBONS SHIMMERING PINKS,1239.6699999999998,1402,199,61,200,0.0116487229162663,0.8842154065620541
71038,WHITE HANGING BEADS CANDLE HOLDER,1239.5,238,47,34,48,0.011647125488809182,5.207983193277311
23067,HANGING ENGRAVED METAL HEART,1236.66,294,78,63,82,0.011620439053643215,4.2063265306122455
22603,CHRISTMAS RETROSPOT TREE WOOD,1235.3799999999999,1387,171,111,176,0.011608411364554327,0.8906849315068492
22338,STAR DECORATION PAINTED ZINC,1233.91,4679,180,94,186,0.011594598315366309,0.2637123316948066
21262,WHITE GOOSE FEATHER CHRISTMAS TREE,1233.21,332,78,43,78,0.011588020672895823,3.714487951807229
72817,SET OF 2 CHRISTMAS DECOUPAGE CANDLE,1232.27,1212,161,74,163,0.011579187838721172,1.0167244224422443
23138,SINGLE WIRE HOOK IVORY HEART,1231.51,879,82,60,84,0.011572046398324645,1.4010352673492605
23539,WALL ART LOVES' SECRET,1227.95,247,41,32,42,0.011538594388046176,4.971457489878543
22129,PARTY CONES CANDY TREE DECORATION,1226.4199999999998,1188,100,33,100,0.011524217540932115,1.0323400673400671
22613,PACK OF 20 SPACEBOY NAPKINS,1222.61,1538,145,82,147,0.011488416372628475,0.7949349804941481
22919,HERB MARKER MINT,1221.8600000000001,1753,240,132,243,0.011481368898552956,0.6970108385624644
23142,IVORY WIRE KITCHEN ORGANISER,1220.8200000000002,121,40,34,40,0.011471596401168236,10.089421487603307
22315,200 RED + WHITE BENDY STRAWS,1218.93,916,172,90,173,0.011453836766497924,1.3307096069868996
82578,KITCHEN METAL SIGN,1217.8500000000001,2058,305,142,307,0.011443688403829175,0.5917638483965015
82599,FANNY'S REST STOPMETAL SIGN,1217.73,508,141,67,143,0.011442560807977092,2.3971062992125987
22575,METAL MERRY CHRISTMAS WREATH,1216.22,636,90,61,91,0.011428371893505047,1.9122955974842768
23598,PAPER BUNTING VINTAGE PARTY,1215.53,427,47,40,47,0.011421888217355567,2.8466744730679157
22589,CARDHOLDER GINGHAM STAR,1212.82,379,79,46,81,0.011396423344362687,3.200052770448549
22416,SET OF 36 DOILIES SPACEBOY DESIGN,1210.82,868,76,54,76,0.011377630080161303,1.3949539170506913
21846,PINK DIAMANTE PEN IN GIFT BOX,1206.97,424,103,12,103,0.011341453046573633,2.846627358490566
72800E,4 IVORY DINNER CANDLES SILVER FLOCK,1205.64,538,136,62,139,0.011328955525879713,2.2409665427509298
22168,ORGANISER WOOD ANTIQUE WHITE,1205.3,143,76,69,76,0.011325760670965475,8.428671328671328
23071,MARIE ANTOIENETT TRINKET BOX GOLD,1205.1,315,19,16,20,0.011323881344545338,3.8257142857142856
22711,WRAP CIRCUS PARADE,1202.84,2902,103,89,103,0.011302644955997771,0.414486560992419
84884A,ANT WHITE WIRE HEART SPIRAL,1201.91,301,78,52,78,0.011293906088144127,3.993056478405316
23444,Next Day Carriage,1200.0,79,79,63,79,0.011275958520831802,15.189873417721518
22929,SCHOOL DESK AND CHAIR,1199.75,19,13,13,13,0.011273609362806629,63.14473684210526
23026,DRAWER KNOB VINTAGE GLASS STAR,1198.96,556,62,43,64,0.011266186023447082,2.156402877697842
21986,PACK OF 12 PINK POLKADOT TISSUES,1197.73,4067,189,118,191,0.011254628165963228,0.29449963117777234
22755,SMALL PURPLE BABUSHKA NOTEBOOK,1187.96,1687,251,110,253,0.011162823070339457,0.7041849436870184
22453,MEASURING TAPE BABUSHKA BLUE,1185.79,442,78,38,79,0.011142432378680952,2.682782805429864
21070,VINTAGE BILLBOARD MUG,1184.98,1106,107,51,108,0.011134821106679392,1.0714104882459312
22921,HERB MARKER CHIVES,1180.8700000000001,1716,209,116,210,0.011096200948745543,0.6881526806526808
23041,PAPER LANTERN 9 POINT SNOW STAR,1178.48,272,54,46,54,0.011073742998024886,4.33264705882353
22081,RIBBON REEL FLORA + FAUNA,1176.5,644,138,74,139,0.011055137666465513,1.8268633540372672
23225,CHERUB HEART DECORATION SILVER,1176.1699999999998,1355,88,46,88,0.011052036777872283,0.8680221402214021
85039B,S/4 IVORY MINI ROSE CANDLE IN BOWL,1174.6299999999999,806,172,38,173,0.011037565964437215,1.4573573200992553
23523,TREASURE AHOY WALL ART,1173.8100000000002,360,41,35,41,0.01102986072611465,3.260583333333334
23431,NATURAL HANGING QUILTED HEARTS,1171.23,1449,72,63,74,0.01100561741529486,0.8083022774327122
22757,LARGE RED BABUSHKA NOTEBOOK,1167.74,1096,163,81,163,0.010972823169263441,1.0654562043795621
21742,LARGE ROUND WICKER PLATTER,1167.58,194,91,75,93,0.01097131970812733,6.018453608247422
20984,12 PENCILS TALL TUBE POSY,1166.07,3785,170,135,176,0.010957130793655283,0.30807661822985466
23418,LAVENDER TOILETTE BOTTLE,1166.0,557,79,55,79,0.010956473029408236,2.0933572710951527
84313C,ORANGE TV TRAY TABLE,1165.9099999999999,504,43,17,43,0.010955627332519171,2.3133134920634917
23515,EMBROIDERED RIBBON REEL DAISY,1164.98,579,71,58,72,0.010946888464665528,2.012055267702936
23508,MINI PLAYING CARDS DOLLY GIRL,1163.45,2627,120,95,128,0.010932511617551467,0.4428816140083746
21628,TRIANGULAR POUFFE VINTAGE,1161.65,63,33,14,33,0.01091559767977022,18.43888888888889
22334,DINOSAUR PARTY BAG + STICKER SET,1160.7099999999998,707,101,77,102,0.010906764845595565,1.6417397454031115
21065,BOOM BOX SPEAKER GIRLS,1160.58,562,90,31,92,0.010905543283422477,2.0650889679715303
22708,WRAP DOLLY GIRL,1160.0,2800,100,79,100,0.010900093236804076,0.4142857142857143
20801,LARGE PINK GLASS SUNDAE DISH,1157.8,1013,81,47,82,0.010879420646182551,1.1429417571569596
22680,FRENCH BLUE METAL DOOR SIGN 5,1157.79,842,153,61,155,0.010879326679861544,1.3750475059382423
23566,EGG CUP MILKMAID HEIDI,1156.93,881,83,44,83,0.010871245576254948,1.313200908059024
85132B,CHARLIE AND LOLA TABLE TINS,1156.1699999999998,529,75,44,75,0.01086410413585842,2.1855765595463135
23507,MINI PLAYING CARDS BUFFALO BILL,1155.67,2882,119,91,127,0.010859405819808075,0.40099583622484386
22924,FRIDGE MAGNETS LA VIE EN ROSE,1154.6,1295,87,63,87,0.010849351423460333,0.8915830115830116
21773,DECORATIVE ROSE BATHROOM BOTTLE,1154.17,1170,163,50,164,0.010845310871657035,0.9864700854700855
23269,SET OF 2 CERAMIC CHRISTMAS TREES,1152.98,779,94,63,95,0.01083412887945721,1.4800770218228498
21774,DECORATIVE CATS BATHROOM BOTTLE,1152.4,1095,186,39,187,0.010828678832838808,1.052420091324201
22678,FRENCH BLUE METAL DOOR SIGN 3,1151.56,843,160,59,160,0.010820785661874225,1.3660260972716487
23402,HOME SWEEET HOME 3 PEG HANGER,1147.28,296,68,47,68,0.010780568076483258,3.8759459459459458
22320,BIRDS MOBILE VINTAGE DESIGN,1147.27,189,73,56,73,0.010780474110162253,6.07021164021164
20956,PORCELAIN T-LIGHT HOLDERS ASSORTED,1146.52,822,101,51,102,0.010773426636086731,1.3947931873479318
22325,MOBILE VINTAGE HEARTS,1146.3500000000001,249,93,49,93,0.010771829208629615,4.603815261044177
85106,CUT GLASS HEXAGON T-LIGHT HOLDER,1142.31,649,20,9,20,0.010733866814942813,1.7601078582434513
22497,SET OF 2 TINS VINTAGE BATHROOM,1140.9,224,100,50,100,0.010720617563680838,5.093303571428572
21043,APRON MODERN VINTAGE COTTON,1139.86,492,90,52,90,0.010710845066296115,2.3167886178861785
21947,SET OF 6 HEART CHOPSTICKS,1139.65,811,152,62,157,0.01070887177355497,1.4052404438964243
21395,BLUE POLKADOT BEAKER,1139.06,2838,90,63,90,0.01070332776061556,0.4013601127554616
22581,WOOD STOCKING CHRISTMAS SCANDISPOT,1137.28,1569,177,83,182,0.010686601755476328,0.7248438495857233
22446,PIN CUSHION BABUSHKA PINK,1135.18,439,133,25,136,0.010666868828064871,2.5858314350797267
22094,RED RETROSPOT TISSUE BOX,1135.0,2166,200,117,203,0.010665177434286747,0.5240073868882733
85159B,"WHITE TEA,COFFEE,SUGAR JARS",1134.5,622,59,45,59,0.010660479118236399,1.8239549839228295
22155,STAR DECORATION RUSTIC,1133.61,2452,142,67,149,0.010652116115666783,0.46232055464926586
22376,AIRLINE BAG VINTAGE JET SET WHITE,1133.2,252,122,66,124,0.0106482634965055,4.496825396825397
84912B,GREEN ROSE WASHBAG,1132.85,323,160,32,162,0.010644974675270256,3.507275541795665
22923,FRIDGE MAGNETS LES ENFANTS ASSORTED,1130.77,1360,80,64,80,0.010625429680500814,0.8314485294117647
85087,CANDY SPOT CUSHION COVER,1129.99,339,125,7,125,0.010618100307462274,3.3333038348082598
47585A,PINK FAIRY CAKE CUSHION COVER,1129.44,264,83,23,83,0.010612932159806894,4.278181818181818
22539,MINI JIGSAW DOLLY GIRL,1129.32,2918,136,74,138,0.010611804563954809,0.38701850582590813
23506,MINI PLAYING CARDS SPACEBOY,1129.1200000000001,2723,146,114,151,0.010609925237534672,0.41466030113845026
22211,WOOD STAMP SET FLOWERS,1122.3899999999999,1008,196,101,201,0.010546685903497005,1.1134821428571426
84944,SET OF 6 KASHMIR FOLKART BAUBLES,1120.26,710,83,62,84,0.010526671077122528,1.5778309859154929
22815,CARD PSYCHEDELIC APPLES,1118.84,2628,268,79,268,0.010513327859539543,0.425738203957382
23510,MINI PLAYING CARDS GYMKHANA,1118.8,2521,120,90,125,0.010512951994255518,0.4437921459738199
23411,TRELLIS COAT RACK,1118.6100000000001,227,56,42,57,0.010511166634156386,4.9277973568281945
21809,CHRISTMAS HANGING TREE WITH BELL,1117.92,1964,117,72,121,0.010504682958006908,0.5692057026476579
21466,RED FLOWER CROCHET FOOD COVER,1116.89,304,112,71,112,0.010495004426943195,3.6739802631578953
47580,TEA TIME DES TEA COSY,1116.72,388,110,55,110,0.010493406999486076,2.8781443298969074
22817,CARD SUKI BIRTHDAY,1114.81,2639,290,79,290,0.010475459432173751,0.4224365289882531
22608,PENS ASSORTED FUNKY JEWELED,1114.6399999999999,5211,144,63,144,0.010473862004716632,0.21390136250239875
23513,EMBROIDERED RIBBON REEL SUSIE,1114.26,566,70,59,70,0.01047029128451837,1.9686572438162544
21984,PACK OF 12 PINK PAISLEY TISSUES,1112.6,3458,212,123,214,0.010454692875231219,0.3217466743782533
22342,HOME GARLAND PAINTED ZINC,1111.58,997,128,49,128,0.010445108310488511,1.1149247743229689
22060,LARGE CAKE STAND HANGING HEARTS,1111.05,231,34,31,35,0.010440128095475145,4.809740259740259
22758,LARGE PURPLE BABUSHKA NOTEBOOK,1110.25,1195,178,85,179,0.010432610789794591,0.9290794979079497
22153,ANGEL DECORATION STARS ON DRESS,1109.05,2593,131,61,136,0.010421334831273757,0.4277092171230235
23433,HANGING QUILTED PATCHWORK APPLES,1108.58,1258,89,76,89,0.010416918414186432,0.8812241653418124
21693,SMALL HAMMERED SILVER CANDLEPOT,1107.91,361,50,40,50,0.010410622670678969,3.069002770083103
21830,ASSORTED CREEPY CRAWLIES,1107.07,2621,99,63,101,0.010402729499714386,0.42238458603586415
85116,BLACK CANDELABRA T-LIGHT HOLDER,1106.88,941,89,30,90,0.010400944139615256,1.1762805526036133
22444,GROW YOUR OWN PLANT IN A CAN,1106.62,838,57,29,57,0.010398501015269073,1.3205489260143197
85127,SMALL SQUARE CUT GLASS CANDLESTICK,1106.54,187,51,17,52,0.01039774928470102,5.917326203208556
85114A,BLACK ENCHANTED FOREST PLACEMAT,1105.21,649,56,20,56,0.010385251764007099,1.7029429892141756
22819,"BIRTHDAY CARD, RETRO SPOT",1104.81,2608,270,94,270,0.010381493111166819,0.42362346625766867
22221,CAKE STAND LOVEBIRD 2 TIER PINK,1104.54,131,51,37,51,0.010378956020499633,8.431603053435115
21824,PAINTED METAL STAR WITH HOLLY BELLS,1102.4199999999998,1916,117,63,120,0.01035903516044616,0.575375782881002
21688,SILVER PLATE CANDLE BOWL SMALL,1101.2800000000002,348,57,36,57,0.010348322999851375,3.1645977011494257
23375,50'S CHRISTMAS PAPER GIFT BAG,1100.6899999999998,1342,103,85,103,0.010342778986911962,0.8201862891207152
22984,CARD GINGHAM ROSE,1096.09,2693,163,91,163,0.010299554479248775,0.4070144819903453
22997,TRAVEL CARD WALLET UNION JACK,1094.93,2545,222,101,223,0.010288654386011972,0.4302278978388998
22309,TEA COSY RED  STRIPE,1091.05,369,121,48,122,0.010252195453461281,2.9567750677506774
23087,ZINC  HEART T-LIGHT HOLDER,1090.66,868,69,43,69,0.010248530766942012,1.256520737327189
23432,PRETTY HANGING QUILTED HEARTS,1088.36,1276,74,65,74,0.010226918513110417,0.8529467084639497
22785,SQUARECUSHION COVER PINK UNION FLAG,1087.57,245,74,48,74,0.010219495173750868,4.439061224489795
15056bl,EDWARDIAN PARASOL BLACK,1086.88,87,62,0,62,0.010213011497601392,12.492873563218392
21469,POLKA DOT RAFFIA FOOD COVER,1085.32,290,89,57,89,0.010198352751524309,3.7424827586206892
21991,BOHEMIAN COLLAGE STATIONERY SET,1080.82,635,211,80,212,0.01015606790707119,1.7020787401574802
21224,SET/4 SKULL BADGES,1080.0,914,165,58,167,0.010148362668748622,1.1816192560175054
84459B,YELLOW METAL CHICKEN HEART,1079.67,721,91,54,92,0.010145261780155394,1.4974618585298198
23347,I LOVE LONDON BEAKER,1077.3,860,97,51,98,0.01012299176207675,1.252674418604651
22611,VINTAGE UNION JACK SHOPPING BAG,1077.03,225,46,36,47,0.010120454671409563,4.7867999999999995
23102,SILVER HEARTS TABLE DECORATION,1075.03,1274,157,128,159,0.010101661407208177,0.8438226059654631
22245,"HOOK, 1 HANGER ,MAGIC GARDEN",1070.0,1262,98,44,99,0.010054396347741692,0.8478605388272583
51014L,"FEATHER PEN,LIGHT PINK",1069.1399999999999,2059,149,72,150,0.010046315244135092,0.5192520641087907
22123,PING MICROWAVE APRON,1068.3799999999999,508,122,59,123,0.010039173803738565,2.103110236220472
85036C,ROSE 1 WICK MORRIS BOXED CANDLE,1066.8600000000001,742,84,66,87,0.010024890922945515,1.4378167115902967
35648,VINTAGE BEAD PINK PURSE,1066.6599999999999,979,128,40,131,0.010023011596525374,1.0895403472931562
21819,GLITTER CHRISTMAS STAR,1066.65,2470,124,95,133,0.010022917630204369,0.4318421052631579
23331,DECORATIVE WICKER HEART SMALL,1062.28,1596,109,67,114,0.009981854347924339,0.6655889724310777
21288,STRIPEY CHOCOLATE NESTING BOXES,1061.41,355,110,33,110,0.009973679277996738,2.989887323943662
20931,BLUE POT PLANT CANDLE,1060.9,299,68,35,68,0.009968886995625382,3.548160535117057
23033,DRAWER KNOB CERAMIC RED,1058.8999999999999,714,74,42,74,0.009950093731423996,1.4830532212885152
22995,TRAVEL CARD WALLET SUKI,1058.64,2381,266,90,268,0.009947650607077817,0.444619907601848
23516,EMBROIDERED RIBBON REEL SOPHIE,1058.6,296,42,39,44,0.009947274741793787,3.576351351351351
84459A,PINK METAL CHICKEN HEART,1058.18,716,91,50,94,0.009943328156311498,1.477905027932961
22190,LOCAL CAFE MUG,1057.71,676,116,38,117,0.009938911739224171,1.5646597633136095
21391,FRENCH LAVENDER SCENT HEART,1055.59,1069,106,69,108,0.0099189908791707,0.9874555659494855
21464,DISCO BALL ROTATOR BATTERY OPERATED,1055.25,249,105,57,105,0.009915796024256466,4.2379518072289155
21949,SET OF 6 STRAWBERRY CHOPSTICKS,1054.44,801,144,46,145,0.009908184752254906,1.3164044943820226
85035B,CHOCOLATE 3 WICK MORRIS BOX CANDLE,1054.1,619,70,38,70,0.009904989897340668,1.7029079159935379
16016,LARGE CHINESE STYLE SCISSOR,1053.45,1273,65,41,65,0.00989888208647522,0.8275333857030637
22152,PLACE SETTING WHITE STAR,1053.08,2407,105,70,109,0.009895405332597963,0.43750727046115495
23327,HANGING CLEAR MINI BOTTLE,1051.14,1734,41,33,42,0.009877175866322618,0.6061937716262976
16237,SLEEPING CAT ERASERS,1047.93,4991,290,109,294,0.009847012677279393,0.20996393508314967
22066,LOVE HEART TRINKET POT,1044.81,2239,135,99,139,0.009817695185125229,0.46664135774899507
23419,HOME SWEET HOME BOTTLE,1043.72,473,86,56,86,0.009807452856135475,2.206596194503171
22163,HEART STRING MEMO HOLDER HANGING,1042.78,875,122,41,124,0.009798620021960821,1.1917485714285714
85180A,RED HEARTS LIGHT CHAIN,1042.66,503,63,32,64,0.00979749242610874,2.0728827037773363
21508,VINTAGE KID DOLLY CARD,1041.94,2478,213,108,213,0.00979072685099624,0.4204761904761905
22808,SET OF 6 T-LIGHTS EASTER CHICKS,1038.8700000000001,345,75,51,75,0.009761879190447112,3.0112173913043483
79302M,"ART LIGHTS,FUNK MONKEY",1037.54,370,62,26,63,0.00974938166975319,2.804162162162162
21821,GLITTER STAR GARLAND WITH BELLS,1037.05,251,62,35,63,0.00974477732002385,4.131673306772909
22438,BALLOON ART MAKE YOUR OWN FLOWERS,1034.9,1009,98,66,100,0.009724574561007362,1.0256689791873144
23088,ZINC HEART FLOWER T-LIGHT HOLDER,1033.28,795,79,52,79,0.009709352017004238,1.2997232704402515
22402,MAGNETS PACK OF 4 VINTAGE COLLAGE,1033.16,1719,151,107,152,0.009708224421152154,0.6010238510762071
22091,EMPIRE TISSUE BOX,1030.1000000000001,1983,167,97,167,0.009679470726924036,0.5194654563792235
21788,KIDS RAIN MAC BLUE,1029.24,1293,85,59,86,0.009671389623317437,0.7960092807424594
21679,SKULLS  STICKERS,1028.58,1140,138,67,138,0.00966518784613098,0.9022631578947368
20967,GREY FLORAL FELTCRAFT SHOULDER BAG,1027.94,265,83,63,83,0.009659174001586538,3.8790188679245285
22231,JIGSAW TREE WITH BIRDHOUSE,1027.72,998,144,93,147,0.009657106742524384,1.0297795591182366
23545,WRAP RED DOILEY,1025.6,2480,84,76,85,0.009637185882470914,0.41354838709677416
22614,PACK OF 12 SPACEBOY TISSUES,1024.2199999999998,3032,219,132,222,0.009624218530171955,0.3378034300791556
22024,RAINY LADIES BIRTHDAY CARD,1023.73,2406,213,90,213,0.009619614180442618,0.42549044056525354
22679,FRENCH BLUE METAL DOOR SIGN 4,1023.03,740,152,54,152,0.009613036537972132,1.382472972972973
15044C,PURPLE PAPER PARASOL,1022.9900000000001,313,88,43,88,0.009612660672688107,3.2683386581469653
20966,SANDWICH BATH SPONGE,1022.8,719,97,28,97,0.009610875312588973,1.422531293463143
22286,"DECORATION , WOBBLY RABBIT , METAL",1022.4899999999999,1123,115,64,115,0.009607962356637757,0.9104986642920747
21188,3D HEARTS  HONEYCOMB PAPER GARLAND,1021.9000000000001,326,50,27,51,0.00960241834369835,3.134662576687117
23452,HEART MINI PORTRAIT FRAME,1021.76,518,87,69,87,0.009601102815204252,1.9725096525096526
23153,ZINC SWEETHEART WIRE LETTER RACK,1020.69,263,90,67,90,0.00959104841885651,3.8809505703422054
22459,CAST IRON HOOK GARDEN TROWEL,1018.19,386,25,12,25,0.009567556838604777,2.63779792746114
22860,EASTER TIN CHICKS PINK DAISY,1017.7699999999999,589,107,82,107,0.009563610253122485,1.7279626485568758
22673,FRENCH GARDEN SIGN BLUE METAL,1016.08,791,131,85,132,0.009547729944872315,1.284551201011378
21803,CHRISTMAS TREE STAR DECORATION,1016.02,2353,198,46,198,0.009547166146946274,0.4317977050573736
23544,WALL ART MID CENTURY MODERN,1015.78,164,20,17,20,0.009544910955242106,6.193780487804878
85039A,SET/4 RED MINI ROSE CANDLE IN BOWL,1010.6199999999999,704,162,26,162,0.009496424333602529,1.4355397727272725
23107,WHITE WIRE PLANT POT HOLDER,1009.51,359,73,60,73,0.00948599407197076,2.8120055710306406
21617,4 LILY  BOTANICAL DINNER CANDLES,1009.26,525,102,62,104,0.009483644913945587,1.9223999999999999
21354,TOAST ITS - BEST MUM,1007.71,799,95,55,95,0.009469080134189513,1.2612140175219024
23460,SWEETHEART WALL TIDY,1007.0799999999999,108,43,41,43,0.009463160255966076,9.324814814814815
21198,WHITE HEART CONFETTI IN TUBE,1006.8199999999999,1028,71,47,71,0.009460717131619894,0.979396887159533
72816,SET/3 CHRISTMAS DECOUPAGE CANDLES,1005.3199999999999,892,69,26,69,0.009446622183468856,1.1270403587443945
21467,CHERRY CROCHET FOOD COVER,1004.39,264,104,58,104,0.00943788331561521,3.804507575757576
22279,POCKET BAG BLUE PAISLEY RED SPOT,1003.4,831,128,43,130,0.009428580649835525,1.2074608904933815
22098,BOUDOIR SQUARE TISSUE BOX,1001.5500000000001,1992,172,98,178,0.009411196880449243,0.5027861445783133
22695,WICKER WREATH SMALL,1001.49,741,123,82,125,0.009410633082523202,1.3515384615384616
23281,FOLDING BUTTERFLY MIRROR RED,1000.82,1280,101,56,104,0.009404337339015738,0.7818906250000001
23121,PACK OF 6 COCKTAIL PARASOL STRAWS,1000.4399999999999,2501,111,81,116,0.009400766618817473,0.40001599360255896
23533,WALL ART GARDEN HAVEN,998.64,215,36,27,36,0.009383852681036225,4.644837209302326
23517,EMBROIDERED RIBBON REEL REBECCA,996.38,334,63,50,63,0.009362616292488659,2.9831736526946107
22242,5 HOOK HANGER MAGIC TOADSTOOL,994.3799999999999,640,34,23,34,0.009343823028287273,1.5537187499999998
10125,MINI FUNKY DESIGN TAPES,993.99,1295,91,49,93,0.009340158341768004,0.7675598455598456
22069,BROWN  PIRATE TREASURE CHEST,993.5,414,146,26,147,0.009335553992038663,2.3997584541062804
21355,TOAST ITS - I LOVE YOU,992.58,789,120,95,123,0.009326909090506026,1.258022813688213
85232D,SET/3 DECOUPAGE STACKING TINS,992.5200000000001,193,69,45,69,0.009326345292579984,5.14259067357513
84558A,3D DOG PICTURE PLAYING CARDS,987.4100000000001,333,81,49,82,0.009278328502545442,2.9651951951951956
20886,BOX OF 9 PEBBLE CANDLES,986.23,485,103,56,104,0.009267240476666624,2.0334639175257734
35651,VINTAGE BEAD PINK SCARF,985.8399999999999,451,58,29,59,0.009263575790147352,2.1858980044345895
20802,SMALL GLASS SUNDAE DISH CLEAR,984.4699999999999,739,63,40,63,0.009250702404169402,1.3321650879566982
23380,PACK OF 12 VINTAGE DOILY TISSUES,983.5,2344,121,86,123,0.009241587671031731,0.41958191126279865
21648,ASSORTED TUTTI FRUTTI SMALL PURSE,982.79,729,66,26,66,0.009234916062240238,1.3481344307270233
23518,EMBROIDERED RIBBON REEL RACHEL,980.41,361,44,40,44,0.009212552077840589,2.7158171745152355
35471D,SET OF 3 BIRD LIGHT PINK FEATHER,979.11,1848,223,114,231,0.009200336456109688,0.5298214285714286
21948,SET OF 6 CAKE CHOPSTICKS,978.23,640,153,37,155,0.009192067419861078,1.5284843750000001
23514,EMBROIDERED RIBBON REEL SALLY,977.39,478,74,57,74,0.009184174248896495,2.0447489539748953
85064,CREAM SWEETHEART LETTER RACK,976.25,215,30,20,30,0.009173462088301707,4.540697674418604
23512,EMBROIDERED RIBBON REEL ROSIE,975.24,500,57,46,57,0.009163971489880006,1.95048
22681,FRENCH BLUE METAL DOOR SIGN 6,973.15,710,126,45,128,0.009144332528789557,1.3706338028169014
84843,WHITE SOAP RACK WITH 2 BOTTLES,969.8000000000001,172,48,36,49,0.009112853811252236,5.638372093023256
22307,GOLD MUG BONE CHINA TREE OF LIFE,969.64,770,74,53,75,0.009111350350116124,1.2592727272727273
22599,CHRISTMAS MUSICAL ZINC STAR,967.7599999999999,1953,123,58,124,0.009093684681766821,0.4955248335893497
23183,MOTHER'S KITCHEN SPOON REST,967.17,226,84,45,85,0.009088140668827412,4.279513274336283
22500,SET OF 2 TINS JARDIN DE PROVENCE,967.05,248,96,78,96,0.009087013072975329,3.8993951612903226
22857,ASSORTED EASTER GIFT TAGS,965.8599999999999,1145,61,56,61,0.009075831080775504,0.8435458515283842
21058,PARTY INVITES WOODLAND,965.66,1154,122,68,124,0.009073951754355365,0.836793760831889
47504H,ENGLISH ROSE SPIRIT LEVEL,964.38,978,118,68,118,0.009061924065266479,0.9860736196319019
21389,IVORY HANGING DECORATION  BIRD,964.2299999999999,1113,128,81,134,0.009060514570451372,0.8663342318059298
22209,WOOD STAMP SET HAPPY BIRTHDAY,964.2199999999999,945,173,100,174,0.009060420604130367,1.0203386243386243
22246,MAGIC GARDEN FELT GARLAND,962.77,431,90,31,90,0.009046795487584362,2.2338051044083524
22540,MINI JIGSAW CIRCUS PARADE,960.86,2519,91,50,92,0.009028847920272039,0.38144501786423185
22210,WOOD STAMP SET BEST WISHES,958.04,1017,187,117,193,0.009002349417748082,0.9420255653883972
20846,ZINC HEART LATTICE T-LIGHT HOLDER,957.32,716,88,50,89,0.008995583842635584,1.3370391061452516
22994,TRAVEL CARD WALLET RETROSPOT,956.94,2194,218,89,219,0.00899201312243732,0.4361622607110301
20733,GOLD MINI TAPE MEASURE,956.36,1234,205,30,206,0.008986563075818918,0.7750081037277148
70007,HI TEC ALPINE HAND WARMER,956.36,841,107,46,108,0.008986563075818918,1.1371700356718193
84913A,SOFT PINK ROSE TOWEL,952.83,273,124,10,124,0.008953392964503473,3.4902197802197805
84819,DANISH ROSE ROUND SEWING BOX,951.79,811,62,56,62,0.008943620467118751,1.173600493218249
84509G,SET OF 4 FAIRY CAKE PLACEMATS,950.49,517,66,42,66,0.00893140484538785,1.8384719535783365
22262,FELT EGG COSY CHICKEN,950.4599999999999,1023,137,62,142,0.008931122946424829,0.929090909090909
84596G,SMALL CHOCOLATES PINK BOWL,949.0799999999999,1855,245,84,247,0.008918155594125872,0.5116334231805929
21683,MEDIUM MEDINA STAMPED METAL BOWL,948.7000000000002,310,58,39,58,0.00891458487392761,3.060322580645162
23540,WALL ART THE MAGIC FOREST,947.0600000000001,150,14,9,14,0.008899174397282474,6.313733333333333
21717,EASTER TIN BUCKET,946.93,408,41,34,41,0.008897952835109382,2.320906862745098
15044B,BLUE PAPER PARASOL,946.83,321,60,36,60,0.008897013171899313,2.9496261682242992
47593B,SCOTTIE DOGS BABY BIB,946.13,1987,245,68,247,0.008890435529428828,0.47616004026170106
22270,HAPPY EASTER HANGING DECORATION,942.1999999999999,243,53,35,55,0.008853506765273102,3.8773662551440324
22132,RED LOVE HEART SHAPE CUP,939.03,1038,154,60,154,0.008823719441513906,0.9046531791907514
35646,VINTAGE BEAD PINK EVENING BAG,937.25,619,94,32,96,0.008806993436374672,1.514135702746365
23178,JAM CLOCK MAGNET,936.89,327,68,50,68,0.008803610648818423,2.8651070336391435
21462,"NURSERY A,B,C PAINTED LETTERS",932.4,198,73,57,73,0.008761419770686311,4.709090909090909
22893,MINI CAKE STAND T-LIGHT HOLDER,931.02,1872,142,45,143,0.008748452418387355,0.4973397435897436
21682,LARGE MEDINA STAMPED METAL BOWL,930.96,182,55,42,55,0.008747888620461313,5.115164835164835
23179,CLOCK MAGNET MUM'S KITCHEN,930.48,324,53,36,53,0.00874337823705298,2.871851851851852
22281,EASTER TREE YELLOW BIRDS,929.44,131,63,35,63,0.008733605739668259,7.0949618320610695
22046,TEA PARTY  WRAPPING PAPER,929.0,2250,75,62,75,0.008729471221543952,0.4128888888888889
23099,FRENCH CARRIAGE LANTERN,925.35,137,58,46,59,0.008695173514376424,6.754379562043796
85103,SILVER T-LIGHT SETTING,924.29,143,28,6,28,0.00868521308434969,6.463566433566434
22701,PINK DOG BOWL,922.89,549,115,39,116,0.008672057799408718,1.6810382513661202
20686,DOLLY MIXTURE CHILDREN'S UMBRELLA,922.67,267,77,51,77,0.008669990540346565,3.455692883895131
17091J,VANILLA INCENSE IN TIN,920.67,2084,95,66,99,0.008651197276145179,0.44178023032629554
20752,BLUE POLKADOT WASHING UP GLOVES,920.45,407,148,91,148,0.008649130017083027,2.2615479115479116
85114C,RED ENCHANTED FOREST PLACEMAT,920.2199999999999,516,75,37,78,0.008646968791699867,1.7833720930232557
21802,CHRISTMAS TREE HEART DECORATION,919.14,2122,180,45,182,0.008636820429031118,0.43314797360980206
72799E,IVORY PILLAR CANDLE SILVER FLOCK,916.9900000000001,451,76,43,77,0.008616617670014629,2.033237250554324
21786,POLKADOT RAIN HAT,916.99,1937,226,55,231,0.008616617670014629,0.47340733092410947
23338,EGG FRYING PAN RED,915.4000000000001,431,109,62,109,0.008601677024974528,2.123897911832947
23002,TRAVEL CARD WALLET SKULLS,914.37,2119,192,85,194,0.008591998493910813,0.4315101462954224
85034A,3 GARDENIA MORRIS BOXED CANDLES,911.4,498,74,58,80,0.008564090496571754,1.8301204819277108
82001s,VINYL RECORD FRAME SILVER,910.12,122,27,0,27,0.008552062807482868,7.46
23413,VINTAGE COFFEE GRINDER BOX,909.3100000000001,173,58,34,58,0.008544451535481305,5.2561271676300585
22103,MIRROR MOSAIC T-LIGHT HOLDER ROUND,908.24,1248,26,12,26,0.008534397139133565,0.7277564102564102
37501,TEA TIME TEA SET IN GIFT BOX,906.83,133,49,28,49,0.008521147887871587,6.818270676691729
22519,CHILDS GARDEN BRUSH PINK,906.7500000000001,411,88,53,88,0.00852039615730353,2.206204379562044
84519A,TOMATO CHARLIE+LOLA COASTER SET,905.55,512,88,45,88,0.008509120198782697,1.76865234375
23004,TRAVEL CARD WALLET PANTRY,903.16,2002,221,73,224,0.008486662248062042,0.4511288711288711
85114B,IVORY ENCHANTED FOREST PLACEMAT,902.49,477,77,36,77,0.008480366504554578,1.8920125786163522
21894,POTTING SHED SEED ENVELOPES,902.08,592,130,57,131,0.008476513885393295,1.5237837837837838
23532,WALL ART WORK REST AND PLAY,901.58,210,31,23,31,0.008471815569342947,4.293238095238095
85131A,BEADED PEARL HEART WHITE ON STICK,901.48,996,119,19,119,0.008470875906132878,0.9051004016064257
85185B,PINK HORSE SOCK PUPPET,900.3900000000001,297,71,51,74,0.008460633577143124,3.031616161616162
22106,MIRROR MOSAIC HURRICANE LAMP,898.38,349,47,9,47,0.008441746346620729,2.5741547277936965
21465,PINK FLOWER CROCHET FOOD COVER,897.8,237,79,55,79,0.008436296300002326,3.7881856540084384
22277,COSMETIC BAG VINTAGE ROSE PAISLEY,897.74,417,100,54,100,0.008435732502076286,2.152853717026379
22682,FRENCH BLUE METAL DOOR SIGN 7,896.75,677,113,52,114,0.008426429836296599,1.3245937961595273
23502,PLAYING CARDS VINTAGE DOILEY,896.41,714,94,80,95,0.008423234981382364,1.2554761904761904
21631,HIPPY CHIC DECORATIVE PARASOL,896.01,169,27,15,27,0.008419476328542086,5.301834319526627
22936,BAKING MOULD ROSE WHITE CHOCOLATE,895.97,279,50,30,52,0.008419100463258057,3.211362007168459
22719,GUMBALL MONOCHROME COAT RACK,895.72,620,109,25,110,0.008416751305232884,1.4447096774193549
21633,SUNFLOWER DECORATIVE PARASOL,895.46,125,42,13,42,0.008414308180886705,7.16368
22761,CHEST 7 DRAWER MA CAMPAGNE,895.38,36,26,21,26,0.00841355645031865,24.871666666666666
22118,JOY WOODEN BLOCK LETTERS,895.26,230,89,67,89,0.008412428854466565,3.892434782608696
23472,NINE DRAWER OFFICE TIDY,894.42,58,33,29,33,0.008404535683501984,15.42103448275862
84823,DANISH ROSE FOLDING CHAIR,890.4000000000001,112,25,25,25,0.008366761222457199,7.950000000000001
22251,BIRDHOUSE DECORATION MAGIC GARDEN,889.49,712,137,66,139,0.008358210287245567,1.2492837078651686
21189,WHITE HONEYCOMB PAPER GARLAND,888.67,355,72,27,73,0.008350505048922999,2.503295774647887
22814,CARD PARTY GAMES,888.47,2129,235,75,235,0.00834862572250286,0.4173179896665101
21199,PINK  HEART CONFETTI IN TUBE,888.3299999999999,966,78,45,79,0.008347310194008762,0.9195962732919254
84536B,FAIRY CAKES NOTEBOOK A7 SIZE,888.14,2102,178,74,179,0.00834552483390963,0.42252140818268313
21743,STAR PORTABLE TABLE LIGHT,887.6500000000001,299,49,28,49,0.008340920484180291,2.968729096989967
21209,MULTICOLOUR HONEYCOMB FAN,886.24,1224,89,48,89,0.008327671232918315,0.7240522875816994
22524,CHILDRENS GARDEN GLOVES BLUE,883.1999999999999,642,81,55,82,0.008299105471332205,1.375700934579439
46776F,WOVEN ROSE GARDEN CUSHION COVER,883.12,210,89,6,89,0.008298353740764151,4.205333333333333
85176,SEWING SUSAN 21 NEEDLE SET,880.4699999999999,918,172,50,172,0.008273452665697314,0.9591176470588234
22317,FIVE CATS HANGING DECORATION,879.6700000000001,286,89,35,89,0.00826593536001676,3.075769230769231
84997a,GREEN 3 PIECE POLKADOT CUTLERY SET,878.7399999999999,106,65,0,65,0.008257196492163114,8.29
84030e,ENGLISH ROSE HOT WATER BOTTLE,877.76,108,41,0,44,0.008247987792704435,8.127407407407407
22308,TEA COSY BLUE STRIPE,877.38,250,105,27,105,0.008244417072506172,3.50952
23423,PANTRY 3 HOOK ROLLING PIN HANGER,876.9,219,66,47,66,0.00823990668909784,4.004109589041096
22343,PARTY PIZZA DISH RED RETROSPOT,873.3299999999999,1974,94,48,94,0.008206360712498365,0.4424164133738601
22565,FELTCRAFT HAIRBANDS PINK AND WHITE,872.67,933,148,85,149,0.008200158935311907,0.9353376205787781
23479,WIRE EGG BASKET,872.38,113,44,35,44,0.008197433912002706,7.720176991150442
22683,FRENCH BLUE METAL DOOR SIGN 8,871.49,644,119,54,120,0.00818907090943309,1.3532453416149068
21399,BLUE POLKADOT COFFEE MUG,869.6099999999999,2054,71,50,71,0.008171405241083786,0.4233739045764362
23220,REINDEER HEART DECORATION GOLD,869.15,993,103,55,104,0.008167082790317467,0.8752769385699899
85049H,URBAN BLACK RIBBONS,869.1,848,184,58,187,0.008166612958712433,1.024882075471698
21204,DAISIES  HONEYCOMB GARLAND,868.4399999999999,499,85,44,85,0.008160411181525974,1.7403607214428856
21708,FOLDING UMBRELLA CREAM POLKADOT,863.11,190,64,28,64,0.008110327132429282,4.542684210526316
22321,BIRD DECORATION RED RETROSPOT,860.93,893,132,45,132,0.00808984247444977,0.964087346024636
84849D,HOT BATHS SOAP HOLDER,859.0,494,114,64,115,0.008071706974495432,1.7388663967611335
21880,RED RETROSPOT TAPE,858.7800000000001,1903,240,84,241,0.00806963971543328,0.4512769311613243
21695,SMALL SILVER FLOWER CANDLE POT,857.6800000000001,284,41,35,41,0.008059303420122517,3.02
22068,BLACK PIRATE TREASURE CHEST,856.39,526,143,56,144,0.008047181764712624,1.6281178707224335
85135C,RED DRAGONFLY HELICOPTER,856.38,106,67,41,68,0.008047087798391615,8.079056603773585
21823,PAINTED METAL HEART WITH HOLLY BELL,854.3499999999999,1372,97,61,104,0.008028012635227209,0.622704081632653
85183A,CHARLIE & LOLA WASTEPAPER BIN BLUE,852.04,667,86,60,88,0.008006306415074608,1.2774212893553223
84535B,FAIRY CAKES NOTEBOOK A6 SIZE,850.2,1332,155,80,156,0.007989016612009334,0.6382882882882883
84006,MAGIC TREE -PAPER FLOWERS,848.6999999999999,918,105,46,105,0.00797492166385829,0.9245098039215686
22706,WRAP COWBOYS,847.94,2057,71,64,71,0.007967780223461765,0.41222168206125426
22105,MIRROR MOSAIC GOBLET CANDLE HOLDER,847.82,574,33,9,33,0.007966652627609682,1.4770383275261325
21359,RELAX LARGE WOOD LETTERS,844.28,129,29,22,29,0.007933388549973228,6.544806201550387
22537,MAGIC DRAWING SLATE DINOSAUR,844.0,1929,171,115,173,0.007930757492985035,0.43753240020736134
23564,EGG CUP MILKMAID INGRID,841.31,644,76,39,76,0.007905480552634169,1.3063819875776397
22162,HEART GARLAND RUSTIC PADDED,841.24,264,91,21,92,0.007904822788387122,3.1865151515151515
20839,FRENCH PAISLEY CUSHION COVER,840.4399999999999,575,105,44,105,0.007897305482706566,1.4616347826086955
21694,SMALL REGAL  SILVER CANDLEPOT,840.33,307,24,18,24,0.00789627185317549,2.7372312703583064
37327,ASSTD MULTICOLOUR CIRCLES MUG,840.0799999999999,1578,81,36,83,0.007893922695150317,0.5323700887198985
15034,PAPER POCKET TRAVELING FAN,840.0200000000001,6591,138,70,138,0.007893358897224275,0.12744955241996664
23551,PACK OF 12 PAISLEY PARK TISSUES,839.8399999999999,1840,136,88,138,0.00789166750344615,0.45643478260869563
22276,WASH BAG VINTAGE ROSE PAISLEY,838.86,290,85,53,85,0.007882458803987472,2.8926206896551725
22254,FELT TOADSTOOL LARGE,836.8000000000001,657,61,33,61,0.007863101741860045,1.273668188736682
22102,MIRROR MOSAIC T-LIGHT HOLDER,831.84,1622,31,13,31,0.007816494446640607,0.5128483353884093
22217,T-LIGHT HOLDER HANGING LACE,831.26,839,82,63,82,0.0078110444000222025,0.9907747318235995
21125,SET 6 FOOTBALL CELEBRATION CANDLES,830.98,657,103,59,104,0.007808413343034009,1.2648097412480974
21642,ASSORTED TUTTI FRUTTI PEN,830.7299999999999,2471,101,79,103,0.007806064185008834,0.3361918251719951
22587,FELTCRAFT HAIRBAND RED AND BLUE,830.52,918,161,103,162,0.00780409089226769,0.9047058823529411
21804,WHITE CHRISTMAS GARLAND STARS TREES,830.03,225,65,37,66,0.007799486542538351,3.689022222222222
20986,BLUE CALCULATOR RULER,829.74,654,113,40,116,0.00779676151922915,1.2687155963302752
22341,LOVE GARLAND PAINTED ZINC,827.6299999999999,453,78,37,78,0.007776934625496686,1.826997792494481
22862,LOVE HEART NAPKIN BOX,826.95,171,66,42,68,0.007770544915668216,4.835964912280702
23017,APOTHECARY MEASURING JAR,826.28,67,22,20,22,0.007764249172160751,12.332537313432836
21294,ETCHED GLASS COASTER,825.49,1618,71,46,73,0.007756825832801204,0.5101915945611867
85194L,HANGING SPRING FLOWER EGG LARGE,822.89,947,73,52,73,0.007732394589339401,0.8689440337909187
22093,MOTORING TISSUE BOX,822.13,1830,160,114,162,0.007725253148942875,0.4492513661202186
72818,CHRISTMAS DECOUPAGE CANDLE,821.98,1845,76,51,78,0.007723843654127772,0.4455176151761518
21905,MORE BUTTER METAL SIGN,821.61,760,160,84,160,0.007720366900250514,1.0810657894736841
21291,SMALL POLKADOT CHOCOLATE GIFT BAG,819.64,943,52,32,52,0.007701855535012148,0.8691834570519618
23186,FRENCH STYLE STORAGE JAR CAFE,819.4599999999999,1982,70,57,71,0.007700164141234023,0.41345105953582234
23324,RUSTIC STRAWBERRY JAMPOT LARGE,816.0400000000001,399,44,38,44,0.007668027659449654,2.045213032581454
23106,ZINC HEARTS PLANT POT HOLDER,815.59,291,53,49,53,0.007663799175004342,2.8027147766323024
85169A,IVORY LOVE BIRD CANDLE,813.02,812,88,44,89,0.00763964983050556,1.001256157635468
22249,DECORATION WHITE CHICK MAGIC GARDEN,812.86,928,145,73,148,0.00763814636936945,0.875926724137931
85049a,TRADITIONAL CHRISTMAS RIBBONS,812.84,244,36,0,36,0.007637958436727436,3.3313114754098363
79191C,RETRO PLASTIC ELEPHANT TRAY,812.53,1105,65,57,65,0.00763504548077622,0.7353212669683258
23022,SMALL BONNE JAM JAR  T-LIGHT HOLDER,808.16,422,22,19,24,0.007593982198496192,1.9150710900473933
84509B,SET OF 4 FAIRY CAKE PLACEMATS,806.04,217,79,37,80,0.007574061338442721,3.714470046082949
21789,KIDS RAIN MAC PINK,803.65,925,92,55,93,0.007551603387722065,0.8688108108108108
22268,EASTER DECORATION SITTING BUNNY,802.34,2009,158,73,162,0.007539293799670158,0.3993728222996516
23409,PHOTO FRAME LINEN AND LACE LARGE,801.6800000000001,215,43,39,43,0.007533092022483701,3.728744186046512
22099,CARAVAN SQUARE TISSUE BOX,800.59,1440,153,96,158,0.0075228496934939436,0.5559652777777778
22546,MINI JIGSAW PURDEY,799.9799999999999,2103,86,50,86,0.00751711774791252,0.38039942938659055
85170D,SET/6 PINK BIRD T-LIGHT CANDLES,796.99,451,100,30,100,0.0074890218179314485,1.7671618625277161
79160,HEART SHAPE WIRELESS DOORBELL,795.83,444,49,30,52,0.007478121724694645,1.79240990990991
23487,SWEET HEART CAKE CARRIER,795.5799999999999,80,44,41,44,0.00747577256666947,9.944749999999999
85173,SET/6 FROG PRINCE T-LIGHT CANDLES,795.02,479,86,40,87,0.007470510452693082,1.6597494780793318
23521,CAT AND BIRD WALL ART,793.37,413,44,21,44,0.007455006009726939,1.9209927360774819
21162,TOXIC AREA  DOOR HANGER,792.98,1462,162,98,164,0.007451341323207668,0.5423939808481533
23519,EMBROIDERED RIBBON REEL CLAIRE,792.31,224,24,18,24,0.007445045579700204,3.537098214285714
22705,WRAP GREEN PEARS,790.86,1883,77,61,77,0.0074314204631542,0.42
23335,EGG FRYING PAN IVORY,790.7800000000001,377,96,62,97,0.007430668732586144,2.097559681697613
22566,FELTCRAFT HAIRBAND PINK AND PURPLE,789.78,873,150,94,153,0.007421272100485451,0.9046735395189003
23568,EGG CUP HENRIETTA HEN CREAM,787.52,630,48,24,48,0.007400035711937884,1.250031746031746
22340,NOEL GARLAND PAINTED ZINC,787.2099999999999,1398,128,53,128,0.007397122755986669,0.5630972818311873
21680,WOODLAND  STICKERS,786.31,868,103,43,103,0.0073886657870960454,0.9058870967741934
85163B,BLACK BAROQUE WALL CLOCK,783.68,84,36,10,36,0.007363952644671223,9.32952380952381
22518,CHILDS GARDEN BRUSH BLUE,783.5400000000001,363,81,44,81,0.007362637116177125,2.1585123966942152
84660A,WHITE STITCHED WALL CLOCK,783.45,843,42,30,42,0.007361791419288064,0.9293594306049823
85159A,"BLACK TEA,COFFEE,SUGAR JARS",783.3499999999999,453,47,38,47,0.007360851756077993,1.72924944812362
85035A,GARDENIA 3 WICK MORRIS BOXED CANDLE,782.3,276,81,59,84,0.007350985292372266,2.834420289855072
21158,MOODY GIRL DOOR HANGER,781.87,1469,170,103,175,0.007346944740568968,0.5322464261402314
22685,FRENCH BLUE METAL DOOR SIGN 0,780.8,594,99,49,99,0.007336890344221226,1.3144781144781144
21504,SKULLS GREETING CARD,778.89,1891,115,74,115,0.007318942776908903,0.4118931782125859
22228,BUNNY WOODEN PAINTED WITH BIRD,777.78,1000,147,81,147,0.007308512515277132,0.77778
21983,PACK OF 12 BLUE PAISLEY TISSUES,777.67,2301,155,98,155,0.007307478885746056,0.33797044763146455
85231B,CINAMMON SET OF 9 T-LIGHTS,777.5799999999999,868,151,74,154,0.007306633188856994,0.8958294930875575
21272,SALLE DE BAIN HOOK,777.5699999999999,548,103,49,105,0.007306539222535986,1.4189233576642335
85032A,ROMANTIC IMAGES GIFT WRAP SET,776.49,789,135,82,135,0.007296390859867239,0.9841444866920153
22422,TOOTHPASTE TUBE PEN,776.1,1273,205,53,208,0.007292726173347968,0.6096622152395915
84509a,SET OF 4 ENGLISH ROSE PLACEMATS,775.84,104,68,0,68,0.007290283049001789,7.46
22451,SILK PURSE BABUSHKA RED,775.8000000000001,222,51,35,51,0.0072899071837177615,3.494594594594595
84279B,CHERRY BLOSSOM DECORATIVE FLASK,774.7,192,69,48,69,0.007279570888406998,4.034895833333334
22586,FELTCRAFT HAIRBAND PINK AND BLUE,774.55,856,161,100,162,0.007278161393591893,0.9048481308411215
84519B,CARROT CHARLIE+LOLA COASTER SET,773.3,471,126,63,127,0.007266415603466027,1.6418259023354564
21084,SET/6 COLLAGE PAPER CUPS,773.14,2610,181,90,184,0.007264912142329916,0.2962222222222222
22522,CHILDS GARDEN FORK BLUE,772.59,930,128,100,130,0.007259743994674536,0.830741935483871
21927,BLUE/CREAM STRIPE CUSHION COVER,771.15,623,99,41,100,0.0072462128444495365,1.2378009630818618
22133,PINK LOVE HEART SHAPE CUP,770.73,816,133,41,133,0.007242266258967247,0.9445220588235295
84609,TALL ROCOCO CANDLE HOLDER,770.59,93,20,16,20,0.00724095073047315,8.285913978494625
23115,RED APPLES CHOPPING BOARD,770.32,152,45,38,45,0.0072384136398059625,5.0678947368421055
21530,DAIRY MAID TOASTRACK,769.57,777,104,64,105,0.007231366165730443,0.9904375804375805
21618,4 WILDFLOWER BOTANICAL CANDLES,768.37,404,91,48,97,0.007220090207209611,1.9019059405940595
23140,TRIPLE WIRE HOOK IVORY HEART,766.1,182,52,29,52,0.007198759852341037,4.2093406593406595
22786,CUSHION COVER PINK UNION JACK,764.63,123,47,31,47,0.007184946803153018,6.216504065040651
21707,FOLDING UMBRELLA BLACKBLUE POLKADOT,763.6600000000001,160,74,44,74,0.007175832070015346,4.772875000000001
23550,WRAP ALPHABET POSTER,763.1,1855,64,60,64,0.007170569956038958,0.4113746630727763
23006,TRAVEL CARD WALLET FLOWER MEADOW,762.75,1758,173,88,173,0.007167281134803715,0.43387372013651876
23458,DOLLY CABINET 3 DRAWERS,762.4499999999999,51,30,30,30,0.007164462145173507,14.95
22252,BIRDCAGE DECORATION TEALIGHT HOLDER,761.57,643,67,48,69,0.007156193108924897,1.1844012441679628
22025,RING OF ROSES BIRTHDAY CARD,761.05,1835,130,73,131,0.007151306860232535,0.4147411444141689
23025,DRAWER KNOB VINTAGE GLASS BALL,760.8000000000001,350,54,40,54,0.007148957702207363,2.173714285714286
85130B,BEADED CRYSTAL HEART GREEN LARGE,760.4300000000001,834,62,44,62,0.007145480948330106,0.9117865707434053
85125,SMALL ROUND CUT GLASS CANDLESTICK,760.39,161,33,14,33,0.007145105083046079,4.722919254658385
17084R,ASSORTED INCENSE PACK,760.3199999999999,4032,27,16,27,0.00714444731879903,0.18857142857142856
21287,SCENTED VELVET LOUNGE CANDLE,760.15,1790,55,47,55,0.0071428498913419115,0.42466480446927374
10002,INFLATABLE POLITICAL GLOBE,759.89,860,71,40,71,0.007140406766995732,0.8835930232558139
23123,COCKTAIL SWORDS 50 PIECES,759.5699999999999,935,95,64,95,0.00713739984472351,0.8123743315508021
22753,SMALL YELLOW BABUSHKA NOTEBOOK,758.13,1010,217,98,219,0.007123868694498512,0.7506237623762376
23282,FOLDING BUTTERFLY MIRROR IVORY,757.86,812,135,67,137,0.007121331603831325,0.9333251231527093
22454,MEASURING TAPE BABUSHKA RED,757.0200000000001,266,41,31,42,0.007113438432866743,2.8459398496240604
22480,RED TEA TOWEL CLASSIC DESIGN,755.96,630,73,57,73,0.007103478002840008,1.199936507936508
84913B,MINT GREEN ROSE TOWEL,754.07,196,86,19,86,0.007085718368169698,3.8472959183673474
22336,DOVE DECORATION PAINTED ZINC,754.0300000000001,2381,79,47,82,0.007085342502885671,0.31668626627467455
23124,18PC WOODEN CUTLERY SET DISPOSABLE,751.38,567,43,23,43,0.007060441427818834,1.3251851851851852
21383,PACK OF 12 STICKY BUNNIES,751.28,991,167,75,169,0.007059501764608764,0.7581029263370332
20748,KENSINGTON COFFEE SET,751.17,57,34,26,34,0.007058468135077687,13.178421052631577
22523,CHILDS GARDEN FORK PINK,750.81,864,135,98,135,0.007055085347521438,0.8689930555555555
23223,CHRISTMAS TREE HANGING SILVER,750.1899999999999,801,88,51,89,0.007049259435619008,0.9365667915106116
21126,SET OF 6 GIRLS CELEBRATION CANDLES,748.95,592,126,57,127,0.007037607611814148,1.2651182432432433
22495,SET OF 2 ROUND TINS CAMEMBERT,748.82,282,98,60,98,0.007036386049641059,2.655390070921986
84763,ZINC FINISH 15CM PLANTER POTS,748.34,601,57,39,57,0.007031875666232726,1.2451580698835274
22322,BIRD DECORATION GREEN POLKADOT,747.81,820,139,30,139,0.007026895451219358,0.9119634146341463
22481,BLACK TEA TOWEL CLASSIC DESIGN,747.3,825,128,68,130,0.007022103168848005,0.9058181818181817
21215,IVORY PAPER CUP CAKE CASES,744.35,1087,124,51,126,0.00699438310415096,0.6847746090156394
22258,FELT FARM ANIMAL RABBIT,743.89,912,77,35,77,0.006990060653384642,0.8156688596491228
21643,ASSORTED TUTTI FRUTTI MIRROR,743.31,550,60,27,60,0.006984610606766239,1.3514727272727272
22316,200 BENDY SKULL STRAWS,742.37,660,55,28,55,0.006975777772591587,1.1248030303030303
23325,RUSTIC STRAWBERRY JAMPOT SMALL,740.9399999999999,462,35,27,35,0.006962340588687595,1.6037662337662337
85212,MINI PAINTED GARDEN DECORATION,740.15,2451,79,60,79,0.006954917249328049,0.3019787841697266
85032B,BLOSSOM IMAGES GIFT WRAP SET,739.99,786,133,84,133,0.006953413788191938,0.9414631043256998
23114,VINTAGE LEAF CHOPPING BOARD,737.95,149,45,40,45,0.006934244658706525,4.95268456375839
21677,HEARTS  STICKERS,737.8399999999999,835,119,62,119,0.006933211029175447,0.8836407185628742
22264,FELT FARM ANIMAL WHITE BUNNY,736.98,1561,96,38,98,0.006925129925568851,0.4721204356181935
22393,PAPERWEIGHT VINTAGE COLLAGE,736.88,510,71,43,71,0.0069241902623587825,1.4448627450980391
79030G,"TUMBLER, NEW ENGLAND",733.49,1403,67,44,67,0.006892335679537433,0.5228011404133999
84660B,BLACK STITCHED WALL CLOCK,733.28,707,40,20,40,0.0068903623867962865,1.037171145685997
23454,SET OF 3 MINI HANGING PORTRAITS,733.2,174,52,41,55,0.0068896106562282315,4.2137931034482765
23435,3 RAFFIA RIBBONS VINTAGE CHRISTMAS,732.4200000000001,824,99,40,99,0.006882281283189691,0.888859223300971
22097,SWALLOW SQUARE TISSUE BOX,732.39,1596,145,103,153,0.006881999384226669,0.458890977443609
22250,DECORATION  BUTTERFLY  MAGIC GARDEN,730.9499999999999,819,147,57,148,0.0068684682340016704,0.8924908424908424
21398,RED POLKADOT COFFEE  MUG,729.6,1532,63,43,63,0.0068557827806657355,0.47624020887728463
22856,ASSORTED EASTER DECORATIONS  BELLS,729.57,569,27,21,27,0.006855500881702716,1.2821968365553604
22400,MAGNETS PACK OF 4 HOME SWEET HOME,729.09,1393,150,112,152,0.006850990498294383,0.5233955491744436
23522,DOG AND BALL WALL ART,727.4399999999999,354,32,20,32,0.006835486055328238,2.054915254237288
20996,JAZZ HEARTS ADDRESS BOOK,726.8900000000001,3191,225,124,226,0.0068303179076728586,0.22779379504857414
22684,FRENCH BLUE METAL DOOR SIGN 9,726.07,531,98,41,100,0.006822612669350289,1.3673634651600755
84754,S/15 SILVER GLASS BAUBLES IN BAG,725.52,558,62,35,63,0.006817444521694907,1.300215053763441
21883,STARS GIFT TAPE,725.4200000000001,1653,133,82,133,0.006816504858484839,0.4388505747126437
90200D,PINK SWEETHEART BRACELET,725.32,175,78,21,78,0.00681556519527477,4.144685714285715
85131D,BEADED CRYSTAL HEART PINK ON STICK,725.26,850,206,5,206,0.006815001397348727,0.8532470588235294
23562,SET OF 6 RIBBONS PERFECTLY PRETTY,724.59,251,43,37,43,0.006808705653841264,2.886812749003984
22821,GIFT BAG PSYCHEDELIC APPLES,722.6700000000001,1171,139,52,139,0.006790664120207933,0.6171391972672929
72803A,ROSE SCENT CANDLE JEWELLED DRAWER,722.47,529,41,30,41,0.006788784793787793,1.3657277882797731
46775D,SUNSET COLOUR CHUNKY KNITTED THROW,720.93,60,39,12,39,0.006774313980352725,12.0155
79067,CORONA MEXICAN TRAY,719.69,172,38,16,38,0.0067626621565478676,4.184244186046512
21822,GLITTER CHRISTMAS TREE WITH BELLS,719.3,698,97,45,101,0.006758997470028596,1.0305157593123209
85032C,CURIOUS IMAGES GIFT WRAP SET,718.5400000000001,683,140,72,141,0.006751856029632071,1.0520351390922402
23222,CHRISTMAS TREE HANGING GOLD,718.53,799,75,49,77,0.006751762063311062,0.8992866082603254
21630,FLOOR CUSHION ELEPHANT CARNIVAL,718.14,69,35,13,35,0.006748097376791791,10.407826086956522
22718,CARD CAT AND TREE,717.23,1633,168,70,168,0.006739546441580162,0.439210042865891
21775,DECORATIVE FLORE BATHROOM BOTTLE,716.86,515,139,34,139,0.006736069687702906,1.3919611650485437
22287,"DECORATION , WOBBLY CHICKEN, METAL",716.8599999999999,794,80,51,80,0.006736069687702904,0.9028463476070527
22201,FRYING PAN BLUE POLKADOT,716.8,193,87,29,87,0.006735505889776863,3.713989637305699
85036A,GARDENIA 1 WICK MORRIS BOXED CANDLE,714.35,211,60,48,64,0.006712484141130165,3.3855450236966824
22026,BANQUET BIRTHDAY  CARD,712.08,1644,160,71,160,0.006691153786261592,0.4331386861313869
23042,PAPER LANTERN 7 POINT SNOW STAR,711.51,103,28,25,28,0.006685797705964196,6.9078640776699025
84817,DANISH ROSE DECORATIVE PLATE,710.64,951,55,48,56,0.0066776226360365926,0.7472555205047319
84581,DOG TOY WITH PINK CROCHET SKIRT,709.71,187,90,60,90,0.00666888376818295,3.79524064171123
20866,BLUE ROSE FABRIC MIRROR,709.7,597,90,34,90,0.006668789801861942,1.1887772194304858
23070,EDWARDIAN HEART PHOTO FRAME,709.5400000000001,160,44,29,44,0.006667286340725832,4.4346250000000005
21289,LARGE STRIPES CHOCOLATE GIFT BAG,708.75,567,49,19,49,0.006659863001366284,1.25
21143,ANTIQUE GLASS HEART DECORATION,707.23,327,36,26,38,0.006645580120573229,2.162782874617737
21636,MADRAS NOTEBOOK MEDIUM,705.16,913,73,60,75,0.0066261290921247945,0.772354874041621
22514,CHILDS GARDEN SPADE BLUE,704.45,302,99,61,99,0.006619457483333303,2.3326158940397352
22981,PANTRY APPLE CORER,704.13,471,105,58,108,0.006616450561061081,1.494968152866242
21356,TOAST ITS - FAIRY FLOWER,703.3,642,151,37,152,0.006608651356417505,1.0954828660436136
21739,COSY SLIPPER SHOES SMALL GREEN,703.08,254,111,38,111,0.006606584097355353,2.768031496062992
21106,CREAM SLICE FLANNEL CHOCOLATE SPOT,702.51,237,53,30,54,0.006601228017057958,2.9641772151898733
21476,STEEL SWEETHEART ROUND TABLE CREAM,699.63,41,24,14,24,0.006574165716607962,17.064146341463413
21208,PASTEL COLOUR HONEYCOMB FAN,697.77,940,83,50,84,0.006556687980900673,0.7423085106382978
20704,MR ROBOT SOFT TOY,697.7,216,44,38,44,0.006556030216653625,3.2300925925925927
79164,BLACK WINE GLASS,697.62,1666,19,12,20,0.006555278486085568,0.4187394957983193
85078,SCANDINAVIAN 3 HEARTS NAPKIN RING,696.8,1932,124,46,124,0.006547573247763,0.36066252587991715
16235,RECYCLED PENCIL WITH RABBIT ERASER,695.4,3068,168,68,168,0.0065344179628220285,0.22666232073011733
84707A,SILVER JEWELLED MIRROR TRINKET TRAY,695.23,95,45,21,45,0.006532820535364912,7.31821052631579
23187,FRENCH STYLE STORAGE JAR BONBONS,695.06,2338,74,66,75,0.006531223107907794,0.2972882805816937
85049D,BRIGHT BLUES RIBBONS,694.99,547,107,85,109,0.006530565343660745,1.2705484460694698
21066,VINTAGE RED MUG,693.47,702,54,32,54,0.006516282462867692,0.9878490028490029
84660C,PINK STITCHED WALL CLOCK,693.32,661,45,20,45,0.006514872968052589,1.0488956127080182
21650,ASSORTED TUTTI FRUTTI BRACELET,692.85,2550,132,48,139,0.006510456550965262,0.2717058823529412
35923,CANDY HEART HANGING DECORATION,690.52,1318,62,30,63,0.006488562398170647,0.5239150227617603
16225,RATTLE SNAKE EGGS,689.35,813,102,57,102,0.006477568338612835,0.8479089790897909
79066K,RETRO MOD TRAY,689.34,783,146,69,146,0.00647747437229183,0.8803831417624521
22403,MAGNETS PACK OF 4 VINTAGE LABELS,689.28,1322,125,72,125,0.0064769105743657865,0.5213918305597579
22324,BLUE POLKADOT KIDS BAG,688.3,286,74,20,75,0.006467701874907108,2.4066433566433565
20902,VINTAGE KEEPSAKE BOX PARIS DAYS,686.86,112,56,6,56,0.00645417072468211,6.132678571428571
85071B,RED CHARLIE+LOLA PERSONAL DOORSIGN,684.62,1290,125,88,127,0.006433122268776557,0.5307131782945737
21317,GLASS SPHERE CANDLE STAND MEDIUM,684.08,111,34,23,35,0.006428048087442182,6.162882882882883
22339,CHRISTMAS TREE PAINTED ZINC,683.3100000000001,2468,83,44,88,0.00642081268072465,0.2768679092382496
85019B,BLOSSOM  IMAGES NOTEBOOK SET,682.97,512,36,21,36,0.006417617825810414,1.33392578125
23120,PACK OF 6 SMALL FRUIT STRAWS,682.39,1685,100,69,105,0.006412167779192011,0.40497922848664686
21163,DO NOT TOUCH MY STUFF DOOR HANGER,680.55,1196,127,86,131,0.006394877976126736,0.5690217391304347
46776B,WOVEN BERRIES CUSHION COVER,679.67,161,88,6,88,0.006386608939878125,4.221552795031056
22136,LOVE HEART SOCK HANGER,679.28,378,84,37,86,0.006382944253358855,1.797037037037037
23597,PAPER BUNTING PAISLEY PARK,679.07,249,31,28,31,0.006380970960617711,2.7271887550200806
22062,CERAMIC BOWL WITH LOVE HEART DESIGN,677.86,583,73,43,78,0.006369601035775871,1.1627101200686107
35001G,HAND OPEN SHAPE GOLD,677.34,198,30,23,32,0.006364714787083511,3.420909090909091
21205,MULTICOLOUR 3D BALLS GARLAND,677.1899999999999,253,68,43,71,0.006363305292268406,2.676640316205533
22806,SET OF 6 T-LIGHTS WEDDING CAKE,677.0400000000001,260,38,28,38,0.006361895797453303,2.604
84659A,WHITE TRAVEL ALARM CLOCK,676.27,280,89,19,89,0.006354660390735769,2.41525
23428,IVORY RETRO KITCHEN WALL CLOCK,675.91,77,33,25,33,0.006351277603179519,8.778051948051948
40001,WHITE BAMBOO RIBS LAMPSHADE,675.2299999999999,821,56,23,56,0.006344887893351048,0.8224482338611449
22267,EASTER DECORATION EGG BUNNY,673.17,836,83,67,85,0.0063255308312236205,0.8052272727272727
21351,CINAMMON & ORANGE WREATH,672.88,104,34,27,36,0.006322805807914419,6.47
21696,SMALL SILVER TRELLIS CANDLEPOT,672.4000000000001,224,33,27,33,0.006318295424506088,3.0017857142857145
47591d,PINK FAIRY CAKE CHILDRENS APRON,672.24,134,56,0,56,0.006316791963369976,5.016716417910448
21261,GREEN GOOSE FEATHER CHRISTMAS TREE,672.09,187,45,24,45,0.006315382468554872,3.594064171122995
21629,SQUARE FLOOR CUSHION VINTAGE RED,672.05,71,42,13,42,0.006315006603270844,9.465492957746479
84923,PINK BUTTERFLY HANDBAG W BOBBLES,671.62,162,98,0,98,0.006310966051467546,4.145802469135803
22618,COOKING SET RETROSPOT,671.53,69,28,23,28,0.0063101203545784836,9.73231884057971
22535,MAGIC DRAWING SLATE BUNNIES,669.75,1763,134,88,134,0.006293394349439249,0.3798922291548497
22204,MILK PAN BLUE POLKADOT,669.54,197,79,23,80,0.006291421056698104,3.3986802030456853
22057,CERAMIC PLATE STRAWBERRY DESIGN,667.92,584,61,46,61,0.006276198512694981,1.1436986301369862
23024,LARGE BONNE JAM JAR  T-LIGHT HOLDER,667.8500000000001,255,11,8,11,0.006275540748447933,2.619019607843138
47574A,ENGLISH ROSE SCENTED HANGING FLOWER,665.2,548,114,36,115,0.006250639673381096,1.2138686131386862
85199L,LARGE HANGING IVORY & RED WOOD BIRD,663.4300000000001,977,95,52,95,0.00623400763456287,0.6790481064483113
37475,SET/4 COLOURFUL MIXING BOWLS,661.9799999999999,70,43,27,43,0.006220382518016864,9.45685714285714
21613,S/12 VANILLA  BOTANICAL T-LIGHTS,661.9300000000001,227,42,37,42,0.0062199126864118295,2.915991189427313
23547,WRAP FLOWER SHOP,661.5,1575,62,57,62,0.006215872134608531,0.42
23482,PEARLISED IVORY HEART LARGE,661.02,418,39,32,39,0.006211361751200199,1.5813875598086125
22615,PACK OF 12 CIRCUS PARADE TISSUES,660.15,2073,102,61,102,0.006203186681272596,0.31845151953690304
18098C,PORCELAIN BUTTERFLY OIL BURNER,658.75,213,49,24,51,0.006190031396331624,3.0927230046948355
72349b,SET/6 PURPLE BUTTERFLY T-LIGHTS,658.51,159,82,0,82,0.006187776204627458,4.141572327044025
22450,SILK PURSE BABUSHKA BLUE,657.76,194,58,41,59,0.006180728730551938,3.390515463917526
22756,LARGE YELLOW BABUSHKA NOTEBOOK,656.52,599,123,68,123,0.006169076906747078,1.0960267111853088
22448,PIN CUSHION BABUSHKA RED,656.4300000000001,201,45,29,45,0.006168231209858017,3.2658208955223884
20767,BLUE PAISLEY JOURNAL,656.06,250,79,50,79,0.00616475445598076,2.62424
20658,RED RETROSPOT LUGGAGE TAG,652.11,433,105,44,107,0.006127637759183023,1.5060277136258662
46776A,WOVEN BUBBLE GUM CUSHION COVER,651.95,155,70,6,70,0.006126134298046912,4.2061290322580644
23224,CHERUB HEART DECORATION GOLD,649.02,738,71,44,71,0.00609860216599188,0.8794308943089431
22525,CHILDRENS GARDEN GLOVES PINK,648.97,489,74,42,74,0.006098132334386846,1.3271370143149286
21187,WHITE BELL HONEYCOMB PAPER GARLAND,648.4499999999999,369,48,30,49,0.006093246085694485,1.7573170731707315
22953,BIRTHDAY PARTY CORDON BARRIER TAPE,647.11,502,98,61,99,0.006080654598679556,1.2890637450199203
22715,CARD WEDDING DAY,645.64,1543,130,78,130,0.006066841549491537,0.41843162670123135
21747,SMALL SKULL WINDMILL,645.61,485,54,31,54,0.0060665596505285165,1.3311546391752578
23408,PHOTO FRAME LINEN AND LACE SMALL,644.8000000000001,310,59,53,59,0.006058948378526956,2.08
22533,MAGIC DRAWING SLATE BAKE A CAKE,644.39,1782,88,68,88,0.006055095759365671,0.36161054994388325
85177,BASKET OF FLOWERS SEWING KIT,644.2099999999999,812,63,40,63,0.0060534043655875456,0.7933620689655172
22389,PAPERWEIGHT SAVE THE PLANET,641.55,338,45,36,45,0.006028409324199702,1.898076923076923
84789,ENCHANTED BIRD PLANT CAGE,640.72,186,48,33,48,0.006020610119556127,3.444731182795699
35810A,ENAMEL PINK COFFEE CONTAINER,640.0899999999999,633,75,46,76,0.0060146902413326896,1.0112006319115323
84800L,LARGE WHITE/PINK ROSE ART FLOWER,639.36,360,22,20,22,0.006007830699899184,1.776
22067,CHOC TRUFFLE GOLD TRINKET POT,638.6199999999999,408,70,32,71,0.006000877192144671,1.5652450980392154
21808,"CHRISTMAS GARLAND STARS,TREES",637.83,180,48,21,48,0.005993453852785125,3.5435000000000003
84929,ASSTD FRUIT+FLOWERS FRIDGE MAGNETS,637.5600000000001,2412,65,57,65,0.005990916762117937,0.2643283582089552
23492,VINTAGE JINGLE BELLS WREATH,635.38,76,28,24,28,0.005970432104138426,8.360263157894737
21054,NURSE'S BAG SOFT TOY,634.53,70,29,24,29,0.005962444966852836,9.064714285714285
23456,MEDIUM PARLOUR PICTURE FRAME,634.1,158,36,33,36,0.005958404415049539,4.013291139240507
21640,ASSORTED TUTTI FRUTTI  FOB NOTEBOOK,633.8299999999999,650,78,38,84,0.00595586732438235,0.9751230769230768
21784,SHOE SHINE BOX,633.0699999999999,57,44,20,44,0.005948725883985824,11.106491228070174
17021,NAMASTE SWAGAT INCENSE,632.34,2391,47,30,51,0.005941866342552319,0.2644667503136763
20840,FRENCH FLORAL CUSHION COVER,632.3199999999999,533,74,35,75,0.005941678409910303,1.186341463414634
21446,12 RED ROSE PEG PLACE SETTINGS,630.92,449,105,47,111,0.005928523124969333,1.4051670378619152
23216,LAUREL HEART ANTIQUE GOLD,630.73,525,44,32,45,0.005926737764870202,1.2013904761904761
22396,MAGNETS PACK OF 4 RETRO PHOTO,630.37,1226,128,87,128,0.005923354977313953,0.514168026101142
72232,FENG SHUI PILLAR CANDLE,630.23,3317,65,45,66,0.005922039448819856,0.19
21417,COCKLE SHELL DISH,629.8000000000001,340,68,24,68,0.005917998897016558,1.8523529411764708
84596L,BISCUITS SMALL BOWL LIGHT BLUE,629.38,1254,172,49,172,0.005914052311534267,0.5018979266347687
23019,SMALL APOTHECARY MEASURING JAR,629.0500000000001,81,28,26,28,0.005910951422941038,7.766049382716051
20932,PINK POT PLANT CANDLE,628.7900000000001,204,35,22,35,0.005908508298594859,3.0823039215686276
23027,DRAWER KNOB VINTAGE GLASS HEXAGON,627.95,295,30,26,30,0.005900615127630276,2.1286440677966105
79163,BLACK CHAMPAGNE GLASS,626.55,1529,35,25,35,0.005887459842689305,0.40977763243950294
22559,SEASIDE FLYING DISC,626.53,505,81,33,81,0.0058872719100472905,1.2406534653465346
20735,BLACK MINI TAPE MEASURE,625.8,623,112,11,112,0.005880412368613784,1.0044943820224719
22194,BLACK DINER WALL CLOCK,625.6899999999999,66,44,24,44,0.0058793787390827084,9.480151515151514
84665,SQUARE CHERRY BLOSSOM CABINET,624.75,105,17,14,17,0.005870545904908057,5.95
21426,WOODLAND STORAGE BOX SMALL,624.58,256,46,15,47,0.00586894847745094,2.439765625
84086C,PINK/PURPLE RETRO RADIO,622.27,218,53,13,53,0.005847242257298338,2.8544495412844038
22520,CHILDS GARDEN TROWEL BLUE,622.0999999999999,719,113,88,115,0.00584564482984122,0.8652294853963838
22269,EGG CUP NATURAL CHICKEN,621.49,932,125,62,126,0.005839912884259797,0.6668347639484978
23425,STORAGE TIN HOME SWEET HOME,621.44,275,56,35,56,0.005839443052654763,2.2597818181818186
20772,GARDEN PATH JOURNAL,621.1899999999999,247,65,40,65,0.005837093894629589,2.5149392712550607
23180,MUM'S KITCHEN CLOCK,621.09,122,49,29,49,0.00583615423141952,5.0909016393442625
22116,METAL SIGN HIS DINNER IS SERVED,620.42,575,148,65,148,0.005829858487912056,1.078991304347826
85141,JARDIN ETCHED GLASS FRUITBOWL,619.94,120,39,32,39,0.0058253481045037235,5.166166666666667
84637,KITCHEN FLOWER POTS WALL PLAQUE,619.59,116,83,11,83,0.005822059283268481,5.341293103448276
21865,PINK UNION JACK  PASSPORT COVER,618.9300000000001,271,106,52,107,0.005815857506082023,2.283874538745388
21473,SWEETHEART CREAM STEEL TABLE RECT,618.66,27,21,16,21,0.005813320415414836,22.91333333333333
22035,VINTAGE CARAVAN GREETING CARD,617.3199999999999,1452,137,65,137,0.005800728928399906,0.4251515151515151
22288,HANGING METAL RABBIT DECORATION,616.95,474,58,37,62,0.005797252174522651,1.3015822784810127
23471,SIX DRAWER OFFICE TIDY,616.79,65,27,26,27,0.005795748713386539,9.489076923076922
23453,OVAL  MINI PORTRAIT FRAME,615.98,316,47,40,49,0.0057881374413849785,1.9493037974683545
21171,BATHROOM METAL SIGN,613.14,438,73,43,73,0.005761451006219009,1.39986301369863
23018,LARGE APOTHECARY MEASURING JAR,612.1600000000001,51,21,19,21,0.005752242306760331,12.003137254901963
21684,SMALL MEDINA STAMPED METAL BOWL,612.1,771,47,27,47,0.0057516785088342895,0.7939040207522698
22420,LIPSTICK PEN BABY PINK,611.3,1333,126,55,128,0.005744161203153734,0.45858964741185293
22021,BLUE FELT EASTER EGG BASKET,610.4499999999999,365,71,60,73,0.005736174065868144,1.6724657534246574
20893,HANGING BAUBLE T-LIGHT HOLDER SMALL,609.02,268,26,16,26,0.005722736881964154,2.272462686567164
22515,CHILDS GARDEN SPADE PINK,608.95,266,84,53,84,0.005722079117717106,2.2892857142857146
85170C,SET/6 EAU DE NIL BIRD T-LIGHTS,608.53,335,72,26,72,0.005718132532234813,1.8165074626865672
21769,VINTAGE POST OFFICE CABINET,607.6500000000001,11,2,2,2,0.005709863495986205,55.2409090909091
21709,FOLDING UMBRELLA CHOCOLATE POLKADOT,607.23,133,59,30,59,0.005705916910503913,4.565639097744361
22233,JIGSAW RABBIT AND BIRDHOUSE,607.14,596,105,70,108,0.0057050712136148506,1.0186912751677852
72598,SET/12 TAPER CANDLES,605.89,607,93,38,95,0.005693325423488984,0.998171334431631
22359,GLASS JAR KINGS CHOICE,605.7700000000001,183,81,47,81,0.005692197827636901,3.310218579234973
84625A,PINK NEW BAROQUECANDLESTICK CANDLE,605.48,478,42,24,42,0.0056894728043277,1.2666945606694562
22232,JIGSAW TOADSTOOLS 3 PIECE,604.4599999999999,690,83,54,83,0.005679888239584992,0.8760289855072463
20764,ABSTRACT CIRCLES SKETCHBOOK,603.3100000000001,142,76,45,77,0.005669082112669197,4.248661971830987
22255,FELT TOADSTOOL  SMALL,602.63,629,77,33,77,0.005662692402840724,0.9580763116057234
21159,MOODY BOY  DOOR HANGER,601.79,1126,124,73,124,0.005654799231876142,0.534449378330373
35971,ROSE FOLKART HEART DECORATIONS,600.93,462,88,39,91,0.005646718128269545,1.3007142857142857
23520,EMBROIDERED RIBBON REEL RUBY,600.55,167,32,30,32,0.005643147408071282,3.5961077844311373
85017B,ENVELOPE 50 BLOSSOM IMAGES,600.29,1077,158,65,159,0.005640704283725101,0.557372330547818
21014,SWISS CHALET TREE DECORATION,598.8199999999999,1385,119,64,123,0.005626891234537083,0.43236101083032485
22642,SET OF 4 NAPKIN CHARMS STARS,596.36,269,51,39,53,0.005603775519569378,2.2169516728624536
22266,EASTER DECORATION HANGING BUNNY,595.85,1887,92,69,99,0.005598983237198025,0.31576576576576576
17012B,ORIGAMI JASMINE INCENSE/CANDLE SET,595.85,525,85,33,85,0.005598983237198025,1.134952380952381
21292,SMALL STRIPES CHOCOLATE GIFT BAG,594.51,867,28,25,28,0.005586391750183096,0.6857093425605536
21448,12 DAISY PEGS IN WOOD BOX,592.6199999999999,344,77,46,81,0.005568632115512785,1.7227325581395345
23377,PACK OF 12 DOLLY GIRL TISSUES,592.4499999999999,1351,133,69,134,0.0055670346880556665,0.4385270170244263
22247,BUNNY DECORATION MAGIC GARDEN,591.4399999999999,668,113,54,116,0.005557544089633967,0.8853892215568862
21581,SKULLS  DESIGN  COTTON TOTE BAG,590.67,252,79,33,79,0.005550308682916434,2.343928571428571
21253,SET OF PICTURE FRAME  STICKERS,590.4200000000001,134,62,14,62,0.005547959524891261,4.406119402985075
21015,DARK BIRD HOUSE TREE DECORATION,589.55,1483,142,59,143,0.005539784454963657,0.3975387727579231
85180B,PINK HEARTS LIGHT CHAIN,587.2,271,48,19,48,0.005517702369527029,2.166789667896679
23565,EGG CUP MILKMAID HELGA,586.31,410,63,28,63,0.005509339366957412,1.4300243902439023
23499,SET 12 VINTAGE DOILY CHALK,586.23,1312,110,86,113,0.005508587636389356,0.44682164634146343
21576,LETS GO SHOPPING COTTON TOTE BAG,585.34,252,78,40,78,0.0055002246338197395,2.322777777777778
22825,DECORATIVE PLANT POT WITH FRIEZE,584.37,73,28,23,28,0.005491109900682067,8.005068493150684
22096,PINK PAISLEY SQUARE TISSUE BOX,584.09,1366,117,89,121,0.005488478843693873,0.4275915080527087
22703,PINK CAT BOWL,583.33,360,123,30,123,0.005481337403297346,1.6203611111111111
85071A,BLUE CHARLIE+LOLA PERSONAL DOORSIGN,583.23,1041,111,77,113,0.005480397740087278,0.5602593659942363
85144,JARDIN ETCHED GLASS BUTTER DISH,582.7,220,41,38,42,0.0054754175250739095,2.648636363636364
85036B,CHOCOLATE 1 WICK MORRIS BOX CANDLE,581.4300000000001,361,49,40,49,0.00546348380230603,1.6106094182825486
23537,I LOVE LONDON WALL ART,581.13,111,34,20,34,0.005460664812675821,5.235405405405405
21096,SET/6 FRUIT SALAD  PAPER PLATES,581.09,1259,105,63,105,0.005460288947391794,0.4615488482922955
22260,FELT EGG COSY BLUE RABBIT,577.4399999999999,552,104,37,107,0.005425991240224263,1.046086956521739
84352,SILVER CHRISTMAS TREE BAUBLE STAND,577.35,34,23,14,23,0.005425145543335202,16.980882352941176
22820,GIFT BAG BIRTHDAY,575.4200000000001,940,77,42,78,0.005407010043380863,0.6121489361702128
23016,GLASS TWIST BON BON JAR,575.25,74,24,19,24,0.005405412615923745,7.773648648648648
23125,6PC WOOD PLATE SET DISPOSABLE,574.88,459,38,15,38,0.005401935862046489,1.2524618736383442
22337,ANGEL DECORATION PAINTED ZINC,574.5400000000001,912,77,24,78,0.005398741007132253,0.6299780701754387
20702,PINK PADDED MOBILE,573.54,134,42,31,42,0.0053893443750315595,4.280149253731343
20832,RED FLOCK LOVE HEART PHOTO FRAME,572.67,1067,82,47,83,0.005381169305103957,0.5367104029990628
85136A,YELLOW SHARK HELICOPTER,572.41,71,53,35,54,0.005378726180757776,8.062112676056337
22319,HAIRCLIPS FORTIES FABRIC ASSORTED,572.26,1322,61,53,61,0.0053773166859426725,0.43287443267776093
21468,BUTTERFLY CROCHET FOOD COVER,572.23,148,66,43,66,0.005377034786979653,3.866418918918919
21264,WHITE GOOSE FEATHER TREE 60CM,571.65,283,48,37,48,0.005371584740361249,2.019964664310954
21277,FRENCH STYLE EMBOSSED HEART CABINET,571.43,26,22,19,22,0.005369517481299097,21.97807692307692
84748,FOLK FELT HANGING MULTICOL GARLAND,570.86,204,61,7,61,0.005364161401001702,2.7983333333333333
47310M,"SMALL POP BOX,FUNKY MONKEY",570.4499999999999,410,121,23,122,0.005360308781840417,1.391341463414634
85172,HYACINTH BULB T-LIGHT CANDLES,569.68,1314,43,34,46,0.005353073375122884,0.4335464231354642
23455,SMALL PARLOUR PICTURE FRAME,569.4300000000001,207,35,32,36,0.005350724217097712,2.750869565217392
85130D,BEADED CRYSTAL HEART PINK LARGE,569.29,565,62,41,63,0.005349408688603614,1.0075929203539822
21251,DINOSAUR HEIGHT CHART STICKER SET,568.98,182,46,32,46,0.005346495732652399,3.1262637362637364
85161,ACRYLIC GEOMETRIC LAMP,568.65,35,20,8,21,0.00534339484405917,16.247142857142858
23219,LAUREL STAR ANTIQUE SILVER,568.6,430,61,41,64,0.005342925012454136,1.322325581395349
21675,BUTTERFLIES STICKERS,568.26,628,110,45,110,0.0053397301575399,0.9048726114649681
84796A,PINK HAWAIIAN PICNIC HAMPER FOR 2,568.13,61,43,10,43,0.00533850859536681,9.31360655737705
21488,RED WHITE SCARF  HOT WATER BOTTLE,566.1700000000001,69,16,2,16,0.005320091196449452,8.205362318840582
22482,BLUE TEA TOWEL CLASSIC DESIGN,565.86,478,53,40,53,0.0053171782404982364,1.1838075313807532
22272,FELTCRAFT DOLL MARIA,564.9200000000001,196,48,43,49,0.005308345406323586,2.882244897959184
85019A,ROMANTIC IMAGES NOTEBOOK SET,564.35,414,33,25,33,0.00530298932602619,1.3631642512077295
23381,PACK OF 12 VINTAGE LEAF TISSUES,562.88,1496,80,59,81,0.005289176276838171,0.37625668449197863
23272,TREE T-LIGHT HOLDER WILLIE WINKIE,562.2199999999999,364,44,34,44,0.0052829744996517125,1.5445604395604393
21219,SET/4 BADGES BALLOON GIRL,561.84,448,89,35,90,0.00527940377945345,1.2541071428571429
85032D,YULETIDE IMAGES GIFT WRAP SET,561.34,687,93,57,94,0.005274705463403103,0.8170887918486173
84569D,PACK 6 HEART/ICE-CREAM PATCHES,560.62,467,98,32,98,0.005267939888290604,1.2004710920770878
84912A,PINK ROSE WASHBAG,560.62,156,74,25,74,0.005267939888290604,3.593717948717949
85016,SET OF 6 VINTAGE NOTELETS KIT,560.11,563,42,22,42,0.005263147605919251,0.994866785079929
85163A,WHITE BAROQUE WALL CLOCK,559.0,66,32,15,32,0.005252717344287482,8.469696969696969
71279,PINK GLASS CANDLEHOLDER,558.37,175,38,20,39,0.005246797466064045,3.1906857142857143
90062,CARNIVAL BRACELET,558.03,44,26,6,26,0.005243602611149809,12.6825
21662,VINTAGE GLASS COFFEE CADDY,557.3000000000001,86,26,14,26,0.005236743069716303,6.4802325581395355
85187,S/12 MINI RABBIT EASTER,556.53,337,69,53,71,0.005229507662998769,1.6514243323442135
23069,EDWARDIAN PHOTO FRAME,556.21,88,32,27,32,0.005226500740726548,6.3205681818181825
23451,SQUARE MINI PORTRAIT FRAME,556.17,277,52,38,53,0.005226124875442519,2.0078339350180503
21194,PINK  HONEYCOMB PAPER FAN,555.97,498,65,37,66,0.005224245549022381,1.11640562248996
85025B,EAU DE NILE HEART SHAPE PHOTO FRAME,555.1199999999999,329,38,20,38,0.005216258411736791,1.6872948328267474
84951B,SET OF 4 BLACK LOVEBIRD COASTERS,554.78,451,82,24,83,0.005213063556822556,1.230110864745011
17129F,BLUE GLASS GEMS IN BAG,553.8299999999999,588,57,11,57,0.005204136756326897,0.9418877551020407
35599D,PINK AND WHITE CHRISTMAS TREE 120CM,553.07,201,34,17,34,0.0051969953159303715,2.7515920398009954
84951A,SET OF 4 PISTACHIO LOVEBIRD COASTER,553.01,475,93,26,93,0.005196431518004329,1.1642315789473685
23473,WOODLAND SMALL RED FELT HEART,552.02,678,51,41,51,0.005187128852224643,0.814188790560472
47563A,RETRO LONGBOARD IRONING BOARD COVER,551.51,285,105,31,105,0.00518233656985329,1.935122807017544
35599B,BLACK CHRISTMAS TREE 120CM,551.13,217,27,19,27,0.005178765849655026,2.539769585253456
35965,FOLKART HEART NAPKIN RINGS,551.13,366,69,22,69,0.005178765849655026,1.5058196721311474
22903,CALENDAR FAMILY FAVOURITES,550.6,193,59,21,59,0.005173785634641659,2.8528497409326428
21397,BLUE POLKADOT EGG CUP,550.43,1075,65,43,65,0.005172188207184541,0.5120279069767442
23457,LARGE PARLOUR PICTURE FRAME,549.88,112,31,27,31,0.00516702005952916,4.909642857142857
21849,SILVER DIAMANTE PEN IN GIFT BOX,548.93,173,66,16,68,0.0051580932590335,3.1730057803468203
23549,WRAP BIRD GARDEN,548.1,1305,52,46,52,0.005150294054389926,0.42000000000000004
21638,ASSORTED TUTTI FRUTTI NOTEBOOK,547.76,247,40,25,40,0.00514709919947569,2.217651821862348
23484,HEART TRELLISTRIPLE T-LIGHT HOLDER,547.35,185,35,25,36,0.005143246580314406,2.9586486486486487
23074,EMBOSSED HEART TRINKET BOX,547.27,246,48,32,48,0.00514249484974635,2.2246747967479674
17012D,ORIGAMI ROSE INCENSE/CANDLE SET,547.24,461,97,35,97,0.00514221295078333,1.1870715835140997
21128,GOLD FISHING GNOME,546.6,68,36,12,36,0.005136199106238887,8.038235294117648
84598,BOYS ALPHABET IRON ON PATCHES,546.04,1975,99,5,99,0.005130936992262498,0.2764759493670886
22261,FELT EGG COSY WHITE RABBIT,544.7099999999999,579,107,61,110,0.005118439471568575,0.9407772020725387
23043,PAPER LANTERN 9 POINT HOLLY STAR 40,543.51,81,23,18,23,0.005107163513047744,6.71
85107,CUT GLASS T-LIGHT HOLDER OCTAGON,541.39,249,27,21,29,0.005087242652994275,2.1742570281124496
22513,DOORSTOP FOOTBALL DESIGN,539.9,152,67,37,67,0.005073241671164241,3.5519736842105263
22023,EMPIRE BIRTHDAY CARD,538.72,1206,146,71,147,0.005062153645285424,0.44669983416252074
84625C,BLUE NEW BAROQUE CANDLESTICK CANDLE,536.41,449,35,20,35,0.005040447425132822,1.1946770601336303
22717,CARD DOG AND BALL,535.78,1229,131,69,131,0.005034527546909386,0.43594792514239217
23398,HANGING HEART BONHEUR,535.35,606,69,53,75,0.0050304869951060885,0.8834158415841584
22496,SET OF 2 ROUND TINS DUTCH CHEESE,535.11,253,79,63,79,0.005028231803401922,2.1150592885375494
85088,CANDY SPOT HAND BAG,534.83,259,51,18,52,0.005025600746413728,2.064980694980695
85114c,RED ENCHANTED FOREST PLACEMAT,534.66,162,35,0,35,0.005024003318956609,3.30037037037037
23660,HENRIETTA HEN MUG,534.66,306,42,30,42,0.005024003318956609,1.7472549019607841
82613D,METAL SIGN CUPCAKE SINGLE HOOK,534.24,696,111,43,111,0.005020056733474319,0.7675862068965518
22543,MINI JIGSAW BAKE A CAKE,530.8,1453,55,32,55,0.004987732319047933,0.3653131452167928
17012F,ORIGAMI SANDLEWOOD INCENSE/CAND SET,530.6,448,94,33,94,0.004985852992627796,1.184375
35241,ENAMEL BLUE RIM BISCUIT BIN,530.49,103,44,27,44,0.004984819363096719,5.1503883495145635
21801,CHRISTMAS TREE DECORATION WITH BELL,530.26,1251,125,22,125,0.004982658137713559,0.42386890487609913
21270,ANTIQUE CREAM CUTLERY CUPBOARD,530.19,50,36,12,36,0.0049820003734665115,10.603800000000001
75131,METAL TUBE CHIME ON BAMBOO,529.21,490,15,13,15,0.004972791674007832,1.0800204081632654
23139,SINGLE WIRE HOOK PINK HEART,528.6999999999999,414,27,20,28,0.0049679993916364774,1.2770531400966183
22709,WRAP WEDDING DAY,528.5,1325,39,38,39,0.004966120065216339,0.3988679245283019
21059,PARTY INVITES DINOSAURS,528.2299999999999,611,94,67,94,0.004963582974549152,0.864533551554828
23060,HEART BEADED TRELLIS DECORATION,528.1700000000001,249,42,34,44,0.004963019176623111,2.1211646586345383
22707,WRAP MONSTER FUN,527.94,1257,49,41,49,0.004960857951239951,0.42000000000000004
22275,WEEKEND BAG VINTAGE ROSE PAISLEY,527.85,69,1,1,1,0.00496001225435089,7.65
85104,SILVER GLASS T-LIGHT SET,525.75,201,17,13,17,0.0049402793269394335,2.6156716417910446
22521,CHILDS GARDEN TROWEL PINK,525.51,609,104,81,105,0.0049380241352352675,0.8629064039408867
22248,DECORATION  PINK CHICK MAGIC GARDEN,525.09,593,109,43,111,0.004934077549752976,0.8854806070826308
85135B,BLUE DRAGONFLY HELICOPTER,524.5500000000001,65,45,28,46,0.004929003368418602,8.07
20785,FUSCHIA RETRO BAR STOOL,523.3000000000001,14,5,4,5,0.004917257578292736,37.37857142857143
22861,EASTER TIN CHICKS IN GARDEN,522.93,305,50,36,50,0.004913780824415478,1.7145245901639343
85131B,BEADED CRYSTAL HEART GREEN ON STICK,521.11,623,172,2,172,0.0048966789539922175,0.8364526484751204
85025C,PINK HEART SHAPE PHOTO FRAME,520.91,321,39,27,40,0.004894799627572078,1.6227725856697819
84816,DANISH ROSE BEDSIDE CABINET,519.35,13,10,10,10,0.0048801408814949975,39.95
23336,EGG FRYING PAN PINK,519.25,225,85,46,86,0.004879201218284928,2.307777777777778
84313B,BLUE TV TRAY TABLE,518.61,127,39,6,39,0.004873187373740485,4.0835433070866145
21455,PAINTED YELLOW WOODEN DAISY,516.79,612,117,32,120,0.0048560855033172225,0.8444281045751634
21711,FOLDING UMBRELLA WHITE/RED POLKADOT,513.02,104,36,22,36,0.004820660200297609,4.932884615384615
22216,T-LIGHT HOLDER WHITE LACE,512.93,588,68,17,68,0.004819814503408546,0.8723299319727891
23136,IVORY WIRE SWEETHEART LETTER TRAY,511.89,135,49,39,49,0.004810042006023826,3.7917777777777775
21926,RED/CREAM STRIPE CUSHION COVER,509.9,414,60,35,60,0.004791342708143447,1.2316425120772947
22280,POCKET BAG PINK PAISELY BROWN SPOT,509.59,468,95,26,96,0.0047884297521922315,1.0888675213675214
72819,CUPID DESIGN SCENTED CANDLES,509.07,225,43,28,43,0.0047835435034998715,2.2625333333333333
84520B,PACK 20 ENGLISH ROSE PAPER NAPKINS,508.36999999999995,554,80,51,81,0.004776965861029385,0.9176353790613717
20681,PINK POLKADOT CHILDRENS UMBRELLA,506.96,140,46,29,47,0.004763716609767409,3.621142857142857
20761,BLUE PAISLEY SKETCHBOOK,505.97,120,63,46,63,0.004754413943987723,4.2164166666666665
20998,ROSE DU SUD OVEN GLOVE,505.20000000000005,185,69,27,69,0.004747178537270189,2.730810810810811
22127,PARTY CONES CARNIVAL ASSORTED,504.88,404,22,20,23,0.004744171614997968,1.2497029702970297
21654,RIDGED GLASS FINGER BOWL,504.68,974,59,40,60,0.004742292288577829,0.5181519507186858
84687,BEACH HUT SHELF W 3 DRAWERS,504.43,81,31,16,31,0.0047399431305526546,6.227530864197531
84616,SILVER ROCCOCO CHANDELIER,504.32,14,9,6,9,0.004738909501021579,36.02285714285714
21067,VINTAGE RED TEATIME MUG,504.15,317,76,30,77,0.0047373120735644605,1.590378548895899
21925,UNION STRIPE CUSHION COVER,503.75,403,65,38,66,0.0047335534207241835,1.25
82616B,FRAPPUCINO SCARF KNITTING KIT,502.74,343,73,35,75,0.004724062822302484,1.4657142857142857
21710,FOLDING UMBRELLA PINKWHITE POLKADOT,501.98,107,45,29,45,0.004716921381905956,4.691401869158879
82616C,MIDNIGHT GLAMOUR SCARF KNITTING KIT,501.44,324,85,40,85,0.004711847200571582,1.5476543209876543
85231G,ORANGE SCENTED SET/9 T-LIGHTS,501.27,594,81,49,82,0.0047102497731144645,0.8438888888888889
23117,POPPY FIELDS CHOPPING BOARD,501.23,93,45,39,45,0.004709873907830437,5.389569892473118
22181,SNOWSTORM PHOTO FRAME FRIDGE MAGNET,500.90999999999997,591,57,40,57,0.0047068669855582146,0.8475634517766497
23021,GLASS BONNE JAM JAR,500.82000000000005,120,27,24,27,0.004706021288669153,4.173500000000001
82613B,"METAL SIGN,CUPCAKE SINGLE HOOK",500.24,583,111,39,111,0.004700571242050751,0.8580445969125214
23560,SET OF 6 RIBBONS COUNTRY STYLE,499.18,172,26,20,26,0.004690610812024016,2.9022093023255815
21972,SET OF 36 DINOSAUR PAPER DOILIES,499.08,335,65,35,65,0.004689671148813947,1.4897910447761193
84509C,SET OF 4 POLKADOT PLACEMATS,498.94,130,51,20,51,0.004688355620319849,3.838
22050,PINK PAISLEY ROSE GIFT WRAP,498.5,1225,40,37,40,0.004684221102195544,0.4069387755102041
23466,TUSCAN VILLA DOVECOTE,498.03,55,27,20,27,0.0046798046851082185,9.055090909090909
23045,PAPER LANTERN 5 POINT STAR MOON 30,497.9800000000001,118,25,22,25,0.004679334853503185,4.220169491525424
84970s,HANGING HEART ZINC T-LIGHT HOLDER,496.49,238,66,0,66,0.004665333871673152,2.08609243697479
22511,RETROSPOT BABUSHKA DOORSTOP,495.2,251,54,44,54,0.004653212216263257,1.9729083665338645
22516,CHILDS GARDEN RAKE BLUE,494.89000000000004,206,62,35,64,0.004650299260312043,2.4023786407766994
20766,GARDEN PATH SKETCHBOOK,493.57,122,57,41,58,0.004637895705939127,4.045655737704918
21358,TOAST ITS - HAPPY BIRTHDAY,493.29,411,108,54,108,0.004635264648950933,1.20021897810219
35598D,PINK/WHITE CHRISTMAS TREE 60CM,493.01,684,42,23,42,0.004632633591962739,0.7207748538011696
46776C,WOVEN FROST CUSHION COVER,492.79,117,59,6,59,0.004630566332900587,4.211880341880342
21632,VINTAGE PINK DECORATIVE PARASOL,489.74,88,24,5,24,0.004601906604993473,5.565227272727273
85194S,HANGING SPRING FLOWER EGG SMALL,489.17,1197,72,50,72,0.004596550524696078,0.40866332497911445
21850,BLUE  DIAMANTE PEN IN GIFT BOX,488.13,129,54,12,54,0.004586778027311356,3.783953488372093
35809A,ENAMEL PINK TEA CONTAINER,488.06,420,62,37,63,0.004586120263064308,1.162047619047619
21202,DOLLY HONEYCOMB GARLAND,485.46,474,25,20,25,0.004561689019602505,1.0241772151898734
21454,PAINTED PINK RABBIT,485.15999999999997,572,136,41,139,0.004558870029972298,0.8481818181818181
84820,DANISH ROSE TRINKET TRAYS,483.05,259,31,31,31,0.004539043136239835,1.8650579150579152
23218,LAUREL STAR ANTIQUE GOLD,483.03,379,40,27,40,0.0045388552035978205,1.274485488126649
21634,ASSORTED MINI MADRAS NOTEBOOK,481.95,976,28,22,28,0.0045287068409290724,0.4938012295081967
22638,SET OF 4 NAPKIN CHARMS CROWNS,481.88,300,52,37,52,0.004528049076682025,1.6062666666666667
17012C,ORIGAMI LAVENDER INCENSE/CANDL SET,481.79999999999995,420,85,37,85,0.004527297346113969,1.147142857142857
23691,KEEP CALM BIRTHDAY WRAP,481.5,1175,38,36,38,0.004524478356483761,0.4097872340425532
22230,JIGSAW TREE WITH WATERING CAN,480.62999999999994,1047,101,50,103,0.004516303286556157,0.4590544412607449
90209C,PINK ENAMEL+GLASS HAIR COMB,480.5,263,31,8,31,0.004515081724383067,1.826996197718631
21867,PINK UNION JACK  LUGGAGE TAG,480.25,348,121,56,130,0.004512732566357895,1.3800287356321839
21741,COSY SLIPPER SHOES LARGE GREEN,480.1700000000001,147,40,27,40,0.004511980835789839,3.2664625850340143
84849B,FAIRY SOAP SOAP HOLDER,478.83,266,76,41,76,0.00449938934877491,1.8001127819548872
23422,PANTRY HOOK BALLOON WHISK,477.89,213,47,29,47,0.004490556514600259,2.2436150234741783
85049F,BABY BOOM RIBBONS,477.34,378,88,70,91,0.004485388366944877,1.2628042328042328
21472,LADYBIRD + BEE RAFFIA FOOD COVER,476.41,123,37,29,37,0.004476649499091233,3.8732520325203255
20803,SMALL PINK GLASS SUNDAE DISH,476.38,939,40,26,40,0.004476367600128212,0.5073269435569755
23561,SET OF 6 RIBBONS PARTY,476.0,170,16,13,16,0.004472796879929949,2.8
21587,COSY HOUR GIANT TUBE MATCHES,475.65,195,26,25,29,0.004469508058694705,2.439230769230769
85093,CANDY SPOT EGG WARMER HARE,475.18,708,88,20,89,0.00446509164160738,0.6711581920903955
22184,CAKE STAND VICTORIAN FILIGREE LARGE,471.86,56,35,3,35,0.004433894823033078,8.42607142857143
21366,MIRRORED WALL ART PHOTO FRAMES,470.16999999999996,89,46,9,47,0.004418014514782907,5.282808988764044
20716,PARTY FOOD SHOPPER BAG,469.63,400,73,31,74,0.004412940333448532,1.174075
20707,CRAZY DAISY HEART DECORATION,468.39,464,149,20,149,0.004401288509643673,1.0094612068965516
20615,BLUE POLKADOT PASSPORT COVER,466.99,309,95,28,95,0.004388133224702703,1.511294498381877
84674,FLYING PIG WATERING CAN,466.95000000000005,193,47,31,48,0.004387757359418675,2.419430051813472
20831,GOLD PHOTO FRAME,466.53000000000003,216,39,19,39,0.004383810773936384,2.1598611111111112
84917,WHITE HAND TOWEL WITH BUTTERFLY,466.3,184,27,13,27,0.004381649548553224,2.534239130434783
22647,CERAMIC LOVE HEART MONEY BANK,466.18,732,45,34,45,0.004380521952701141,0.6368579234972678
23379,PACK OF 12 RED APPLE TISSUES,465.36,1220,76,49,77,0.004372816714378573,0.3814426229508197
21374,MIRRORED WALL ART SKULLS,463.79,304,46,37,46,0.004358064001980484,1.525625
20838,FRENCH LATTICE CUSHION COVER,461.45,385,57,30,57,0.004336075882864863,1.1985714285714286
35598B,BLACK CHRISTMAS TREE 60CM,460.64,558,25,20,25,0.0043284646108633015,0.8255197132616487
21003,ROSE DU SUD CUSHION COVER,460.58,78,46,6,46,0.004327900812937259,5.904871794871795
22344,PARTY PIZZA DISH PINK POLKADOT,459.81,1225,76,34,76,0.004320665406219726,0.37535510204081635
21063,PARTY INVITES JAZZ HEARTS,458.31,528,102,64,102,0.004306570458068686,0.8680113636363637
21062,PARTY INVITES SPACEMAN,457.38,538,74,55,74,0.004297831590215041,0.8501486988847583
17096,ASSORTED LAQUERED INCENSE HOLDERS,455.9800000000001,2545,24,12,24,0.004284676305274072,0.1791669941060904
21851,LILAC DIAMANTE PEN IN GIFT BOX,454.99,141,63,12,63,0.004275373639494385,3.2268794326241137
35004G,SET OF 3 GOLD FLYING DUCKS,454.65,127,21,16,21,0.004272178784580149,3.5799212598425196
84916,HAND TOWEL PALE BLUE W FLOWERS,453.39,223,29,17,29,0.004260339028133275,2.0331390134529146
85169C,EAU DE NIL LOVE BIRD CANDLE,452.86,429,46,14,46,0.004255358813119909,1.0556177156177156
21061,PARTY INVITES FOOTBALL,451.7,488,83,49,83,0.004244458719883104,0.9256147540983606
21641,ASSORTED TUTTI FRUTTI KEYRING BALL,451.59,1153,49,19,49,0.004243425090352027,0.3916652211621856
23548,WRAP MAGIC FOREST,451.5,1075,43,42,43,0.004242579393462966,0.42
23509,MINI PLAYING CARDS FUN FAIR,451.46000000000004,1062,65,51,66,0.004242203528178938,0.4251035781544256
48189,DOORMAT FRIENDSHIP,451.10999999999996,27,17,0,17,0.004238914706943694,16.707777777777775
84872A,TEATIME FUNKY FLOWER BACKPACK FOR 2,450.08,40,32,3,32,0.004229236175879981,11.251999999999999
22517,CHILDS GARDEN RAKE PINK,447.63000000000005,199,69,48,69,0.004206214427233283,2.2493969849246236
20669,RED HEART LUGGAGE TAG,447.34,304,96,36,101,0.004203489403924082,1.4715131578947367
20770,ABSTRACT CIRCLE JOURNAL,447.25,184,72,24,72,0.00420264370703502,2.4307065217391304
21365,MIRRORED WALL ART STARS,447.09000000000003,363,52,35,54,0.004201140245898909,1.2316528925619836
84600,NEW BAROQUE JEWELLERY BOX,446.89,53,25,16,25,0.00419926091947877,8.43188679245283
22640,SET OF 4 NAPKIN CHARMS 3 KEYS,446.84,237,57,33,57,0.0041987910878737355,1.8854008438818564
22486,PLASMATRONIC LAMP,446.45,71,25,9,25,0.004195126401354466,6.288028169014084
84920,PINK FLOWER FABRIC PONY,446.23,115,48,22,48,0.004193059142292312,3.8802608695652174
22598,CHRISTMAS MUSICAL ZINC TREE,446.2,990,95,42,96,0.004192777243329292,0.4507070707070707
84976,RECTANGULAR SHAPED MIRROR,446.15000000000003,512,37,27,37,0.004192307411724257,0.8713867187500001
21415,CLAM SHELL SMALL,446.02000000000004,219,46,25,46,0.004191085849551168,2.0366210045662103
21220,SET/4 BADGES DOGS,445.01,338,89,34,89,0.004181595251129467,1.3165976331360947
21656,RIDGED GLASS POSY VASE,444.58,219,47,15,47,0.004177554699326168,2.0300456621004566
21580,RABBIT  DESIGN  COTTON TOTE BAG,444.07,181,62,21,62,0.004172762416954815,2.453425414364641
82613C,"METAL SIGN,CUPCAKE SINGLE HOOK",443.38,537,96,33,96,0.004166278740805337,0.8256610800744879
20903,VINTAGE KEEPSAKE BOX TRAVELOGUE,441.89,82,56,10,56,0.004152277758975305,5.38890243902439
22643,SET OF 4 NAPKIN CHARMS LEAVES,441.83,238,48,29,48,0.004151713961049262,1.8564285714285713
35637A,IVORY STRING CURTAIN WITH POLE,440.62,170,28,23,28,0.004140344036207424,2.5918823529411763
22390,PAPERWEIGHT CHILDHOOD MEMORIES,440.34,266,36,24,36,0.004137712979219229,1.6554135338345863
20619,TROPICAL PASSPORT COVER,439.65,262,99,16,99,0.004131229303069751,1.6780534351145038
20768,GREEN FERN JOURNAL,438.57,176,55,31,55,0.004121080940401003,2.491875
23023,RIDGED BONNE JAM JAR T-LIGHT HOLDER,437.81999999999994,274,25,23,25,0.004114033466325483,1.597883211678832
85111,SILVER GLITTER FLOWER VOTIVE HOLDER,437.59,1409,57,40,58,0.004111872240942324,0.3105677785663591
85130C,BEADED CRYSTAL HEART BLUE  LARGE,437.22,482,46,37,47,0.004108395487065068,0.9070954356846473
21828,EIGHT PIECE SNAKE  SET,435.79,330,84,53,85,0.004094958303161076,1.3205757575757577
22545,MINI JIGSAW BUNNIES,435.67,1142,75,40,75,0.004093830707308993,0.3814973730297723
84360,TABLE LAMP WHITE SHADE WOOD BASE,434.12,78,20,9,20,0.0040792659275529185,5.565641025641026
17107D,"FLOWER FAIRY,5 SUMMER B'DRAW LINERS",433.5,170,46,42,46,0.004073440015650489,2.55
35653,VINTAGE BEAD NOTEBOOK,433.19,150,52,11,52,0.004070527059699274,2.8879333333333332
85168B,BLACK BAROQUE CARRIAGE CLOCK,432.78999999999996,51,35,5,35,0.004066768406858996,8.486078431372547
22229,BUNNY WOODEN PAINTED WITH FLOWER,432.46,568,101,54,103,0.004063667518265768,0.7613732394366197
23058,CHRISTMAS HANGING SNOWFLAKE,430.86,490,48,39,48,0.004048632906904659,0.8793061224489797
20705,MRS ROBOT SOFT TOY,428.85,143,28,27,28,0.004029745676382266,2.998951048951049
21002,ROSE DU SUD DRAWSTRING BAG,428.66,125,66,5,66,0.004027960316283134,3.4292800000000003
21088,SET/6 FRUIT SALAD PAPER CUPS,428.28000000000003,1678,103,67,103,0.0040243895960848704,0.25523241954707987
85071C,"CHARLIE+LOLA""EXTREMELY BUSY"" SIGN",428.0,683,105,62,106,0.004021758539096676,0.6266471449487555
21758,VINTAGE SHELLS PRINT,427.46000000000004,50,32,13,32,0.004016684357762302,8.5492
77101A,UNION FLAG WINDSOCK,426.94,387,22,16,22,0.004011798109069941,1.103204134366925
20934,SET/3 POT PLANT CANDLES,424.46000000000004,68,32,20,32,0.003988494461460223,6.242058823529412
84931B,BLUE SCOTTIE DOG W FLOWER PATTERN,424.08,177,49,21,49,0.003984923741261959,2.3959322033898305
90200E,GREEN SWEETHEART BRACELET,423.41,103,44,15,44,0.003978627997754495,4.110776699029127
23044,PAPER LANTERN 9 POINT HOLLY STAR S,423.29,101,25,24,26,0.003977500401902412,4.190990099009901
21318,GLASS CHALICE BLUE SMALL,421.78,694,49,38,50,0.003963311487430364,0.6077521613832852
90154,LAZER CUT NECKLACE W PASTEL BEADS,421.75,57,5,5,5,0.003963029588467343,7.399122807017544
85136C,RED SHARK HELICOPTER,421.18,52,36,20,36,0.003957673508169949,8.099615384615385
72799F,IVORY PILLAR CANDLE GOLD FLOCK,421.13000000000005,144,30,19,30,0.003957203676564915,2.9245138888888893
20762,GREEN FERN SKETCHBOOK,420.08,106,56,42,56,0.003947337212859186,3.963018867924528
21129,SILVER FISHING GNOME,419.52000000000004,52,27,13,27,0.003942075098882798,8.067692307692308
22134,LADLE LOVE HEART RED,419.0,889,162,29,163,0.0039371888501904375,0.47131608548931386
84970l,SINGLE HEART ZINC T-LIGHT HOLDER,418.98,201,50,0,50,0.003937000917548424,2.0844776119402986
90114,SUMMER DAISIES BAG CHARM,417.96,167,88,11,88,0.0039274163528057165,2.502754491017964
85208,SET/12 FUNKY FELT FLOWER PEG IN BAG,416.91,223,48,22,48,0.003917549889099989,1.8695515695067266
22214,CANDLE PLATE LACE WHITE,416.59999999999997,193,56,18,56,0.0039146369331487735,2.1585492227979275
20765,CHRYSANTHEMUM SKETCHBOOK,416.05,102,59,45,59,0.003909468785493393,4.078921568627451
21147,JINGLE BELLS TREE DECORATION,415.77,203,76,11,77,0.003906837728505199,2.048128078817734
22405,MONEY BOX POCKET MONEY DESIGN,415.36,372,70,46,70,0.003902985109343915,1.1165591397849464
22108,PING! MICROWAVE PLATE,415.09000000000003,152,63,16,63,0.0039004480186767276,2.730855263157895
21285,RETROSPOT CANDLE  MEDIUM,413.88,365,43,26,43,0.003889078093834889,1.133917808219178
21884,CAKES AND BOWS GIFT  TAPE,413.76,1166,93,43,93,0.0038879504979828054,0.3548542024013722
90161C,ANT COPPER LIME BOUDICCA BRACELET,412.74,83,50,13,50,0.0038783659332400984,4.972771084337349
23459,DOLLY CABINET 2 DRAWERS,412.5,33,19,19,19,0.003876110741535932,12.5
15056p,EDWARDIAN PARASOL PINK,412.48,33,26,0,26,0.003875922808893918,12.49939393939394
84658,WHITE STITCHED CUSHION COVER,412.23,57,22,14,23,0.003873573650868745,7.232105263157895
23415,HOME SWEET HOME HOOK,412.17999999999995,328,47,42,47,0.00387310381926371,1.2566463414634146
84596E,SMALL LICORICE DES PINK BOWL,411.68,564,79,33,79,0.003868405503213364,0.7299290780141844
84806B,WHITE CANDYSTUFT ARTIFICIAL FLOWER,411.55999999999995,308,20,18,20,0.0038672779073612796,1.336233766233766
21817,GLITTER CHRISTMAS TREE,410.91,906,58,48,61,0.0038611700964958297,0.45354304635761594
22447,PIN CUSHION BABUSHKA BLUE,410.81,137,45,16,45,0.0038602304332857607,2.998613138686131
20830,SILVER PHOTO FRAME,409.83,136,37,19,37,0.0038510217338270807,3.013455882352941
21579,LOLITA  DESIGN  COTTON TOTE BAG,409.72,176,50,30,50,0.003849988104296006,2.3279545454545456
22051,BLUE SCANDINAVIAN PAISLEY WRAP,409.5,975,39,36,39,0.003847920845233853,0.42
85203,HANGING WOOD AND FELT BUTTERFLY,408.99,895,127,45,132,0.003843128562862499,0.45697206703910614
16219,HOUSE SHAPE PENCIL SHARPENER,407.71999999999997,3048,100,41,100,0.0038311948400946184,0.13376640419947505
84821,DANISH ROSE DELUXE COASTER,407.15,935,40,35,41,0.0038258387597972236,0.4354545454545454
35964,FOLKART CLIP ON STARS,404.08,783,100,34,101,0.003796991099248096,0.516066411238825
22406,MONEY BOX KINGS CHOICE DESIGN,403.46,346,84,49,84,0.003791165187345666,1.1660693641618496
22510,GINGHAM BABUSHKA DOORSTOP,402.74,210,42,34,42,0.003784399612233167,1.9178095238095239
23339,EGG FRYING PAN BLUE,400.84000000000003,173,76,43,76,0.0037665460112418503,2.3169942196531794
23576,SNACK TRAY RED VINTAGE DOILY,400.03999999999996,198,37,28,38,0.0037590287055612945,2.02040404040404
23429,RED RETRO KITCHEN WALL CLOCK,400.01,47,23,19,23,0.0037587468065982746,8.510851063829787
23039,T-LIGHT HOLDER SILVER HEART HANDLE,399.71,199,28,22,29,0.003755927816968066,2.0085929648241203
22345,PARTY PIZZA DISH BLUE POLKADOT,399.05,1117,71,29,73,0.003749726039781609,0.35725156669650854
37476,CONDIMENT TRAY 4 BOWLS AND 4 SPOONS,399.02,37,26,9,27,0.003749444140818588,10.784324324324324
21131,GOLD STANDING GNOME,398.02,106,28,11,28,0.003740047508717895,3.7549056603773585
18007,ESSENTIAL BALM 3.5g TIN IN ENVELOPE,395.61,5884,30,15,31,0.003717401625355225,0.06723487423521414
23661,MILK MAIDS MUG,393.59,219,33,23,34,0.0036984204285118237,1.797214611872146
22048,BIRTHDAY BANQUET GIFT WRAP,393.5,975,32,32,32,0.0036975747316227623,0.4035897435897436
20867,PINK ROSE FABRIC MIRROR,393.46999999999997,331,62,23,62,0.0036972928326597407,1.1887311178247733
47421,ASSORTED COLOUR LIZARD SUCTION HOOK,393.0,994,55,16,61,0.0036928764155724153,0.3953722334004024
90200B,BLACK SWEETHEART BRACELET,392.83,93,47,18,47,0.003691278988115297,4.223978494623656
23150,IVORY SWEETHEART SOAP DISH,390.75000000000006,148,49,33,49,0.003671733993345856,2.640202702702703
85232A,SET/3 POLKADOT STACKING TINS,389.55,78,29,22,29,0.003660458034825024,4.99423076923077
84826,ASSTD DESIGN 3D PAPER STICKERS,389.38,1162,31,28,33,0.003658860607367906,0.3350946643717728
21373,MIRRORED WALL ART SNOWFLAKES,389.04,512,47,41,47,0.0036556657524536703,0.75984375
23337,EGG FRYING PAN MINT,388.75,180,69,49,69,0.003652940729144469,2.1597222222222223
35095A,BLUE VICTORIAN FABRIC OVAL BOX,388.57,925,100,29,100,0.003651249335366344,0.42007567567567566
84974,S/2 ZINC HEART DESIGN PLANTERS,388.04999999999995,39,28,26,28,0.0036463630866739837,9.95
22256,FELT FARM ANIMAL CHICKEN,387.9,286,50,32,51,0.00364495359185888,1.3562937062937062
21879,HEARTS GIFT TAPE,385.47,1176,94,52,95,0.003622119775854196,0.32778061224489796
84247E,PACK/12 XMAS FUN CARD,384.09000000000003,140,48,23,48,0.003609152423555239,2.7435
21881,CUTE CATS TAPE,383.11,1102,79,37,79,0.00359994372409656,0.3476497277676951
20854,BLUE PATCH PURSE PINK HEART,383.02,242,41,16,41,0.0035990980272074973,1.5827272727272728
21197,MULTICOLOUR  CONFETTI IN TUBE,382.9599999999999,284,27,13,27,0.003598534229281455,1.3484507042253517
23116,VEGETABLE GARDEN CHOPPING BOARD,382.44,76,22,17,22,0.0035936479805890958,5.032105263157895
84919,BLUE CUSHION COVER WITH FLOWER,381.78000000000003,58,29,9,29,0.0035874462034026383,6.5824137931034485
22346,PARTY PIZZA DISH GREEN POLKADOT,381.09,1034,59,23,60,0.0035809625272531596,0.36855899419729204
85179A,GREEN BITTY LIGHT CHAIN,380.79,193,59,15,59,0.0035781435376229516,1.9730051813471503
21562,HAWAIIAN GRASS SKIRT,380.36,324,28,20,28,0.0035741029858196538,1.1739506172839507
16045,POPART WOODEN PENCILS ASST,380.0,8900,68,61,69,0.0035707201982634043,0.04269662921348315
46776D,WOVEN SUNSET CUSHION COVER,378.29,89,37,3,37,0.0035546519573712186,4.2504494382022475
90161B,ANT COPPER TURQ BOUDICCA BRACELET,377.88,76,37,10,37,0.0035507993382099348,4.972105263157895
21051,RIBBONS PURSE,377.2,192,51,23,51,0.003544409628381463,1.9645833333333333
90160C,TURQ+RED BOUDICCA LARGE BRACELET,377.04,54,26,14,26,0.0035429061672453523,6.982222222222223
47367B,PAIR PADDED HANGERS PINK CHECK,376.27000000000004,112,43,11,43,0.003535670760527819,3.3595535714285716
17012A,ORIGAMI VANILLA INCENSE/CANDLE SET,375.93,323,65,21,66,0.0035324759056135826,1.1638699690402476
84559A,3D SHEET OF DOG STICKERS,375.60999999999996,397,94,34,94,0.003529468983341361,0.9461209068010075
21635,MADRAS NOTEBOOK LARGE,374.96000000000004,271,16,15,16,0.003523361172475911,1.3836162361623618
21284,RETROSPOT CANDLE  SMALL,374.49,403,42,24,42,0.003518944755388585,0.9292555831265509
84663A,GRASS HOPPER WOODEN WALL CLOCK,374.12,272,34,21,34,0.0035154680015113287,1.3754411764705883
21945,STRAWBERRIES  DESIGN FLANNEL,373.34,358,105,27,106,0.0035081386284727878,1.042849162011173
84915,HAND TOWEL PINK FLOWER AND DAISY,372.33,217,23,8,23,0.003498648030051087,1.7158064516129032
21689,SILVER VANILLA  FLOWER CANDLE POT,369.87,95,26,22,26,0.0034755323150833825,3.8933684210526316
84563A,PINK & WHITE BREAKFAST TRAY,369.84000000000003,96,35,11,35,0.0034752504161203617,3.8525000000000005
20782,CAMOUFLAGE EAR MUFF HEADPHONES,368.08,53,27,12,27,0.0034587123436231417,6.9449056603773585
23575,SNACK TRAY PAISLEY PARK,367.34999999999997,179,32,22,34,0.003451852802189635,2.0522346368715083
16011,ANIMAL STICKERS,367.29,1749,46,38,46,0.0034512890042635944,0.21000000000000002
22532,MAGIC DRAWING SLATE LEAP FROG,366.75,1072,73,54,75,0.00344621482292922,0.34211753731343286
22769,CHALKBOARD KITCHEN ORGANISER,366.73,11,8,3,8,0.003446026890287206,33.33909090909091
21320,GLASS CHALICE GREEN  LARGE,364.22,197,19,10,20,0.003422441343714466,1.848832487309645
22265,EASTER DECORATION NATURAL CHICK,363.55,536,64,42,70,0.0034161456002070015,0.6782649253731343
21286,RETROSPOT CANDLE  LARGE,362.12,273,30,17,30,0.0034027084163030107,1.3264468864468864
35957,SMALLFOLKART BAUBLE CHRISTMAS DEC,361.81,688,41,7,41,0.003399795460351795,0.5258866279069767
21348,PINK SPOTS CHOCOLATE NESTING BOXES,361.55999999999995,140,6,5,6,0.0033974463023266218,2.5825714285714283
21000,ROSE DU SUD COSMETICS BAG,360.84,96,52,16,52,0.0033906807272141228,3.7587499999999996
16008,SMALL FOLDING SCISSOR(POINTED EDGE),360.71,2892,70,54,70,0.003389459165041033,0.1247268326417704
85049e,SCANDINAVIAN REDS RIBBONS,360.71,109,42,0,42,0.003389459165041033,3.3092660550458715
84632,DECORATIVE HANGING SHELVING UNIT,359.70000000000005,6,5,5,5,0.003379968566619333,59.95000000000001
21060,PARTY INVITES BALLOON GIRL,359.28999999999996,405,71,47,71,0.0033761159474580485,0.8871358024691357
23579,SNACK TRAY I LOVE LONDON,358.75,169,35,22,35,0.0033710417661236745,2.1227810650887573
20856,DENIM PATCH PURSE PINK BUTTERFLY,357.28999999999996,216,61,26,61,0.0033573226832566616,1.6541203703703702
82095,HEART BUTTONS JEWELLERY BOX,356.11,68,30,4,30,0.0033462346573778444,5.236911764705883
85169D,PINK LOVE BIRD CANDLE,356.08,351,50,20,50,0.0033459527584148237,1.0144729344729344
85169B,BLACK LOVE BIRD CANDLE,356.06,329,62,17,62,0.0033457648257728097,1.0822492401215806
84569A,PACK 3 IRON ON DOG PATCHES,355.84,294,65,26,65,0.003343697566710657,1.2103401360544217
21724,PANDA AND BUNNIES STICKER SHEET,355.83,408,81,43,81,0.00334360360038965,0.8721323529411764
90209B,GREEN ENAMEL+GLASS HAIR COMB,355.64,184,54,7,55,0.0033418182402905183,1.9328260869565217
22100,SKULLS SQUARE TISSUE BOX,354.82,755,59,34,59,0.00333411300196795,0.46996026490066223
35095B,RED VICTORIAN FABRIC OVAL BOX,352.25,862,98,36,98,0.0033099636574691685,0.40864269141531323
23420,PANTRY HOOK TEA STRAINER,351.37,164,32,26,32,0.003301694621220559,2.1425
35954,SMALL FOLKART STAR CHRISTMAS DEC,350.48,1245,54,30,55,0.003293331618650942,0.28151004016064257
21555,CERAMIC STRAWBERRY TRINKET TRAY,350.46999999999997,137,69,11,69,0.0032932376523299345,2.558175182481752
79030D,"TUMBLER, BAROQUE",350.22999999999996,581,47,26,47,0.003290982460625768,0.6028055077452668
21664,RIDGED GLASS STORAGE JAR CREAM LID,350.22,98,18,15,19,0.0032908884943047617,3.573673469387755
21723,ALPHABET HEARTS STICKER SHEET,350.08,397,59,29,59,0.0032895729658106642,0.8818136020151133
37482P,CUBIC MUG PINK POLKADOT,349.35,494,47,30,48,0.0032827134243771585,0.7071862348178138
23421,PANTRY HOOK SPATULA,349.2,160,33,24,33,0.0032813039295620542,2.1825
21263,GREEN GOOSE FEATHER TREE 60CM,349.17,167,42,32,43,0.0032810220305990343,2.0908383233532937
22529,MAGIC DRAWING SLATE GO TO THE FAIR,349.03,851,70,52,70,0.003279706502104937,0.41014101057579316
84924A,WAKE UP COCKEREL CALENDAR SIGN,348.59000000000003,81,33,21,33,0.003275571983980632,4.30358024691358
21421,PORCELAIN ROSE LARGE,348.43000000000006,299,14,11,14,0.0032740685228445214,1.1653177257525085
21222,SET/4 BADGES BEETLES,348.19,265,73,26,74,0.0032718133311403544,1.3139245283018868
21001,ROSE DU SUD WASHBAG,348.19,73,50,12,50,0.0032718133311403544,4.76972602739726
20652,BLUE POLKADOT LUGGAGE TAG,346.86,265,78,26,78,0.0032593158104464327,1.3089056603773586
84563B,BLUE & WHITE BREAKFAST TRAY,346.3,94,38,18,38,0.003254053696470044,3.6840425531914893
20700,GREEN CAT FLORAL CUSHION COVER,345.17,73,54,4,54,0.0032434355021962614,4.728356164383562
47591B,SCOTTIES CHILDRENS APRON,344.78999999999996,209,56,9,56,0.0032398647819979975,1.6497129186602868
84849A,HELLO SAILOR BLUE SOAP HOLDER,344.34000000000003,180,53,25,53,0.003235636297552686,1.9130000000000003
22104,MIRROR MOSAIC CANDLE PLATE,343.71,288,59,9,59,0.0032297164193292485,1.1934375
90149,SILVER FLOWR PINK SHELL NECKLACE,342.76000000000005,53,4,2,4,0.0032207896188335907,6.467169811320756
85129D,BEADED CRYSTAL HEART PINK SMALL,342.74,207,65,16,65,0.003220601686191577,1.6557487922705314
47559b,TEA TIME OVEN GLOVE,342.65,103,28,0,28,0.003219755989302514,3.3266990291262135
84766,SILVER ROCOCO CANDLE STICK,340.7,146,14,11,14,0.0032014325567061627,2.3335616438356164
84631,FRUIT TREE AND BIRDS WALL PLAQUE,340.58,40,24,7,24,0.003200304960854079,8.5145
21221,SET/4 BADGES CUTE CREATURES,340.22,261,54,24,54,0.0031969221732978306,1.3035249042145596
23015,CORDIAL GLASS JUG,338.38,40,18,15,19,0.003179632370232554,8.4595
22547,MINI JIGSAW DINOSAUR,338.23,809,101,41,102,0.0031782228754174504,0.4180840543881335
21167,WHITE SAGE INCENSE,337.14,1432,67,20,67,0.0031679805464276947,0.23543296089385474
72122,COFFEE SCENT PILLAR CANDLE,335.78999999999996,324,61,38,62,0.0031552950930917585,1.0363888888888888
71270,PHOTO CLIP LINE,334.98,236,49,16,50,0.0031476838210901976,1.419406779661017
23047,PAPER LANTERN 5 POINT SEQUIN STAR,333.5,58,25,25,26,0.0031337768055811717,5.75
85230B,CINNAMON SCENTED VOTIVE CANDLE,333.2,1288,39,30,39,0.0031309578159509637,0.25869565217391305
22259,FELT FARM ANIMAL HEN,332.84,481,44,16,45,0.003127575028394714,0.6919750519750519
84952B,BLACK LOVE BIRD T-LIGHT HOLDER,332.14,186,29,10,29,0.003120997385924229,1.7856989247311827
84638,SMALL KITCHEN FLOWER POTS PLAQUE,331.5,50,37,11,37,0.0031149835413797856,6.63
21248,DOOR HANGER  MUM + DADS ROOM,330.71999999999997,205,66,45,66,0.0031076541683412446,1.6132682926829267
85213,MINI  ZINC GARDEN DECORATIONS,330.54999999999995,829,33,23,33,0.0031060567408841265,0.3987334137515078
90200A,PURPLE SWEETHEART BRACELET,328.44,78,50,14,50,0.003086229847151664,4.21076923076923
84926E,FLOWERS TILE COASTER,327.79999999999995,968,39,32,39,0.00308021600260722,0.33863636363636357
16259,PIECE OF CAMO STATIONERY SET,326.56,3380,31,28,31,0.003068564178802361,0.09661538461538462
84708B,PINK JEWELLED PHOTO FRAME,326.35,62,19,13,19,0.0030665908860612154,5.263709677419355
85204,HANGING WOOD AND FELT FLOWER,325.35999999999996,2050,104,40,105,0.0030572882202815287,0.1587121951219512
23037,CANDLE HOLDER SILVER MADELINE,325.15999999999997,196,20,17,20,0.0030554088938613906,1.6589795918367345
23478,WOODLAND LARGE PINK FELT HEART,324.40000000000003,285,13,9,13,0.0030482674534648645,1.1382456140350878
90147,CHUNKY SILVER NECKLACE PASTEL FLOWE,324.01,32,23,10,23,0.0030446027669455934,10.1253125
85205B,PINK FELT EASTER RABBIT GARLAND,323.15,122,29,22,30,0.0030365216633389974,2.6487704918032784
22135,LADLE LOVE HEART PINK,322.38,567,179,22,179,0.0030292862566214636,0.5685714285714286
84509c,SET OF 4 POLKADOT PLACEMATS,322.22,43,27,0,27,0.003027782795485353,7.493488372093024
21403,BLUE EGG  SPOON,322.18,1857,106,58,106,0.003027406930201325,0.1734948842218632
16238,PARTY TIME PENCIL ERASERS,321.67,1396,134,61,134,0.003022614647829972,0.23042263610315186
22092,BLUE PAISLEY TISSUE BOX,321.40000000000003,670,91,75,91,0.0030200775571627846,0.4797014925373135
21425,SKULLS STORAGE BOX LARGE,320.49,87,30,12,30,0.0030115266219511534,3.683793103448276
16236,KITTY PENCIL ERASERS,320.09,1438,136,59,136,0.0030077679691108763,0.22259388038942973
21371,MIRRORED WALL ART POPPIES,319.71,287,38,27,38,0.003004197248912613,1.11397212543554
20936,FORKED CACTUS CANDLE,319.66,100,34,21,34,0.0030037274173075786,3.1966
22202,MILK PAN PINK POLKADOT,319.35,64,37,16,37,0.0030008144613563634,4.98984375
90161D,ANT COPPER PINK BOUDICCA BRACELET,318.89000000000004,64,34,6,34,0.002996492010590045,4.982656250000001
72586,SET OF 6 HALLOWEEN GHOST T-LIGHTS,317.83,691,83,36,83,0.0029865315805633094,0.4599565846599131
84884a,ANT WHITE WIRE HEART SPIRAL,317.71999999999997,38,26,0,26,0.002985497951032233,8.361052631578946
84931A,PINK SCOTTIE DOG W FLOWER PATTERN,317.44,133,51,20,51,0.002982866894044039,2.386766917293233
46118,FUNKY MONKEY CUSHION COVER,317.16999999999996,232,46,12,46,0.002980329803376852,1.367112068965517
22765,NEWSPAPER STAND,316.95000000000005,27,5,3,5,0.0029782625443147003,11.73888888888889
85170B,SET/6 BLACK BIRD T-LIGHT CANDLES,316.75,215,39,13,39,0.0029763832178945613,1.4732558139534884
35915C,PEACH KNITTED HEN,316.46,315,60,8,60,0.0029736581945853597,1.0046349206349205
84876B,GREEN HEART COMPACT MIRROR,315.81,218,33,17,34,0.00296755038371991,1.4486697247706422
21026,SPACE OWL,315.75,255,68,20,68,0.002966986585793868,1.238235294117647
90198A,VINTAGE ROSE BEAD BRACELET RASPBERR,315.73,75,44,8,44,0.0029667986531518543,4.209733333333333
47594B,SCOTTIES DESIGN WASHBAG,314.54999999999995,170,56,26,56,0.002955710627273036,1.8502941176470586
84584,PINK GINGHAM CAT WITH SCARF,314.51,144,30,18,30,0.0029553347619890083,2.1840972222222224
17084N,FAIRY DREAMS INCENSE,313.31,1264,101,25,101,0.002944058803468177,0.24787183544303798
23695,DOILY THANK YOU CARD,313.24,741,57,41,57,0.002943401039221128,0.42272604588394064
85202,HANGING WOOD AND FELT HEART,313.13,672,106,34,112,0.002942367409690052,0.4659672619047619
85014b,RED RETROSPOT UMBRELLA,313.06,25,23,0,23,0.0029417096454430035,12.5224
21942,SKULLS DESIGN FLANNEL,313.01,287,103,14,103,0.0029412398138379684,1.0906271777003484
21375,LARGE CAMPHOR WOOD FIELD MUSHROOM,312.77,41,27,9,28,0.002938984622133802,7.628536585365853
84358,FLOOR LAMP SHADE WOOD BASE,312.7,33,13,6,13,0.0029383268578867536,9.475757575757575
20780,BLACK EAR MUFF HEADPHONES,312.7,47,28,13,29,0.0029383268578867536,6.653191489361702
21841,BABY MOUSE RED GINGHAM DRESS,310.25,73,21,19,22,0.0029153051092400558,4.25
21944,KITTENS DESIGN FLANNEL,310.19,337,100,24,101,0.002914741311314014,0.9204451038575667
47021G,SET/6 BEAD COASTERS GAUZE BAG GOLD,309.29999999999995,582,27,12,27,0.0029063783087443966,0.531443298969072
21442,GREEN BIRDHOUSE DECORATION,307.94,437,59,31,59,0.0028935988890874545,0.7046681922196796
21719,LOVELY BONBON STICKER SHEET,307.44,345,58,29,59,0.0028889005730371076,0.8911304347826087
23495,SET OF 3 PANTRY WOODEN SPOONS,306.66,225,41,21,41,0.0028815711999985675,1.3629333333333336
22124,SET OF 2 TEA TOWELS PING MICROWAVE,306.16,149,76,14,76,0.002876872883948221,2.054765100671141
22040,BOTANICAL ROSE GIFT WRAP,304.5,725,28,27,28,0.0028612744746610696,0.42
22043,CHRISTMAS CARD SCREEN PRINT,304.5,1238,64,40,64,0.0028612744746610696,0.24596122778675283
22641,SET OF 4 NAPKIN CHARMS INSTRUMENT,303.72999999999996,139,37,23,37,0.002854039067943536,2.1851079136690643
20622,VIPPASSPORT COVER,303.7,185,51,24,51,0.0028537571689805155,1.6416216216216215
23430,BLUE RETRO KITCHEN WALL CLOCK,301.88,36,18,16,18,0.0028366552985572536,8.385555555555555
35912B,WHITE/PINK CHICK DECORATION,301.26,252,20,15,20,0.002830829386654824,1.1954761904761904
84661B,BLACK SQUARE TABLE CLOCK,300.24,115,29,10,29,0.002821244821912117,2.610782608695652
22409,MONEY BOX BISCUITS DESIGN,299.72,228,57,36,57,0.002816358573219757,1.314561403508772
21761,WOOD AND GLASS MEDICINE CABINET,299.5,10,10,10,10,0.002814291314157604,29.95
23440,PAINT YOUR OWN EGGS IN CRATE,299.36,164,5,5,5,0.002812975785663507,1.8253658536585367
20897,VINTAGE NOTEBOOK PARIS DAYS,298.27,107,24,8,24,0.0028027334566737513,2.7875700934579437
90184B,AMETHYST CHUNKY BEAD BRACELET W STR,297.94,33,21,11,21,0.0027996325680805225,9.02848484848485
84596J,MIXED NUTS LIGHT GREEN BOWL,296.45,568,68,21,68,0.0027856315862504898,0.521919014084507
20655,QUEEN OF SKIES LUGGAGE TAG,292.29,197,99,20,99,0.0027465415967116063,1.4837055837563453
35911A,MULTICOLOUR RABBIT EGG WARMER,292.07,319,70,23,70,0.0027444743376494538,0.9155799373040752
21441,BLUE BIRDHOUSE DECORATION,292.03,421,62,34,62,0.002744098472365426,0.6936579572446555
23567,EGG CUP HENRIETTA HEN PINK,291.58,211,37,15,38,0.002739869987920114,1.3818957345971563
22049,WRAP CHRISTMAS SCREEN PRINT,291.5,1050,33,26,33,0.002739118257352059,0.2776190476190476
23410,CURIO CABINET LINEN AND LACE,290.1,36,18,16,18,0.0027259629724110885,8.058333333333334
16015,MEDIUM CHINESE STYLE SCISSOR,289.98,662,24,19,24,0.002724835376559005,0.43803625377643507
85024B,EAU DE NILE JEWELLED PHOTOFRAME,289.65,193,12,12,12,0.0027217344879657763,1.5007772020725387
79051A,SMOKEY GREY COLOUR D.O.F. GLASS,289.54999999999995,823,41,32,42,0.0027207948247557068,0.3518226002430133
21503,TOYBOX  WRAP,288.92,726,23,22,23,0.0027148749465322705,0.3979614325068871
46776E,WOVEN CANDY CUSHION COVER,288.43,67,38,5,38,0.0027102705968029307,4.304925373134329
79190B,RETRO PLASTIC POLKA TRAY,288.36,707,57,24,57,0.0027096128325558824,0.4078642149929279
20618,QUEEN OF THE SKIES PASSPORT COVER,286.39,148,76,20,76,0.0026911014673175163,1.9350675675675675
72800B,4 PURPLE FLOCK DINNER CANDLES,285.7,142,38,31,39,0.0026846177911680385,2.0119718309859156
21386,IVORY HANGING DECORATION  EGG,285.64,709,51,42,55,0.0026840539932419965,0.40287729196050776
37413,ICON MUG REVOLUTIONARY,284.49,703,81,52,83,0.0026732478663261997,0.40467994310099575
71403,"PINK/WHITE ""KEEP CLEAN"" BULLET BIN",283.96000000000004,76,33,12,33,0.002668267651312833,3.7363157894736845
18094C,WHITE AND BLUE CERAMIC OIL BURNER,283.93,192,42,13,42,0.0026679857523498117,1.4788020833333333
21666,RIDGED GLASS T-LIGHT HOLDER,283.51,412,43,21,43,0.0026640391668675202,0.6881310679611651
16218,CARTOON  PENCIL SHARPENERS,283.31,3821,64,43,64,0.0026621598404473817,0.07414551164616592
20794,BLUE  TILE HOOK,282.78999999999996,99,27,15,28,0.0026572735917550208,2.856464646464646
20777,CHRYSANTHEMUM NOTEBOOK,282.48999999999995,169,80,32,80,0.002654454602124813,1.6715384615384612
84341B,SMALL PINK MAGIC CHRISTMAS TREE,282.38,645,40,30,41,0.002653420972593737,0.4377984496124031
84872a,TEATIME FUNKY FLOWER BACKPACK FOR 2,282.15,26,21,0,21,0.0026512597472105773,10.851923076923075
23481,PEARLISED IVORY HEART SMALL,281.17,228,29,23,32,0.0026420510477518982,1.233201754385965
22257,FELT FARM ANIMAL SHEEP,280.42,373,42,16,44,0.0026350035736763784,0.7517962466487936
71101E,STANDING FAIRY POLE SUPPORT,278.5,346,22,17,22,0.0026169620400430475,0.8049132947976878
85188A,GREEN METAL SWINGING BUNNY,278.16999999999996,319,42,29,42,0.0026138611514498183,0.8720062695924764
21725,SWEETIES  STICKERS,277.24,301,50,26,50,0.002605122283596174,0.921063122923588
16169M,WRAP DAISY CARPET,277.2,660,25,24,26,0.002604746418312146,0.42
21293,MIRRORED DOVE WALL DECORATION,276.72,116,24,14,25,0.002600236034903814,2.3855172413793104
84926D,LA PALMIERA TILE COASTER,276.53,709,34,25,35,0.0025984506748046817,0.39002820874471084
85049g,CHOCOLATE BOX RIBBONS,276.42,113,51,0,51,0.002597417045273606,2.4461946902654867
23137,ZINC WIRE SWEETHEART LETTER TRAY,275.62,83,23,18,23,0.0025898997395930514,3.320722891566265
21250,SET OF SKULL WALL STICKERS,274.37,95,20,15,20,0.0025781539494671847,2.888105263157895
85186A,EASTER BUNNY GARLAND OF FLOWERS,273.64,567,79,35,80,0.0025712944080336785,0.4826102292768959
22052,VINTAGE CARAVAN GIFT WRAP,273.0,650,27,22,27,0.002565280563489235,0.42
84859A,SILVER DISCO HANDBAG,272.99,129,35,24,36,0.002565186597168228,2.116201550387597
23141,TRIPLE WIRE HOOK PINK HEART,272.91,79,25,18,25,0.0025644348666001727,3.454556962025317
20734,SILVER MINI TAPE MEASURE,271.21999999999997,158,26,0,27,0.002548554558350001,1.7165822784810125
20755,BLUE PAISLEY POCKET BOOK,271.16999999999996,306,62,44,62,0.0025480847267449662,0.8861764705882351
85214,TUB 24 PINK FLOWER PEGS,271.03999999999996,164,58,36,58,0.0025468631645718764,1.652682926829268
23474,WOODLAND SMALL BLUE FELT HEART,270.96,312,37,26,38,0.002546111434003821,0.8684615384615384
85019C,CURIOUS  IMAGES NOTEBOOK SET,270.72,182,11,9,11,0.002543856242299655,1.4874725274725276
20684,STRAWBERRY DREAM CHILDS UMBRELLA,270.56,80,35,30,35,0.002542352781163544,3.382
21815,STAR  T-LIGHT HOLDER,270.22999999999996,158,29,15,30,0.0025392518925703147,1.7103164556962023
21275,ZINC TOP  2 DOOR WOODEN SHELF,270.08,13,12,9,12,0.002537842397755211,20.775384615384613
35001W,HAND OPEN SHAPE DECO.WHITE,270.02000000000004,92,5,5,5,0.00253727859982917,2.9350000000000005
22512,DOORSTOP RACING CAR DESIGN,269.71,122,37,28,37,0.0025343656438779542,2.210737704918033
85186C,BUNNY EGG GARLAND,269.17,528,78,32,79,0.0025292914625435806,0.5097916666666666
21785,RAIN PONCHO,268.76,411,5,3,5,0.002525438843382296,0.6539172749391727
21644,ASSORTED TUTTI FRUTTI HEART BOX,268.75,215,32,29,34,0.002525344877061289,1.25
21332,MOROCCAN BEATEN METAL MIRROR,268.1,19,13,8,13,0.002519237066195839,14.110526315789475
17013D,ORIGAMI ROSE INCENSE IN TUBE,267.82,535,13,10,13,0.0025166060092076444,0.5005981308411215
21445,12 PINK ROSE PEG PLACE SETTINGS,267.5,214,21,17,21,0.002513599086935423,1.25
85230E,STRAWBRY SCENTED VOTIVE CANDLE,267.45,1101,24,17,24,0.0025131292553303877,0.24291553133514984
21265,PINK GOOSE FEATHER TREE 60CM,267.21,131,19,15,19,0.0025108740636262212,2.039770992366412
20771,CHRYSANTHEMUM  JOURNAL,267.13,102,40,21,40,0.002510122333058166,2.6189215686274507
84795b,SUNSET CHECK HAMMOCK,266.78,16,14,0,14,0.0025068335118229234,16.67375
21279,VINTAGE KITCHEN PRINT FRUITS,266.15,85,29,12,29,0.0025009136335994867,3.131176470588235
20699,MOUSEY LONG LEGS SOFT TOY,266.03,97,41,11,41,0.0024997860377474032,2.7425773195876286
85039C,S/4 BLACK MINI ROSE CANDLE IN BOWL,265.77,305,67,9,67,0.002497342913401223,0.8713770491803278
90160A,PURPLE BOUDICCA LARGE BRACELET,264.94,38,15,10,15,0.002489543708757648,6.972105263157895
23476,WOODLAND LARGE RED FELT HEART,264.72,205,22,18,22,0.002487476449695496,1.2913170731707317
90160D,PINK BOUDICCA LARGE BRACELET,264.7,38,12,9,12,0.0024872885170534815,6.96578947368421
84952A,CLEAR LOVE BIRD T-LIGHT HOLDER,264.46999999999997,92,26,6,26,0.002485127291670322,2.8746739130434777
85124B,BLUE JUICY FRUIT PHOTO FRAME,264.06,93,39,23,39,0.002481274672509038,2.8393548387096774
22889,NUMBER TILE VINTAGE FONT No,263.8,169,33,6,33,0.002478831548162858,1.5609467455621302
18098c,PORCELAIN BUTTERFLY OIL BURNER,263.12,52,12,0,12,0.0024724418383343864,5.0600000000000005
85124C,GREEN JUICY FRUIT PHOTO FRAME,261.89,94,39,23,39,0.002460883980850534,2.786063829787234
84858C,PINK RIVIERA HANDBAG,261.68,186,6,4,6,0.0024589106881093884,1.4068817204301076
79337,BLUE FLOCK GLASS CANDLEHOLDER,259.96,644,10,9,10,0.002442748480896196,0.4036645962732919
72800C,4 PINK DINNER CANDLE SILVER FLOCK,259.71999999999997,130,35,26,35,0.0024404932891920294,1.9978461538461536
21324,HANGING MEDINA LANTERN SMALL,259.67,81,28,20,28,0.002440023457586995,3.2058024691358025
20997,ROSE DU SUD CUSHION COVER,257.61,59,34,4,34,0.0024206663954595676,4.366271186440678
35915B,BLUE KNITTED HEN,257.21999999999997,220,50,14,50,0.0024170017089402964,1.169181818181818
85230G,ORANGE VOTIVE CANDLE,257.03999999999996,1032,25,20,25,0.002415310315162172,0.24906976744186043
21458,2 PICTURE BOOK EGGS EASTER BUNNY,256.54,182,36,18,36,0.002410611999111826,1.4095604395604397
78124,MAGAZINE RACK GEBRA ASSORTED,256.5,198,18,16,18,0.002410236133827798,1.2954545454545454
21427,SKULLS STORAGE BOX SMALL,256.44,96,41,21,41,0.0024096723359017564,2.67125
16012,FOOD/DRINK SPONGE STICKERS,256.2,1220,35,33,36,0.00240741714419759,0.21
84952C,MIRROR LOVE BIRD T-LIGHT HOLDER,255.0,144,12,7,13,0.002396141185676758,1.7708333333333333
21269,ANTIQUE CREAM CUTLERY SHELF,254.98000000000002,29,19,17,19,0.0023959532530347443,8.79241379310345
21547,CERAMIC BIRDHOUSE CRESTED TIT SMALL,253.53000000000003,79,22,13,23,0.0023823281364887395,3.2092405063291145
48173c,DOORMAT BLACK FLOCK,252.95000000000002,15,7,0,7,0.002376878089870337,16.863333333333333
90201B,BLACK ENAMEL FLOWER RING,252.9,86,23,9,23,0.0023764082582653024,2.9406976744186046
35967,FOLK ART METAL STAR T-LIGHT HOLDER,252.33,485,67,24,67,0.002371052177967907,0.5202680412371135
23149,ANTIQUE IVORY WIRE BOWL SMALL,251.45000000000002,99,21,17,21,0.0023627831417192976,2.53989898989899
21882,SKULLS TAPE,251.17000000000002,704,70,35,71,0.0023601520847311036,0.3567755681818182
22164,STRING OF STARS CARD HOLDER,250.22000000000003,78,15,11,15,0.002351225284235445,3.2079487179487183
85071D,CHARLIE+LOLA MY ROOM DOOR SIGN,249.48999999999998,403,84,58,86,0.0023443657428019386,0.6190818858560794
23465,TUSCAN VILLA FEEDING STATION,247.63,29,16,15,16,0.002326888007094649,8.53896551724138
22410,MONEY BOX HOUSEKEEPING DESIGN,247.42000000000002,237,58,34,58,0.002324914714353504,1.0439662447257385
84678,CLASSICAL ROSE SMALL VASE,247.04,142,13,10,13,0.0023213439941552404,1.7397183098591549
20659,ECONOMY LUGGAGE TAG,246.84,158,62,18,64,0.002319464667735102,1.5622784810126582
21379,CAMPHOR WOOD PORTOBELLO MUSHROOM,246.82999999999998,178,50,22,50,0.0023193707014140946,1.3866853932584269
47422,ASSORTED MONKEY SUCTION CUP HOOK,246.18,617,45,16,48,0.0023132628905486443,0.39899513776337114
22869,NUMBER TILE COTTAGE GARDEN 1,246.14,96,44,18,44,0.0023128870252646164,2.5639583333333333
90175A,WHITE GLASS CHUNKY CHARM BRACELET,245.63,27,25,6,25,0.002308094742893263,9.097407407407408
22391,PAPERWEIGHT HOME SWEET HOME,245.57999999999998,158,29,18,29,0.0023076249112882283,1.5543037974683542
21676,FLOWERS  STICKERS,245.35999999999999,257,61,21,61,0.002305557652226076,0.9547081712062256
21190,PINK HEARTS PAPER GARLAND,245.20000000000002,168,7,6,7,0.0023040541910899653,1.4595238095238097
20819,SILVER TEDDY BEAR,244.72,64,27,14,27,0.002299543807681632,3.82375
90143,SILVER BRACELET W PASTEL FLOWER,244.68,32,19,7,19,0.0022991679423976044,7.64625
84422,PINK/BLUE DISC/MIRROR STRING,244.17,566,15,8,15,0.002294375660026251,0.4313957597173145
20616,CHERRY BLOSSOM PASSPORT COVER,243.53,194,71,19,71,0.0022883618154818076,1.2553092783505155
85095,THREE CANVAS LUGGAGE TAGS,243.49,150,48,9,48,0.00228798595019778,1.6232666666666666
23475,WOODLAND SMALL PINK FELT HEART,242.17999999999998,286,31,25,31,0.0022756763621458714,0.8467832167832167
85094,CANDY SPOT EGG WARMER RABBIT,242.13,640,90,29,90,0.0022752065305408366,0.378328125
22954,HEN PARTY CORDON BARRIER TAPE,241.38,197,40,20,40,0.0022681590564653173,1.2252791878172589
84592,CROCHET ROSE PURSE WITH SUEDE BACK,241.24000000000004,76,22,15,22,0.0022668435279712203,3.17421052631579
22870,NUMBER TILE COTTAGE GARDEN 2,240.29,93,39,14,40,0.002257916727475561,2.583763440860215
23143,ZINC WIRE KITCHEN ORGANISER,239.97,30,16,12,16,0.00225490980520334,7.999
21028,NINJA RABBIT BLACK,239.24,187,58,15,58,0.002248050263769834,1.2793582887700534
47469,ASSORTED SHAPES PHOTO CLIP SILVER,238.60999999999999,469,12,10,16,0.0022421303855463966,0.5087633262260127
22137,BATHROOM SET LOVE HEART DESIGN,237.98000000000002,82,14,9,14,0.0022362105073229603,2.9021951219512196
72131,COLUMBIAN CANDLE RECTANGLE,236.39999999999998,136,18,14,18,0.002221363828603865,1.7382352941176469
21360,JOY LARGE WOOD LETTERS,236.17,39,16,14,16,0.0022192026032207056,6.055641025641025
85023B,EAU DE NILE JEWELLED PHOTOFRAME,235.35000000000002,105,13,10,13,0.0022114973648981375,2.2414285714285715
23580,SNACK TRAY HAPPY FOREST,234.92,116,25,20,25,0.002207456813094839,2.0251724137931033
47351B,BLUE  VOILE LAMPSHADE,234.5,86,9,7,9,0.0022035102276125483,2.7267441860465116
16216,LETTER SHAPE PENCIL SHARPENER,234.0,3333,45,38,45,0.0021988119115622018,0.0702070207020702
20775,DAISY NOTEBOOK,233.54,134,63,19,64,0.0021944894607958828,1.7428358208955224
21025,SPACE FROG,233.52,174,56,14,56,0.002194301528153869,1.3420689655172415
90058B,CRYSTAL STUD EARRINGS ASSORTED COL,232.56,612,15,15,15,0.0021852807613372033,0.38
23036,T-LIGHT HOLDER SILVER PETIT FOUR,232.42000000000002,184,16,14,16,0.0021839652328431063,1.2631521739130436
84857C,PINK MONTE CARLO HANDBAG,232.32999999999998,98,10,8,10,0.0021831195359540436,2.3707142857142856
85099f,JUMBO BAG STRAWBERRY,232.05999999999997,46,10,0,10,0.0021805824452868564,5.044782608695652
23447,PINK BUNNY EASTER EGG BASKET,231.89999999999998,158,4,4,4,0.0021790789841507454,1.4677215189873416
84712B,PINK JEWELLED PHOTO FRAME,231.56,30,20,9,20,0.0021758841292365103,7.718666666666667
20696,FLORAL SOFT CAR TOY,230.81,54,30,10,30,0.00216883665516099,4.274259259259259
22394,PAPERWEIGHT KINGS CHOICE,230.67999999999998,168,23,16,23,0.0021676150929879003,1.373095238095238
21973,SET OF 36 MUSHROOM PAPER DOILIES,230.54999999999998,159,30,25,30,0.00216639353081481,1.45
23446,BLUE BUNNY EASTER EGG BASKET,230.24999999999997,157,3,3,3,0.002163574541184602,1.4665605095541399
21161,KEEP OUT BOYS DOOR HANGER,229.92,143,43,25,45,0.0021604736525913733,1.6078321678321676
85040B,SET/4 BLUE FLOWER CANDLES IN BOWL,229.46999999999997,137,35,28,36,0.002156245168146061,1.6749635036496349
85200,BUNNY EGG BOX,228.75,183,26,24,27,0.0021494795930335625,1.25
90010E,AMBER GLASS/SILVER BRACELET,227.89,25,16,7,16,0.002141398489426966,9.115599999999999
72800D,4 BLUE DINNER CANDLES SILVER FLOCK,226.67,87,31,20,31,0.0021299345982641205,2.6054022988505747
23003,TRAVEL CARD WALLET VINTAGE ROSE,226.2,542,53,38,54,0.0021255181811767948,0.41734317343173427
90201D,GREEN ENAMEL FLOWER RING,225.84,77,31,9,31,0.0021221353936205453,2.932987012987013
22031,BOTANICAL LAVENDER BIRTHDAY CARD,225.59,504,80,28,80,0.002119786235595372,0.44759920634920636
21157,RED RETROSPOT WASHBAG,225.5,78,34,12,34,0.0021189405387063093,2.891025641025641
85014a,BLACK/BLUE POLKADOT UMBRELLA,225.32000000000002,18,14,0,14,0.002117249144928185,12.517777777777779
90206C,CRYSTAL DIAMANTE STAR BROOCH,224.73000000000002,45,31,6,31,0.002111705131988776,4.994000000000001
21647,ASSORTED TUTTI FRUTTI LARGE PURSE,224.70000000000002,107,25,21,25,0.0021114232330257552,2.1
90158,ST TROPEZ NECKLACE,224.12,45,35,6,35,0.0021059731864073532,4.980444444444444
21657,MILK BOTTLE WITH GLASS STOPPER,223.46,30,17,11,17,0.0020997714092208953,7.448666666666667
84218,BOX/12 CHICK & EGG IN BASKET,223.10999999999999,123,41,37,41,0.002096482587985653,1.81390243902439
21364,PEACE SMALL WOOD LETTERS,222.96,30,24,19,24,0.0020950730931705488,7.432
21456,2 PICTURE BOOK EGGS EASTER CHICKS,222.22,171,25,17,25,0.002088119585416036,1.29953216374269
84711A,SILVER OVAL SHAPE TRINKET BOX,221.79999999999998,25,17,7,17,0.0020841729999337448,8.872
22395,PAPERWEIGHT VINTAGE PAISLEY,220.04,152,33,15,33,0.0020676349274365248,1.4476315789473684
20868,SILVER FABRIC MIRROR,219.35000000000002,458,46,29,46,0.002061151251287047,0.4789301310043669
75178,ASSTD COL BUTTERFLY/CRYSTAL W/CHIME,218.87,459,13,6,13,0.0020566408678787135,0.4768409586056645
35914,PINK CHICK EGG WARMER + EGG CUP,218.81,195,40,16,40,0.0020560770699526725,1.1221025641025641
21378,SMALL TALL CAMPHOR WOOD TOADSTOOL,217.89,142,34,21,34,0.0020474321684200345,1.5344366197183097
90014A,SILVER/MOP ORBIT NECKLACE,217.59,27,21,8,21,0.0020446131787898265,8.05888888888889
20847,ZINC HEART LATTICE CHARGER LARGE,217.57999999999998,52,18,12,18,0.0020445192124688197,4.184230769230769
20769,DAISY JOURNAL,217.55999999999997,80,34,21,34,0.0020443312798268053,2.7194999999999996
84876D,BLUE HEART COMPACT MIRROR,217.5,128,16,12,16,0.0020437674819007642,1.69921875
21132,SILVER STANDING GNOME,217.35999999999999,44,22,13,22,0.002042451953406667,4.9399999999999995
84559B,3D SHEET OF CAT STICKERS,217.29,237,55,36,56,0.0020417941891596185,0.9168354430379746
21377,SMALL CAMPHOR WOOD FIELD  MUSHROOM,215.67999999999998,121,41,18,41,0.0020266656114775023,1.782479338842975
84051,ASS COLOUR GLOWING TIARAS,215.21,281,25,24,26,0.002022249194390177,0.7658718861209964
90120C,GREEN MURANO TWIST BRACELET,215.20000000000002,51,22,6,22,0.00202215522806917,4.219607843137255
21316,SMALL CHUNKY GLASS ROMAN  BOWL,214.73000000000002,159,15,9,15,0.0020177388109818444,1.3505031446540883
21520,BOOZE & WOMEN GREETING CARD,214.19,504,58,29,58,0.00201266462964747,0.4249801587301587
22882,NUMBER TILE VINTAGE FONT 3,213.7,108,42,13,42,0.00200806027991813,1.9787037037037036
20781,GOLD EAR MUFF HEADPHONES,212.26,35,25,19,25,0.0019945291296931318,6.064571428571428
90200C,BLUE SWEETHEART BRACELET,211.43,50,26,6,27,0.0019867299250495565,4.2286
84510C,SET OF 4 POLKADOT COASTERS,211.32999999999998,132,54,25,54,0.001985790261839487,1.6009848484848483
72127,COLUMBIAN CANDLE ROUND,210.61,169,30,25,31,0.0019790246867269884,1.2462130177514794
84877B,GREEN ROUND COMPACT MIRROR,210.56,144,21,8,21,0.0019785548551219537,1.4622222222222223
84707B,PINK JEWELLED MIRROR TRINKET TRAY,210.54999999999998,34,18,13,18,0.0019784608888009465,6.192647058823529
84926A,WAKE UP COCKEREL TILE COASTER,210.51999999999998,604,35,24,35,0.0019781789898379257,0.34854304635761585
90175D,TIGRIS EYE CHUNKY CHARM BRACELET,210.04,23,20,2,20,0.001973668606429593,9.132173913043477
90160B,RED BOUDICCA LARGE BRACELET,209.73000000000002,30,12,7,12,0.0019707556504783784,6.9910000000000005
90192,JADE DROP EARRINGS W FILIGREE,209.10000000000002,42,25,5,25,0.0019648357722549417,4.9785714285714295
21750,LARGE SKULL WINDMILL,207.51000000000002,90,24,15,24,0.0019498951272148397,2.3056666666666668
16048,TEATIME ROUND PENCIL SHARPENER,205.29999999999998,1460,67,41,68,0.0019291285702723075,0.14061643835616436
90119,METALIC LEAVES BAG CHARMS,205.06,83,36,3,36,0.0019268733785681414,2.470602409638554
20763,DAISY SKETCHBOOK,205.04,73,27,24,27,0.0019266854459261272,2.808767123287671
21726,MULTI HEARTS  STICKERS,204.69,237,42,29,42,0.0019233966246908847,0.8636708860759493
22878,NUMBER TILE COTTAGE GARDEN No,204.19,75,33,10,33,0.0019186983086405382,2.7225333333333332
84875B,GREEN SQUARE COMPACT MIRROR,203.51,131,20,14,20,0.0019123085988120667,1.5535114503816794
85230A,OPIUM SCENTED VOTIVE CANDLE,203.27999999999997,840,18,14,18,0.001910147373428907,0.24199999999999997
21911,GARDEN METAL SIGN,203.20999999999998,114,29,18,29,0.0019094896091818587,1.7825438596491225
84688,BEACH HUT DESIGN BLACKBOARD,203.07,41,15,7,15,0.0019081740806877615,4.952926829268293
90201A,PURPLE ENAMEL FLOWER RING,202.51000000000002,69,28,11,28,0.0019029119667113737,2.9349275362318843
22541,MINI JIGSAW LEAP FROG,201.95,503,35,19,35,0.0018976498527349852,0.40149105367793236
85179C,PINK BITTY LIGHT CHAIN,201.31,106,36,7,36,0.0018916360081905417,1.8991509433962264
84968e,SET OF 16 VINTAGE BLACK CUTLERY,200.21,8,6,0,6,0.0018812997128797794,25.02625
44235,ASS COL CIRCLE MOBILE,200.04,538,13,11,15,0.0018797022854226614,0.37182156133829
47594A,CAROUSEL DESIGN WASHBAG,199.84,108,50,26,50,0.001877822959002523,1.8503703703703704
22038,BOTANICAL LAVENDER GIFT WRAP,199.5,475,19,19,19,0.001874628104088287,0.42
16156L,"WRAP, CAROUSEL",199.5,475,18,17,18,0.001874628104088287,0.42
21367,MIRRORED WALL ART GENTS,199.48999999999998,171,43,29,43,0.0018745341377672802,1.1666081871345029
21651,HANGING GLASS ETCHED TEALIGHT,198.57,127,11,9,11,0.0018658892362346424,1.563543307086614
22881,NUMBER TILE VINTAGE FONT 2,197.56,102,34,9,34,0.0018563986378129424,1.9368627450980391
47578A,ENGLISH ROSE SMALL SCENTED FLOWER,197.43,213,45,26,46,0.0018551770756398524,0.9269014084507042
90019A,SILVER M.O.P ORBIT BRACELET,197.09,38,27,8,27,0.0018519822207256167,5.186578947368421
22880,NUMBER TILE VINTAGE FONT 1,196.69,97,32,8,32,0.0018482235678853394,2.0277319587628866
22044,CHRISTMAS CARD STACK OF PRESENTS,196.44,816,36,35,36,0.001845874409860166,0.24073529411764705
71143,SILVER BOOK MARK WITH BEADS,196.35999999999999,178,37,1,37,0.0018451226792921107,1.1031460674157303
22263,FELT EGG COSY LADYBIRD,195.97,326,51,14,53,0.0018414579927728402,0.6011349693251534
90013A,MIDNIGHT BLUE VINTAGE EARRINGS,195.32,52,32,3,32,0.0018353501819073897,3.756153846153846
84926F,PSYCHEDELIC TILE COASTER,195.22,430,28,18,28,0.0018344105186973206,0.454
20617,FIRST CLASS PASSPORT COVER,194.94,93,43,20,43,0.0018317794617091264,2.0961290322580646
23697,A PRETTY THANK YOU CARD,194.58,456,35,26,36,0.001828396674152877,0.4267105263157895
22884,NUMBER TILE VINTAGE FONT 5,194.04999999999998,99,36,12,36,0.001823416459139509,1.96010101010101
20654,FIRST CLASS LUGGAGE TAG,193.59,152,49,21,50,0.0018190940083731906,1.2736184210526316
22289,HANGING METAL CHICKEN DECORATION,193.52,148,34,19,35,0.0018184362441261421,1.3075675675675675
90018A,SILVER M.O.P ORBIT DROP EARRINGS,193.33,46,37,8,37,0.0018166508840270106,4.202826086956522
90082A,DIAMANTE BOW BROOCH GREEN COLOUR,193.2,30,18,8,18,0.0018154293218539202,6.4399999999999995
21376,LARGE  TALL CAMPHOR WOOD TOADSTOOL,192.81,33,17,13,17,0.00181176463533465,5.842727272727273
21306,SET/4 DAISY MIRROR MAGNETS,192.73999999999998,494,44,35,44,0.0018111068710876012,0.390161943319838
84910A,PINK PAISLEY CUSHION COVER,192.14,26,17,6,17,0.0018054688918271852,7.39
22883,NUMBER TILE VINTAGE FONT 4,191.48,100,32,9,32,0.001799267114640728,1.9147999999999998
85045,GREEN CHRISTMAS TREE STRING 20LIGHT,191.1,42,11,9,11,0.0017956963944424646,4.55
90030B,RED KUKUI COCONUT SEED NECKLACE,190.73000000000002,122,25,13,25,0.0017922196405652084,1.563360655737705
90184C,BLACK CHUNKY BEAD BRACELET W STRAP,190.51999999999998,21,17,7,17,0.0017902463478240622,9.072380952380952
47471,RAINBOW PEGS PHOTO CLIP STRING,189.88,290,39,19,39,0.001784232503279619,0.6547586206896552
21418,STARFISH SOAP DISH,189.75,74,25,11,26,0.0017830109411065289,2.564189189189189
21196,ROUND WHITE CONFETTI IN TUBE,189.67999999999998,108,13,9,14,0.0017823531768594802,1.756296296296296
21807,WHITE CHRISTMAS STAR DECORATION,189.0,438,30,24,34,0.001775963467031009,0.4315068493150685
85020,ROUND PINK HEART MIRROR,188.81,85,22,11,22,0.0017741781069318772,2.2212941176470586
84804B,BLUE DELPHINIUM ARTIFICIAL FLOWER,188.37000000000003,99,6,6,6,0.0017700435888075726,1.902727272727273
21027,NINJA RABBIT PINK,187.79,167,42,16,43,0.0017645935421891701,1.124491017964072
20694,FLORAL PINK MONSTER,187.54,43,16,9,17,0.0017622443841639967,4.361395348837209
84711B,PINK OVAL SHAPE TRINKET BOX,186.64,20,13,7,13,0.0017537874152733727,9.331999999999999
84535A,ENGLISH ROSE NOTEBOOK A6 SIZE,186.56,399,21,19,21,0.0017530356847053174,0.4675689223057644
21402,RED  EGG  SPOON,185.51999999999998,1369,92,54,92,0.0017432631873205964,0.13551497443389335
90201C,RED ENAMEL FLOWER RING,185.42000000000002,63,21,12,21,0.0017423235241105274,2.9431746031746036
78033,FLAG OF ST GEORGE CHAIR,185.3,38,8,6,8,0.0017411959282584441,4.876315789473685
21826,EIGHT PIECE DINOSAUR SET,185.18,125,35,16,37,0.001740068332406361,1.48144
72801d,4 SKY BLUE DINNER CANDLES,184.7,75,44,0,44,0.0017355579489980281,2.4626666666666663
23416,CHAMBRE HOOK,184.67999999999998,132,25,18,25,0.0017353700163560142,1.399090909090909
90016B,GOLD/M.O.P PENDANT ORBIT NECKLACE,184.66,22,19,6,19,0.0017351820837140006,8.393636363636363
85055,FRENCH ENAMEL UTENSIL HOLDER,183.71,45,16,9,16,0.0017262552832183421,4.0824444444444445
84509E,SET OF 4 CAROUSEL PLACEMATS,183.45,91,23,7,23,0.0017238121588721619,2.015934065934066
84927F,PSYCHEDELIC TILE HOOK,182.95000000000002,299,44,36,46,0.0017191138428218154,0.6118729096989967
84429A,MEDIUM PINK BUDDHA HEAD,182.50000000000003,54,21,13,21,0.0017148853583765036,3.37962962962963
22032,BOTANICAL LILY GREETING CARD,181.98,427,60,28,60,0.0017099991096841427,0.42618266978922714
21311,SET/4 BIRD MIRROR MAGNETS,181.32999999999998,459,51,40,52,0.0017038912988186921,0.39505446623093676
84907,PINK YELLOW PATCH CUSHION COVER,180.93,29,23,3,23,0.001700132645978415,6.23896551724138
85215,ASSORTED CHEESE FRIDGE MAGNETS,180.71,223,18,8,18,0.0016980653869162624,0.8103587443946189
72801C,4 ROSE PINK DINNER CANDLES,180.65,145,19,13,19,0.001697501588990221,1.2458620689655173
84804A,CREAM DELPHINIUM ARTIFICIAL FLOWER,180.58,70,8,8,8,0.0016968438247431726,2.579714285714286
84859C,PINK DISCO HANDBAG,180.51999999999998,84,22,17,22,0.0016962800268171304,2.149047619047619
22157,ANGEL DECORATION WITH LACE PADDED,180.2,212,11,11,11,0.001693273104544909,0.85
21721,CANDY SHOP  STICKER SHEET,179.45999999999998,195,33,19,35,0.0016863195967903957,0.9203076923076922
79190A,RETRO PLASTIC 70'S TRAY,179.35999999999999,384,63,24,63,0.0016853799335803266,0.4670833333333333
40003,WHITE BAMBOO RIBS LAMPSHADE,179.23,155,15,10,15,0.0016841583714072364,1.1563225806451611
16258A,SWIRLY CIRCULAR RUBBERS IN BAG,178.97,472,59,29,59,0.0016817152470610564,0.3791737288135593
21847,GREEN  DIAMANTE PEN IN GIFT BOX,178.89,76,33,5,33,0.0016809635164930009,2.353815789473684
85131C,BEADED CRYSTAL HEART BLUE ON STICK,178.85,193,50,5,50,0.0016805876512089731,0.9266839378238342
22872,NUMBER TILE COTTAGE GARDEN 4,177.46,72,30,13,30,0.0016675263325890096,2.4647222222222225
84685,BEACH HUT KEY CABINET,177.33,34,21,6,21,0.0016663047704159198,5.215588235294118
21319,GLASS CHALICE GREEN  SMALL,175.78,161,19,12,19,0.0016517399906598451,1.0918012422360248
84507C,BLUE CIRCLES DESIGN MONKEY DOLL,175.73,66,28,11,29,0.0016512701590548106,2.6625757575757576
gift_0001_30,Dotcomgiftshop Gift Voucher £30.00,175.53,7,7,0,7,0.001649390832634672,25.075714285714287
85211,S/4 GROOVY CAT MAGNETS,175.16,149,24,15,26,0.0016459140787574154,1.1755704697986578
22764,"RUSTIC WOODEN CABINET, GLASS DOORS",174.76999999999998,5,3,2,3,0.0016422493922381449,34.95399999999999
90197B,BLACK GLASS BRACELET W HEART CHARMS,174.73000000000002,35,27,1,27,0.0016418735269541176,4.992285714285715
84691,PACK 20 DOLLY PEGS,174.5,242,4,2,4,0.001639712301570958,0.7210743801652892
84800M,MEDIUM WHITE/PINK ROSE ART FLOWER,174.31,127,11,11,11,0.0016379269414718263,1.3725196850393702
35810B,ENAMEL BLUE RIM COFFEE CONTAINER,174.09,152,26,18,26,0.0016358596824096736,1.1453289473684212
84905,PINK BUTTERFLY CUSHION COVER,173.48,35,20,2,20,0.0016301277368282509,4.956571428571428
16168M,FUNKY MONKEY GIFT BAG MEDIUM,173.12,371,41,19,41,0.0016267449492720013,0.46663072776280323
22885,NUMBER TILE VINTAGE FONT 6,172.78,96,28,10,28,0.0016235500943577658,1.7997916666666667
82011C,BATHROOM SCALES FOOTPRINTS IN SAND,172.05,51,20,17,20,0.0016166905529242598,3.373529411764706
84963A,PINK PAINTED KASHMIRI CHAIR,171.8,4,1,1,1,0.0016143413948990866,42.95
47481,50CM METAL STRING WITH  7 CLIPS,171.79,225,23,15,23,0.0016142474285780794,0.763511111111111
62086A,PINK RETRO BIG FLOWER BAG,171.6,88,14,13,14,0.0016124620684789478,1.95
85146,JARDIN ETCHED GLASS SMALL BELL JAR,171.11,45,9,8,10,0.001607857718749608,3.8024444444444447
21763,VINTAGE WOODEN BAR STOOL,169.75,6,4,4,4,0.0015950782990926653,28.291666666666668
85129B,BEADED CRYSTAL HEART GREEN SMALL,168.59,119,31,10,31,0.001584178205855861,1.4167226890756304
22042,CHRISTMAS CARD SINGING ANGEL,168.33,399,39,24,39,0.0015817350815096813,0.42187969924812035
21333,CLASSIC WHITE FRAME,168.16000000000003,56,16,15,16,0.0015801376540525633,3.002857142857143
90145,SILVER HOOP EARRINGS WITH FLOWER,168.0,28,18,7,18,0.0015786341929164525,6.0
84661A,WHITE SQUARE TABLE CLOCK,167.79,104,20,10,20,0.0015766609001753068,1.6133653846153846
gift_0001_50,Dotcomgiftshop Gift Voucher £50.00,167.56,4,4,0,4,0.0015744996747921475,41.89
90010A,MIDNIGHT BLUE GLASS/SILVER BRACELET,167.3,18,15,5,15,0.001572056550445967,9.294444444444444
gift_0001_20,Dotcomgiftshop Gift Voucher £20.00,167.05,10,9,0,9,0.001569707392420794,16.705000000000002
21457,2 PICTURE BOOK EGGS EASTER DUCKS,165.89,124,25,15,25,0.0015588072991839894,1.3378225806451611
21280,VINTAGE KITCHEN PRINT VEGETABLES,165.75,65,12,12,12,0.0015574917706898928,2.55
21331,MOROCCAN BEATEN METAL DISH LARGE,165.74,12,8,7,8,0.0015573978043688858,13.811666666666667
72225C,LAVENDER SCENT CAKE CANDLE,165.6,624,17,12,17,0.0015560822758747888,0.2653846153846154
23694,PAISLEY PARK CARD,165.07999999999998,376,41,23,41,0.001551196027182428,0.4390425531914893
BANK CHARGES,Bank Charges,165.001,12,11,10,12,0.0015504536932464737,13.750083333333334
22538,MINI JIGSAW GO TO THE FAIR,164.42000000000002,402,40,25,40,0.001544994249995971,0.40900497512437817
21698,MOCK LOBSTER FRIDGE MAGNET,164.17,296,45,22,45,0.0015426450919707973,0.5546283783783783
90120B,BLUE MURANO TWIST BRACELET,164.12,39,15,5,15,0.0015421752603657628,4.208205128205129
90191,SILVER LARIAT 40CM,163.82,26,10,7,10,0.0015393562707355548,6.30076923076923
90209A,PURPLE ENAMEL+GLASS HAIR COMB,163.8,84,4,3,4,0.0015391683380935413,1.9500000000000002
85145,JARDIN ETCHED GLASS LARGE BELL JAR,163.75,37,13,12,13,0.0015386985064885063,4.425675675675675
22871,NUMBER TILE COTTAGE GARDEN 3,163.35,67,25,10,25,0.001534939853648229,2.4380597014925374
16207A,PINK STRAWBERRY HANDBAG,163.1,60,34,4,34,0.001532590695623056,2.7183333333333333
22408,MONEY BOX CONFECTIONERY DESIGN,162.44,145,29,20,29,0.001526388918436598,1.1202758620689655
21100,CHARLIE AND LOLA CHARLOTTE BAG,162.20999999999998,65,27,7,27,0.0015242276930534388,2.495538461538461
84683,CLASSICAL ROSE CANDLESTAND,162.20000000000002,194,12,6,12,0.0015241337267324323,0.8360824742268043
85114a,BLACK ENCHANTED FOREST PLACEMAT,161.70000000000002,49,15,0,15,0.0015194354106820855,3.3000000000000003
21369,MIRRORED WALL ART SPLODGES,161.49,101,16,12,16,0.00151746211794094,1.598910891089109
85027L,FRENCH CHATEAU LARGE PLATTER,160.5,70,18,17,18,0.0015081594521612536,2.2928571428571427
84799,SPRIG LAVENDER ARTIFICIAL FLOWER,160.48,224,10,9,10,0.0015079715195192396,0.7164285714285714
21344,MOROCCAN BEATEN METAL DISH,160.09,15,6,5,6,0.0015043068329999693,10.672666666666666
23305,SET 4 PICNIC CUTLERY BLUEBERRY,159.9,82,9,9,9,0.0015025214729008378,1.9500000000000002
21030,SPACE CADET RED,159.7,131,33,19,34,0.0015006421464806988,1.2190839694656488
84993A,75 GREEN PETIT FOUR CASES,159.69,343,55,30,55,0.001500548180159692,0.4655685131195335
90082B,DIAMANTE BOW BROOCH RED COLOUR,158.75,25,10,8,10,0.0014917153459850405,6.35
90014B,GOLD M PEARL  ORBIT NECKLACE,158.73999999999998,17,15,7,15,0.0014916213796640336,9.337647058823528
84247G,"DECOUPAGE,GREETING CARD,",158.63,357,32,17,32,0.0014905877501329573,0.44434173669467786
90013C,GREEN VINTAGE EARRINGS,158.08,39,28,4,28,0.0014854196024775763,4.053333333333334
17038,PORCELAIN BUDAH INCENSE HOLDER,158.06,1525,34,18,34,0.0014852316698355623,0.10364590163934427
23417,BATHROOM HOOK,157.5,146,27,21,28,0.0014799695558591743,1.0787671232876712
90134,OLD ROSE COMBO BEAD NECKLACE,157.5,54,45,0,45,0.0014799695558591743,2.9166666666666665
84882,GREEN WIRE STANDING CANDLE HOLDER,157.34,38,18,12,18,0.0014784660947230633,4.140526315789474
35649,VINTAGE BEAD COSMETIC BAG,156.85,57,35,5,36,0.0014738617449937235,2.751754385964912
23468,TUSCAN VILLA BIRD TABLE,156.75,19,11,11,11,0.0014729220817836543,8.25
84673B,BLUE FLY SWAT,156.63,179,66,31,66,0.001471794485931571,0.8750279329608939
21349,IVY HEART WREATH,155.6,18,11,7,11,0.0014621159548678568,8.644444444444444
84508C,BLUE CIRCLES DESIGN TEDDY,154.95,56,25,14,25,0.0014560081440024065,2.7669642857142853
44234,ASSORTED CIRCULAR MOBILE,154.77,693,33,17,34,0.001454316750224282,0.22333333333333336
84595E,LARGE TORTILLA DESIGN RED BOWL,154.67999999999998,78,22,8,22,0.0014534710533352193,1.9830769230769227
23496,PANTRY KITCHEN THERMOMETER,154.52,112,31,21,31,0.0014519675921991085,1.3796428571428572
21614,SET OF 12 ROSE BOTANICAL T-LIGHTS,153.29000000000002,51,9,7,9,0.001440409734715256,3.0056862745098045
84827,ASS DES PHONE SPONGE CRAFT STICKER,153.09,509,14,12,16,0.0014385304082951173,0.3007662082514735
22353,LUNCH BOX WITH CUTLERY FAIRY CAKES,153.0,60,24,23,24,0.0014376847114060548,2.55
21145,ANTIQUE GLASS PLACE SETTING,152.5,122,8,8,8,0.001432986395355708,1.25
90198B,VINTAGE ROSE BEAD BRACELET BLACK,152.4,36,17,11,17,0.0014320467321456388,4.233333333333333
72128,COLUMBIAN CANDLE ROUND,152.04999999999998,193,36,28,36,0.0014287579109103963,0.7878238341968911
21401,BLUE PUDDING SPOON,151.19,1052,82,48,83,0.0014206768073038,0.14371673003802282
85135A,YELLOW DRAGONFLY HELICOPTER,151.05,19,8,6,8,0.0014193612788097032,7.95
22415,WHITE TISSUE REAM,151.05,19,13,13,13,0.0014193612788097032,7.95
84877D,BLUE ROUND COMPACT MIRROR,150.93,96,18,11,18,0.00141823368295762,1.5721875
22874,NUMBER TILE COTTAGE GARDEN 6,150.81,65,21,10,22,0.0014171060871055368,2.320153846153846
DCGSSBOY,BOYS PARTY BAG,150.54999999999998,47,11,0,11,0.0014146629627593563,3.2031914893617017
21459,YELLOW EASTER EGG HUNT START POST,150.38,76,19,16,19,0.0014130655353022388,1.9786842105263158
84629,WHITE 3 FRAME BIRDS AND TREE,150.0,20,10,10,10,0.0014094948151039753,7.5
84963B,BLUE PAINTED KASHMIRI CHAIR,149.85000000000002,3,1,1,1,0.0014080853202888715,49.95000000000001
90013B,BLACK VINTAGE EARRINGS,149.41000000000003,36,31,0,31,0.0014039508021645667,4.150277777777778
46000R,POLYESTER FILLER PAD 45x30cm,149.35,103,38,22,38,0.0014033870042385248,1.45
22875,NUMBER TILE COTTAGE GARDEN 7,149.09,63,25,14,25,0.0014009438798923445,2.3665079365079364
90185D,CRYSTAL DIAMANTE EXPANDABLE RING,148.63,35,11,7,11,0.0013966214291260257,4.246571428571428
84576,BLUE CAT BISCUIT BARREL PINK HEART,148.32,66,17,8,17,0.0013937084731748108,2.247272727272727
21486,PINK HEART DOTS HOT WATER BOTTLE,147.88,36,11,4,11,0.0013895739550505058,4.107777777777778
82011B,BATHROOM SCALES RUBBER DUCKS,146.85,43,21,11,21,0.0013798954239867918,3.415116279069767
22886,NUMBER TILE VINTAGE FONT 7,146.43,87,25,8,25,0.0013759488385045007,1.6831034482758622
84865,NEW BAROQUE BLACK PHOTO ALBUM,146.21,27,14,8,14,0.0013738815794423482,5.4151851851851855
84870B,BLUE GEISHA GIRL,146.07999999999998,44,25,9,25,0.001372660017269258,3.32
84870C,GREEN GEISHA GIRL,146.05,46,28,10,28,0.0013723781183062373,3.1750000000000003
90116,FRUIT SALAD BAG CHARM,145.52,64,45,3,45,0.00136739790329287,2.27375
22873,NUMBER TILE COTTAGE GARDEN 5,145.5,60,26,12,26,0.001367209970650856,2.425
47343A,FUSCHIA FLOWER PURSE WITH BEADS,145.17,159,14,13,14,0.001364109082057627,0.9130188679245282
22868,NUMBER TILE COTTAGE GARDEN 0,144.65,63,20,10,20,0.001359222833365267,2.2960317460317463
21738,COSY SLIPPER SHOES SMALL  RED,144.58,46,21,17,23,0.0013585650691182185,3.14304347826087
85118,HEART T-LIGHT HOLDER,144.52,146,10,5,10,0.0013580012711921767,0.9898630136986302
DCGSSGIRL,GIRLS PARTY BAG,144.43,47,13,0,13,0.0013571555743031145,3.0729787234042556
21082,SET/20 FRUIT SALAD PAPER NAPKINS,143.44,88,25,0,25,0.0013478529085234282,1.63
21368,MIRRORED WALL ART LADIES,143.28,163,33,25,33,0.0013463494473873172,0.8790184049079754
84508B,STRIPES DESIGN TEDDY,142.79999999999998,56,30,21,30,0.0013418390639789843,2.55
20837,FRENCH FLORAL CUSHION COVER,142.47,141,15,14,15,0.0013387381753857557,1.0104255319148936
37479P,CUBIC MUG FLOCK PINK ON BROWN,142.23,163,32,15,33,0.0013364829836815893,0.8725766871165643
22033,BOTANICAL ROSE GREETING CARD,141.95,337,22,20,22,0.0013338519266933952,0.42121661721068243
21117,BLOND DOLL DOORSTOP,141.75,109,14,11,14,0.0013319726002732567,1.3004587155963303
20774,GREEN FERN NOTEBOOK,141.23999999999998,86,44,21,45,0.001327180317901903,1.6423255813953486
20661,BLUE POLKADOT PURSE,141.15,44,33,3,33,0.0013263346210128407,3.2079545454545455
84796a,PINK HAWAIIAN PICNIC HAMPER FOR 2,141.10999999999999,17,12,0,12,0.001325958755728813,8.300588235294116
20836,FRENCH PAISLEY CUSHION COVER,141.1,170,17,14,17,0.001325864789407806,0.83
90164B,WHITE  ROSEBUD PEARL BRACELET,140.98,38,15,7,15,0.0013247371935557228,3.7099999999999995
16054,POPART RECT PENCIL SHARPENER ASST,140.52,1166,33,29,33,0.0013204147427894042,0.1205145797598628
90170,DAISY HAIR BAND,140.32999999999998,85,37,6,37,0.0013186293826902722,1.6509411764705881
84744,S/6 SEW ON CROCHET FLOWERS,140.02,110,20,17,20,0.0013157164267390577,1.272909090909091
22125,UNION JACK HOT WATER BOTTLE,139.86,13,3,1,3,0.0013142129656029467,10.758461538461539
23463,VINTAGE ZINC WATERING CAN,139.39999999999998,13,8,7,8,0.0013098905148366275,10.72307692307692
22876,NUMBER TILE COTTAGE GARDEN 8,138.81,61,20,11,20,0.001304346501897219,2.2755737704918033
75011,BLUE DAISY MOBILE,138.76,172,12,9,12,0.001303876670292184,0.8067441860465115
84192,ASSORTED COLOUR METAL CAT,138.75,111,25,19,26,0.0013037827039711772,1.25
35922,EASTER BUNNY WREATH,138.6,28,10,10,10,0.001302373209156073,4.95
23304,SET 4 PICNIC CUTLERY CHERRY,138.45,71,9,9,9,0.001300963714340969,1.9499999999999997
79191B,RETRO PLASTIC POLKA TRAY,138.29999999999998,159,30,23,30,0.001299554219525865,0.8698113207547169
22877,NUMBER TILE COTTAGE GARDEN 9,138.10999999999999,63,19,12,19,0.0012977688594267333,2.192222222222222
90181B,AMETHYST GLASS/SHELL/PEARL NECKLACE,137.63,15,14,0,14,0.0012932584760184007,9.175333333333333
21736,GOLD SCROLL GLASS T-LIGHT HOLDER,137.22000000000003,80,5,5,6,0.001289405856857117,1.7152500000000004
20757,RED DAISY POCKET BOOK,136.64,158,33,30,34,0.0012839558102387145,0.8648101265822784
21637,ASSORTED SANSKRIT MINI NOTEBOOK,136.25,109,6,6,6,0.0012802911237194442,1.25
20758,ABSTRACT CIRCLES POCKET BOOK,135.15,159,42,35,44,0.0012699548284086817,0.8500000000000001
84660c,PINK STITCHED WALL CLOCK,134.92,18,16,0,16,0.0012677936030255222,7.495555555555555
90073,VINTAGE ENAMEL & CRYSTAL EARRINGS,134.70000000000002,27,18,4,18,0.00126572634396337,4.98888888888889
90115,SUMMER BUTTERFLIES BAG CHARM,134.53,54,31,0,31,0.001264128916506252,2.491296296296296
21943,CAKES AND RABBITS DESIGN FLANNEL,134.48999999999998,119,50,7,50,0.001263753051222224,1.1301680672268906
90028,NEW BAROQUE LARGE NECKLACE BLK/WHIT,134.16,16,14,1,14,0.0012606521626289955,8.385
46000U,POLYESTER FILLER PAD 30CMx30CM,133.75,107,26,16,26,0.0012567995434677114,1.25
72130,COLUMBIAN CANDLE ROUND,133.34,219,27,20,28,0.001252946924306427,0.6088584474885845
35921,EASTER BUNNY HANGING GARLAND,133.23,68,23,9,23,0.0012519132947753507,1.9592647058823527
90208,PAIR OF PINK FLOWER CLUSTER SLIDE,132.7,53,37,4,37,0.0012469330797619832,2.50377358490566
62096A,PINK/YELLOW FLOWERS HANDBAG,132.5,106,8,7,8,0.0012450537533418447,1.25
21518,BANK ACCOUNT  GREETING  CARD,132.44,318,38,16,38,0.0012444899554158032,0.41647798742138364
90210D,PURPLE ACRYLIC FACETED BANGLE,132.05,107,8,4,8,0.001240825268896533,1.2341121495327103
85039a,SET/4 RED MINI ROSE CANDLE IN BOWL,131.81,40,29,0,29,0.0012385700771923665,3.2952500000000002
90185A,AMBER DIAMANTE EXPANDABLE RING,131.03,31,13,5,13,0.001231240704153826,4.226774193548387
90164A,PINK ROSEBUD PEARL BRACELET,130.67,27,14,6,14,0.0012278579165975762,4.839629629629629
90210C,RED   ACRYLIC FACETED BANGLE,130.51000000000002,99,10,5,10,0.0012263544554614657,1.3182828282828285
84510a,SET OF 4 ENGLISH ROSE COASTERS,130.48,53,40,0,40,0.0012260725564984447,2.46188679245283
37467,PIG MUG IN TWO COLOUR DESIGNS,130.26999999999998,159,17,11,17,0.001224099263757299,0.8193081761006288
90000D,COPPER/OLIVE GREEN FLOWER NECKLACE,129.85,21,14,4,14,0.001220152678275008,6.183333333333333
21281,VINTAGE KITCHEN PRINT SEAFOOD,129.63,43,14,6,14,0.0012180854192128554,3.0146511627906976
20823,GOLD WINE GOBLET,129.56,164,8,6,8,0.001217427654965807,0.79
47590b,PINK HAPPY BIRTHDAY BUNTING,129.48,12,9,0,9,0.0012166759243977512,10.79
72799C,PINK PILLAR CANDLE SILVER FLOCK,129.47,81,19,17,19,0.0012165819580767447,1.598395061728395
21400,RED PUDDING SPOON,128.63,881,72,42,72,0.0012086887871121622,0.14600454029511917
20826,SILVER APERITIF GLASS,128.4,276,8,7,8,0.001206527561729003,0.46521739130434786
35638B,PINK/BLUE STRING CURTAIN,128.32999999999998,57,5,4,5,0.0012058697974819542,2.2514035087719297
90180A,BLACK+WHITE NECKLACE W TASSEL,127.24,17,9,5,9,0.0011956274684921987,7.484705882352941
85130A,BEADED PEARL HEART WHITE LARGE,127.04999999999998,77,10,10,10,0.001193842108393067,1.6499999999999997
79190D,RETRO PLASTIC DAISY TRAY,126.97999999999999,265,47,16,47,0.0011931843441460185,0.4791698113207547
22887,NUMBER TILE VINTAGE FONT 8,126.78,78,23,8,23,0.00119130501772588,1.6253846153846154
23303,SET 4 PICNIC CUTLERY FONDANT,126.75,65,6,6,6,0.0011910231187628592,1.95
85067,CREAM SWEETHEART WALL CABINET,126.64999999999999,7,5,5,5,0.0011900834555527897,18.09285714285714
84846A,SCENTED CANDLE IN DIGITALIS TIN,126.04000000000002,56,13,9,13,0.0011843515099713672,2.250714285714286
23578,SNACK TRAY RED GINGHAM,125.72,60,14,11,14,0.0011813445876991452,2.0953333333333335
84968a,SET OF 16 VINTAGE ROSE CUTLERY,125.32999999999998,5,3,0,3,0.0011776799011798747,25.065999999999995
22888,NUMBER TILE VINTAGE FONT 9,124.97999999999999,76,21,7,21,0.0011743910799446322,1.644473684210526
84228,HEN HOUSE W CHICK STANDING,124.08999999999999,297,27,16,27,0.0011660280773750152,0.4178114478114478
23477,WOODLAND LARGE BLUE FELT HEART,123.47,92,13,8,13,0.0011602021654725857,1.3420652173913044
37343,POLKADOT MUG PINK,123.29999999999998,72,13,8,13,0.0011586047380154677,1.7124999999999997
90058A,CRYSTAL STUD EARRINGS CLEAR DISPLAY,123.12,324,7,7,7,0.0011569133442373431,0.38
84906,PINK B'FLY C/COVER W BOBBLES,123.02,35,12,9,12,0.0011559736810272737,3.5148571428571427
90195A,PURPLE GEMSTONE BRACELET,122.84,19,10,7,10,0.001154282287249149,6.465263157894737
90070,RUBY GLASS CLUSTER BRACELET,122.64000000000001,20,14,3,14,0.0011524029608290104,6.132000000000001
85086A,CANDY SPOT HEART DECORATION,122.08,146,50,8,50,0.0011471408468526222,0.8361643835616438
90129B,TURQUOISE GLASS TASSLE BAG CHARM,121.38000000000001,57,20,6,20,0.001140563204382137,2.1294736842105264
37333,"RETRO ""TEA FOR ONE""",120.99,21,17,9,17,0.0011368985178628664,5.761428571428572
20845,ZINC HEART LATTICE 2 WALL PLANTER,120.64999999999999,19,11,7,11,0.0011337036629486307,6.35
21420,OYSTER TRINKET BOX,120.41,53,19,12,20,0.0011314484712444644,2.2718867924528303
90173,PAIR BUTTERFLY HAIR CLIPS,120.34,32,17,3,17,0.001130790706997416,3.760625
90199C,5 STRAND GLASS NECKLACE CRYSTAL,120.28999999999999,19,10,7,12,0.0011303208753923812,6.331052631578947
23467,VINTAGE ZINC PLANTER,120.08000000000001,32,11,5,11,0.0011283475826512359,3.7525000000000004
84800S,SMALL WHITE/PINK ROSE ART FLOWER,120.07000000000001,107,9,9,9,0.001128253616330229,1.1221495327102804
35972,DAISY FOLKART HEART DECORATION,120.0,96,16,14,17,0.0011275958520831804,1.25
90161A,ANT COPPER RED BOUDICCA BRACELET,119.91000000000001,24,21,6,21,0.001126750155194118,4.996250000000001
90124B,BLUE MURANO TWIST NECKLACE,119.89,12,11,3,11,0.001126562222552104,9.990833333333333
90003C,MIDNIGHT BLUE PAIR HEART HAIR SLIDE,119.84,32,24,5,24,0.0011260923909470694,3.745
90122C,TURQUOISE CRYSTAL+GLASS BRACELET,119.23,24,11,3,11,0.0011203604453656466,4.9679166666666665
10080,GROOVY CACTUS INFLATABLE,119.08999999999999,303,22,19,22,0.0011190449168715492,0.393036303630363
84709B,PINK OVAL JEWELLED MIRROR,119.0,20,11,11,11,0.0011181992199824871,5.95
85114b,IVORY ENCHANTED FOREST PLACEMAT,118.86000000000001,36,14,0,14,0.0011168836914883901,3.301666666666667
21095,SET/6 POSIES PAPER PLATES,118.72999999999999,125,14,9,14,0.0011156621293153,0.9498399999999999
84507B,STRIPES DESIGN MONKEY DOLL,118.72999999999999,39,22,10,22,0.0011156621293153,3.0443589743589743
84569B,PACK 3 FIRE ENGINE/CAR PATCHES,118.4,85,19,11,19,0.0011125612407220712,1.3929411764705883
21032,SPACE CADET WHITE,117.78,97,30,13,30,0.0011067353288196414,1.2142268041237114
90184A,AMBER CHUNKY BEAD BRACELET W STRAP,117.73,13,9,4,9,0.0011062654972146067,9.056153846153846
90183A,AMBER DROP EARRINGS W LONG BEADS,117.24000000000001,40,23,5,23,0.0011016611474852671,2.931
84741C,CITRUS GARLAND FELT FLOWERS,117.0,60,14,14,14,0.0010994059557811009,1.95
72780,BLACK SILOUETTE CANDLE PLATE,116.44999999999999,137,20,18,20,0.0010942378081257194,0.8499999999999999
51020A,SUMMER FUN DESIGN SHOWER CAP,116.32999999999998,325,18,16,18,0.0010931102122736362,0.3579384615384615
72812,LARGE ZINC GLASS CANDLEHOLDER,116.06,34,11,3,11,0.0010905731216064491,3.413529411764706
84809A,WHITE CHRYSANTHEMUMS ART FLOWER,115.50000000000001,55,8,5,8,0.0010853110076300611,2.1
16052,TEATIME PUSH DOWN RUBBER,115.3,479,13,5,13,0.0010834316812099222,0.2407098121085595
23185,FRENCH STYLE STORAGE JAR JAM,114.85,317,30,27,31,0.0010792031967646104,0.36230283911671923
23151,ZINC SWEETHEART SOAP DISH,114.33000000000001,61,21,18,21,0.0010743169480722501,1.8742622950819674
90130B,TURQ STONE/CRYSTAL EARRINGS,113.97,39,31,3,31,0.0010709341605160004,2.9223076923076925
47518F,ICON PLACEMAT POP ART ELVIS,113.64,827,28,19,28,0.0010678332719227716,0.1374123337363966
72801D,4 SKY BLUE DINNER CANDLES,113.21,75,18,10,18,0.0010637927201194736,1.5094666666666665
20795,LARGE BLUE PROVENCAL CERAMIC BALL,113.05000000000001,49,11,6,11,0.0010622892589833629,2.3071428571428574
84457,SET/3 RABBITS FLOWER SKIPPPING ROPE,112.55999999999999,126,26,21,27,0.001057684909254023,0.8933333333333332
90003D,CRYSTAL PAIR HEART HAIR SLIDES,112.26,30,16,7,16,0.0010548659196238151,3.742
90096,NECKLACE+BRACELET SET BLUE BLOSSOM,112.21,45,26,3,26,0.0010543960880187804,2.4935555555555555
21678,PAISLEY PATTERN  STICKERS,111.86,125,32,16,32,0.0010511072667835379,0.89488
21814,HEART T-LIGHT HOLDER,111.77,74,15,11,16,0.0010502615698944756,1.5104054054054052
90214A,"LETTER ""A"" BLING KEY RING",111.66,130,56,5,56,0.0010492279403633991,0.8589230769230769
90036E,"FLOWER GLASS GARLD NECKL36""AMETHYST",110.95,14,11,4,11,0.0010425563315719071,7.925
47503H,ASS FLORAL PRINT SPIRIT LEVEL,110.86,100,37,30,40,0.0010417106346828446,1.1086
90185C,BLACK DIAMANTE EXPANDABLE RING,110.09,26,10,5,10,0.0010344752279653109,4.234230769230769
90125D,PURPLE BERTIE GLASS BEAD BAG CHARM,110.03,95,19,3,19,0.0010339114300392694,1.1582105263157896
20731,POSY CANDY BAG,109.96,92,16,8,16,0.0010332536657922209,1.1952173913043478
85167B,BLACK GRAND BAROQUE PHOTO FRAME,109.94,50,8,7,8,0.0010330657331502069,2.1988
84925F,PSYCHEDELIC WALL THERMOMETER,109.92999999999999,79,14,14,14,0.0010329717668292,1.3915189873417722
90124C,GREEN MURANO TWIST NECKLACE,109.53999999999999,11,8,4,8,0.0010293070803099296,9.958181818181817
85096,HILDA CANDY SPOT RABBIT,109.23,25,16,10,17,0.0010263941243587149,4.3692
20894,HANGING BAUBLE T-LIGHT HOLDER LARGE,108.71000000000001,33,15,9,15,0.0010215078756663544,3.2942424242424244
21372,MIRRORED WALL ART TABLE LAMP,107.75,75,33,18,33,0.0010124871088496889,1.4366666666666668
35916C,PINK FELT HANGING HEART W FLOWER,107.72,106,20,5,20,0.0010122052098866681,1.0162264150943396
17090A,LAVENDER INCENSE 40 CONES IN TIN,107.44999999999999,109,10,9,10,0.0010096681192194809,0.9857798165137613
85129C,BEADED CRYSTAL HEART BLUE SMALL,107.31,80,15,8,15,0.001008352590725384,1.341375
23626,SET 10 CARDS DINKY TREE 17076,107.07000000000001,43,16,0,16,0.0010060973990212176,2.49
90125A,PINK BERTIE GLASS BEAD BAG CHARM,106.24,115,10,4,10,0.0009982981943776423,0.9238260869565217
35819B,"ACRYLIC HANGING JEWEL,BLUE",106.05,268,24,19,27,0.0009965128342785104,0.3957089552238806
20657,TROPICAL LUGGAGE TAG,105.91,73,33,20,33,0.0009951973057844134,1.4508219178082191
35818P,"ACRYLIC JEWEL ICICLE, PINK",105.83,263,19,15,19,0.0009944455752163579,0.4023954372623574
20898,VINTAGE NOTEBOOK TRAVELOGUE,105.73,38,13,4,14,0.0009935059120062886,2.782368421052632
90016A,SILVER/M.O.P PENDANT ORBIT NECKLACE,105.71000000000001,17,7,4,7,0.0009933179793642749,6.2182352941176475
85040a,S/4 PINK FLOWER CANDLES IN BOWL,105.28,32,21,0,21,0.0009892774275609769,3.29
21904,HOUSE WRECKING METAL SIGN,105.0,50,23,21,24,0.0009866463705727828,2.1
22039,BOTANICAL LILY GIFT WRAP,105.0,250,7,6,7,0.0009866463705727828,0.42
23574,PACKING CHARGE,105.0,14,14,9,14,0.0009866463705727828,7.5
84661C,PINK SQUARE TABLE CLOCK,104.84,71,14,5,14,0.0009851429094366719,1.4766197183098593
35920,FOUR RABBIT EASTER DECORATIONS,104.84,72,15,11,15,0.0009851429094366719,1.4561111111111111
84461,12 PINK HEN+CHICKS IN BASKET,104.55,41,14,13,14,0.0009824178861274708,2.55
90122A,PINK CRYSTAL+GLASS BRACELET,104.53,21,14,3,14,0.000982229953485457,4.977619047619048
17084P,DRAGONS BLOOD INCENSE,104.44,423,39,12,39,0.0009813842565963944,0.24690307328605202
20796,SMALL BLUE PROVENCAL CERAMIC BALL,103.93999999999998,62,9,8,9,0.0009766859405460479,1.6764516129032256
79144B,PAINTED LIGHTBULB STAR+ MOON,103.22999999999999,180,53,14,53,0.0009700143317545557,0.5734999999999999
90032,IVORY SHELL HEART NECKLACE,103.13,21,8,4,8,0.0009690746685444865,4.910952380952381
22879,NUMBER TILE VINTAGE FONT 0,102.46,70,16,6,16,0.000962778925037022,1.4637142857142855
90196A,PURPLE GEMSTONE NECKLACE 45CM,102.0,8,5,5,5,0.0009584564742707032,12.75
90063A,WHITE VINT ART DECO CRYSTAL NECKLAC,102.0,12,8,7,8,0.0009584564742707032,8.5
90148,LONG SILVER NECKLACE PASTEL FLOWER,101.73,8,6,5,6,0.000955919383603516,12.71625
20701,PINK CAT FLORAL CUSHION COVER,100.97,25,18,3,18,0.0009487779432069892,4.0388
35637C,PINK STRING CURTAIN WITH POLE,100.86,30,9,7,9,0.0009477443136759131,3.362
16033,MINI HIGHLIGHTER PENS,100.79999999999998,840,4,4,4,0.0009471805157498712,0.11999999999999998
35911B,PINK/FLOWER RABBIT EGG WARMER,100.76,119,15,4,15,0.0009468046504658437,0.8467226890756303
gift_0001_40,Dotcomgiftshop Gift Voucher £40.00,100.69999999999999,3,3,0,3,0.000946240852539802,33.56666666666666
21370,MIRRORED WALL ART FOXY,100.66000000000001,16,9,7,9,0.0009458649872557745,6.291250000000001
90010B,BLACK/WHITE GLASS/SILVER BRACELET,100.08999999999999,11,7,3,7,0.0009405089069583791,9.099090909090908
23611,SET 10 CARDS RED RIDING HOOD 17214,99.60000000000001,40,16,0,16,0.0009359045572290397,2.49
90081C,LILY BROOCH OLIVE COLOUR,99.60000000000001,20,15,6,15,0.0009359045572290397,4.98
22407,MONEY BOX FIRST ADE DESIGN,99.28,94,24,17,24,0.0009328976349568177,1.0561702127659574
23464,VINTAGE ZINC WATERING CAN SMALL,99.2,18,8,6,8,0.0009321459043887623,5.511111111111111
17091A,LAVENDER INCENSE IN TIN,98.91,171,25,19,25,0.0009294208810795612,0.578421052631579
84510c,SET OF 4 POLKADOT COASTERS,98.7,40,23,0,23,0.0009274475883384158,2.4675000000000002
84898F,YELLOW FLOWERS FELT HANDBAG KIT,98.63000000000001,46,19,15,19,0.0009267898240913672,2.144130434782609
79144C,PAINTED LIGHTBULB RAINBOW DESIGN,98.11999999999999,152,51,5,51,0.0009219975417200137,0.6455263157894736
90101,WHITE FRANGIPANI NECKLACE,98.07,39,17,3,17,0.000921527710114979,2.5146153846153845
84723,CHERRY BLOSSOM CANVAS ART PICTURE,97.95,41,6,5,6,0.0009204001142628958,2.3890243902439026
47369B,BLUE GREEN EMBROIDERY COSMETIC BAG,97.13,35,22,3,22,0.0009126948759403275,2.775142857142857
90185B,AMETHYST DIAMANTE EXPANDABLE RING,97.02,23,12,3,12,0.0009116612464092512,4.218260869565217
84806A,PINK CANDYSTUFT ARTIFICIAL FLOWER,96.88999999999999,137,11,11,11,0.0009104396842361609,0.7072262773722626
90204,PAIR OF ENAMEL BUTTERFLY HAIRCLIP,96.86,29,18,8,18,0.0009101577852731403,3.34
84801A,PINK HYDRANGEA ART FLOWER,96.60000000000001,46,5,5,5,0.0009077146609269602,2.1
90019B,GOLD M.O.P ORBIT BRACELET,96.52000000000001,18,18,2,18,0.0009069629303589048,5.362222222222223
72801c,4 ROSE PINK DINNER CANDLES,95.94,39,25,0,25,0.0009015128837405026,2.46
21722,SWEET PUDDING STICKER SHEET,95.52999999999999,98,36,13,36,0.0008976602645792183,0.9747959183673468
90174,BUTTERFLY HAIR BAND,95.41999999999999,38,21,4,21,0.000896626635048142,2.511052631578947
21777,RECIPE BOX WITH METAL HEART,95.4,12,6,3,6,0.0008964387024061283,7.95
90146,FINE SILVER NECKLACE W PASTEL FLOWE,95.35000000000001,17,7,3,7,0.0008959688708010938,5.608823529411765
90036D,"FLOWER GLASS GARLAND NECKL.36""BLACK",95.35000000000001,12,5,4,5,0.0008959688708010938,7.945833333333334
90178A,AMBER CHUNKY GLASS+BEAD NECKLACE,95.25,8,8,6,8,0.0008950292075910243,11.90625
20653,CHERRY BLOSSOM LUGGAGE TAG,95.17999999999999,73,33,5,33,0.0008943714433439758,1.303835616438356
84527,FLAMES SUNGLASSES PINK LENSES,95.1,52,8,6,8,0.0008936197127759203,1.8288461538461538
84666,SQUARE CHERRY BLOSSOM CABINET,94.80000000000001,24,4,4,4,0.0008908007231457126,3.9500000000000006
90133,TEAL/FUSCHIA COL BEAD NECKLACE,94.43,19,13,3,13,0.000887323969268456,4.970000000000001
47369A,PINK GREEN EMBROIDERY COSMETIC BAG,93.19,33,20,6,20,0.0008756721454635963,2.8239393939393937
20773,BLUE PAISLEY NOTEBOOK,92.39999999999999,56,23,21,24,0.0008682488061040487,1.65
82613A,"METAL SIGN,CUPCAKE SINGLE HOOK",92.38,71,18,13,18,0.0008680608734620348,1.3011267605633803
90018B,GOLD M.O.P ORBIT DROP EARRINGS,92.28,22,17,5,17,0.0008671212102519656,4.194545454545454
35933,PINK STOCKING CHRISTMAS DECORATION,92.21000000000001,226,19,15,19,0.0008664634460049172,0.40800884955752215
85132a,CHARLIE + LOLA BISCUITS TINS,92.19999999999999,8,8,0,8,0.0008663694796839101,11.524999999999999
82615,PINK MARSHMALLOW SCARF KNITTING KIT,91.8,36,1,1,1,0.0008626108268436329,2.55
90030C,BROWN KUKUI COCONUT SEED NECKLACE,91.7,77,11,8,11,0.0008616711636335637,1.190909090909091
90175B,PINK GLASS CHUNKY CHARM BRACELET,91.68,10,9,0,9,0.0008614832309915498,9.168000000000001
20662,FIRST CLASS HOLIDAY PURSE,90.42,31,20,4,20,0.0008496434745446763,2.9167741935483873
85230F,JASMINE VOTIVE CANDLE,90.33999999999999,338,12,11,12,0.0008488917439766207,0.26727810650887573
90163A,PINK ROSEBUD & PEARL NECKLACE,90.32,12,9,2,9,0.0008487038113346068,7.526666666666666
90022,EDWARDIAN DROP EARRINGS JET BLACK,90.2,24,20,4,20,0.0008475762154825238,3.7583333333333333
72051S,BAG OF SILVER STONES,89.52999999999999,130,13,5,13,0.0008412804719750593,0.6886923076923076
35400,WOODEN BOX ADVENT CALENDAR,89.5,10,5,5,5,0.0008409985730120386,8.95
20892,SET/3 TALL GLASS CANDLE HOLDER PINK,89.22,4,3,1,3,0.0008383675160238444,22.305
90123A,PINK HEART OF GLASS BRACELET,89.12,15,9,8,9,0.0008374278528137752,5.941333333333334
35833P,4 PINK FLOCK CHRISTMAS BALLS,88.47,49,22,8,22,0.0008313200419483247,1.8055102040816327
84984A,GREEN PEONY CUSHION COVER,88.35000000000001,19,6,4,6,0.0008301924460962416,4.65
84306,S/3 PINK SQUARE PLANTERS ROSES,88.22,10,9,2,9,0.0008289708839231513,8.822
90166,PINK & WHITE ROSEBUD RING,88.04,21,15,4,15,0.0008272794901450266,4.192380952380953
90129F,RED GLASS TASSLE BAG CHARM,88.03,40,16,5,16,0.0008271855238240197,2.20075
84989a,75 GREEN FAIRY CAKE CASES,87.51,42,25,0,25,0.0008222992751316592,2.0835714285714286
20869,GOLD FABRIC MIRROR,86.76,180,29,17,30,0.0008152518010561394,0.48200000000000004
21038,SET/4 MODERN VINTAGE COTTON NAPKINS,86.75,77,23,20,23,0.0008151578347351323,1.1266233766233766
23614,SET 10 CARDS 12 DAYS WRAP  17058,86.58000000000001,26,11,0,11,0.0008135604072780147,3.3300000000000005
90003E,GREEN PAIR HEART HAIR SLIDES,86.11,23,14,2,14,0.0008091439901906888,3.743913043478261
84531B,BLUE KNITTED EGG COSY,85.61,155,28,24,28,0.0008044456741403421,0.5523225806451613
79403,FROSTED WHITE BASE,85.52,95,15,9,15,0.0008035999772512798,0.9002105263157895
75172,PAINTED SEA SHELL METAL WINDCHIME,85.31,93,8,8,8,0.0008016266845101343,0.9173118279569893
20901,VINTAGE KEEPSAKE BOX PINK FLOWER,85.13,19,15,2,15,0.0007999352907320094,4.480526315789473
20821,GOLDIE LOOKING MIRROR,84.15,17,6,5,6,0.0007907265912733303,4.95
16169K,WRAP FOLK ART,84.0,200,8,8,8,0.0007893170964582263,0.42
20941,FROG CANDLE,83.78,64,19,13,20,0.0007872498373960738,1.3090625
90072,RUBY DROP CHANDELIER EARRINGS,83.42,21,14,2,14,0.0007838670498398242,3.9723809523809526
22016,Dotcomgiftshop Gift Voucher £100.00,83.33,1,1,0,1,0.0007830213529507618,83.33
90123C,GREEN HEART OF GLASS BRACELET,83.29,14,6,5,6,0.0007826454876667341,5.949285714285715
23442,12 HANGING EGGS HAND PAINTED,83.2,40,7,7,8,0.0007817997907776717,2.08
90129A,PINK GLASS TASSLE BAG CHARM,82.97999999999999,45,20,3,20,0.000779732531715519,1.8439999999999999
84881,BLUE WIRE SPIRAL CANDLE HOLDER,82.57,12,6,5,6,0.0007758799125542349,6.8808333333333325
21690,SILVER  CANDLEPOT JARDIN,82.5,22,7,6,8,0.0007752221483071864,3.75
35638A,PINK AND BLACK STRING CURTAIN,82.1,38,5,5,5,0.0007714634954669092,2.1605263157894736
35968,FOLK ART METAL HEART T-LIGHT HOLDER,82.1,163,19,14,19,0.0007714634954669092,0.503680981595092
16049,TEATIME GEL PENS ASST,82.08,504,5,5,5,0.0007712755628248952,0.16285714285714287
90108,BLUE BLOSSOM HAIR CLIP,81.96000000000001,70,12,6,12,0.0007701479669728121,1.170857142857143
20664,TROPICAL HOLIDAY PURSE,81.66,32,18,3,18,0.0007673289773426042,2.551875
71496A,A4 WALL TIDY BLUE OFFICE,80.96000000000001,127,12,5,12,0.000760751334872119,0.63748031496063
90175C,BLUE GLASS CHUNKY CHARM BRACELET,80.55,9,6,6,6,0.0007568987157108347,8.95
21226,POCKET MIRROR WOODLAND,80.55,93,20,4,20,0.0007568987157108347,0.8661290322580645
84249A,"GREETING CARD,SQUARE, DOUGHNUTS",80.46,174,27,12,27,0.0007560530188217723,0.46241379310344827
84927E,FLOWERS TILE HOOK,80.16000000000001,59,13,10,14,0.0007532340291915645,1.3586440677966103
90129C,GREEN GLASS TASSLE BAG CHARM,79.76,35,16,6,16,0.0007494753763512871,2.278857142857143
90124A,PINK MURANO TWIST NECKLACE,79.66,8,6,4,6,0.0007485357131412178,9.9575
90162B,ANT SILVER LIME GREEN BOUDICCA RING,79.65,27,10,7,10,0.000748441746820211,2.95
84984B,RED PEONY CUSHION COVER,79.05000000000001,17,5,4,5,0.0007428037675597951,4.65
21278,VINTAGE KITCHEN PRINT PUDDINGS,79.05,31,7,7,7,0.000742803767559795,2.55
72811,SMALL ZINC/GLASS CANDLEHOLDER,78.92999999999999,53,8,6,8,0.0007416761717077117,1.4892452830188678
90039D,FIRE POLISHED GLASS BRACELET GREEN,78.69,21,9,2,9,0.0007394209800035454,3.747142857142857
37479B,CUBIC MUG FLOCK BLUE ON BROWN,78.09,131,21,16,21,0.0007337830007431296,0.5961068702290077
90000A,RASPBERRY ANT COPPER FLOWER NECKLAC,77.91,13,8,6,8,0.0007320916069650048,5.993076923076923
90086,CRYSTAL FROG PHONE CHARM,77.78999999999999,102,28,5,28,0.0007309640111129215,0.7626470588235293
90129E,PURPLE GLASS TASSLE BAG CHARM,77.03999999999999,42,14,1,14,0.0007239165370374016,1.834285714285714
20980,36 PENCILS TUBE POSY,76.91,79,20,10,20,0.0007226949748643115,0.9735443037974683
84531A,PINK KNITTED EGG COSY,76.69,147,29,24,30,0.0007206277158021591,0.5217006802721088
35916B,BLUE FELT HANGING HEART W FLOWER,76.68,91,32,1,32,0.0007205337494811523,0.8426373626373627
46000P,POLYESTER FILLER PAD 65CMx65CM,76.5,18,6,5,6,0.0007188423557030274,4.25
84840,SWEETHEART CARRY-ALL BASKET,76.44,6,6,3,6,0.0007182785577769858,12.74
90099,NECKLACE+BRACELET SET BLUE HIBISCUS,76.38,27,16,12,16,0.0007177147598509441,2.828888888888889
90063B,BLACK VINT ART DEC CRYSTAL NECKLACE,76.32,9,6,5,6,0.0007171509619249026,8.479999999999999
90177C,DROP DIAMANTE EARRINGS CRYSTAL,76.23,26,14,3,14,0.0007163052650358403,2.931923076923077
16207B,PINK HEART RED HANDBAG,76.14,29,18,3,18,0.0007154595681467779,2.62551724137931
20798,CLEAR MILKSHAKE GLASS,75.60000000000001,36,5,5,5,0.0007103853868124037,2.1
21946,PARTY TIME DESIGN FLANNEL,75.35,86,25,8,25,0.0007080362287872302,0.8761627906976743
21413,PERIWINKLE T-LIGHT HOLDER,75.02,48,17,8,17,0.0007049353401940015,1.5629166666666665
84847,FLORAL BATHROOM SET,75.0,20,11,9,11,0.0007047474075519876,3.75
gift_0001_10,Dotcomgiftshop Gift Voucher £10.00,74.97,9,8,0,8,0.0007044655085889669,8.33
84968d,SET OF 16 VINTAGE RED CUTLERY,74.88,3,3,0,3,0.0007036198116999044,24.959999999999997
84251G,"GREETING CARD, OVERCROWDED POOL.",74.7,270,53,15,53,0.0007019284179217796,0.27666666666666667
90118,PINK DAISY BAG CHARM,74.64,30,19,1,19,0.0007013646199957381,2.488
85132b,CHARLIE AND LOLA TABLE TINS,74.60999999999999,9,9,0,9,0.0007010827210327172,8.29
85198,ASSORTED FARMYARD ANIMALS IN BUCKET,74.58,90,9,6,9,0.0007008008220696965,0.8286666666666667
21087,SET/6 POSIES PAPER CUPS,74.57000000000001,141,16,10,16,0.0007007068557486897,0.5288652482269504
90059A,DIAMANTE HAIR GRIP PACK/2 CRYSTAL,74.53,45,27,1,27,0.0007003309904646619,1.6562222222222223
90081A,LILY BROOCH AMETHYST COLOUR,74.25,15,8,7,8,0.0006976999334764678,4.95
90098,NECKLACE+BRACELET PINK BUTTERFLY,73.95,29,10,9,10,0.0006948809438462599,2.5500000000000003
90177D,DROP DIAMANTE EARRINGS PURPLE,73.53,25,14,5,14,0.0006909343583639687,2.9412000000000003
90214C,"LETTER ""C"" BLING KEY RING",72.77,91,33,7,33,0.0006837929179674419,0.7996703296703296
90103,PURPLE FRANGIPANI NECKLACE,72.66,29,16,2,16,0.0006827592884363656,2.50551724137931
84231,EASTER BUNNY WITH BASKET ON BACK,72.63,108,20,13,21,0.0006824773894733449,0.6725
20960,WATERMELON BATH SPONGE,72.49,29,10,0,10,0.0006811618609792478,2.4996551724137928
90030A,SPOTTED WHITE NATURAL SEED NECKLACE,72.0,72,7,7,7,0.0006765575112499081,1.0
85197,SET OF 12 MINI BUNNIES IN A BUCKET,71.4,34,19,18,19,0.0006709195319894924,2.1
90036C,"FLOWER GLASS GARLAND NECKL.36""BLUE",71.4,9,5,2,5,0.0006709195319894924,7.933333333333334
17014A,ORIGAMI VANILLA INCENSE CONES,71.19,155,8,7,8,0.0006689462392483467,0.45929032258064517
20933,YELLOW POT PLANT CANDLE,71.05,23,9,9,9,0.0006676307107542496,3.0891304347826085
90214S,"LETTER ""S"" BLING KEY RING",71.0,94,41,5,41,0.000667160879149215,0.7553191489361702
90211A,DIAMOND LAS VEGAS NECKLACE 45CM,70.97,12,8,3,8,0.0006668789801861941,5.914166666666667
47589,CONGRATULATIONS BUNTING,70.85000000000001,13,3,3,3,0.0006657513843341111,5.450000000000001
84251B,"GREETING CARD, STICKY GORDON",70.78,245,53,12,53,0.0006650936200870625,0.28889795918367345
51020B,STRIPY DESIGN SHOWER CAP,70.57,197,15,13,15,0.0006631203273459169,0.3582233502538071
84927A,WAKE UP COCKEREL TILE HOOK,70.45,50,18,12,18,0.0006619927314938337,1.409
85026B,EAU DE NILE JEWELLED T-LIGHT HOLDER,70.27,79,11,9,11,0.0006603013377157089,0.8894936708860759
90051,CRACKED GLAZE NECKLACE RED,70.16,10,7,3,7,0.0006592677081846327,7.016
16161G,WRAP BAD HAIR DAY,70.0,700,22,22,22,0.0006577642470485219,0.1
16020C,CLEAR STATIONERY BOX SET,69.89999999999999,84,17,1,17,0.0006568245838384524,0.8321428571428571
90125C,TURQUOISE BERTIE GLASS BEAD CHARM,69.85,77,7,2,7,0.0006563547522334178,0.907142857142857
46126A,ELVIS WALLHANGING / CURTAIN,69.84,52,8,5,8,0.000656260785912411,1.343076923076923
90199A,5 STRAND GLASS NECKLACE BLACK,69.63,11,6,3,6,0.0006542874931712654,6.329999999999999
84549,CROCHET WHITE RABBIT KEYRING,69.38,38,7,3,7,0.000651938335146092,1.8257894736842104
81952V,ROUND PURPLE CLOCK WITH SUCKER,69.35,365,24,22,25,0.0006516564361830711,0.18999999999999997
90019C,SILVER BLACK ORBIT BRACELET,68.73,13,11,3,11,0.0006458305242806415,5.2869230769230775
85188B,PINK METAL SWINGING BUNNY,68.69999999999999,78,10,8,10,0.0006455486253176206,0.8807692307692306
90151,SILVER/NATURAL SHELL NECKLACE,68.0,8,4,2,4,0.0006389709828471355,8.5
90194,SILVER LARIAT BLACK STONE EARRINGS,67.87,16,10,6,10,0.0006377494206740454,4.241875
90000B,MIDNIGHT BLUE COPPER FLOWER NECKLAC,67.83,11,7,2,7,0.0006373735553900176,6.166363636363636
90155,RESIN NECKLACE W PASTEL BEADS,67.62,9,7,4,7,0.0006354002626488721,7.513333333333334
84874B,BLUE TRAVEL FIRST AID KIT,67.50999999999999,41,14,7,14,0.0006343666331177957,1.6465853658536582
82011A,"BATHROOM SCALES, TROPICAL BEACH",67.5,18,12,8,12,0.0006342726667967889,3.75
85049B,LUSH GREENS RIBBONS,67.5,54,13,13,13,0.0006342726667967889,1.25
35916A,YELLOW FELT HANGING HEART W FLOWER,67.39,87,29,3,29,0.0006332390372657126,0.7745977011494253
90144,SILVER DROP EARRINGS WITH FLOWER,67.36,18,14,3,14,0.0006329571383026919,3.7422222222222223
90024B,NEW BAROQUE B'FLY NECKLACE RED,67.28,8,6,2,6,0.0006322054077346364,8.41
90040B,MURANO STYLE GLASS BRACELET BLACK,66.7,18,11,2,11,0.0006267553611162344,3.7055555555555557
35819P,"ACRYLIC HANGING JEWEL,PINK",66.55,95,7,7,7,0.0006253458663011304,0.7005263157894737
84686,BEACH HUT MIRROR,66.39,49,8,7,8,0.0006238424051650195,1.3548979591836734
17011F,ORIGAMI SANDLEWOOD INCENSE+FLOWER,66.36000000000001,81,7,6,7,0.0006235605062019988,0.8192592592592595
37444A,YELLOW BREAKFAST CUP AND SAUCER,66.35000000000001,53,18,9,18,0.0006234665398809918,1.2518867924528303
72807a,SET/3 ROSE CANDLE IN JEWELLED BOX,66.32,8,5,0,5,0.0006231846409179709,8.29
20663,QUEEN OF THE SKIES HOLIDAY PURSE,66.26,25,20,3,20,0.0006226208429919294,2.6504000000000003
85008,SET OF 3 CONEY ISLAND OVAL BOXES,66.12,13,8,7,8,0.0006213053144978323,5.086153846153847
20835,FRENCH LATTICE CUSHION COVER,65.8,67,8,7,8,0.0006182983922256105,0.9820895522388059
90214L,"LETTER ""L"" BLING KEY RING",65.03999999999999,94,37,4,37,0.0006111569518290836,0.6919148936170212
84247K,"FOLK ART GREETING CARD,pack/12",64.9,22,9,7,9,0.0006098414233349867,2.95
84247N,PACK/12 BLUE FOLKART CARDS,64.9,22,18,16,18,0.0006098414233349867,2.95
84859B,BLUE DISCO HANDBAG,64.81,31,11,10,11,0.0006089957264459242,2.0906451612903227
90186B,CRYSTAL HOOP EARRING FLORAL LEAF,64.58,22,15,6,15,0.0006068345010627648,2.9354545454545455
90202D,PINK ENAMEL FLOWER HAIR TIE,64.46000000000001,22,11,2,11,0.0006057069052106817,2.93
90202A,PURPLE ENAMEL FLOWER HAIR TIE,64.28,22,15,1,15,0.0006040155114325569,2.921818181818182
21031,SPACE CADET BLACK,64.24,52,19,9,19,0.0006036396461485291,1.2353846153846153
90036F,"FLOWER GLASS GARLD NECKL36""TURQUOIS",64.08,8,5,1,5,0.0006021361850124182,8.01
90181A,AMBER GLASS/SHELL/PEARL NECKLACE,64.04,7,7,1,7,0.0006017603197283906,9.14857142857143
21692,SILVER LATTICE VANILLA CANDLE POT,63.75,17,7,7,8,0.0005990352964191895,3.75
84875D,BLUE SQUARE COMPACT MIRROR,63.75,51,8,8,8,0.0005990352964191895,1.25
84673A,PINK FLY SWAT,63.720000000000006,92,43,21,44,0.0005987533974561687,0.692608695652174
72133,COLUMBIAN CANDLE RECTANGLE,63.51,45,16,11,17,0.0005967801047150231,1.4113333333333333
90196B,BLACK GEMSTONE NECKLACE 45CM,63.480000000000004,5,5,4,5,0.0005964982057520025,12.696000000000002
35815P,"ACRYLIC JEWEL SNOWFLAKE, PINK",63.28000000000001,162,5,5,5,0.0005946188793318638,0.39061728395061734
62094B,TURQ ICE CREAM BUM BAG,63.209999999999994,19,8,2,8,0.0005939611150848152,3.3268421052631574
90141A,GREEN PENDANT TRIPLE SHELL NECKLACE,63.11,12,10,2,10,0.000593021451874746,5.259166666666666
S,SAMPLES,63.05,2,2,0,2,0.0005924576539487042,31.525
22145,CHRISTMAS CRAFT HEART STOCKING,63.0,30,1,1,1,0.0005919878223436696,2.1
84452,METAL RABBIT LADDER EASTER,62.9,74,16,14,16,0.0005910481591336003,0.85
17012E,ORIGAMI OPIUM INCENSE/CANDLE SET,62.64,44,10,3,10,0.0005886050347874201,1.4236363636363636
40046A,RED DAISY PAPER LAMPSHADE,62.5,50,6,6,6,0.0005872895062933231,1.25
84760S,SMALL HANGING GLASS+ZINC LANTERN,62.349999999999994,43,8,8,9,0.000585880011478219,1.45
72351a,SET/6 TURQUOISE BUTTERFLY T-LIGHTS,62.269999999999996,15,12,0,12,0.0005851282809101636,4.151333333333333
85160B,BLACK BIRD GARDEN DESIGN MUG,62.239999999999995,106,16,15,17,0.0005848463819471427,0.5871698113207546
84247L,FAWN AND MUSHROOM GREETING CARD,62.06,128,19,8,19,0.0005831549881690181,0.48484375
20848,ZINC HEART LATTICE CHARGER SMALL,61.95,21,8,7,8,0.0005821213586379418,2.95
90210B,CLEAR ACRYLIC FACETED BANGLE,61.56,41,7,6,7,0.0005784566721186716,1.5014634146341463
90087,CRYSTAL SEA HORSE PHONE CHARM,61.459999999999994,107,25,4,25,0.0005775170089086021,0.5743925233644859
16151A,FLOWERS HANDBAG blue and orange,61.25,49,3,3,3,0.0005755437161674566,1.25
90183B,AMETHYST DROP EARRINGS W LONG BEADS,61.08,21,17,0,17,0.0005739462887103387,2.9085714285714284
71495B,CD WALL TIDY RED FLOWERS,61.05,163,8,4,8,0.000573664389747318,0.3745398773006135
21655,HANGING RIDGE GLASS T-LIGHT HOLDER,60.84,36,2,1,2,0.0005716910970061724,1.6900000000000002
90214K,"LETTER ""K"" BLING KEY RING",60.699999999999996,78,38,6,38,0.0005703755685120753,0.7782051282051281
84984D,ORIENTAL RED CUSHION COVER,60.45,13,4,3,4,0.0005680264104869021,4.65
84805A,CREAM CLIMBING HYDRANGA ART FLOWER,60.0,32,4,3,4,0.0005637979260415902,1.875
90031,BILI NUT AND WOOD NECKLACE,59.89,50,7,5,7,0.0005627642965105138,1.1978
90206A,GOLD DIAMANTE STAR BROOCH,59.800000000000004,12,9,2,9,0.0005619185996214516,4.983333333333333
23629,SET 10 CARDS DRESSING UP 17077,59.760000000000005,24,10,0,10,0.0005615427343374238,2.49
84985A,SET OF 72 GREEN PAPER DOILIES,59.449999999999996,41,18,15,19,0.0005586297783862088,1.45
21910,WAY OUT METAL SIGN,59.39999999999999,36,8,8,8,0.0005581599467811741,1.6499999999999997
79071B,ENGLISH ROSE METAL WASTE BIN,59.0,20,11,10,11,0.000554401293940897,2.95
90202C,GREEN ENAMEL FLOWER HAIR TIE,58.71,20,14,2,14,0.000551676270631696,2.9355
20760,GARDEN PATH POCKET BOOK,58.65,69,21,18,22,0.0005511124727056543,0.85
84798A,PINK FOXGLOVE ARTIIFCIAL FLOWER,58.64999999999999,23,4,3,4,0.0005511124727056543,2.55
72134,COLUMBIAN  CUBE CANDLE,58.62,105,11,6,11,0.0005508305737426336,0.5582857142857143
90190C,SILVER/AMETHYST DROP EARRINGS LEAF,58.43,20,19,4,19,0.0005490452136435018,2.9215
84877A,PINK ROUND COMPACT MIRROR,58.16,40,4,1,4,0.0005465081229763147,1.454
90082D,DIAMANTE BOW BROOCH BLACK COLOUR,58.03,9,5,4,5,0.0005452865608032246,6.447777777777778
72802a,ROSE SCENT CANDLE IN JEWELLED BOX,58.029999999999994,7,2,0,2,0.0005452865608032246,8.29
71406C,BLACK ORANGE SQUEEZER,57.96,138,21,13,21,0.0005446287965561761,0.42
90210A,GREY ACRYLIC FACETED BANGLE,57.55,34,10,3,10,0.0005407761773948918,1.6926470588235294
84466,TOP SECRET PEN SET,57.5,46,10,8,10,0.0005403063457898572,1.25
84597C,RETRO PINK BALL ASHTRAY,57.5,46,13,11,13,0.0005403063457898572,1.25
72801G,4 BURGUNDY WINE DINNER CANDLES,57.46,45,13,9,13,0.0005399304805058295,1.276888888888889
85006,SET 4 NURSERY DES ROUND BOXES,57.25,55,9,9,9,0.0005379571877646839,1.040909090909091
90214J,"LETTER ""J"" BLING KEY RING",57.21,71,41,3,41,0.0005375813224806562,0.805774647887324
21460,GREEN EASTER EGG HUNT START POST,56.779999999999994,28,11,9,11,0.0005335407706773581,2.0278571428571426
90199B,5 STRAND GLASS NECKLACE AMETHYST,56.59,9,8,1,8,0.0005317554105782264,6.287777777777778
44236,PINK/PURPLE CIRCLE CURTAIN,56.52,52,6,6,7,0.0005310976463311779,1.0869230769230769
90003B,ROSE COLOUR PAIR HEART HAIR SLIDES,56.31,15,10,3,10,0.0005291243535900323,3.754
47341B,BLUE TABLE RUN FLOWER,56.25,45,11,11,11,0.0005285605556639907,1.25
90038A,GLASS AND PAINTED BEADS BRACELET TO,56.15,15,10,1,10,0.0005276208924539213,3.743333333333333
90050,CRACKED GLAZE NECKLACE IVORY,55.72,8,4,2,4,0.0005235803406506233,6.965
84679,CLASSICAL ROSE TABLE LAMP,55.7,6,2,2,2,0.0005233924080086096,9.283333333333333
16046,TEATIME PEN CASE & PENS,55.25,65,14,13,15,0.0005191639235632976,0.85
90023,FILIGREE DIAMANTE EARRINGS,55.02,13,9,2,9,0.0005170026981801382,4.2323076923076925
84750B,BLACK SMALL GLASS CAKE STAND,54.99,61,12,12,12,0.0005167207992171174,0.9014754098360656
90071,RUBY GLASS CLUSTER EARRINGS,54.62,44,33,1,33,0.0005132440453398609,1.2413636363636362
72132,COLUMBIAN CUBE CANDLE,54.599999999999994,28,12,9,12,0.000513056112697847,1.9499999999999997
21336,GOLD WASHBAG,54.57,27,10,3,10,0.0005127742137348263,2.0211111111111113
90040C,MURANO STYLE GLASS BRACELET GOLD,54.42,15,10,3,10,0.0005113647189197223,3.628
20759,CHRYSANTHEMUM POCKET BOOK,54.4,64,20,17,20,0.0005111767862777083,0.85
90040A,MURANO STYLE GLASS BRACELET RED,54.290000000000006,14,5,2,5,0.0005101431567466322,3.877857142857143
20793,BLUE TILED TRAY,54.0,8,4,4,4,0.0005074181334374312,6.75
79323B,BLACK CHERRY LIGHTS,54.0,8,1,1,1,0.0005074181334374312,6.75
84251C,"GREETING CARD, TWO SISTERS.",53.88,127,40,2,40,0.0005062905375853479,0.42425196850393704
90012A,MIDNIGHT BLUE DROP CRYSTAL NECKLACE,53.760000000000005,11,5,2,5,0.0005051629417332648,4.887272727272728
90035A,"PEARL & SHELL 42""NECKL. GREEN",53.62,5,3,1,3,0.0005038474132391677,10.724
20851,ZINC HEART LATTICE TRAY OVAL,53.550000000000004,9,7,5,7,0.0005031896489921192,5.95
47586A,PINK FAIRY CAKE CUSHION COVER,53.55,21,8,7,8,0.0005031896489921192,2.55
20756,GREEN FERN POCKET BOOK,53.55,63,22,20,22,0.0005031896489921192,0.85
90123B,TURQUOISE HEART OF GLASS BRACELET,53.42,9,5,4,5,0.0005019680868190291,5.935555555555556
90211B,JET BLACK LAS VEGAS NECKLACE 45CM,53.260000000000005,9,6,2,6,0.0005004646256829182,5.917777777777778
90214E,"LETTER ""E"" BLING KEY RING",53.199999999999996,72,30,6,30,0.0004999008277568765,0.7388888888888888
20857,BLUE ROSE PATCH PURSE PINK BUTTERFL,52.8,32,8,7,8,0.0004961421749165993,1.65
90163B,WHITE ROSEBUD & PEARL NECKLACE,52.72,7,5,1,5,0.0004953904443485438,7.531428571428571
90168,2 DAISIES HAIR COMB,52.56,18,12,1,12,0.0004938869832124329,2.92
90176D,DIAMANTE NECKLACE PURPLE,52.5,7,4,4,4,0.0004933231852863914,7.5
84805B,BLUE CLIMBING HYDRANGA ART FLOWER,52.5,38,3,3,3,0.0004933231852863914,1.381578947368421
84842,HELLO SAILOR BATHROOM SET,52.5,14,9,8,9,0.0004933231852863914,3.75
90138,WHITE/PINK MINI CRYSTALS NECKLACE,52.42,10,7,1,7,0.0004925714547183359,5.242
90141C,TURQ PENDANT TRIPLE SHELL NECKLACE,52.31,10,8,2,8,0.0004915378251872597,5.231
35265,COLOURFUL FLOWER FRUIT BOWL,52.2,17,12,11,12,0.0004905041956561834,3.070588235294118
84927D,LA PALMIERA TILE HOOK,51.86,47,14,9,14,0.00048730934074194774,1.103404255319149
85028S,FRENCH CHATEAU SMALL FRUITBOWL,51.599999999999994,24,8,8,8,0.0004848662163957675,2.15
90205A,LARGE MINT DIAMANTE HAIRSLIDE,51.51,31,16,6,16,0.0004840205195067051,1.6616129032258065
84597B,RETRO BROWN BALL ASHTRAY,51.25,41,5,3,5,0.00048157739516052487,1.25
20910,VINTAGE PHOTO ALBUM PARIS DAYS,50.8,8,3,2,3,0.00047734891071521293,6.35
84534B,FAIRY CAKE NOTEBOOK A5 SIZE,50.72,53,10,5,10,0.0004765971801471575,0.9569811320754716
90018C,SILVER BLACK ORBIT DROP EARRINGS,50.400000000000006,12,9,3,9,0.0004735902578749358,4.2
17007B,S/3 POT POURI CUSHIONS BLUE COLOURS,50.400000000000006,24,2,2,2,0.0004735902578749358,2.1
47348A,FUSCHIA VOILE POINTY SHOE DEC,50.31,97,15,11,15,0.00047274456098587335,0.5186597938144331
44242B,PINK FEATHERS CURTAIN,50.28,52,3,3,3,0.00047246266202285254,0.966923076923077
90214D,"LETTER ""D"" BLING KEY RING",49.9,68,32,5,32,0.0004688919418245891,0.7338235294117647
90214M,"LETTER ""M"" BLING KEY RING",49.82,60,28,3,28,0.00046814021125653367,0.8303333333333334
90180B,PURPLE AMETHYST NECKLACE W TASSEL,49.81,5,5,3,5,0.0004680462449355268,9.962
23603,SET 10 CARD KRAFT REINDEER 17084,49.800000000000004,20,14,0,14,0.00046795227861451985,2.49
90079,VINTAGE ENAMEL & CRYSTAL NECKLACE,49.760000000000005,10,4,2,4,0.0004675764133304921,4.976000000000001
20667,CHERRY BLOSSOM PURSE,49.69,20,16,1,16,0.0004669186490834435,2.4844999999999997
90202B,WHITE ENAMEL FLOWER HAIR TIE,49.65,17,10,2,10,0.0004665427837994158,2.9205882352941175
90142D,MOP PENDANT SHELL NECKLACE,49.64,10,4,3,4,0.00046644881747840886,4.964
90157,RIVIERA NECKLACE,49.59,10,5,2,5,0.00046597898587337423,4.9590000000000005
21089,SET/6 GREEN SPRING PAPER CUPS,48.99,233,25,23,25,0.0004603410066129584,0.21025751072961374
90038B,GLASS AND PAINTED BEADS BRACELET OL,48.77,13,8,1,8,0.00045827374755080585,3.7515384615384617
84497,BUTTONS AND STRIPES NOTEBOOK,48.75,13,7,7,7,0.000458085814908792,3.75
90002D,FLOWER BURST SILVER RING CRYSTAL,48.71,13,9,5,9,0.00045770994962476423,3.746923076923077
20697,LITTLE GREEN MONSTER SOFT TOY,48.449999999999996,19,11,8,11,0.000455266825278584,2.55
21720,CAKE SHOP  STICKER SHEET,48.449999999999996,57,8,8,8,0.000455266825278584,0.85
DCGS0076,SUNJAR LED NIGHT NIGHT LIGHT,48.39,3,2,0,2,0.00045470302735254247,16.13
84559a,3D SHEET OF DOG STICKERS,48.379999999999995,29,22,0,22,0.0004546090610315355,1.6682758620689653
84510E,SET OF 4 GREEN CAROUSEL COASTERS,48.29,34,16,9,16,0.0004537633641424731,1.4202941176470587
90205C,LARGE CRYSTAL DIAMANTE HAIRSLIDE,48.209999999999994,29,15,3,15,0.00045301163357441756,1.6624137931034482
84402B,PURPLE DRESS JEWELLERY STAND,48.19,61,3,3,3,0.00045282370093240374,0.7899999999999999
90125B,AQUA BERTIE GLASS BEAD BAG CHARM,48.06,30,12,3,12,0.00045160213875931367,1.602
21816,CHRISTMAS TREE T-LIGHT HOLDER,47.849999999999994,33,7,6,8,0.00044962884601816805,1.4499999999999997
90169,DAISY HAIR COMB,47.839999999999996,19,11,1,11,0.00044953487969716117,2.517894736842105
90036A,FLOWER GARLAND NECKLACE RED,47.7,6,4,3,4,0.00044821935120306416,7.95
90165B,WHITE ROSEBUD  PEARL EARRINGS,47.43,19,18,1,18,0.00044568226053587703,2.4963157894736843
17084J,LOVE POTION MASALA INCENSE,47.25,225,8,8,8,0.0004439908667577522,0.21
90065A,WHITE VINTAGE CRYSTAL BRACELET,47.25,7,4,3,4,0.0004439908667577522,6.75
84086B,YELLOW/BLUE RETRO RADIO,47.2,16,7,3,8,0.0004435210351527176,2.95
84706F,RED PEONY TABLE CLOCK,47.2,16,10,9,10,0.0004435210351527176,2.95
84715,SET OF 6 ICE CREAM SKITTLES,47.2,16,3,3,3,0.0004435210351527176,2.95
84857B,BLUE MONTE CARLO HANDBAG,46.8,24,1,1,1,0.0004397623823124403,1.95
84750A,PINK SMALL GLASS CAKE STAND,46.8,24,1,1,1,0.0004397623823124403,1.95
90190A,SILVER/CRYSTAL DROP EARRINGS W LEAF,46.76,16,10,1,10,0.00043938651702841254,2.9225
21392,RED POLKADOT PUDDING BOWL,46.39,34,7,5,8,0.0004359097631511561,1.3644117647058824
84801B,WHITE HYDRANGEA ART FLOWER,46.2,22,3,3,3,0.0004341244030520244,2.1
85031A,ROMANTIC IMAGES SCRAP BOOK SET,45.9,16,7,7,7,0.00043130541342181647,2.86875
90012B,BLACK DROP CRYSTAL NECKLACE,45.35000000000001,13,3,2,3,0.0004261372657664353,3.488461538461539
90064B,BLACK VINTAGE  CRYSTAL EARRINGS,45.0,12,7,6,7,0.00042284844453119265,3.75
23625,SET 6 CARDS SPARKLY REINDEER 17262,44.910000000000004,9,4,0,4,0.00042200274764213027,4.99
90141B,IVORY PENDANT TRIPLE SHELL NECKLACE,44.86,9,5,2,5,0.00042153291603709553,4.984444444444445
85185D,FROG SOCK PUPPET,44.25000000000001,15,8,7,8,0.00041580097045567277,2.9500000000000006
20670,VIP HOLIDAY PURSE,44.04,14,11,5,11,0.0004138276777145272,3.1457142857142855
47344B,BLUE FLOWER DES PURSE,43.66,44,6,6,6,0.00041025695751626366,0.9922727272727272
79063C,"RETRO PILL BOX KEY CHAIN,THE KING",43.65,235,14,13,14,0.0004101629911952568,0.18574468085106383
90056,CHUNKY CRACKED GLAZE NECKLACE IVORY,43.510000000000005,4,4,0,4,0.0004088474627011598,10.877500000000001
20698,LITTLE PINK MONSTER SOFT TOY,43.349999999999994,17,8,7,9,0.0004073440015650488,2.55
90014C,SILVER/BLACK ORBIT NECKLACE,43.199999999999996,5,4,3,4,0.00040593450674994484,8.639999999999999
46138B,BLUE CHENILLE SHAGGY CUSHION COVER,43.15,43,12,8,12,0.0004054646751449102,1.0034883720930232
23038,T-LIGHT HOLDER SILVER SAUCER,42.919999999999995,44,8,4,8,0.0004033034497617508,0.9754545454545454
84539,KNITTED RABBIT DOLL,42.9,26,2,1,2,0.00040311551711973696,1.65
22987,WRAP SUMMER ROSE DESIGN,42.84,102,5,4,5,0.0004025517191936954,0.42000000000000004
20818,GOLD TEDDY BEAR,42.7,15,5,2,5,0.00040123619069959833,2.8466666666666667
16254,TRANSPARENT ACRYLIC TAPE DISPENSER,42.58,40,17,7,17,0.0004001085948475151,1.0645
84922,PINK BUTTERFLY WASHBAG,42.29,9,6,5,6,0.0003973835715383141,4.698888888888889
37444C,PINK BREAKFAST CUP AND SAUCER,42.27,21,9,5,9,0.00039719563889630027,2.012857142857143
90029,NEW BAROQUE SMALL NECKLACE BLACK,42.14,5,4,2,4,0.00039597407672321014,8.428
90024F,NEW BAROQUE B'FLY NECKLACE CRYSTAL,42.13,5,4,1,4,0.0003958801104022032,8.426
47570b,TEA TIME TABLE CLOTH,42.019999999999996,2,2,0,2,0.00039484648087112696,21.009999999999998
17084A,TRANQUILITY MASALA INCENSE,42.0,200,7,7,7,0.00039465854822911314,0.21
90120D,WHITE MURANO TWIST BRACELET,41.790000000000006,10,5,2,5,0.0003926852554879676,4.179
20666,ECONOMY HOLIDAY PURSE,41.53,30,17,4,17,0.00039024213114178727,1.3843333333333334
15030,FAN BLACK FRAME,41.47,143,12,11,13,0.0003896783332157457,0.29
72807c,SET/3 VANILLA SCENTED CANDLE IN BOX,41.449999999999996,5,5,0,5,0.00038949040057373183,8.29
90059D,DIAMANTE HAIR GRIP PACK/2 PERIDOT,41.449999999999996,25,19,1,19,0.00038949040057373183,1.658
90059E,DIAMANTE HAIR GRIP PACK/2 RUBY,41.37,25,15,3,15,0.0003887386700056764,1.6547999999999998
90039B,FIRE POLISHED GLASS BRACELET MONTAN,41.31,11,6,1,6,0.0003881748720796348,3.755454545454546
90162C,ANT SILVER FUSCHIA BOUDICCA RING,41.300000000000004,14,7,3,7,0.00038808090575862794,2.95
84921,CREAM AND PINK FLOWERS PONY,41.25,11,5,5,5,0.0003876110741535932,3.75
23448,CREAM BUNNY EASTER EGG BASKET,41.24999999999999,25,3,3,3,0.00038761107415359315,1.6499999999999997
75013B,"STRING OF 8 BUTTERFLIES,PINK",41.24999999999999,25,6,6,7,0.00038761107415359315,1.6499999999999997
90067A,PINK VINTAGE VICTORIAN EARRINGS,41.150000000000006,14,7,3,7,0.00038667141094352395,2.9392857142857145
90177E,DROP DIAMANTE EARRINGS GREEN,41.080000000000005,14,9,1,9,0.0003860136466964754,2.9342857142857146
90177B,DROP DIAMANTE EARRINGS BLACK DIAMON,41.010000000000005,14,7,2,7,0.0003853558824494269,2.9292857142857147
90182C,BLACK 3 BEAD DROP EARRINGS,40.96,14,9,1,9,0.00038488605084439226,2.9257142857142857
90130C,GREEN STONE/CRYSTAL EARRINGS,40.95,14,13,0,13,0.0003847920845233853,2.9250000000000003
90177A,CLASSIC DIAMANTE EARRINGS JET,40.900000000000006,14,9,1,9,0.0003843222529183507,2.9214285714285717
71495A,CD WALL TIDY BLUE OFFICE,40.379999999999995,103,8,2,8,0.00037943600422599014,0.39203883495145625
10120,DOGGY RUBBER,40.32,192,29,25,29,0.0003788722062999486,0.21
90214G,"LETTER ""G"" BLING KEY RING",40.199999999999996,60,30,5,30,0.00037774461044786533,0.6699999999999999
85092,CANDY SPOT TEA COSY,40.05,27,2,2,2,0.0003763351156327614,1.4833333333333332
90187B,GREEN DROP EARRINGS W BEAD CLUSTER,40.03,12,8,1,8,0.00037614718299074757,3.3358333333333334
90165A,PINK ROSEBUD PEARL EARRINGS,39.98,16,15,0,15,0.00037567735138571283,2.49875
72369A,PINK CLEAR GLASS CANDLE PLATE,39.92,30,5,3,6,0.0003751135534596713,1.3306666666666667
90135,ORANGE/WHT/FUSCHIA STONES NECKLACE,39.660000000000004,8,2,1,2,0.00037267042911349113,4.9575000000000005
84725,FREESTYLE CANVAS ART PICTURE,39.65,41,18,16,18,0.0003725764627924841,0.9670731707317073
84596f,SMALL MARSHMALLOWS PINK BOWL,39.36,16,12,0,12,0.00036985143948328313,2.46
84575A,PINK DOG CANNISTER,39.3,14,4,4,4,0.0003692876415572415,2.807142857142857
21307,SET/4 BUTTERFLY MIRROR MAGNETS,39.199999999999996,79,13,11,13,0.00036834797834717214,0.49620253164556954
35910A,MULTICOLOUR EASTER RABBIT,39.0,20,4,4,4,0.00036646865192703357,1.95
47341A,FUSCHIA TABLE RUN FLOWER,38.75,27,5,5,5,0.00036411949390186026,1.4351851851851851
90064A,WHITE VINTAGE CRYSTAL EARRINGS,38.7,10,6,3,6,0.00036364966229682563,3.87
21393,BLUE POLKADOT PUDDING BOWL,38.67,29,7,7,8,0.0003633677633338048,1.333448275862069
85089,CANDY SPOT BUNNY,38.35,13,5,5,5,0.000360360841061583,2.95
84559b,3D SHEET OF CAT STICKERS,38.33,23,20,0,20,0.00036017290841956913,1.6665217391304348
84746,PINK EASTER HENS+FLOWER,38.31,14,9,1,9,0.0003599849757775553,2.7364285714285717
84925D,LA PALMIERA WALL THERMOMETER,38.25,15,10,8,10,0.0003594211778515137,2.55
84617,NEW BAROQUE BLACK BOXES,38.25,3,3,3,3,0.0003594211778515137,12.75
90190B,GOLD/AMBER DROP EARRINGS W LEAF,38.18,13,7,1,7,0.0003587634136044652,2.936923076923077
81952B,ROUND BLUE CLOCK WITH SUCKER,38.0,200,9,9,9,0.00035707201982634044,0.19
84033,FLAG OF ST GEORGE,37.95,23,7,7,7,0.00035660218822130575,1.6500000000000001
84809B,PINK CHRYSANTHEMUMS ART FLOWER,37.800000000000004,18,1,1,1,0.00035519269340620187,2.1
90075,MONTANA DIAMOND CLUSTER NECKLACE,37.66,4,3,0,3,0.0003538771649121047,9.415
90199D,5 STRAND GLASS NECKLACE AMBER,37.620000000000005,6,6,2,6,0.00035350129962807706,6.2700000000000005
90212B,JET BLACK LAS VEGAS BRACELET ROUND,37.62,10,8,1,8,0.000353501299628077,3.7619999999999996
79191D,RETRO PLASTIC DAISY TRAY,37.61,35,16,7,16,0.00035340733330707007,1.0745714285714285
72709,IVORY SCULPTED RND CANDLE,37.4,44,7,4,7,0.0003514340405659245,0.85
35809a,ENAMEL PINK TEA CONTAINER,37.33,9,9,0,9,0.000350776276318876,4.147777777777778
84509b,SET OF 4 FAIRY CAKE PLACEMATS,37.3,5,4,0,4,0.0003504943773558552,7.459999999999999
47420,ASSORTED COLOUR SUCTION CUP HOOK,37.24,196,13,11,14,0.0003499305794298136,0.19
90074,BLACK DIAMOND CLUSTER NECKLACE,37.239999999999995,4,3,1,3,0.0003499305794298135,9.309999999999999
84751B,BLACK MEDIUM GLASS CAKE STAND,37.11,17,8,8,8,0.0003487090172567235,2.1829411764705884
84522,PINK PARTY SUNGLASSES,36.76,20,12,6,12,0.0003454201960214809,1.8379999999999999
90214H,"LETTER ""H"" BLING KEY RING",36.76,48,30,4,30,0.0003454201960214809,0.7658333333333333
90085,CRYSTAL STILETTO PHONE CHARM,36.76,34,10,2,10,0.0003454201960214809,1.0811764705882352
71510,SQUARE METAL CANDLEHOLDER BASE,36.519999999999996,52,8,5,8,0.0003431650043173145,0.7023076923076922
84548,CROCHET BEAR RED/BLUE  KEYRING,36.3,22,4,3,5,0.000341097745255162,1.65
17090D,VANILLA INCENSE 40 CONES IN TIN,36.25,29,12,6,13,0.0003406279136501274,1.25
84226,HEN HOUSE W FAMILY IN BARN & NEST,36.21,51,10,9,10,0.0003402520483660996,0.71
85216,ASSORTED CAKES FRIDGE MAGNETS,35.75,55,8,6,8,0.0003359295975997808,0.65
90094,NECKLACE+BRACELET SET FRUIT SALAD,35.699999999999996,14,13,12,13,0.00033545976599474607,2.55
35913B,WHITE/PINK CHICK EASTER DECORATION,35.48,36,10,8,10,0.00033339250693259357,0.9855555555555555
90179C,BLACK FINE BEAD NECKLACE W TASSEL,35.44,6,6,1,6,0.0003330166416485659,5.906666666666666
90179A,AMBER FINE BEAD NECKLACE W TASSEL,35.31,6,5,2,5,0.0003317950794754758,5.885000000000001
90123D,WHITE HEART OF GLASS BRACELET,35.31,6,5,2,5,0.0003317950794754758,5.885000000000001
90011B,BLACK CRYSTAL DROP EARRINGS,35.27,12,7,2,7,0.0003314192141914481,2.939166666666667
90060F,FIRE POLISHED GLASS NECKL GREEN,35.160000000000004,6,6,0,6,0.00033038558466037186,5.86
79063D,"RETRO PILL BOX , REVOLUTIONARY",35.14,189,11,9,11,0.00033019765201835793,0.18592592592592594
90131,PINK/AMETHYST/GOLD NECKLACE,34.870000000000005,5,2,1,2,0.0003276605613511708,6.974000000000001
90049,IVORY GOLD METAL BAG CHARM,34.77,5,3,2,3,0.00032672089814110155,6.954000000000001
90059F,DIAMANTE HAIR GRIP PACK/2 LT ROSE,34.69,21,14,3,14,0.000325969167573046,1.6519047619047618
20827,GOLD APERITIF GLASS,34.32,88,2,1,2,0.00032249241369578955,0.39
79406,FROSTED WHITE BASE,34.12,144,8,6,8,0.00032061308727565093,0.23694444444444443
84873A,FUNKY FLOWER PICNIC BAG FOR 4,33.9,2,2,2,2,0.0003185458282134984,16.95
90026C,GLASS BEAD HOOP NECKLACE GREEN,33.82,4,3,2,3,0.000317794097645443,8.455
90024C,NEW BAROQUE B'FLY NECKLACE GREEN,33.81,4,3,1,3,0.00031770013132443605,8.4525
90038C,GLASS AND BEADS BRACELET IVORY,33.69,9,4,1,4,0.0003165725354723528,3.743333333333333
81950B,FLOWER BLUE CLOCK WITH SUCKER,33.64,116,8,8,9,0.0003161027038673182,0.29
72783,BLACK SIL'T SQU CANDLE PLATE,33.6,16,2,2,2,0.0003157268385832905,2.1
90129D,AMBER GLASS TASSLE BAG CHARM,33.440000000000005,14,7,2,7,0.0003142233774471796,2.388571428571429
37423,WHITE WITH BLACK CATS PLATE,33.18,78,3,3,3,0.0003117802531009993,0.42538461538461536
72807b,SET/3 OCEAN SCENT CANDLE JEWEL BOX,33.16,4,4,0,4,0.00031159232045898543,8.29
35610C,WHITE CHRISTMAS FLOCK DROPLET,32.51,25,2,1,2,0.0003054845095935349,1.3004
17109D,FLOWER FAIRY INCENSE BOUQUET,32.349999999999994,61,5,4,5,0.000303981048457424,0.530327868852459
90186A,AMETHYST HOOP EARRING FLORAL LEAF,32.16,11,9,3,9,0.00030219568835829224,2.9236363636363634
37468,HARDMAN MUG 3 ASSORTED,32.03,64,13,11,13,0.00030097412618520223,0.50046875
84824,DANISH ROSE UMBRELLA STAND,31.9,2,2,2,2,0.00029975256401211205,15.95
90036B,"FLOWER GLASS GARLAND NECKL.36""GREEN",31.8,4,2,2,2,0.0002988129008020428,7.95
23632,SET 10 CARDS CHEERFUL ROBIN 17065,31.200000000000003,15,10,0,10,0.0002931749215416269,2.08
85018D,YULETIDE IMAGES S/6 PAPER BOXES,30.599999999999998,12,7,6,7,0.000287536942281211,2.55
44228,CANNABIS LEAF BEAD CURTAIN,30.599999999999998,36,2,2,2,0.000287536942281211,0.85
37471,MULTICOLOUR POLKADOT PLATE,30.43,29,3,1,3,0.0002859395148240931,1.0493103448275862
90176B,DIAMANTE NECKLACE BLACK,30.12,4,3,1,3,0.00028302655887287823,7.53
35610B,BLACK CHRISTMAS FLOCK DROPLET,30.0,24,1,1,1,0.0002818989630207951,1.25
20878,SET/9 CHRISTMAS T-LIGHTS SCENTED,30.0,24,7,7,7,0.0002818989630207951,1.25
90176E,DIAMANTE NECKLACE GREEN,29.98,4,3,2,3,0.0002817110303787812,7.495
90195B,BLACK GEMSTONE BRACELET,29.98,4,4,3,4,0.0002817110303787812,7.495
90039A,FIRE POLISHED GLASS BRACELET RED,29.96,8,3,1,3,0.00028152309773676735,3.745
21310,CAPIZ CHANDELIER,29.95,1,1,1,1,0.0002814291314157604,29.95
90122B,JADE CRYSTAL+GLASS BRACELET,29.93,6,6,1,6,0.00028124119877374654,4.988333333333333
21667,GLASS CAKE COVER AND PLATE,29.9,2,1,1,1,0.00028095929981072573,14.95
90136,PALE PINK/AMETHYST STONE NECKLACE,29.849999999999998,3,2,2,2,0.00028048946820569105,9.95
84660a,WHITE STITCHED WALL CLOCK,29.84,4,2,0,2,0.0002803955018846841,7.46
90159,COTE D'AZURE NECKLACE,29.790000000000003,6,5,2,5,0.0002799256702796495,4.965000000000001
90001D,ANTIQUE OLIVE GREEN FLOWER EARRINGS,29.73,7,5,3,5,0.0002793618723536079,4.247142857142857
90120A,PINK MURANO TWIST BRACELET,29.73,7,3,0,3,0.0002793618723536079,4.247142857142857
21757,LIGHTHOUSE PRINTED METAL SIGN,29.700000000000003,6,3,3,3,0.00027907997339058716,4.95
21040,MODERN VINTAGE COTTON SHOPPING BAG,29.7,22,8,8,8,0.0002790799733905871,1.3499999999999999
35816P,"ACRYLIC JEWEL ANGEL,PINK",29.64,78,2,2,2,0.00027851617546454554,0.38
90214I,"LETTER ""I"" BLING KEY RING",29.619999999999997,38,13,3,13,0.0002783282428225316,0.7794736842105262
84706D,CHERRY BLOSSOM TABLE CLOCK,29.599999999999998,8,4,3,4,0.00027814031018051774,3.6999999999999997
17136A,BLUE STONES ON WIRE FOR CANDLE,29.59,352,17,16,17,0.00027804634385951085,0.0840625
90162D,ANT SILVER PURPLE BOUDICCA RING,29.500000000000004,10,5,3,5,0.00027720064697044853,2.95
84465,15 PINK FLUFFY CHICKS IN BOX,29.5,10,7,7,7,0.0002772006469704485,2.95
82605,OLD DOC RUSSEL METAL SIGN,29.400000000000002,14,3,3,3,0.00027626098376037916,2.1
84558a,3D DOG PICTURE PLAYING CARDS,29.310000000000002,5,5,0,5,0.0002754152868713168,5.862
85030,FRENCH CHATEAU OVAL PLATTER,29.25,15,6,6,6,0.0002748514889452752,1.95
90214N,"LETTER ""N"" BLING KEY RING",29.23,41,24,3,24,0.00027466355630326135,0.7129268292682926
21011,GLITTER SNOW PEAR TREE DECORATION,28.999999999999996,20,3,2,3,0.00027250233092010186,1.4499999999999997
84199,GLOW IN DARK DOLPHINS,28.98,138,31,28,32,0.00027231439827808804,0.21
46776f,WOVEN ROSE GARDEN CUSHION COVER,28.91,7,1,0,1,0.0002716566340310395,4.13
90152A,SILVER/NAT SHELL NECKLACE W PENDANT,28.76,5,5,3,5,0.0002702471392159356,5.752000000000001
84803B,WHITE ALLIUM  ARTIFICIAL FLOWER,28.73,17,4,3,4,0.0002699652402529147,1.69
90093,CLEAR CRYSTAL STAR PHONE CHARM,28.569999999999997,52,10,5,10,0.0002684617791168038,0.5494230769230769
90027D,GLASS BEAD HOOP EARRINGS AMETHYST,28.4,9,6,1,6,0.000266864351659686,3.1555555555555554
17165D,ASS COL LARGE SAND FROG P'WEIGHT,28.35,27,7,6,7,0.00026639452005465135,1.05
84798B,PURPLE FOXGLOVE ARTIIFCIAL FLOWER,28.049999999999997,11,3,2,3,0.00026357553042444335,2.55
90005A,JADE GREEN ENAMEL HAIR COMB,28.02,14,10,0,10,0.0002632936314614226,2.0014285714285713
90214R,"LETTER ""R"" BLING KEY RING",28.009999999999998,41,25,3,25,0.00026319966514041566,0.683170731707317
84613A,PINK NEW BAROQUE FLOCK CANDLESTICK,27.900000000000002,6,3,3,3,0.0002621660356093394,4.65
79066k,RETRO MOD TRAY,27.77,17,10,0,10,0.0002609444734362493,1.633529411764706
23613,SET 10 XMAS CARDS & BADGES 17070,27.39,11,6,0,6,0.0002573737532379859,2.49
23637,SET 10 CARDS OUT OF ORDER 17216,27.39,11,9,0,9,0.0002573737532379859,2.49
85126,LARGE ROUND CUTGLASS CANDLESTICK,27.14,2,1,0,1,0.0002550245952128126,13.57
23702,High Resolution Image,27.0,4,3,3,3,0.0002537090667187156,6.75
79323P,PINK CHERRY LIGHTS,27.0,4,1,1,1,0.0002537090667187156,6.75
84993a,75 GREEN PETIT FOUR CASES,26.56,32,19,0,19,0.0002495745485944106,0.83
35598A,DUSTY PINK CHRISTMAS TREE 60CM,26.550000000000004,9,2,2,2,0.00024948058227340365,2.9500000000000006
84675,FROG KING WATERING CAN,26.55,9,2,2,2,0.0002494805822734036,2.95
90059B,DIAMANTE HAIR GRIP PACK/2 BLACK DIA,26.52,16,10,3,10,0.00024919868331038284,1.6575
21836,GINGHAM OVEN GLOVE RED HEART,26.490000000000002,5,3,2,3,0.0002489167843473621,5.298
72140E,BEST DAD CANDLE LETTERS,26.349999999999998,31,8,8,8,0.00024760125585326497,0.85
90212C,PURPLE LAS VEGAS BRACELET ROUND,26.25,7,3,2,3,0.0002466615926431957,3.75
23636,SET 10 CARDS WISHING TREE 17116,26.19,9,7,0,7,0.0002460977947171541,2.91
85017C,ENVELOPE 50 CURIOUS IMAGES,26.17,49,10,10,11,0.00024590986207514027,0.5340816326530613
90183C,BLACK DROP EARRINGS W LONG BEADS,26.15,9,9,1,9,0.00024572192943312634,2.9055555555555554
90026D,GLASS BEAD HOOP NECKLACE AMETHYST,25.5,3,3,3,3,0.0002396141185676758,8.5
84968B,SET OF 16 VINTAGE IVORY CUTLERY,25.5,2,2,2,2,0.0002396141185676758,12.75
84968f,SET OF 16 VINTAGE SKY BLUE CUTLERY,25.49,1,1,0,1,0.00023952015224666887,25.49
35910B,PINK FLOWERS RABBIT EASTER,25.349999999999998,13,3,3,3,0.00023820462375257178,1.9499999999999997
90026B,GLASS BEAD HOOP NECKLACE MONTANA,25.32,3,3,2,3,0.00023792272478955103,8.44
90037B,TINY CRYSTAL BRACELET GREEN,25.279999999999998,10,5,1,5,0.0002375468595055233,2.5279999999999996
90013D,PURPLE VINTAGE EARRINGS,25.17,6,3,0,3,0.00023651322997444708,4.195
84596e,SMALL LICORICE DES PINK BOWL,25.099999999999998,10,6,0,6,0.0002358554657273985,2.51
90033,IVORY SHELL HEART EARRINGS,25.07,10,9,1,9,0.00023557356676437771,2.507
90016C,SILVER/BLACK PENDANT ORBIT NECKLACE,24.96,3,3,0,3,0.00023453993723330152,8.32
23620,SET 10 CARDS PERFECT POST 17090,24.900000000000002,10,7,0,7,0.00023397613930725993,2.49
85034a,3 GARDENIA MORRIS BOXED CANDLES,24.869999999999997,3,3,0,3,0.00023369424034423906,8.29
85132c,CHARLIE AND LOLA FIGURES TINS,24.869999999999997,3,3,0,3,0.00023369424034423906,8.29
15060b,FAIRY CAKE DESIGN UMBRELLA,24.869999999999997,3,3,0,3,0.00023369424034423906,8.29
85115B,S/4 BLACK DISCO PARTITION PANEL,24.869999999999997,3,1,0,1,0.00023369424034423906,8.29
90043,COPPER AND BRASS BAG CHARM,24.810000000000002,4,2,2,2,0.00023313044241819752,6.202500000000001
90059C,DIAMANTE HAIR GRIP PACK/2 MONTANA,24.79,15,10,3,10,0.00023294250977618368,1.6526666666666665
90214B,"LETTER ""B"" BLING KEY RING",24.77,37,22,2,22,0.0002327545771341698,0.6694594594594594
84854,GIRLY PINK TOOL SET,24.75,5,1,1,1,0.00023256664449215596,4.95
90141E,ORANGE PENDANT TRIPLE SHELL NECKLAC,24.75,5,2,1,2,0.00023256664449215596,4.95
20778,GARDEN PATH NOTEBOOK,24.75,15,8,8,8,0.00023256664449215596,1.65
20820,SILVER LOOKING MIRROR,24.75,5,2,2,2,0.00023256664449215596,4.95
84993B,75 BLACK PETIT FOUR CASES,24.36,58,18,16,18,0.00022890195797288558,0.42
90076,MONTANA DIAMOND CLUSTER EARRINGS,24.119999999999997,9,4,1,4,0.00022664676626871918,2.6799999999999997
21461,BLUE EASTER EGG HUNT START POST,23.86,10,6,4,6,0.000224203641922539,2.386
47503J,SET/3 FLORAL GARDEN TOOLS IN BAG,23.85,3,2,1,2,0.00022410967560153208,7.95
84562A,PINK/WHITE RIBBED MELAMINE JUG,23.85,3,3,2,3,0.00022410967560153208,7.95
21357,TOAST ITS - DINOSAUR,23.75,19,10,9,11,0.00022317001239146277,1.25
35909A,RABBIT EASTER DECORATION,23.6,8,3,3,3,0.0002217605175763588,2.95
35909B,PINK FLOWERS RABBIT EASTER,23.6,8,2,2,2,0.0002217605175763588,2.95
90083,CRYSTAL CZECH CROSS PHONE CHARM,23.47,25,9,2,9,0.00022053895540326867,0.9388
90176C,DIAMANTE NECKLACE,23.32,3,2,1,2,0.00021912946058816468,7.773333333333333
23623,SET 10 CARD CHRISTMAS WELCOME 17112,23.28,8,6,0,6,0.00021875359530413696,2.91
90182A,AMBER 3 BEAD DROP EARRINGS,23.2,8,8,0,8,0.00021800186473608152,2.9
90104,PURPLE FRANGIPANI HAIRCLIP,23.16,28,12,1,12,0.0002176259994520538,0.8271428571428572
85195,HANGING HEART BASKET,23.1,11,3,3,3,0.0002170622015260122,2.1
85206B,PINK FELT EASTER EGG BASKET,23.099999999999998,14,4,4,4,0.00021706220152601218,1.65
22351,DOTCOMGIFTSHOP TEA TOWEL,23.089999999999996,13,2,1,2,0.0002169682352050052,1.776153846153846
90214Y,"LETTER ""Y"" BLING KEY RING",22.839999999999996,66,8,3,8,0.00021461907717983193,0.346060606060606
90188,DROP EARRINGS W FLOWER & LEAF,22.58,9,7,2,7,0.0002121759528336517,2.5088888888888885
90054,CRACKED GLAZE EARRINGS RED,22.58,9,9,1,9,0.0002121759528336517,2.5088888888888885
90039C,FIRE POLISHED GLASS BRACELET BLACK,22.48,6,6,1,6,0.00021123628962358245,3.7466666666666666
90176A,CLASSIC DIAMANTE NECKLACE JET,22.48,3,2,1,2,0.00021123628962358245,7.493333333333333
23640,SET 10 CARDS SCOTTIE DOG 17211,22.410000000000004,9,8,0,8,0.00021057852537653395,2.49
23645,SET 10 CHRISTMAS CARDS HOHOHO 16956,22.410000000000004,9,4,0,4,0.00021057852537653395,2.49
21018,BIRD BOX CHRISTMAS TREE DECORATION,22.06,24,6,4,7,0.00020728970414129127,0.9191666666666666
90035C,"PEARL & SHELL 42""NECKL. IVORY",21.5,2,1,1,1,0.00020202759016490313,10.75
84387A,BIRD ON BRANCH CANVAS SCREEN,21.45,11,1,1,1,0.00020155775855986848,1.95
84551,CROCHET DOG KEYRING,21.449999999999996,13,2,1,2,0.00020155775855986842,1.6499999999999997
20695,FLORAL BLUE MONSTER,21.25,5,4,4,4,0.00019967843213972985,4.25
90001B,ANTIQUE MID BLUE FLOWER EARRINGS,21.15,5,3,2,3,0.0001987387689296605,4.2299999999999995
90001C,ANTIQUE OPAL WHITE FLOWER EARRINGS,21.130000000000003,5,5,2,5,0.0001985508362876467,4.226000000000001
90125E,AMBER BERTIE GLASS BEAD BAG CHARM,21.05,11,10,1,10,0.0001977991057195912,1.9136363636363638
23692,WRAP A PRETTY THANK YOU,21.0,50,2,2,2,0.00019732927411455657,0.42
16169P,WRAP GREEN RUSSIAN FOLKART,21.0,50,2,2,2,0.00019732927411455657,0.42
90001A,ANTIQUE RASPBERRY FLOWER EARRINGS,20.950000000000003,5,4,1,4,0.00019685944250952194,4.19
17001,HEAVENS SCENT FRAGRANCE OILS ASSTD,20.88,72,1,1,1,0.00019620167826247335,0.29
47518f,ICON PLACEMAT POP ART ELVIS,20.73,5,5,0,5,0.0001947921834473694,4.146
46776a,WOVEN BUBBLE GUM CUSHION COVER,20.65,5,1,0,1,0.00019404045287931392,4.13
90141D,ROSE PENDANT TRIPLE SHELL NECKLACE,20.36,4,2,1,2,0.00019131542957011291,5.09
90214P,"LETTER ""P"" BLING KEY RING",20.229999999999997,39,16,4,16,0.0001900938673970228,0.5187179487179486
90034,WHITE SILVER NECKLACE SHELL GLASS,20.17,2,2,0,2,0.00018953006947098122,10.085
84415B,BLUE FLOCK CUSHION COVER,20.0,8,3,2,3,0.00018793264201386338,2.5
23646,SET 10 CARDS JINGLE BELLS 16957,19.92,8,5,0,5,0.00018718091144580794,2.49
23616,SET 10 CARDS JINGLE BELLS 17217,19.92,8,7,0,7,0.00018718091144580794,2.49
23601,SET 10 CARDS SNOWY SNOWDROPS  17100,19.92,8,4,0,4,0.00018718091144580794,2.49
21681,GIANT MEDINA STAMPED METAL BOWL,19.9,2,2,2,2,0.00018699297880379404,9.95
35817P,"ACRYLIC JEWEL SNOWFLAKE,PINK",19.86,18,2,2,2,0.00018661711351976632,1.1033333333333333
37491A,YELLOW/PINK CERAMIC CANDLE HOLDER,19.81,6,4,0,4,0.00018614728191473166,3.3016666666666663
90156,RESIN BRACELET W PASTEL BEADS,19.8,4,3,2,3,0.00018605331559372475,4.95
85024C,PINK SMALL JEWELLED PHOTOFRAME,19.799999999999997,12,9,8,9,0.00018605331559372473,1.6499999999999997
37487B,YELLOW/ORANGE FLOWER DESIGN PLATE,19.72,68,2,2,2,0.00018530158502566926,0.29
85028L,FRENCH CHATEAU LARGE FRUIT BOWL,19.5,10,4,4,4,0.00018323432596351679,1.95
79062D,"RETRO TIN ASHTRAY,REVOLUTIONARY",19.4,52,4,4,4,0.00018229466275344747,0.37307692307692303
85047,WHITE BEADED GARLAND STRING 20LIGHT,19.049999999999997,3,2,2,2,0.00017900584151820485,6.349999999999999
21538,DAIRY MAID  PUDDING BOWL,18.75,5,2,2,2,0.0001761868518879969,3.75
21416,CLAM SHELL LARGE,18.75,5,4,4,4,0.0001761868518879969,3.75
84856S,SMALL TAHITI BEACH BAG,18.6,4,1,0,1,0.00017477735707289294,4.65
90041,PEARL AND CHERRY QUARTZ BRACLET,18.27,5,4,1,4,0.0001716764684796642,3.654
35607B,BLACK FEATHER CHRISTMAS DECORATION,18.240000000000002,96,7,7,7,0.00017139456951664343,0.19000000000000003
72821,CUPID SCENTED CANDLE IN GLASS,18.15,11,4,4,4,0.000170548872627581,1.65
90060D,FIRE POLISHED GLASS NECKL BRONZE,17.85,3,3,3,3,0.0001677298829973731,5.95
21661,VINTAGE GLASS TEA CADDY,17.85,3,3,3,3,0.0001677298829973731,5.95
84856L,LARGE TAHITI BEACH BAG,17.82,2,2,0,2,0.00016744798403435225,8.91
20935,ROUND CACTUS CANDLE,17.700000000000003,6,4,4,4,0.00016632038818226912,2.9500000000000006
90162A,ANT SILVER TURQUOISE BOUDICCA RING,17.700000000000003,6,1,1,1,0.00016632038818226912,2.9500000000000006
90027A,GLASS BEAD HOOP EARRINGS BLACK,17.66,6,3,1,3,0.00016594452289824137,2.9433333333333334
90179B,PURPLE FINE BEAD NECKLACE W TASSEL,17.59,3,3,0,3,0.00016528675865119284,5.863333333333333
84596b,SMALL DOLLY MIX DESIGN ORANGE BOWL,17.57,7,5,0,5,0.00016509882600917897,2.5100000000000002
90011A,MIDNIGHT BLUE CRYSTAL DROP EARRINGS,17.509999999999998,6,6,1,6,0.00016453502808313737,2.918333333333333
79331,PINK FLOCK GLASS CANDLEHOLDER,17.5,26,3,3,3,0.00016444106176213046,0.6730769230769231
90130A,WHITE STONE/CRYSTAL EARRINGS,17.5,6,6,1,6,0.00016444106176213046,2.9166666666666665
35597D,PINK/WHITE CHRISTMAS TREE 30CM,17.48,46,2,2,2,0.0001642531291201166,0.38
23627,SET 10 CARDS XMAS GRAPHIC  17218,17.43,7,2,0,2,0.0001637832975150819,2.4899999999999998
37489D,PINK/GREEN FLOWER DESIGN BIG MUG,17.16,40,16,16,17,0.00016124620684789478,0.429
44092C,PURPLE/COPPER HANGING LAMPSHADE,17.0,20,8,5,8,0.00015974274571178387,0.85
35645,VINTAGE BEAD PINK JEWEL BOX,17.0,4,3,2,3,0.00015974274571178387,4.25
47574B,ENGLISH ROSE SCENTED HANGING HEART,17.0,4,2,2,2,0.00015974274571178387,4.25
90026A,GLASS BEAD HOOP NECKLACE BLACK,17.0,2,1,1,1,0.00015974274571178387,8.5
85084,HOLLY TOP CHRISTMAS STOCKING,17.0,20,7,6,7,0.00015974274571178387,0.85
21120,*Boombox Ipod Classic,16.98,1,1,0,1,0.00015955481306977,16.98
21595,Dad's Cab Electronic Meter,16.94,2,2,0,2,0.00015917894778574228,8.47
20954,*USB Office Mirror Ball,16.94,2,2,0,2,0.00015917894778574228,8.47
85035a,GARDENIA 3 WICK MORRIS BOXED CANDLE,16.94,2,2,0,2,0.00015917894778574228,8.47
90024D,NEW BAROQUE B'FLY NECKLACE PINK,16.82,2,2,1,2,0.0001580513519336591,8.41
90024E,NEW BAROQUE B'FLY NECKLACE MONTANA,16.810000000000002,2,2,0,2,0.00015795738561265218,8.405000000000001
21144,PINK POODLE HANGING DECORATION,16.8,5,2,0,2,0.00015786341929164524,3.3600000000000003
37489B,BLUE/YELLOW FLOWER DESIGN BIG MUG,16.77,31,12,12,12,0.00015758152032862443,0.5409677419354838
23644,SET 10 CARDS CHRISTMAS TREE 16955,16.65,5,5,0,5,0.00015645392447654125,3.3299999999999996
84031a,CHARLIE+LOLA RED HOT WATER BOTTLE,16.63,1,1,0,1,0.0001562659918345274,16.63
DCGS0004,HAYNES CAMPER SHOULDER BAG,16.63,1,1,0,1,0.0001562659918345274,16.63
84031b,CHARLIE LOLA BLUE HOT WATER BOTTLE,16.63,1,1,0,1,0.0001562659918345274,16.63
85036a,GARDENIA 1 WICK MORRIS BOXED CANDLE,16.58,2,1,0,1,0.00015579616022949272,8.29
90137,PINK COMBO MINI CRYSTALS NECKLACE,16.310000000000002,3,3,0,3,0.0001532590695623056,5.436666666666667
16248B,BLUE HOLE PUNCH,16.25,13,7,7,7,0.000152695271636264,1.25
35647,VINTAGE BEAD PINK SHADE,16.25,13,2,2,2,0.000152695271636264,1.25
85160a,WHITE BIRD GARDEN DESIGN MUG,16.13,1,1,0,1,0.0001515676757841808,16.13
90214V,"LETTER ""V"" BLING KEY RING",15.979999999999999,26,14,2,14,0.0001501581809690768,0.6146153846153846
72815,3 WICK CHRISTMAS BRIAR CANDLE,15.97,3,2,1,2,0.0001500642146480699,5.323333333333333
84795C,OCEAN STRIPE HAMMOCK,15.9,2,1,1,1,0.0001494064504010214,7.95
85136B,BLUE SHARK HELICOPTER,15.9,2,2,2,2,0.0001494064504010214,7.95
DCGS0069,OOH LA LA DOGS COLLAR,15.79,1,1,0,1,0.00014837282086994515,15.79
78034B,BLUE NETTING STORAGE HANGER,15.6,8,6,6,7,0.00014658746077081343,1.95
20816,GOLD FLOWER CUSHION COVER,15.6,8,2,1,2,0.00014658746077081343,1.95
90214F,"LETTER ""F"" BLING KEY RING",15.429999999999998,27,15,2,15,0.00014499003331369559,0.5714814814814814
90132,LIGHT TOPAZ TEAL/AQUA COL NECKLACE,15.16,3,3,0,3,0.00014245294264650843,5.053333333333334
90140,PINK SWEETIE NECKLACE,15.120000000000001,2,2,0,2,0.00014207707736248074,7.5600000000000005
72024U,LILAC VOTIVE CANDLE,15.120000000000001,72,3,3,3,0.00014207707736248074,0.21000000000000002
84660b,BLACK STITCHED WALL CLOCK,15.08,2,2,0,2,0.000141701212078453,7.54
35610A,PINK CHRISTMAS FLOCK DROPLET,15.02,10,3,1,3,0.0001411374141524114,1.502
23449,SET OF 6 EASTER RAINBOW CHICKS,15.0,12,1,1,1,0.00014094948151039755,1.25
84415A,PINK FLOCK SUEDE CUSHION COVER,15.0,12,2,2,2,0.00014094948151039755,1.25
90078,PINK/WHITE GLASS DEMI CHOKER,15.0,2,1,1,1,0.00014094948151039755,7.5
84462,3 PINK HEN+CHICKS IN BASKET,15.0,12,6,6,6,0.00014094948151039755,1.25
84705C,PINK FLOCK PHOTO FRAME,15.0,12,1,1,1,0.00014094948151039755,1.25
17191A,ROSE FLOWER CANDLE+INCENSE 16X16CM,15.0,4,2,1,2,0.00014094948151039755,3.75
90069,RUBY GLASS CLUSTER NECKLACE,15.0,2,1,1,1,0.00014094948151039755,7.5
90189A,SILVER 2 STRAND NECKLACE-LEAF CHARM,15.0,2,2,2,2,0.00014094948151039755,7.5
90025F,BAROQUE BUTTERFLY EARRINGS CRYSTAL,14.96,4,4,1,4,0.0001405736162263698,3.74
23621,SET 10 CARDS DAVID'S MADONNA 17074,14.940000000000001,6,4,0,4,0.00014038568358435596,2.49
84509g,SET OF 4 FAIRY CAKE PLACEMATS,14.92,2,2,0,2,0.00014019775094234205,7.46
90046,WHITE WITH METAL BAG CHARM,14.850000000000001,3,1,1,1,0.00013953998669529358,4.95
85031C,CURIOUS IMAGES SCRAP BOOK SET,14.850000000000001,3,1,1,1,0.00013953998669529358,4.95
90048,GREEN WITH METAL BAG CHARM,14.850000000000001,3,1,1,1,0.00013953998669529358,4.95
84989A,75 GREEN FAIRY CAKE CASES,14.850000000000001,27,17,16,17,0.00013953998669529358,0.55
84593,CROCHET ROSE DES CLOTHES HANGER,14.750000000000002,5,1,1,2,0.00013860032348522427,2.95
23634,SET 10 CARDS XMAS CHOIR 17068,14.55,5,5,0,5,0.0001367209970650856,2.91
90027C,GLASS BEAD HOOP EARRINGS GREEN,14.5,5,5,0,5,0.00013625116546005095,2.9
16202B,PASTEL BLUE PHOTO ALBUM,14.5,29,2,2,2,0.00013625116546005095,0.5
90182B,AMETHYST 3 BEAD DROP EARRINGS,14.5,5,5,0,5,0.00013625116546005095,2.9
37489A,YELLOW/PINK FLOWER DESIGN BIG MUG,14.43,33,14,14,15,0.00013559340121300242,0.43727272727272726
47593A,CAROUSEL PONIES BABY BIB,14.37,33,12,10,13,0.00013502960328696083,0.4354545454545454
90052,CRACKED GLAZE NECKLACE BROWN,14.14,2,2,0,2,0.00013286837790380142,7.07
62043B,BLUE CHECK BAG W HANDLE 34X20CM,14.11,17,5,5,5,0.0001325864789407806,0.83
90089,PINK CRYSTAL SKULL PHONE CHARM,13.94,20,9,2,9,0.00013098905148366277,0.697
79336,LIGHT PINK FLOCK GLASS CANDLEHOLDER,13.680000000000003,36,3,2,3,0.00012854592713748257,0.3800000000000001
37489C,GREEN/BLUE FLOWER DESIGN BIG MUG,13.65,23,8,8,8,0.00012826402817446174,0.5934782608695652
85017A,ENVELOPE 50 ROMANTIC IMAGES,13.58,16,8,2,9,0.00012760626392741323,0.84875
90065B,BLACK VINT ART DEC CRYSTAL BRACELET,13.5,2,2,1,2,0.0001268545333593578,6.75
90214T,"LETTER ""T"" BLING KEY RING",13.459999999999999,24,11,1,11,0.00012647866807533005,0.5608333333333333
84745B,BLUE HANGING GINGHAM EASTER HEN,13.44,32,5,5,5,0.00012629073543331617,0.42
84745A,PINK HANGING GINGHAM EASTER HEN,13.44,32,5,5,5,0.00012629073543331617,0.42
23639,SET 10 CARDS MAGICAL TREE 17086,13.32,4,4,0,4,0.000125163139581233,3.33
23607,SET 10 CARDS HATS & STOCKINGS 17081,13.28,8,7,0,7,0.0001247872742972053,1.66
37491C,GREEN/BLUE CERAMIC CANDLE HOLDER,13.2,8,1,1,1,0.00012403554372914983,1.65
84388,WISE MAN STAR SHAPE EGG PAN,13.14,24,6,6,6,0.00012347174580310823,0.5475
37462E,"PET MUG, GOLDFISH",13.1,36,12,4,12,0.0001230958805190805,0.3638888888888889
16162L,THE KING GIFT BAG,13.0,20,8,5,8,0.0001221562173090112,0.65
47013C,WINE BOTTLE DRESSING DARK BLUE,12.969999999999999,52,12,7,12,0.00012187431834599039,0.24942307692307691
18097A,PINK TALL PORCELAIN T-LIGHT HOLDER,12.75,5,4,4,4,0.0001198070592838379,2.55
DCGS0070,CAMOUFLAGE DOG COLLAR,12.72,1,1,0,1,0.00011952516032081712,12.72
21895,POTTING SHED SOW 'N' GROW SET,12.72,2,2,1,2,0.00011952516032081712,6.36
90042C,FRESHWATER PEARL BRACELET IVORY,12.7,5,5,0,5,0.00011933722767880323,2.54
90055,CRACKED GLAZE EARRINGS BROWN,12.53,5,5,1,5,0.00011773980022168539,2.506
90037C,TINY CRYSTAL BRACELET BLUE,12.52,5,5,0,5,0.00011764583390067848,2.504
20671,BLUE TEATIME PRINT BOWL,12.5,10,2,2,2,0.00011745790125866462,1.25
23635,SET 10 CARDS CHRISTMAS HOLLY  17259,12.48,3,3,0,3,0.00011726996861665076,4.16
90020,FILIGREE DIAMANTE CHAIN,12.48,1,1,0,1,0.00011726996861665076,12.48
23654,SET 10 CARD SNOWMAN 16965,12.450000000000001,5,4,0,4,0.00011698806965362996,2.49
82613c,"METAL SIGN,CUPCAKE SINGLE HOOK",12.399999999999999,5,4,0,4,0.00011651823804859529,2.4799999999999995
79329,PINK FLOCK GLASS CANDLEHOLDER,12.18,12,2,2,2,0.00011445097898644279,1.015
84016,FLAG OF ST GEORGE CAR FLAG,12.16,27,2,1,2,0.00011426304634442893,0.45037037037037037
90021,LASER CUT MULTI STRAND NECKLACE,11.95,1,1,1,1,0.00011228975360328336,11.95
90178B,PURPLE CHUNKY GLASS+BEAD NECKLACE,11.95,1,1,1,1,0.00011228975360328336,11.95
84614A,PINK BAROQUE FLOCK CANDLE HOLDER,11.9,2,1,1,1,0.0001118199219982487,5.95
84620,BLUE GINGHAM ROSE CUSHION COVER,11.9,2,1,1,1,0.0001118199219982487,5.95
44092B,BLUE WHITE PLASTIC RINGS LAMPSHADE,11.899999999999999,14,5,4,5,0.0001118199219982487,0.8499999999999999
90214Z,"LETTER ""Z"" BLING KEY RING",11.84,22,10,1,10,0.00011125612407220712,0.5381818181818182
37444B,BLUE BREAKFAST CUP AND SAUCER,11.8,4,3,2,3,0.0001108802587881794,2.95
35818B,"ACRYLIC JEWEL ICICLE, BLUE",11.780000000000001,31,3,3,3,0.00011069232614616554,0.38000000000000006
16162M,THE KING GIFT BAG 25x24x12cm,11.76,28,8,6,8,0.00011050439350415167,0.42
16043,POP ART PUSH DOWN RUBBER,11.759999999999998,98,2,2,2,0.00011050439350415165,0.11999999999999998
23608,SET 10 CARDS RUDOLPHS NOSE 17097,11.64,4,3,0,3,0.00010937679765206848,2.91
23605,SET 10 CARDS 12 DAYS OF XMAS 17059,11.64,4,1,0,1,0.00010937679765206848,2.91
85184c,SET 4 VALENTINE DECOUPAGE HEART BOX,11.58,2,2,0,2,0.0001088129997260269,5.79
71050,SMALL SINGLE FLAME CANDLE HOLDER,11.549999999999999,33,6,5,6,0.00010853110076300609,0.35
72798C,SET/4 GARDEN ROSE DINNER CANDLE,11.549999999999999,7,3,3,3,0.00010853110076300609,1.65
90152B,BLUE/GREEN SHELL NECKLACE W PENDANT,11.46,2,2,1,2,0.00010768540387394372,5.73
17164B,ASS COL SMALL SAND GECKO P'WEIGHT,11.34,27,9,9,9,0.00010655780802186054,0.42
90025D,BAROQUE BUTTERFLY EARRINGS PINK,11.19,3,3,0,3,0.00010514831320675655,3.73
84536a,ENGLISH ROSE NOTEBOOK A7 SIZE,11.060000000000002,14,4,0,4,0.00010392675103366647,0.7900000000000001
37488A,YELLOW PINK FLOWER DESIGN BIG BOWL,10.92,28,3,3,3,0.0001026112225395694,0.39
79026B,"S/4 ICON COASTER,ELVIS LIVES",10.61,25,9,7,9,9.969826658835452e-05,0.4244
16161M,WRAP  PINK FLOCK,10.5,25,1,1,1,9.866463705727828e-05,0.42
16169N,WRAP BLUE RUSSIAN FOLKART,10.5,25,1,1,1,9.866463705727828e-05,0.42
35966,FOLKART CHRISTMAS TREE T-LIGHT HOLD,10.260000000000002,27,2,2,2,9.640944535311192e-05,0.38000000000000006
35958,FOLKART ZINC STAR CHRISTMAS DEC,10.2,12,3,3,3,9.584564742707032e-05,0.85
40005B,BLUE ORGANDY ROUND LAMPSHADE W BEA,10.2,12,4,4,4,9.584564742707032e-05,0.85
85109,PINK BOUDOIR T-LIGHT HOLDER,10.2,12,1,1,1,9.584564742707032e-05,0.85
44089C,LILAC GAUZE BUTTERFLY LAMPSHADE,10.08,24,6,6,6,9.471805157498714e-05,0.42
90053,CRACKED GLAZE EARRINGS IVORY,9.99,4,4,0,4,9.387235468592475e-05,2.4975
23624,SET 10 CARD PERFECT NATIVITY 17089,9.96,4,4,0,4,9.359045572290397e-05,2.49
23619,SET 10 CARDS POINSETTIA 17093,9.96,4,2,0,2,9.359045572290397e-05,2.49
23615,SET 10 CARDS PRINTED GRAPHIC 17219,9.96,4,4,0,4,9.359045572290397e-05,2.49
23650,SET 10 CARDS FILIGREE BAUBLE 16961,9.96,4,4,0,4,9.359045572290397e-05,2.49
37474,SET/4 2 TONE EGG SHAPE MIXING BOWLS,9.95,1,1,0,1,9.349648940189702e-05,9.95
84689,S/2 BEACH HUT TREASURE CHESTS,9.95,3,2,2,2,9.349648940189702e-05,3.3166666666666664
DCGS0003,BOXED GLASS ASHTRAY,9.94,4,4,0,4,9.34025230808901e-05,2.485
82613b,"METAL SIGN,CUPCAKE SINGLE HOOK",9.94,4,4,0,4,9.34025230808901e-05,2.485
37491D,PURPLE/BLUE CERAMIC CANDLE HOLDER,9.879999999999999,4,2,1,2,9.283872515484849e-05,2.4699999999999998
85231g,ORANGE SCENTED SET/9 T-LIGHTS,9.78,6,6,0,6,9.189906194477919e-05,1.63
44242A,LILAC FEATHERS CURTAIN,9.48,12,1,1,1,8.908007231457124e-05,0.79
23441,HAND PAINTED HANGING EASTER EGG,9.24,22,3,3,3,8.682488061040488e-05,0.42
35809B,ENAMEL BLUE RIM TEA CONTAINER,9.18,8,3,3,3,8.626108268436328e-05,1.1475
90181C,BLACK GLASS/SHELL/PEARL NECKLACE,9.15,1,1,0,1,8.59791837213425e-05,9.15
90184c,BLACK CHUNKY BEAD BRACELET W STRAP,9.15,1,1,0,1,8.59791837213425e-05,9.15
37351,ORANGE FLOWER MUG,9.06,10,2,1,2,8.513348683228011e-05,0.906
84773,RED ROSE AND LACE C/COVER,8.850000000000001,3,1,1,1,8.316019409113456e-05,2.9500000000000006
20906,VINTAGE NOTEBOOK BEAUTY GIRL,8.850000000000001,3,2,2,2,8.316019409113456e-05,2.9500000000000006
45013,FOLDING SHOE TIDY,8.850000000000001,3,2,2,2,8.316019409113456e-05,2.9500000000000006
90077,BLACK DIAMOND CLUSTER EARRINGS,8.82,3,3,0,3,8.287829512811375e-05,2.94
90011E,AMBER CRYSTAL DROP EARRINGS,8.76,3,3,0,3,8.231449720207216e-05,2.92
90011D,PURPLE CRYSTAL DROP EARRINGS,8.76,3,3,0,3,8.231449720207216e-05,2.92
90027B,GLASS BEAD HOOP EARRINGS MONTANA,8.76,3,3,0,3,8.231449720207216e-05,2.92
16206B,RED PURSE WITH PINK HEART,8.75,7,2,2,2,8.222053088106523e-05,1.25
90130D,RED STONE/CRYSTAL EARRINGS,8.7,3,3,0,3,8.175069927603056e-05,2.9
81950V,FLOWER PURPLE CLOCK W/SUCKER,8.6,20,6,6,6,8.081103606596125e-05,0.43
84732B,CUTE BIRD CEATURE SCREEN,8.58,22,2,2,2,8.062310342394739e-05,0.39
44265,M/COLOUR POM-POM CURTAIN,8.5,2,1,1,1,7.987137285589194e-05,4.25
90167,BEADED LOVE HEART JEWELLERY SET,8.5,10,1,1,1,7.987137285589194e-05,0.85
90102,WHITE FRANGIPANI HAIR CLIP,8.5,10,1,1,1,7.987137285589194e-05,0.85
72803b,OCEAN SCENT CANDLE JEWELLED DRAWER,8.47,1,1,0,1,7.958947389287114e-05,8.47
21410,COUNTRY COTTAGE  DOORSTOP GREEN,8.47,1,1,0,1,7.958947389287114e-05,8.47
85036b,CHOCOLATE 1 WICK MORRIS BOX CANDLE,8.47,1,1,0,1,7.958947389287114e-05,8.47
85035b,CHOCOLATE 3 WICK MORRIS BOX CANDLE,8.47,1,1,0,1,7.958947389287114e-05,8.47
85035c,ROSE 3 WICK MORRIS BOX CANDLE,8.47,1,1,0,1,7.958947389287114e-05,8.47
84975,HEART SHAPED MIRROR,8.45,5,2,2,2,7.940154125085726e-05,1.69
20871,OPULENT VELVET SET/3 CANDLES,8.42,2,1,0,1,7.911964228783648e-05,4.21
21594,Dr. Jam's Arouzer Stress Ball,8.34,2,2,0,2,7.836791171978101e-05,4.17
23612,SET 10 MINICARDS CUTE SNOWMAN 17071,8.299999999999999,5,2,0,2,7.799204643575328e-05,1.6599999999999997
72802c,VANILLA SCENT CANDLE JEWELLED BOX,8.29,1,1,0,1,7.789808011474636e-05,8.29
85034b,3 WHITE CHOC MORRIS BOXED CANDLES,8.29,1,1,0,1,7.789808011474636e-05,8.29
84924F,PSYCHEDELIC METAL SIGN CALENDAR,7.9,10,3,3,3,7.423339359547603e-05,0.79
16244B,MAXWELL 2 TONE BLUE 60 PAGE PHOTO A,7.85,7,2,2,2,7.376356199044137e-05,1.1214285714285714
35607A,PINK FLUFFY CHRISTMAS DECORATION,7.82,26,2,1,2,7.348166302742059e-05,0.3007692307692308
90042A,FRESHWATER PEARL BRACELET GOLD,7.6499999999999995,3,2,1,2,7.188423557030274e-05,2.55
85189,HANGING BUTTERFLY  EGG,7.6499999999999995,9,3,2,4,7.188423557030274e-05,0.85
79149B,SILICON STAR BULB  BLUE,7.56,18,8,8,8,7.103853868124035e-05,0.42
85160A,WHITE BIRD GARDEN DESIGN MUG,7.5,6,1,0,1,7.047474075519877e-05,1.25
16202E,BLACK PHOTO ALBUM,7.5,15,3,3,3,7.047474075519877e-05,0.5
90068,"RUBY GLASS NECKLACE 42""",7.5,1,1,0,1,7.047474075519877e-05,7.5
21827,EIGHT PIECE CREEPY CRAWLIE SET,7.5,6,3,3,3,7.047474075519877e-05,1.25
37379A,PINK CHERRY BLOSSOM CUP & SAUCER,7.5,6,1,1,1,7.047474075519877e-05,1.25
90025A,BAROQUE BUTTERFLY EARRINGS BLACK,7.5,2,2,2,2,7.047474075519877e-05,3.75
23633,SET 10 CARDS WORLD CHILDREN 17067,7.470000000000001,3,3,0,3,7.019284179217798e-05,2.49
62097B,BLUE STRIPES SHOULDER BAG,7.469999999999999,9,3,2,3,7.019284179217796e-05,0.8299999999999998
90128A,PINK LEAVES AND BEADS PHONE CHARM,7.43,3,2,0,2,6.981697650815024e-05,2.4766666666666666
84596g,SMALL CHOCOLATES PINK BOWL,7.38,3,1,0,1,6.934714490311559e-05,2.46
71496B,A4 WALL TIDY RED FLOWERS,7.37,13,4,4,4,6.925317858210865e-05,0.566923076923077
10124G,ARMY CAMO BOOKCOVER TAPE,7.14,17,4,4,4,6.709195319894923e-05,0.42
90214W,"LETTER ""W"" BLING KEY RING",6.819999999999999,16,5,1,5,6.408503092672741e-05,0.42624999999999996
90214O,"LETTER ""O"" BLING KEY RING",6.819999999999999,16,5,1,5,6.408503092672741e-05,0.42624999999999996
35443,RASTA IN BATH W SPLIFF ASHTRAY,6.8,8,6,5,6,6.389709828471354e-05,0.85
84802B,PURPLE ANEMONE ARTIFICIAL FLOWER,6.76,4,1,1,1,6.352123300068582e-05,1.69
21186,WHITE DOVE HONEYCOMB PAPER GARLAND,6.72,2,1,0,1,6.314536771665809e-05,3.36
35833G,4 GOLD FLOCK CHRISTMAS BALLS,6.72,2,1,0,1,6.314536771665809e-05,3.36
10124A,SPOTS ON RED BOOKCOVER TAPE,6.72,16,5,5,5,6.314536771665809e-05,0.42
62074B,ELEPHANT CLIP W SUCTION CUP,6.72,16,4,4,4,6.314536771665809e-05,0.42
23604,SET 10 MINI SANTA & SNOWMAN  17087,6.64,4,2,0,2,6.239363714860265e-05,1.66
20678,LARGE BLACK DIAMANTE HAIRSLIDE,6.6,4,1,1,1,6.201777186457491e-05,1.65
37491B,BLUE/YELLOW CERAMIC CANDLE HOLDER,6.6,4,1,1,1,6.201777186457491e-05,1.65
90126C,AMBER BERTIE MOBILE PHONE CHARM,6.58,2,1,0,1,6.182983922256105e-05,3.29
85224,ASSORTED COLOUR SILK GLASSES CASE,6.300000000000001,3,1,1,1,5.919878223436697e-05,2.1
44089A,PINK GAUZE BUTTERFLY LAMPSHADE,6.3,15,4,4,4,5.919878223436696e-05,0.42
35591T,TURQUOISE CHRISTMAS TREE,6.25,5,4,4,4,5.872895062933231e-05,1.25
85225,BLING KEY RING STAND,6.25,6,3,3,3,5.872895062933231e-05,1.0416666666666667
21228,"POCKET MIRROR ""GLAMOROUS""",6.25,5,2,2,2,5.872895062933231e-05,1.25
23610,SET 10 CARDS CHRISTMAS ROBIN 17095,6.24,3,3,0,3,5.863498430832538e-05,2.08
90152C,BLUE/NAT SHELL NECKLACE W PENDANT,5.95,1,1,1,1,5.590996099912435e-05,5.95
90060B,FIRE POLISHED GLASS NECKL GOLD,5.95,1,1,1,1,5.590996099912435e-05,5.95
84499,BLACK FLOWER CANDLE PLATE,5.949999999999999,7,2,2,2,5.590996099912435e-05,0.8499999999999999
79161A,ST GEORGE SET OF 10 PARTY LIGHTS,5.9,2,2,2,2,5.54401293940897e-05,2.95
35598C,WHITE CHRISTMAS TREE 60CM,5.9,2,2,2,2,5.54401293940897e-05,2.95
23617,SET 10 CARDS SWIRLY XMAS TREE 17104,5.82,2,1,0,1,5.468839882603424e-05,2.91
23638,SET 10 CARDS ROBIN WATERPUMP  17096,5.82,2,2,0,2,5.468839882603424e-05,2.91
23652,SET 10 CARD CHRISTMAS STAMPS 16963,5.82,2,1,0,1,5.468839882603424e-05,2.91
90067B,BROWN VINTAGE VICTORIAN EARRINGS,5.8,2,2,0,2,5.450046618402038e-05,2.9
90011C,GREEN CRYSTAL DROP EARRINGS,5.8,2,2,0,2,5.450046618402038e-05,2.9
23630,SET 10 CARDS HANGING BAUBLES 17080,5.48,2,2,1,2,5.149354391179857e-05,2.74
21839,MUMMY MOUSE RED GINGHAM RIBBON,5.45,1,1,1,1,5.121164494877777e-05,5.45
35004P,SET OF 3 PINK FLYING DUCKS,5.45,1,1,1,1,5.121164494877777e-05,5.45
81953P,ROUND ARTICULATED PINK CLOCK W/SUCK,5.32,28,3,2,3,4.999008277568766e-05,0.19
20964,POLYESTER FILLER PAD 60x40cm,5.1,2,1,1,1,4.792282371353516e-05,2.55
37509,NEW ENGLAND MUG W GIFT BOX,5.1,2,2,2,2,4.792282371353516e-05,2.55
90142A,GREEN PENDANT SHELL NECKLACE,5.09,1,1,0,1,4.782885739252823e-05,5.09
84803A,PINK ALLIUM  ARTIFICIAL FLOWER,5.07,3,1,0,1,4.764092475051437e-05,1.6900000000000002
22034,ROBIN CHRISTMAS CARD,5.02,10,4,1,4,4.7171093145479705e-05,0.502
90135A,ORANGE/FUSCHIA STONES NECKLACE,4.98,1,1,0,1,4.6795227861451985e-05,4.98
23649,SET 10 CARDS DECK THE HALLS 16960,4.98,2,2,0,2,4.6795227861451985e-05,2.49
47593b,SCOTTIE DOGS BABY BIB,4.9799999999999995,6,1,0,1,4.679522786145198e-05,0.83
90128C,GREEN LEAVES AND BEADS PHONE CHARM,4.97,2,2,0,2,4.670126154044505e-05,2.485
90128D,PURPLE LEAVES AND BEADS PHONE CHAR,4.97,2,2,0,2,4.670126154044505e-05,2.485
84661a,WHITE SQUARE TABLE CLOCK,4.96,1,1,0,1,4.660729521943811e-05,4.96
84661b,BLACK SQUARE TABLE CLOCK,4.96,1,1,0,1,4.660729521943811e-05,4.96
35650,VINTAGE BEAD PINK JEWEL STAND,4.95,1,1,1,1,4.651332889843119e-05,4.95
85031B,BLOSSOM IMAGES SCRAP BOOK SET,4.95,1,1,1,1,4.651332889843119e-05,4.95
90081B,LILY BROOCH WHITE/SILVER COLOUR,4.95,1,1,0,1,4.651332889843119e-05,4.95
90127A,PINK BEADS+HAND PHONE CHARM,4.92,2,1,0,1,4.623142993541039e-05,2.46
85049b,LUSH GREENS RIBBONS,4.92,2,2,0,2,4.623142993541039e-05,2.46
85231b,CINAMMON SET OF 9 T-LIGHTS,4.92,3,3,0,3,4.623142993541039e-05,1.64
85049d,BRIGHT BLUES RIBBONS,4.92,2,2,0,2,4.623142993541039e-05,2.46
84971l,LARGE HEART FLOWERS HOOK,4.92,2,1,0,1,4.623142993541039e-05,2.46
84613C,BLUE NEW BAROQUE FLOCK CANDLESTICK,4.65,1,1,1,1,4.3694339268223235e-05,4.65
71215,METAL BASE FOR CANDLES,4.62,11,2,2,2,4.341244030520244e-05,0.42
79151B,"SILICON CUBE 25W, BLUE",4.62,11,2,2,2,4.341244030520244e-05,0.42
84206A,3 BLACK CATS W HEARTS BLANK CARD,4.5600000000000005,24,3,3,3,4.284864237916086e-05,0.19000000000000003
84732D,CUTE RABBIT CEATURE SCREEN,4.29,11,2,2,2,4.0311551711973694e-05,0.39
79157V,UBO-LIGHT TRIOBASE PURPLE,4.25,5,3,3,3,3.993568642794597e-05,0.85
22218,CAKE STAND LACE WHITE,4.25,1,1,1,1,3.993568642794597e-05,4.25
20703,BLUE PADDED SOFT MOBILE,4.25,1,1,1,1,3.993568642794597e-05,4.25
20861,GOLD COSMETIC BAG PINK STAR,4.2,2,2,2,2,3.946585482291131e-05,2.1
47016,LIGHT DECORATION BATTERY OPERATED,4.2,2,1,1,1,3.946585482291131e-05,2.1
22206,"MUG , DOTCOMGIFTSHOP.COM",4.17,5,5,0,5,3.918395585989051e-05,0.834
46776e,WOVEN CANDY CUSHION COVER,4.13,1,1,0,1,3.880809057586279e-05,4.13
46776b,WOVEN BERRIES CUSHION COVER,4.13,1,1,0,1,3.880809057586279e-05,4.13
47591b,SCOTTIES CHILDRENS APRON,4.13,1,1,0,1,3.880809057586279e-05,4.13
84536b,FAIRY CAKES NOTEBOOK A7 SIZE,4.050000000000001,5,1,0,1,3.805636000780734e-05,0.8100000000000002
17174,ASSTD RASTA KEY-CHAINS,3.7800000000000002,9,3,3,3,3.5519269340620184e-05,0.42000000000000004
44091A,BLUE CRUSOE CHECK LAMPSHADE,3.78,9,3,3,3,3.551926934062018e-05,0.42
90128B,BLUE LEAVES AND BEADS PHONE CHARM,3.76,2,2,1,2,3.533133669860632e-05,1.88
79192A,RETRO PLASTIC 70'S TRAY,3.75,3,2,2,2,3.523737037759939e-05,1.25
37464,ROBOT MUG IN DISPLAY BOX,3.75,3,2,2,2,3.523737037759939e-05,1.25
90025E,BAROQUE BUTTERFLY EARRINGS MONTANA,3.73,1,1,0,1,3.5049437735585514e-05,3.73
90025B,BAROQUE BUTTERFLY EARRINGS RED,3.73,1,1,0,1,3.5049437735585514e-05,3.73
35271S,GOLD PRINT PAPER BAG,3.6100000000000003,19,2,2,2,3.392184188350234e-05,0.19000000000000003
16010,FOLDING CAMPING SCISSOR W/KNIF & S,3.5999999999999996,30,3,3,3,3.3827875562495404e-05,0.11999999999999998
84270,ASSTD DESIGN BUBBLE GUM RING,3.5700000000000003,17,4,0,4,3.3545976599474614e-05,0.21000000000000002
16202A,PASTEL PINK PHOTO ALBUM,3.5,7,2,2,2,3.288821235242609e-05,0.5
90214U,"LETTER ""U"" BLING KEY RING",3.4799999999999995,12,1,1,1,3.2700279710412223e-05,0.29
79157B,UBO-LIGHT TRIOBASE BLUE,3.4,4,2,2,2,3.194854914235677e-05,0.85
84802A,WHITE ANEMONE ARTIFICIAL FLOWER,3.38,2,1,1,1,3.176061650034291e-05,1.69
21160,KEEP OUT GIRLS DOOR HANGER,3.36,1,1,0,1,3.157268385832904e-05,3.36
85119,WATERING CAN SINGLE HOOK PISTACHIO,3.36,1,1,0,1,3.157268385832904e-05,3.36
90126A,PINK BERTIE MOBILE PHONE CHARM,3.36,1,1,0,1,3.157268385832904e-05,3.36
22528,GARDENERS KNEELING PAD,3.36,1,1,0,1,3.157268385832904e-05,3.36
23643,SET 10 CARDS CHRISTMAS BAUBLE 16954,3.33,1,1,0,1,3.129078489530825e-05,3.33
90187A,BLUE DROP EARRINGS W BEAD CLUSTER,3.32,1,1,0,1,3.119681857430132e-05,3.32
84534b,FAIRY CAKE NOTEBOOK A5 SIZE,3.32,2,2,0,2,3.119681857430132e-05,1.66
10123C,HEARTS WRAPPING TAPE,3.25,5,3,3,3,3.05390543272528e-05,0.65
47013A,WINE BOTTLE DRESSING LT.BLUE,3.0399999999999996,14,4,4,4,2.8565761586107233e-05,0.2171428571428571
23602,SET 10 CARDS 3 WISE MEN 17107,2.91,1,1,0,1,2.734419941301712e-05,2.91
23609,SET 10 CARDS SNOWY ROBIN 17099,2.91,1,1,0,1,2.734419941301712e-05,2.91
23628,SET 10 CARDS TRIANGLE ICONS  17220,2.91,1,1,0,1,2.734419941301712e-05,2.91
90183c,BLACK DROP EARRINGS W LONG BEADS,2.9,1,1,0,1,2.725023309201019e-05,2.9
m,Manual,2.55,1,1,0,1,2.396141185676758e-05,2.55
90100,NECKLACE+BRACELET SET PINK DAISY,2.55,1,1,1,1,2.396141185676758e-05,2.55
17028J,INCENSE BAZAAR PEACH,2.52,6,1,1,1,2.3679512893746786e-05,0.42
35609A,PINK FEATHER CHRISTMAS DECORATION,2.51,1,1,0,1,2.3585546572739852e-05,2.51
62096B,PURPLE/TURQ FLOWERS HANDBAG,2.5,2,1,1,1,2.3491580251732923e-05,1.25
90037A,TINY CRYSTAL BRACELET RED,2.48,1,1,0,1,2.3303647609719056e-05,2.48
84201B,HAPPY BIRTHDAY CARD STRIPEY TEDDY,2.47,13,2,2,2,2.320968128871213e-05,0.19
85049c,ROMANTIC PINKS RIBBONS,2.46,1,1,0,1,2.3115714967705196e-05,2.46
84596l,BISCUITS SMALL BOWL LIGHT BLUE,2.46,1,1,0,1,2.3115714967705196e-05,2.46
84510e,SET OF 4 GREEN CAROUSEL COASTERS,2.46,1,1,0,1,2.3115714967705196e-05,2.46
85179a,GREEN BITTY LIGHT CHAIN,2.46,1,1,0,1,2.3115714967705196e-05,2.46
82613a,"METAL SIGN,CUPCAKE SINGLE HOOK",2.46,1,1,0,1,2.3115714967705196e-05,2.46
37330,BIG POLKADOT MUG,2.34,6,1,1,1,2.1988119115622012e-05,0.38999999999999996
46115B,GREEN POP ART MAO CUSHION COVER,2.2800000000000002,12,2,1,2,2.142432118958043e-05,0.19000000000000003
77079,DOLPHIN WINDMILL,2.12,1,1,1,1,1.992086005346952e-05,2.12
47579,TEA TIME BREAKFAST BASKET,2.1,1,1,1,1,1.9732927411455655e-05,2.1
20860,GOLD COSMETICS BAG WITH BUTTERFLY,2.1,1,1,0,1,1.9732927411455655e-05,2.1
21414,SCALLOP SHELL SOAP DISH,2.1,1,1,1,1,1.9732927411455655e-05,2.1
90112,PINK DOLLY HAIR CLIPS,2.1,2,1,0,1,1.9732927411455655e-05,1.05
85170A,SET/6 IVORY BIRD T-LIGHT CANDLES,2.1,1,1,1,1,1.9732927411455655e-05,2.1
81953B,ROUND BLUE CLOCK WITH SUCKER,2.09,11,3,2,5,1.9638961090448722e-05,0.18999999999999997
84731,3 BIRDS CANVAS SCREEN,2.04,2,2,2,2,1.9169129485414065e-05,1.02
21491,SET OF THREE VINTAGE GIFT WRAPS,1.95,1,1,0,1,1.832343259635168e-05,1.95
22146,EASTER CRAFT IVY WREATH WITH CHICK,1.95,1,1,1,1,1.832343259635168e-05,1.95
22323,PINK POLKADOT KIDS BAG,1.95,1,1,1,1,1.832343259635168e-05,1.95
90092,BLUE CRYSTAL BOOT PHONE CHARM,1.66,1,1,0,1,1.559840928715066e-05,1.66
84550,CROCHET LILAC/RED BEAR KEYRING,1.65,1,1,1,1,1.550444296614373e-05,1.65
23664,FLOWER SHOP DESIGN MUG,1.65,1,1,1,1,1.550444296614373e-05,1.65
84206C,CHAMPAGNE TRAY BLANK CARD,1.52,8,2,2,2,1.4282880793053617e-05,0.19
84743C,ORANGE FELT VASE + FLOWERS,1.25,1,1,1,1,1.1745790125866461e-05,1.25
37461,FUNKY MONKEY MUG,1.25,1,1,1,1,1.1745790125866461e-05,1.25
21009,ETCHED GLASS STAR TREE DECORATION,1.25,1,1,0,1,1.1745790125866461e-05,1.25
35597A,DUSTY PINK CHRISTMAS TREE 30CM,1.25,1,1,1,1,1.1745790125866461e-05,1.25
35597B,BLACKCHRISTMAS TREE 30CM,1.25,1,1,1,1,1.1745790125866461e-05,1.25
84569C,PACK 4 FLOWER/BUTTERFLY PATCHES,1.25,1,1,1,1,1.1745790125866461e-05,1.25
84977,WIRE FLOWER T-LIGHT HOLDER,1.25,1,1,0,1,1.1745790125866461e-05,1.25
84990,60 GOLD AND SILVER FAIRY CAKE CASES,1.1,2,2,2,2,1.0336295310762486e-05,0.55
84206B,CAT WITH SUNGLASSES BLANK CARD,0.95,5,1,1,1,8.92680049565851e-06,0.19
84201C,HAPPY BIRTHDAY CARD TEDDY/CAKE,0.95,5,1,1,1,8.92680049565851e-06,0.19
90084,PINK CRYSTAL GUITAR PHONE CHARM,0.85,1,1,1,1,7.987137285589193e-06,0.85
21268,VINTAGE BLUE TINSEL REEL,0.84,2,1,1,1,7.89317096458226e-06,0.42
51014c,"FEATHER PEN,COAL BLACK",0.83,1,1,0,1,7.79920464357533e-06,0.83
84227,HEN HOUSE W CHICK IN NEST,0.42,1,1,1,1,3.94658548229113e-06,0.42
PADS,PADS TO MATCH ALL CUSHIONS,0.003,3,3,3,3,2.8189896302079504e-08,0.001
