customer_id,last_purchase_date,frequency,monetary,units_sold,products_purchased,country,recency,r_score,f_score,m_score,rfm_score,rfm_code,segment
14646,2011-12-08 12:12:00,73,280206.02,196915,700,Netherlands,2,5,5,5,15,555,Champions
18102,2011-12-09 11:50:00,60,259657.3,64124,150,United Kingdom,1,5,5,5,15,555,Champions
17450,2011-12-01 13:29:00,46,194390.79,69973,124,United Kingdom,9,5,5,5,15,555,Champions
14911,2011-12-08 15:54:00,201,143711.17,80240,1787,EIRE,2,5,5,5,15,555,Champions
14156,2011-11-30 10:54:00,55,117210.08,57768,714,EIRE,10,5,5,5,15,555,Champions
17511,2011-12-07 10:12:00,31,91062.38,64549,453,United Kingdom,3,5,5,5,15,555,Champions
16684,2011-12-05 14:06:00,28,66653.56,50255,119,United Kingdom,5,5,5,5,15,555,Champions
14096,2011-12-05 17:17:00,17,65164.79,16352,1119,United Kingdom,5,5,5,5,15,555,Champions
13694,2011-12-06 09:32:00,50,65039.62,63312,366,United Kingdom,4,5,5,5,15,555,Champions
15311,2011-12-09 12:00:00,91,60632.75,38147,567,United Kingdom,1,5,5,5,15,555,Champions
13089,2011-12-07 09:02:00,97,58762.08,31025,636,United Kingdom,3,5,5,5,15,555,Champions
17949,2011-12-08 18:46:00,45,58510.48,30546,29,United Kingdom,2,5,5,5,15,555,Champions
15769,2011-12-02 13:52:00,26,56252.72,29672,26,United Kingdom,8,5,5,5,15,555,Champions
15061,2011-12-06 12:06:00,48,54534.14,28920,70,United Kingdom,4,5,5,5,15,555,Champions
14298,2011-12-01 13:12:00,44,51527.3,58343,884,United Kingdom,9,5,5,5,15,555,Champions
14088,2011-11-29 16:16:00,13,50491.81,12665,379,United Kingdom,11,5,5,5,15,555,Champions
17841,2011-12-08 12:07:00,124,40519.84,22834,1323,United Kingdom,2,5,5,5,15,555,Champions
13798,2011-12-08 15:51:00,57,37153.85,23948,113,United Kingdom,2,5,5,5,15,555,Champions
16013,2011-12-06 10:36:00,47,37130.6,15536,30,United Kingdom,4,5,5,5,15,555,Champions
15838,2011-11-28 14:00:00,19,33643.08,18368,54,United Kingdom,12,5,5,5,15,555,Champions
12748,2011-12-09 12:20:00,209,33053.19,25287,1768,United Kingdom,1,5,5,5,15,555,Champions
17404,2011-12-05 16:26:00,15,31906.82,32748,111,Sweden,5,5,5,5,15,555,Champions
17389,2011-12-09 09:38:00,34,31833.68,7612,45,United Kingdom,1,5,5,5,15,555,Champions
13098,2011-12-08 14:14:00,28,28882.44,15968,156,United Kingdom,2,5,5,5,15,555,Champions
13081,2011-11-28 10:54:00,11,28337.38,19068,503,United Kingdom,12,5,5,5,15,555,Champions
13408,2011-12-08 09:05:00,62,28117.04,16232,234,United Kingdom,2,5,5,5,15,555,Champions
17857,2011-12-05 13:13:00,23,26879.04,19256,19,United Kingdom,5,5,5,5,15,555,Champions
16333,2011-12-02 12:19:00,22,26626.8,32184,9,United Kingdom,8,5,5,5,15,555,Champions
13777,2011-12-09 12:25:00,33,25977.16,12897,36,United Kingdom,1,5,5,5,15,555,Champions
16210,2011-12-08 12:36:00,18,21086.3,7559,74,United Kingdom,2,5,5,5,15,555,Champions
17675,2011-12-08 18:03:00,31,20374.28,8360,239,United Kingdom,2,5,5,5,15,555,Champions
17381,2011-12-01 11:59:00,29,20275.61,25649,40,United Kingdom,9,5,5,5,15,555,Champions
12471,2011-12-07 15:43:00,30,19788.65,8200,150,Germany,3,5,5,5,15,555,Champions
15039,2011-11-30 11:31:00,47,19766.59,9131,408,United Kingdom,10,5,5,5,15,555,Champions
15159,2011-12-08 12:05:00,30,18641.010000000002,11441,363,United Kingdom,2,5,5,5,15,555,Champions
12901,2011-12-01 10:07:00,28,17654.54,23075,30,United Kingdom,9,5,5,5,15,555,Champions
14031,2011-12-02 17:13:00,19,17286.86,5788,119,United Kingdom,8,5,5,5,15,555,Champions
17428,2011-12-09 09:45:00,28,17256.85,9474,252,United Kingdom,1,5,5,5,15,555,Champions
13767,2011-12-07 15:00:00,37,17220.36,7322,55,United Kingdom,3,5,5,5,15,555,Champions
13881,2011-12-06 12:50:00,20,17159.52,10118,72,United Kingdom,4,5,5,5,15,555,Champions
16839,2011-12-01 09:03:00,34,16594.35,8975,114,United Kingdom,9,5,5,5,15,555,Champions
12921,2011-11-30 16:22:00,37,16587.09,9526,233,United Kingdom,10,5,5,5,15,555,Champions
17677,2011-12-08 09:56:00,30,16345.38,9772,178,United Kingdom,2,5,5,5,15,555,Champions
15189,2011-12-08 13:22:00,41,16225.39,6149,80,United Kingdom,2,5,5,5,15,555,Champions
15856,2011-12-05 17:09:00,27,16143.64,10866,295,United Kingdom,5,5,5,5,15,555,Champions
14051,2011-12-09 10:20:00,23,15610.390000000001,3756,52,United Kingdom,1,5,5,5,15,555,Champions
16133,2011-12-06 11:24:00,33,14589.04,8887,219,United Kingdom,4,5,5,5,15,555,Champions
14866,2011-11-29 11:45:00,12,14389.9,6752,30,United Kingdom,11,5,5,5,15,555,Champions
16705,2011-12-09 12:08:00,20,14034.99,5476,133,United Kingdom,1,5,5,5,15,555,Champions
12621,2011-12-08 11:25:00,20,13689.67,7440,261,Germany,2,5,5,5,15,555,Champions
12433,2011-12-09 10:02:00,7,13375.87,11071,219,Norway,1,5,5,5,15,555,Champions
15498,2011-12-07 12:48:00,27,13316.4,6105,360,United Kingdom,3,5,5,5,15,555,Champions
17735,2011-12-07 16:47:00,19,13110.02,8439,319,United Kingdom,3,5,5,5,15,555,Champions
16525,2011-12-07 15:07:00,26,13027.45,7397,75,United Kingdom,3,5,5,5,15,555,Champions
14258,2011-11-30 15:27:00,9,12669.98,7100,58,United Kingdom,10,5,5,5,15,555,Champions
13078,2011-12-06 15:36:00,26,12627.94,5630,95,United Kingdom,4,5,5,5,15,555,Champions
15640,2011-12-05 14:35:00,15,12416.11,6572,240,United Kingdom,5,5,5,5,15,555,Champions
12682,2011-12-06 10:00:00,31,12279.82,5555,209,France,4,5,5,5,15,555,Champions
13113,2011-12-09 12:49:00,24,12245.960000000001,3045,95,United Kingdom,1,5,5,5,15,555,Champions
14606,2011-12-08 19:28:00,93,12076.15,6187,819,United Kingdom,2,5,5,5,15,555,Champions
14194,2011-12-05 10:38:00,21,11349.52,5840,269,United Kingdom,5,5,5,5,15,555,Champions
12971,2011-12-06 12:20:00,86,11189.91,9289,94,United Kingdom,4,5,5,5,15,555,Champions
14895,2011-12-02 09:23:00,20,11138.710000000001,4851,273,United Kingdom,8,5,5,5,15,555,Champions
17581,2011-12-09 12:21:00,25,11025.24,5915,229,United Kingdom,1,5,5,5,15,555,Champions
13319,2011-12-04 13:34:00,26,10845.550000000001,4724,209,United Kingdom,6,5,5,5,15,555,Champions
16779,2011-12-07 14:54:00,22,10611.720000000001,5301,161,United Kingdom,3,5,5,5,15,555,Champions
17706,2011-12-05 13:34:00,17,10504.49,3899,270,United Kingdom,5,5,5,5,15,555,Champions
15251,2011-11-30 15:02:00,11,10484.99,6171,97,United Kingdom,10,5,5,5,15,555,Champions
14062,2011-11-30 10:04:00,12,10464.85,5593,60,United Kingdom,10,5,5,5,15,555,Champions
14769,2011-12-07 10:24:00,8,10416.98,7239,718,United Kingdom,3,5,5,5,15,555,Champions
15615,2011-11-29 14:42:00,23,10399.74,5508,184,United Kingdom,11,5,5,5,15,555,Champions
13199,2011-12-06 12:30:00,38,9817.12,6176,48,United Kingdom,4,5,5,5,15,555,Champions
13001,2011-12-05 14:51:00,13,9785.970000000001,5490,166,United Kingdom,5,5,5,5,15,555,Champions
15078,2011-12-02 15:41:00,32,9743.11,5105,97,United Kingdom,8,5,5,5,15,555,Champions
13458,2011-12-02 15:29:00,14,9646.57,5508,242,United Kingdom,8,5,5,5,15,555,Champions
16523,2011-12-08 09:06:00,21,9418.470000000001,4265,151,United Kingdom,2,5,5,5,15,555,Champions
14367,2011-12-01 13:19:00,16,9227.82,4426,270,United Kingdom,9,5,5,5,15,555,Champions
14667,2011-11-29 11:30:00,25,9175.04,5319,354,United Kingdom,11,5,5,5,15,555,Champions
18092,2011-12-07 13:14:00,11,9068.26,4252,28,United Kingdom,3,5,5,5,15,555,Champions
13969,2011-12-02 15:11:00,18,9024.17,4528,334,United Kingdom,8,5,5,5,15,555,Champions
13090,2011-12-01 12:39:00,14,8910.82,2263,98,United Kingdom,9,5,5,5,15,555,Champions
16033,2011-12-04 12:44:00,20,8778.82,3529,538,United Kingdom,6,5,5,5,15,555,Champions
17017,2011-12-07 09:32:00,20,8694.26,6673,88,United Kingdom,3,5,5,5,15,555,Champions
17306,2011-11-29 12:14:00,19,8631.31,11491,13,United Kingdom,11,5,5,5,15,555,Champions
17243,2011-12-08 13:26:00,26,8540.05,3320,180,United Kingdom,2,5,5,5,15,555,Champions
14527,2011-12-07 12:19:00,55,8507.13,2088,330,United Kingdom,3,5,5,5,15,555,Champions
12683,2011-12-05 16:31:00,15,8476.57,4987,177,France,5,5,5,5,15,555,Champions
15358,2011-12-05 09:04:00,22,8347.2,7050,292,United Kingdom,5,5,5,5,15,555,Champions
16558,2011-12-09 10:20:00,20,8338.49,5377,264,United Kingdom,1,5,5,5,15,555,Champions
14056,2011-12-08 13:36:00,23,8152.71,4252,320,United Kingdom,2,5,5,5,15,555,Champions
16672,2011-12-07 16:29:00,20,8134.9400000000005,2832,22,United Kingdom,3,5,5,5,15,555,Champions
13854,2011-12-01 09:06:00,25,8109.5199999999995,2296,39,United Kingdom,9,5,5,5,15,555,Champions
18109,2011-12-08 11:36:00,26,8004.92,4230,119,United Kingdom,2,5,5,5,15,555,Champions
14796,2011-12-08 15:31:00,17,7975.49,5995,403,United Kingdom,2,5,5,5,15,555,Champions
15290,2011-12-05 11:39:00,18,7943.22,4501,93,United Kingdom,5,5,5,5,15,555,Champions
17811,2011-12-05 13:46:00,39,7761.82,4146,359,United Kingdom,5,5,5,5,15,555,Champions
15194,2011-12-06 15:10:00,15,7616.53,5703,209,United Kingdom,4,5,5,5,15,555,Champions
13263,2011-12-08 13:59:00,35,7436.93,4768,450,United Kingdom,2,5,5,5,15,555,Champions
12583,2011-12-07 08:07:00,15,7281.38,5060,115,France,3,5,5,5,15,555,Champions
18229,2011-11-28 09:48:00,20,7276.900000000001,2488,66,United Kingdom,12,5,5,5,15,555,Champions
16873,2011-12-05 12:05:00,6,7123.62,3840,179,United Kingdom,5,5,5,5,15,555,Champions
16923,2011-11-27 13:00:00,19,7069.08,3344,313,United Kingdom,13,5,5,5,15,555,Champions
13985,2011-12-05 17:06:00,15,7060.13,3445,108,United Kingdom,5,5,5,5,15,555,Champions
14961,2011-11-29 09:42:00,9,7044.68,3708,193,United Kingdom,11,5,5,5,15,555,Champions
12766,2011-12-06 08:46:00,7,6989.63,3646,205,Portugal,4,5,5,5,15,555,Champions
12989,2011-12-06 15:28:00,15,6924.110000000001,2943,41,United Kingdom,4,5,5,5,15,555,Champions
15601,2011-11-28 15:15:00,14,6776.56,4983,230,United Kingdom,12,5,5,5,15,555,Champions
18055,2011-12-02 14:25:00,10,6761.34,2452,223,United Kingdom,8,5,5,5,15,555,Champions
15023,2011-12-06 17:23:00,11,6720.41,2827,347,United Kingdom,4,5,5,5,15,555,Champions
13576,2011-11-29 15:34:00,18,6717.34,2646,78,United Kingdom,11,5,5,5,15,555,Champions
16746,2011-12-05 12:33:00,18,6680.11,4660,234,United Kingdom,5,5,5,5,15,555,Champions
16353,2011-12-06 12:23:00,23,6675.71,2006,51,United Kingdom,4,5,5,5,15,555,Champions
15144,2011-12-01 15:12:00,17,6580.44,3050,132,United Kingdom,9,5,5,5,15,555,Champions
18223,2011-12-05 09:11:00,14,6484.54,2948,116,United Kingdom,5,5,5,5,15,555,Champions
15694,2011-12-09 09:44:00,14,6479.4,1677,42,United Kingdom,1,5,5,5,15,555,Champions
13225,2011-12-06 13:29:00,7,6463.84,3416,23,United Kingdom,4,5,5,5,15,555,Champions
13102,2011-12-08 12:52:00,24,6424.09,4204,140,United Kingdom,2,5,5,5,15,555,Champions
13668,2011-12-07 12:11:00,21,6309.83,3722,284,United Kingdom,3,5,5,5,15,555,Champions
13709,2011-12-06 10:28:00,13,6307.650000000001,3508,244,United Kingdom,4,5,5,5,15,555,Champions
17315,2011-12-08 12:15:00,38,6281.23,3863,256,United Kingdom,2,5,5,5,15,555,Champions
14060,2011-12-05 12:29:00,19,6140.42,5386,86,United Kingdom,5,5,5,5,15,555,Champions
13418,2011-11-28 10:23:00,18,6127.43,3918,223,United Kingdom,12,5,5,5,15,555,Champions
14735,2011-12-06 12:09:00,32,6065.69,2264,99,United Kingdom,4,5,5,5,15,555,Champions
13534,2011-12-07 14:52:00,25,5870.08,2961,119,United Kingdom,3,5,5,5,15,555,Champions
14415,2011-12-08 14:38:00,13,5855.57,2996,283,United Kingdom,2,5,5,5,15,555,Champions
12720,2011-12-07 08:03:00,25,5781.73,4672,211,Germany,3,5,5,5,15,555,Champions
15218,2011-11-29 11:48:00,11,5756.89,3329,77,United Kingdom,11,5,5,5,15,555,Champions
17686,2011-12-02 15:39:00,7,5739.46,2478,205,United Kingdom,8,5,5,5,15,555,Champions
13468,2011-12-08 10:39:00,37,5704.97,2589,184,United Kingdom,2,5,5,5,15,555,Champions
14110,2011-12-06 12:26:00,12,5683.15,2445,94,United Kingdom,4,5,5,5,15,555,Champions
13004,2011-11-28 11:27:00,18,5655.91,4822,277,United Kingdom,12,5,5,5,15,555,Champions
17049,2011-12-07 10:48:00,9,5655.03,2673,201,United Kingdom,3,5,5,5,15,555,Champions
18118,2011-11-29 11:32:00,26,5625.08,2865,424,United Kingdom,11,5,5,5,15,555,Champions
17757,2011-12-08 15:31:00,30,5593.39,3318,275,United Kingdom,2,5,5,5,15,555,Champions
12839,2011-12-07 12:33:00,14,5591.42,3807,95,United Kingdom,3,5,5,5,15,555,Champions
14688,2011-12-02 12:26:00,21,5579.1,3584,148,United Kingdom,8,5,5,5,15,555,Champions
16161,2011-12-08 12:10:00,19,5533.67,2583,286,United Kingdom,2,5,5,5,15,555,Champions
18225,2011-12-06 13:27:00,12,5504.96,3242,150,United Kingdom,4,5,5,5,15,555,Champions
16265,2011-11-30 16:41:00,9,5447.0,2646,164,United Kingdom,10,5,5,5,15,555,Champions
18198,2011-12-05 14:49:00,17,5425.56,4074,81,United Kingdom,5,5,5,5,15,555,Champions
12490,2011-12-04 16:07:00,10,5417.93,3064,131,France,6,5,5,5,15,555,Champions
16701,2011-12-01 11:10:00,13,5398.3,6393,99,United Kingdom,9,5,5,5,15,555,Champions
13269,2011-12-08 14:53:00,15,5343.28,3513,177,United Kingdom,2,5,5,5,15,555,Champions
17730,2011-12-06 15:43:00,13,5298.4800000000005,3576,127,United Kingdom,4,5,5,5,15,555,Champions
12362,2011-12-06 15:40:00,10,5226.23,2229,201,Belgium,4,5,5,5,15,555,Champions
13756,2011-12-07 16:44:00,14,5189.52,3188,66,United Kingdom,3,5,5,5,15,555,Champions
16191,2011-12-07 11:26:00,13,5180.52,3351,65,United Kingdom,3,5,5,5,15,555,Champions
13599,2011-12-08 16:10:00,21,5149.92,3293,171,United Kingdom,2,5,5,5,15,555,Champions
17858,2011-12-04 11:56:00,12,5140.66,2694,101,United Kingdom,6,5,5,5,15,555,Champions
15903,2011-11-30 08:08:00,7,5126.76,2410,46,United Kingdom,10,5,5,5,15,555,Champions
15046,2011-11-30 15:50:00,15,5090.42,3372,147,United Kingdom,10,5,5,5,15,555,Champions
16700,2011-12-01 11:00:00,13,5076.55,4024,159,United Kingdom,9,5,5,5,15,555,Champions
17602,2011-12-07 13:53:00,6,5054.42,4116,335,United Kingdom,3,5,5,5,15,555,Champions
17426,2011-12-01 18:07:00,6,5037.26,3094,179,United Kingdom,9,5,5,5,15,555,Champions
14755,2011-11-30 11:24:00,11,5010.28,2219,128,United Kingdom,10,5,5,5,15,555,Champions
14562,2011-12-06 11:05:00,18,5006.77,1815,187,United Kingdom,4,5,5,5,15,555,Champions
12437,2011-12-08 11:35:00,18,4951.41,2922,118,France,2,5,5,5,15,555,Champions
15547,2011-12-02 12:52:00,14,4910.6,3999,441,United Kingdom,8,5,5,5,15,555,Champions
12664,2011-12-01 17:07:00,9,4881.88,1203,10,Finland,9,5,5,5,15,555,Champions
14292,2011-12-02 11:50:00,9,4871.93,1663,64,United Kingdom,8,5,5,5,15,555,Champions
13013,2011-12-08 15:01:00,13,4810.9400000000005,2224,155,United Kingdom,2,5,5,5,15,555,Champions
15298,2011-12-07 17:17:00,12,4799.9,3116,115,United Kingdom,3,5,5,5,15,555,Champions
15555,2011-11-27 16:19:00,16,4794.86,4427,401,United Kingdom,13,5,5,5,15,555,Champions
15187,2011-12-08 11:56:00,16,4777.18,1887,61,United Kingdom,2,5,5,5,15,555,Champions
17365,2011-11-27 12:13:00,8,4767.36,4749,278,United Kingdom,13,5,5,5,15,555,Champions
12955,2011-12-08 16:29:00,11,4757.16,3664,81,United Kingdom,2,5,5,5,15,555,Champions
14180,2011-11-29 10:56:00,25,4748.52,719,112,United Kingdom,11,5,5,5,15,555,Champions
15152,2011-11-30 12:32:00,13,4745.69,2704,196,United Kingdom,10,5,5,5,15,555,Champions
14135,2011-12-08 11:38:00,15,4690.31,3850,95,United Kingdom,2,5,5,5,15,555,Champions
14191,2011-12-08 09:23:00,13,4684.76,3662,145,United Kingdom,2,5,5,5,15,555,Champions
14189,2011-12-07 15:55:00,15,4654.08,3937,176,United Kingdom,3,5,5,5,15,555,Champions
14390,2011-11-29 13:49:00,9,4642.57,2133,135,United Kingdom,11,5,5,5,15,555,Champions
16931,2011-12-04 13:15:00,21,4554.87,3134,448,United Kingdom,6,5,5,5,15,555,Champions
17068,2011-11-27 13:14:00,21,4552.14,2164,116,United Kingdom,13,5,5,5,15,555,Champions
13267,2011-12-07 11:12:00,19,4521.49,1969,88,United Kingdom,3,5,5,5,15,555,Champions
12524,2011-11-30 15:31:00,8,4485.72,3699,113,Germany,10,5,5,5,15,555,Champions
12627,2011-11-29 12:07:00,7,4478.53,2752,162,Germany,11,5,5,5,15,555,Champions
17364,2011-12-09 09:00:00,11,4462.68,2692,288,United Kingdom,1,5,5,5,15,555,Champions
13069,2011-12-09 08:39:00,24,4431.44,5873,281,United Kingdom,1,5,5,5,15,555,Champions
14085,2011-12-07 13:46:00,18,4421.29,3177,272,United Kingdom,3,5,5,5,15,555,Champions
16626,2011-12-09 11:56:00,17,4413.1,2690,86,United Kingdom,1,5,5,5,15,555,Champions
14534,2011-12-07 12:19:00,18,4397.3,2027,331,United Kingdom,3,5,5,5,15,555,Champions
17567,2011-12-02 15:48:00,8,4331.48,2632,110,United Kingdom,8,5,5,5,15,555,Champions
12347,2011-12-07 15:52:00,7,4310.0,2458,103,Iceland,3,5,5,5,15,555,Champions
17937,2011-12-01 11:45:00,7,4301.22,1754,19,United Kingdom,9,5,5,5,15,555,Champions
14422,2011-12-09 11:26:00,6,4263.64,2906,189,United Kingdom,1,5,5,5,15,555,Champions
17419,2011-11-28 13:47:00,12,4226.57,1876,155,United Kingdom,12,5,5,5,15,555,Champions
15804,2011-12-09 12:31:00,13,4206.39,2565,170,United Kingdom,1,5,5,5,15,555,Champions
12747,2011-12-07 14:34:00,11,4196.01,1275,42,United Kingdom,3,5,5,5,15,555,Champions
15570,2011-12-02 14:47:00,12,4148.82,2063,231,United Kingdom,8,5,5,5,15,555,Champions
12569,2011-12-07 16:24:00,32,4124.69,1801,92,Germany,3,5,5,5,15,555,Champions
17920,2011-12-05 14:29:00,17,4119.5,2473,407,United Kingdom,5,5,5,5,15,555,Champions
16592,2011-12-05 13:49:00,16,4113.68,2927,142,United Kingdom,5,5,5,5,15,555,Champions
16401,2011-12-08 18:15:00,12,4098.32,3882,66,United Kingdom,2,5,5,5,15,555,Champions
18041,2011-11-28 11:39:00,21,4097.37,3758,285,United Kingdom,12,5,5,5,15,555,Champions
14092,2011-12-02 12:13:00,14,4076.91,2066,117,United Kingdom,8,5,5,5,15,555,Champions
14401,2011-12-05 13:30:00,13,4051.48,4507,113,United Kingdom,5,5,5,5,15,555,Champions
16549,2011-11-29 15:06:00,10,4034.9,2294,445,United Kingdom,11,5,5,5,15,555,Champions
15514,2011-11-27 14:40:00,11,4023.7200000000003,2098,96,United Kingdom,13,5,5,5,15,555,Champions
12957,2011-11-30 09:53:00,8,4017.54,2549,208,United Kingdom,10,5,5,5,15,555,Champions
12841,2011-12-05 11:13:00,25,3991.58,2720,229,United Kingdom,5,5,5,5,15,555,Champions
17001,2011-12-09 09:38:00,11,3989.57,2164,75,United Kingdom,1,5,5,5,15,555,Champions
12727,2011-11-29 11:46:00,7,3980.7,2098,109,France,11,5,5,5,15,555,Champions
14547,2011-12-06 11:06:00,8,3974.75,2639,198,United Kingdom,4,5,5,5,15,555,Champions
14299,2011-12-01 16:05:00,9,3965.62,2149,94,United Kingdom,9,5,5,5,15,555,Champions
17611,2011-12-02 13:29:00,15,3961.12,2550,440,United Kingdom,8,5,5,5,15,555,Champions
13183,2011-12-02 10:30:00,9,3957.78,2208,51,United Kingdom,8,5,5,5,15,555,Champions
17769,2011-11-27 11:18:00,10,3957.43,1850,200,United Kingdom,13,5,5,5,15,555,Champions
17651,2011-11-28 10:29:00,10,3945.0,3112,149,United Kingdom,12,5,5,5,15,555,Champions
14739,2011-12-05 16:54:00,7,3902.28,3820,47,United Kingdom,5,5,5,5,15,555,Champions
13999,2011-11-29 13:40:00,12,3901.81,2243,102,United Kingdom,11,5,5,5,15,555,Champions
14291,2011-12-08 10:26:00,11,3883.25,2749,145,United Kingdom,2,5,5,5,15,555,Champions
12662,2011-12-09 11:59:00,11,3849.78,2058,129,Germany,1,5,5,5,15,555,Champions
13266,2011-11-28 14:39:00,12,3834.2599999999998,4428,82,United Kingdom,12,5,5,5,15,555,Champions
17091,2011-12-07 10:43:00,9,3827.76,1746,119,United Kingdom,3,5,5,5,15,555,Champions
15867,2011-12-04 13:32:00,15,3810.14,2052,302,United Kingdom,6,5,5,5,15,555,Champions
13435,2011-12-04 14:45:00,7,3809.8900000000003,2129,68,United Kingdom,6,5,5,5,15,555,Champions
16145,2011-12-01 10:33:00,11,3799.4900000000002,3123,134,United Kingdom,9,5,5,5,15,555,Champions
16168,2011-11-29 12:45:00,27,3787.6,1892,57,United Kingdom,11,5,5,5,15,555,Champions
12562,2011-12-01 17:20:00,7,3781.7400000000002,1779,99,France,9,5,5,5,15,555,Champions
17173,2011-12-04 14:40:00,8,3766.6,1122,36,United Kingdom,6,5,5,5,15,555,Champions
17238,2011-12-07 11:35:00,17,3719.1,1807,297,United Kingdom,3,5,5,5,15,555,Champions
14282,2011-12-06 17:04:00,15,3701.44,2656,70,United Kingdom,4,5,5,5,15,555,Champions
12553,2011-12-01 16:38:00,10,3692.28,1965,95,France,9,5,5,5,15,555,Champions
16904,2011-12-05 13:10:00,16,3653.75,1984,387,United Kingdom,5,5,5,5,15,555,Champions
12417,2011-12-06 14:52:00,9,3649.1,1552,158,Belgium,4,5,5,5,15,555,Champions
13426,2011-12-09 08:59:00,10,3641.32,2245,103,United Kingdom,1,5,5,5,15,555,Champions
17528,2011-12-08 13:27:00,8,3628.5,2138,183,United Kingdom,2,5,5,5,15,555,Champions
16712,2011-11-30 13:48:00,11,3611.31,1730,259,United Kingdom,10,5,5,5,15,555,Champions
13137,2011-11-29 12:09:00,8,3603.29,2204,345,United Kingdom,11,5,5,5,15,555,Champions
14132,2011-12-07 13:35:00,11,3586.0299999999997,3368,100,United Kingdom,3,5,5,5,15,555,Champions
16242,2011-12-01 15:12:00,7,3579.86,1969,184,United Kingdom,9,5,5,5,15,555,Champions
17576,2011-12-01 17:56:00,19,3564.83,1967,245,United Kingdom,9,5,5,5,15,555,Champions
17491,2011-12-08 16:18:00,10,3558.87,2013,72,United Kingdom,2,5,5,5,15,555,Champions
15544,2011-11-30 16:43:00,9,3546.71,3109,122,United Kingdom,10,5,5,5,15,555,Champions
14503,2011-12-06 13:30:00,6,3543.26,2004,113,United Kingdom,4,5,5,5,15,555,Champions
13953,2011-12-02 16:04:00,7,3515.68,2724,8,United Kingdom,8,5,5,5,15,555,Champions
14907,2011-12-06 14:14:00,7,3501.1,1691,125,United Kingdom,4,5,5,5,15,555,Champions
16458,2011-12-07 09:34:00,18,3482.7400000000002,2154,52,United Kingdom,3,5,5,5,15,555,Champions
14395,2011-12-07 14:34:00,9,3479.91,1689,181,United Kingdom,3,5,5,5,15,555,Champions
13014,2011-11-29 12:27:00,10,3466.2799999999997,905,67,United Kingdom,11,5,5,5,15,555,Champions
16360,2011-12-05 12:16:00,6,3450.41,2110,365,United Kingdom,5,5,5,5,15,555,Champions
13536,2011-12-08 16:38:00,7,3444.39,2126,91,United Kingdom,2,5,5,5,15,555,Champions
13198,2011-11-29 15:17:00,6,3401.2400000000002,2648,199,United Kingdom,11,5,5,5,15,555,Champions
16011,2011-12-01 16:31:00,16,3352.96,2035,99,United Kingdom,9,5,5,5,15,555,Champions
16818,2011-11-29 10:41:00,11,3349.57,2164,172,United Kingdom,11,5,5,5,15,555,Champions
17183,2011-12-02 10:07:00,6,3347.31,1296,42,United Kingdom,8,5,5,5,15,555,Champions
14702,2011-12-08 19:29:00,17,3251.79,1439,196,United Kingdom,2,5,5,5,15,555,Champions
15443,2011-12-08 10:40:00,7,3213.59,1639,237,United Kingdom,2,5,5,5,15,555,Champions
14388,2011-11-29 13:32:00,8,3212.84,1941,124,United Kingdom,11,5,5,5,15,555,Champions
13758,2011-11-28 11:11:00,7,3190.55,1844,104,United Kingdom,12,5,5,5,15,555,Champions
15861,2011-11-27 15:59:00,8,3146.92,2528,339,United Kingdom,13,5,5,5,15,555,Champions
17231,2011-11-27 15:18:00,10,3124.72,1724,292,United Kingdom,13,5,5,5,15,555,Champions
13685,2011-12-07 11:41:00,7,3119.44,5056,29,United Kingdom,3,5,5,5,15,555,Champions
16678,2011-12-07 12:17:00,12,3109.99,2397,92,United Kingdom,3,5,5,5,15,555,Champions
16156,2011-12-01 12:42:00,9,3092.04,1273,108,United Kingdom,9,5,5,5,15,555,Champions
18272,2011-12-07 12:43:00,6,3078.58,2050,99,United Kingdom,3,5,5,5,15,555,Champions
16393,2011-12-07 12:51:00,13,3040.96,1573,120,United Kingdom,3,5,5,5,15,555,Champions
16326,2011-12-04 10:11:00,14,3039.2200000000003,682,158,United Kingdom,6,5,5,5,15,555,Champions
16905,2011-12-04 14:01:00,7,3037.6,1381,117,United Kingdom,6,5,5,5,15,555,Champions
12598,2011-11-30 12:18:00,8,3023.08,1964,84,France,10,5,5,5,15,555,Champions
14456,2011-12-04 13:59:00,9,3017.28,2885,580,United Kingdom,6,5,5,5,15,555,Champions
15687,2011-12-01 08:33:00,9,2993.1,1310,119,United Kingdom,9,5,5,5,15,555,Champions
14032,2011-12-07 15:23:00,11,2975.59,2032,53,United Kingdom,3,5,5,5,15,555,Champions
15854,2011-12-05 13:39:00,12,2969.12,926,105,United Kingdom,5,5,5,5,15,555,Champions
17924,2011-11-28 09:11:00,7,2962.5,1160,26,United Kingdom,12,5,5,5,15,555,Champions
14868,2011-12-06 14:49:00,8,2953.59,1405,96,United Kingdom,4,5,5,5,15,555,Champions
17644,2011-12-08 13:43:00,11,2895.64,1793,102,United Kingdom,2,5,5,5,15,555,Champions
18144,2011-12-02 12:46:00,12,2888.75,1343,27,United Kingdom,8,5,5,5,15,555,Champions
15628,2011-12-05 10:24:00,9,2870.2400000000002,1894,85,United Kingdom,5,5,5,5,15,555,Champions
14711,2011-11-29 14:58:00,11,2839.62,966,221,United Kingdom,11,5,5,5,15,555,Champions
18230,2011-11-30 13:22:00,7,2810.2000000000003,1316,32,United Kingdom,10,5,5,5,15,555,Champions
14572,2011-12-06 14:40:00,7,2804.54,1420,190,United Kingdom,4,5,5,5,15,555,Champions
13769,2011-12-07 15:08:00,10,2796.51,1163,73,United Kingdom,3,5,5,5,15,555,Champions
17739,2011-11-28 09:12:00,7,2791.35,861,29,United Kingdom,12,5,5,5,15,555,Champions
16764,2011-12-06 11:41:00,13,2790.9500000000003,1253,209,United Kingdom,4,5,5,5,15,555,Champions
15984,2011-12-07 12:16:00,10,2780.63,1815,217,United Kingdom,3,5,5,5,15,555,Champions
15993,2011-12-01 10:45:00,7,2777.67,2037,335,United Kingdom,9,5,5,5,15,555,Champions
13870,2011-12-07 13:23:00,8,2770.94,1325,91,United Kingdom,3,5,5,5,15,555,Champions
13230,2011-12-05 16:03:00,14,2755.63,1638,393,United Kingdom,5,5,5,5,15,555,Champions
15796,2011-12-08 19:55:00,8,2708.61,860,70,United Kingdom,2,5,5,5,15,555,Champions
14732,2011-12-01 14:34:00,8,2702.4900000000002,1405,105,United Kingdom,9,5,5,5,15,555,Champions
17386,2011-12-02 11:28:00,6,2686.42,1902,23,United Kingdom,8,5,5,5,15,555,Champions
18097,2011-12-02 11:16:00,6,2662.4,1662,65,United Kingdom,8,5,5,5,15,555,Champions
14713,2011-11-30 16:26:00,11,2662.2,1613,146,United Kingdom,10,5,5,5,15,555,Champions
17655,2011-11-29 11:34:00,7,2638.94,1116,66,United Kingdom,11,5,5,5,15,555,Champions
17402,2011-12-05 10:15:00,13,2633.85,701,33,United Kingdom,5,5,5,5,15,555,Champions
17346,2011-12-06 12:18:00,15,2622.88,1617,299,United Kingdom,4,5,5,5,15,555,Champions
18210,2011-12-08 11:02:00,6,2621.38,1398,109,United Kingdom,2,5,5,5,15,555,Champions
14262,2011-12-01 14:17:00,8,2618.23,1645,87,United Kingdom,9,5,5,5,15,555,Champions
13021,2011-12-05 16:37:00,9,2616.38,1352,101,United Kingdom,5,5,5,5,15,555,Champions
14397,2011-12-07 09:22:00,19,2612.96,1890,18,United Kingdom,3,5,5,5,15,555,Champions
14408,2011-11-29 11:41:00,7,2599.03,1610,60,United Kingdom,11,5,5,5,15,555,Champions
16241,2011-11-30 11:08:00,13,2590.31,1443,347,United Kingdom,10,5,5,5,15,555,Champions
14243,2011-12-01 11:12:00,10,2588.77,1221,99,United Kingdom,9,5,5,5,15,555,Champions
18077,2011-12-01 13:32:00,11,2584.41,1839,101,United Kingdom,9,5,5,5,15,555,Champions
18245,2011-12-02 14:48:00,7,2567.06,1788,153,United Kingdom,8,5,5,5,15,555,Champions
15033,2011-12-05 12:40:00,10,2557.18,1672,315,United Kingdom,5,5,5,5,15,555,Champions
15572,2011-12-05 10:09:00,7,2533.42,1213,166,United Kingdom,5,5,5,5,15,555,Champions
14659,2011-12-01 12:17:00,9,2529.93,1195,147,United Kingdom,9,5,5,5,15,555,Champions
14701,2011-11-29 12:38:00,9,2526.09,921,268,United Kingdom,11,5,5,5,15,555,Champions
13394,2011-12-08 11:36:00,8,2520.02,2392,124,United Kingdom,2,5,5,5,15,555,Champions
17449,2011-12-07 16:56:00,7,2519.21,1121,178,United Kingdom,3,5,5,5,15,555,Champions
15932,2011-12-05 17:13:00,8,2495.87,2325,93,United Kingdom,5,5,5,5,15,555,Champions
15271,2011-12-02 14:11:00,15,2493.34,1251,184,United Kingdom,8,5,5,5,15,555,Champions
17682,2011-11-29 15:59:00,6,2474.33,1367,48,United Kingdom,11,5,5,5,15,555,Champions
17188,2011-11-28 13:53:00,7,2474.23,1328,71,United Kingdom,12,5,5,5,15,555,Champions
14766,2011-12-01 16:05:00,6,2473.37,1349,111,United Kingdom,9,5,5,5,15,555,Champions
15750,2011-12-07 12:34:00,8,2463.05,1783,214,United Kingdom,3,5,5,5,15,555,Champions
13784,2011-11-30 09:33:00,11,2462.79,2493,9,United Kingdom,10,5,5,5,15,555,Champions
13949,2011-12-07 09:35:00,6,2427.32,2474,124,United Kingdom,3,5,5,5,15,555,Champions
16143,2011-12-06 14:13:00,6,2424.94,919,75,United Kingdom,4,5,5,5,15,555,Champions
15089,2011-11-29 16:31:00,6,2420.84,1359,139,United Kingdom,11,5,5,5,15,555,Champions
15373,2011-12-01 15:05:00,12,2415.91,500,74,United Kingdom,9,5,5,5,15,555,Champions
18065,2011-12-04 10:30:00,14,2392.83,1027,110,United Kingdom,6,5,5,5,15,555,Champions
17434,2011-12-07 13:16:00,7,2373.82,1693,100,United Kingdom,3,5,5,5,15,555,Champions
17530,2011-12-08 18:42:00,10,2367.12,1514,306,United Kingdom,2,5,5,5,15,555,Champions
15755,2011-11-29 14:57:00,6,2364.25,1427,127,United Kingdom,11,5,5,5,15,555,Champions
14309,2011-12-01 13:33:00,9,2352.53,1633,74,United Kingdom,9,5,5,5,15,555,Champions
12704,2011-12-02 13:15:00,8,2340.84,1006,64,Finland,8,5,5,5,15,555,Champions
12584,2011-12-06 09:35:00,9,2338.15,416,44,Italy,4,5,5,5,15,555,Champions
17744,2011-12-06 12:11:00,6,2322.4,3412,110,United Kingdom,4,5,5,5,15,555,Champions
17954,2011-12-04 14:15:00,12,2314.13,2221,326,United Kingdom,6,5,5,5,15,555,Champions
13704,2011-12-04 15:13:00,9,2308.06,1531,111,United Kingdom,6,5,5,5,15,555,Champions
12684,2011-12-02 09:53:00,7,2283.63,1985,61,France,8,5,5,5,15,555,Champions
13994,2011-12-06 11:05:00,6,2274.14,932,122,United Kingdom,4,5,5,5,15,555,Champions
16782,2011-11-29 13:20:00,13,2267.9500000000003,705,103,United Kingdom,11,5,5,5,15,555,Champions
14432,2011-11-30 08:04:00,6,2248.5,2013,256,United Kingdom,10,5,5,5,15,555,Champions
14560,2011-12-02 15:22:00,22,2237.77,1260,39,United Kingdom,8,5,5,5,15,555,Champions
16076,2011-12-06 14:59:00,10,2234.73,1435,71,United Kingdom,4,5,5,5,15,555,Champions
12783,2011-12-07 15:56:00,6,2225.91,624,76,Portugal,3,5,5,5,15,555,Champions
14825,2011-12-06 11:38:00,12,2221.01,989,82,United Kingdom,4,5,5,5,15,555,Champions
12856,2011-12-02 10:52:00,6,2170.78,1076,155,United Kingdom,8,5,5,5,15,555,Champions
12935,2011-12-07 17:25:00,7,2160.7,1853,80,United Kingdom,3,5,5,5,15,555,Champions
16966,2011-12-01 13:40:00,7,2154.97,1981,8,United Kingdom,9,5,5,5,15,555,Champions
13755,2011-12-06 12:26:00,9,2108.06,1242,232,United Kingdom,4,5,5,5,15,555,Champions
13126,2011-12-05 10:00:00,8,2099.64,2143,124,United Kingdom,5,5,5,5,15,555,Champions
17861,2011-12-06 16:21:00,8,2097.88,1985,172,United Kingdom,4,5,5,5,15,555,Champions
17490,2011-12-09 09:08:00,7,2092.32,1134,63,United Kingdom,1,5,5,5,15,555,Champions
13571,2011-11-27 10:47:00,12,2088.94,1757,157,United Kingdom,13,5,5,5,15,555,Champions
18044,2011-12-05 14:26:00,10,2088.6,1033,88,United Kingdom,5,5,5,5,15,555,Champions
16954,2011-12-09 09:46:00,9,2085.08,1054,40,United Kingdom,1,5,5,5,15,555,Champions
16407,2011-11-27 11:05:00,10,2079.68,1093,99,United Kingdom,13,5,5,5,15,555,Champions
14696,2011-12-05 13:43:00,7,2078.95,1630,117,United Kingdom,5,5,5,5,15,555,Champions
14209,2011-11-29 10:18:00,6,2073.43,691,55,United Kingdom,11,5,5,5,15,555,Champions
18241,2011-11-30 12:10:00,17,2073.09,1051,60,United Kingdom,10,5,5,5,15,555,Champions
18219,2011-12-07 11:43:00,10,2069.77,885,58,United Kingdom,3,5,5,5,15,555,Champions
12415,2011-11-15 14:22:00,21,124914.53,77374,444,Australia,25,4,5,5,14,455,Champions
12931,2011-11-18 12:39:00,15,42055.96,28004,28,United Kingdom,22,4,5,5,14,455,Champions
16422,2011-11-22 14:00:00,51,34684.4,33704,68,United Kingdom,18,4,5,5,14,455,Champions
14680,2011-11-14 16:59:00,16,28754.11,13476,73,United Kingdom,26,4,5,5,14,455,Champions
12753,2011-11-17 10:52:00,6,21429.39,11421,132,Japan,23,4,5,5,14,455,Champions
12731,2011-11-16 11:59:00,12,18895.91,8437,109,France,24,4,5,5,14,455,Champions
14607,2011-11-24 10:35:00,14,16209.5,11526,38,United Kingdom,16,4,5,5,14,455,Champions
12681,2011-11-25 11:33:00,22,13787.54,7536,267,France,15,4,5,5,14,455,Champions
12540,2011-11-20 11:31:00,17,13400.24,6685,277,Spain,20,4,5,5,14,455,Champions
16000,2011-12-07 12:17:00,3,12393.7,5110,9,United Kingdom,3,5,4,5,14,545,Champions
17340,2011-11-10 10:45:00,11,12353.29,5967,229,United Kingdom,30,4,5,5,14,455,Champions
15125,2011-11-14 13:57:00,15,11528.48,6193,102,United Kingdom,26,4,5,5,14,455,Champions
15482,2011-11-24 10:46:00,12,10879.76,5004,46,United Kingdom,16,4,5,5,14,455,Champions
17139,2011-11-24 10:12:00,12,10650.77,5176,309,United Kingdom,16,4,5,5,14,455,Champions
17865,2011-11-09 12:08:00,20,10526.32,5757,191,United Kingdom,31,4,5,5,14,455,Champions
15502,2011-11-24 12:48:00,12,10384.93,4236,164,United Kingdom,16,4,5,5,14,455,Champions
12709,2011-11-24 15:38:00,15,9706.52,3912,93,Germany,16,4,5,5,14,455,Champions
14733,2011-11-23 15:39:00,12,9585.91,3764,102,United Kingdom,17,4,5,5,14,455,Champions
12567,2011-11-17 11:02:00,10,9401.28,4305,323,France,23,4,5,5,14,455,Champions
12451,2011-11-29 08:40:00,5,9035.52,6575,265,Switzerland,11,5,4,5,14,545,Champions
13488,2011-11-22 14:41:00,13,8968.31,4518,271,United Kingdom,18,4,5,5,14,455,Champions
16656,2011-11-17 14:43:00,15,8625.8,8894,14,United Kingdom,23,4,5,5,14,455,Champions
18139,2011-11-22 10:44:00,6,8438.34,5557,35,United Kingdom,18,4,5,5,14,455,Champions
12428,2011-11-14 08:22:00,9,7956.46,3536,258,Finland,26,4,5,5,14,455,Champions
14849,2011-11-18 10:58:00,25,7930.54,5694,159,United Kingdom,22,4,5,5,14,455,Champions
12757,2011-11-24 12:30:00,13,7834.650000000001,2395,237,Portugal,16,4,5,5,14,455,Champions
13629,2011-11-16 13:21:00,11,7792.36,4372,28,United Kingdom,24,4,5,5,14,455,Champions
15044,2011-11-20 13:20:00,17,7634.7300000000005,2785,233,United Kingdom,20,4,5,5,14,455,Champions
18172,2011-11-25 11:12:00,20,7561.68,3184,100,United Kingdom,15,4,5,5,14,455,Champions
15465,2011-11-20 10:11:00,18,7354.62,1257,43,United Kingdom,20,4,5,5,14,455,Champions
12474,2011-11-22 14:39:00,18,7324.09,4833,253,Germany,18,4,5,5,14,455,Champions
13018,2011-11-23 13:28:00,28,7277.7,5435,313,United Kingdom,17,4,5,5,14,455,Champions
16187,2011-11-08 09:50:00,15,6911.4400000000005,5048,160,United Kingdom,32,4,5,5,14,455,Champions
16713,2011-11-21 12:36:00,15,6910.78,4271,338,United Kingdom,19,4,5,5,14,455,Champions
17416,2011-11-10 12:47:00,7,6893.42,4302,186,United Kingdom,30,4,5,5,14,455,Champions
12705,2011-11-24 13:17:00,9,6868.29,3997,228,Germany,16,4,5,5,14,455,Champions
12476,2011-11-24 12:40:00,11,6816.42,2408,177,Germany,16,4,5,5,14,455,Champions
15249,2011-11-08 11:45:00,13,6688.46,3577,211,United Kingdom,32,4,5,5,14,455,Champions
12626,2011-11-16 16:06:00,9,6620.48,3453,232,Germany,24,4,5,5,14,455,Champions
12472,2011-11-07 14:01:00,7,6572.11,4148,219,Germany,33,4,5,5,14,455,Champions
17338,2011-11-22 14:23:00,8,6493.54,3059,389,United Kingdom,18,4,5,5,14,455,Champions
16814,2011-11-25 13:27:00,21,6416.7,2697,122,United Kingdom,15,4,5,5,14,455,Champions
13871,2011-11-17 10:49:00,13,6403.25,2806,155,United Kingdom,23,4,5,5,14,455,Champions
15005,2011-11-24 12:25:00,28,6295.37,4230,360,United Kingdom,16,4,5,5,14,455,Champions
14057,2011-11-16 10:32:00,17,6211.66,4873,179,United Kingdom,24,4,5,5,14,455,Champions
13097,2011-11-07 10:43:00,10,6003.22,2360,214,United Kingdom,33,4,5,5,14,455,Champions
15382,2011-11-25 10:58:00,6,5955.71,4012,193,United Kingdom,15,4,5,5,14,455,Champions
14944,2011-11-10 09:10:00,12,5900.25,2815,101,United Kingdom,30,4,5,5,14,455,Champions
13209,2011-11-09 13:54:00,8,5891.61,4253,255,United Kingdom,31,4,5,5,14,455,Champions
14505,2011-11-22 15:45:00,8,5859.43,2739,540,United Kingdom,18,4,5,5,14,455,Champions
13050,2011-11-25 09:18:00,17,5836.86,3748,246,United Kingdom,15,4,5,5,14,455,Champions
13178,2011-11-13 16:14:00,11,5725.47,3570,95,United Kingdom,27,4,5,5,14,455,Champions
17716,2011-11-17 12:00:00,11,5655.99,3072,171,United Kingdom,23,4,5,5,14,455,Champions
12481,2011-11-17 08:29:00,10,5579.82,3294,150,Germany,23,4,5,5,14,455,Champions
16767,2011-11-09 09:42:00,11,5575.56,4423,148,United Kingdom,31,4,5,5,14,455,Champions
16609,2011-11-24 13:32:00,7,5493.46,2420,155,United Kingdom,16,4,5,5,14,455,Champions
15805,2011-11-16 16:32:00,17,5488.18,3367,220,United Kingdom,24,4,5,5,14,455,Champions
16985,2011-11-22 13:33:00,10,5464.12,1832,62,United Kingdom,18,4,5,5,14,455,Champions
17809,2011-11-23 12:59:00,12,5411.91,2057,46,United Kingdom,17,4,5,5,14,455,Champions
15150,2011-11-22 12:52:00,10,5291.33,3642,282,United Kingdom,18,4,5,5,14,455,Champions
15727,2011-11-23 12:36:00,7,5159.06,3063,213,United Kingdom,17,4,5,5,14,455,Champions
13139,2011-11-23 13:54:00,7,5064.94,2425,132,United Kingdom,17,4,5,5,14,455,Champions
15719,2011-11-07 12:29:00,13,5030.07,2718,299,United Kingdom,33,4,5,5,14,455,Champions
14329,2011-11-22 15:50:00,7,4975.24,3087,218,United Kingdom,18,4,5,5,14,455,Champions
12700,2011-12-02 10:47:00,4,4939.99,2967,193,France,8,5,4,5,14,545,Champions
14709,2011-11-24 15:41:00,13,4921.04,2484,71,United Kingdom,16,4,5,5,14,455,Champions
17133,2011-11-24 12:27:00,7,4892.240000000001,2730,13,United Kingdom,16,4,5,5,14,455,Champions
17652,2011-11-14 12:55:00,12,4867.72,2509,118,United Kingdom,26,4,5,5,14,455,Champions
15738,2011-11-21 08:26:00,16,4812.42,2982,46,United Kingdom,19,4,5,5,14,455,Champions
16722,2011-11-22 13:28:00,13,4730.81,5001,96,United Kingdom,18,4,5,5,14,455,Champions
17690,2011-11-09 15:17:00,15,4726.8,1769,186,United Kingdom,31,4,5,5,14,455,Champions
12714,2011-11-30 15:43:00,5,4708.86,3069,216,France,10,5,4,5,14,545,Champions
15291,2011-11-14 11:02:00,15,4668.3,2103,62,United Kingdom,26,4,5,5,14,455,Champions
14159,2011-11-20 12:36:00,11,4630.35,4348,501,United Kingdom,20,4,5,5,14,455,Champions
15093,2011-11-21 13:09:00,6,4597.02,3760,52,United Kingdom,19,4,5,5,14,455,Champions
17613,2011-11-17 10:51:00,14,4544.55,2490,211,United Kingdom,23,4,5,5,14,455,Champions
17975,2011-11-24 13:27:00,13,4483.26,1565,189,United Kingdom,16,4,5,5,14,455,Champions
14426,2011-11-16 12:25:00,10,4481.67,2699,183,United Kingdom,24,4,5,5,14,455,Champions
15955,2011-11-15 14:15:00,14,4416.26,2135,137,United Kingdom,25,4,5,5,14,455,Champions
12712,2011-11-11 08:19:00,13,4396.13,1062,58,Germany,29,4,5,5,14,455,Champions
16945,2011-11-18 11:39:00,19,4345.5,2725,137,United Kingdom,22,4,5,5,14,455,Champions
15034,2011-11-24 12:11:00,8,4274.16,2413,299,United Kingdom,16,4,5,5,14,455,Champions
12500,2011-11-16 16:20:00,11,4257.82,2678,34,Germany,24,4,5,5,14,455,Champions
14525,2011-11-20 11:37:00,9,4215.9,2637,217,United Kingdom,20,4,5,5,14,455,Champions
15971,2011-11-22 12:50:00,12,4199.85,1717,10,United Kingdom,18,4,5,5,14,455,Champions
14146,2011-12-01 10:18:00,5,4191.0,2437,183,United Kingdom,9,5,4,5,14,545,Champions
12949,2011-11-09 11:25:00,8,4167.22,2381,166,United Kingdom,31,4,5,5,14,455,Champions
13384,2011-11-09 11:04:00,7,4151.93,2422,123,United Kingdom,31,4,5,5,14,455,Champions
13988,2011-11-20 10:15:00,6,4147.96,3044,188,United Kingdom,20,4,5,5,14,455,Champions
16670,2011-11-23 09:34:00,11,4095.9,2556,179,United Kingdom,17,4,5,5,14,455,Champions
12749,2011-12-06 09:56:00,5,4090.88,1471,160,United Kingdom,4,5,4,5,14,545,Champions
17377,2011-11-16 11:17:00,20,4058.32,2038,190,United Kingdom,24,4,5,5,14,455,Champions
12867,2011-11-13 15:30:00,7,4009.34,4284,240,United Kingdom,27,4,5,5,14,455,Champions
16186,2011-11-17 12:43:00,12,4006.94,3020,87,United Kingdom,23,4,5,5,14,455,Champions
15529,2011-11-17 11:29:00,11,3962.6,3455,415,United Kingdom,23,4,5,5,14,455,Champions
17593,2011-12-06 10:30:00,5,3923.86,3089,190,United Kingdom,4,5,4,5,14,545,Champions
16717,2011-11-16 12:16:00,6,3843.08,1860,176,United Kingdom,24,4,5,5,14,455,Champions
16327,2011-11-25 13:23:00,6,3820.27,2560,142,United Kingdom,15,4,5,5,14,455,Champions
12668,2011-11-28 10:56:00,4,3807.15,1634,115,Germany,12,5,4,5,14,545,Champions
16655,2011-11-22 11:25:00,6,3789.52,2363,208,United Kingdom,18,4,5,5,14,455,Champions
12429,2011-11-30 17:22:00,4,3750.4,1557,82,Denmark,10,5,4,5,14,545,Champions
16570,2011-11-24 17:02:00,10,3738.4,2112,68,United Kingdom,16,4,5,5,14,455,Champions
12647,2011-11-17 12:56:00,12,3722.82,1431,78,Germany,23,4,5,5,14,455,Champions
13680,2011-12-08 13:47:00,4,3719.12,1934,164,United Kingdom,2,5,4,5,14,545,Champions
15845,2011-11-22 09:42:00,8,3711.77,1926,97,United Kingdom,18,4,5,5,14,455,Champions
13148,2011-11-10 15:23:00,12,3683.26,1965,231,United Kingdom,30,4,5,5,14,455,Champions
12619,2011-11-23 14:52:00,9,3641.24,3378,50,Germany,17,4,5,5,14,455,Champions
16440,2011-12-02 12:02:00,5,3640.67,2018,186,United Kingdom,8,5,4,5,14,545,Champions
13381,2011-11-08 11:58:00,6,3639.31,2029,77,United Kingdom,32,4,5,5,14,455,Champions
14543,2011-11-11 12:45:00,16,3599.73,675,43,United Kingdom,29,4,5,5,14,455,Champions
15484,2011-12-08 15:03:00,4,3590.41,3150,135,United Kingdom,2,5,4,5,14,545,Champions
13448,2011-11-23 12:33:00,6,3534.69,1648,137,United Kingdom,17,4,5,5,14,455,Champions
17160,2011-11-08 14:05:00,6,3518.03,2856,111,United Kingdom,32,4,5,5,14,455,Champions
17725,2011-11-23 16:34:00,11,3439.08,2162,115,United Kingdom,17,4,5,5,14,455,Champions
15981,2011-11-15 08:00:00,8,3408.48,1866,53,United Kingdom,25,4,5,5,14,455,Champions
17758,2011-11-20 14:45:00,8,3408.2000000000003,2054,310,United Kingdom,20,4,5,5,14,455,Champions
13437,2011-11-25 14:00:00,7,3408.06,1283,143,United Kingdom,15,4,5,5,14,455,Champions
14227,2011-11-13 15:48:00,10,3350.96,1820,117,United Kingdom,27,4,5,5,14,455,Champions
16607,2011-11-22 10:24:00,14,3347.71,2859,140,United Kingdom,18,4,5,5,14,455,Champions
15632,2011-11-24 09:51:00,8,3285.31,2109,107,United Kingdom,16,4,5,5,14,455,Champions
13047,2011-11-08 12:06:00,10,3237.54,1391,106,United Kingdom,32,4,5,5,14,455,Champions
13880,2011-11-18 13:44:00,13,3219.77,1842,125,United Kingdom,22,4,5,5,14,455,Champions
16107,2011-11-22 09:40:00,7,3204.1600000000003,1176,16,United Kingdom,18,4,5,5,14,455,Champions
17220,2011-11-15 13:47:00,14,3187.55,1897,303,United Kingdom,25,4,5,5,14,455,Champions
13268,2011-11-22 11:51:00,11,3174.75,3624,257,United Kingdom,18,4,5,5,14,455,Champions
16837,2011-11-08 14:27:00,11,3170.98,1563,123,United Kingdom,32,4,5,5,14,455,Champions
17685,2011-11-23 11:36:00,7,3155.83,1907,88,United Kingdom,17,4,5,5,14,455,Champions
13742,2011-11-23 11:07:00,12,3107.87,1115,200,United Kingdom,17,4,5,5,14,455,Champions
14099,2011-11-23 13:53:00,11,3104.17,2179,167,United Kingdom,17,4,5,5,14,455,Champions
13362,2011-11-30 14:41:00,4,3090.7400000000002,1382,128,United Kingdom,10,5,4,5,14,545,Champions
16218,2011-11-10 09:59:00,7,3084.68,2088,56,United Kingdom,30,4,5,5,14,455,Champions
12910,2011-11-16 14:28:00,8,3075.04,1692,48,United Kingdom,24,4,5,5,14,455,Champions
17799,2011-11-17 15:16:00,10,3039.17,1753,280,United Kingdom,23,4,5,5,14,455,Champions
12395,2011-11-20 15:21:00,12,3018.63,2118,91,Belgium,20,4,5,5,14,455,Champions
17659,2011-11-22 13:29:00,12,2999.46,1525,127,United Kingdom,18,4,5,5,14,455,Champions
12670,2011-11-29 15:23:00,5,2996.05,1397,58,France,11,5,4,5,14,545,Champions
17512,2011-11-11 12:11:00,10,2924.9900000000002,2753,61,United Kingdom,29,4,5,5,14,455,Champions
12906,2011-11-28 09:55:00,5,2919.81,1749,55,United Kingdom,12,5,4,5,14,545,Champions
14112,2011-11-17 12:30:00,7,2915.15,1651,117,United Kingdom,23,4,5,5,14,455,Champions
16633,2011-11-22 13:41:00,6,2883.1,1138,115,United Kingdom,18,4,5,5,14,455,Champions
14251,2011-12-08 08:32:00,5,2879.7000000000003,1674,37,United Kingdom,2,5,4,5,14,545,Champions
17728,2011-12-06 08:52:00,3,2876.01,1469,153,United Kingdom,4,5,4,5,14,545,Champions
14005,2011-11-30 12:41:00,5,2874.72,2478,53,United Kingdom,10,5,4,5,14,545,Champions
12685,2011-11-11 13:46:00,6,2863.08,1523,117,France,29,4,5,5,14,455,Champions
14530,2011-11-14 10:38:00,6,2862.11,1395,140,United Kingdom,26,4,5,5,14,455,Champions
18145,2011-11-27 11:22:00,4,2861.55,2625,174,United Kingdom,13,5,4,5,14,545,Champions
16871,2011-11-17 19:27:00,6,2812.34,1253,131,United Kingdom,23,4,5,5,14,455,Champions
17596,2011-11-16 14:11:00,7,2806.69,4376,168,United Kingdom,24,4,5,5,14,455,Champions
14121,2011-12-06 12:19:00,4,2780.15,2082,148,United Kingdom,4,5,4,5,14,545,Champions
15114,2011-11-09 15:05:00,10,2760.56,3096,136,United Kingdom,31,4,5,5,14,455,Champions
13971,2011-11-21 12:06:00,8,2758.26,1844,118,United Kingdom,19,4,5,5,14,455,Champions
15356,2011-11-08 13:11:00,10,2718.03,1643,215,United Kingdom,32,4,5,5,14,455,Champions
12708,2011-11-10 09:52:00,10,2712.91,1307,86,Germany,30,4,5,5,14,455,Champions
16938,2011-12-01 10:20:00,4,2711.6800000000003,2533,212,United Kingdom,9,5,4,5,14,545,Champions
17069,2011-11-11 17:13:00,9,2709.7000000000003,1506,111,United Kingdom,29,4,5,5,14,455,Champions
13883,2011-11-29 10:45:00,5,2674.48,1436,108,United Kingdom,11,5,4,5,14,545,Champions
15671,2011-11-21 12:43:00,7,2657.13,1699,52,United Kingdom,19,4,5,5,14,455,Champions
12721,2011-11-08 12:13:00,6,2656.13,1959,133,France,32,4,5,5,14,455,Champions
13658,2011-11-30 10:13:00,5,2639.17,1019,91,United Kingdom,10,5,4,5,14,545,Champions
16255,2011-11-23 12:40:00,8,2619.91,1767,146,United Kingdom,17,4,5,5,14,455,Champions
15782,2011-11-30 10:49:00,3,2614.7400000000002,864,34,United Kingdom,10,5,4,5,14,545,Champions
18075,2011-11-16 15:21:00,10,2611.75,1464,97,United Kingdom,24,4,5,5,14,455,Champions
12726,2011-11-11 13:35:00,7,2609.1,3143,57,France,29,4,5,5,14,455,Champions
13983,2011-11-10 11:06:00,12,2603.43,1183,91,United Kingdom,30,4,5,5,14,455,Champions
12600,2011-11-11 10:29:00,10,2599.04,774,32,Germany,29,4,5,5,14,455,Champions
13804,2011-11-09 12:32:00,7,2588.39,1462,124,United Kingdom,31,4,5,5,14,455,Champions
14546,2011-12-04 13:00:00,5,2573.93,1313,250,United Kingdom,6,5,4,5,14,545,Champions
16912,2011-11-11 12:18:00,11,2555.58,1025,88,United Kingdom,29,4,5,5,14,455,Champions
14334,2011-11-23 10:01:00,8,2552.21,1731,98,United Kingdom,17,4,5,5,14,455,Champions
14676,2011-11-08 13:29:00,6,2548.2400000000002,2500,29,United Kingdom,32,4,5,5,14,455,Champions
17314,2011-11-15 09:41:00,8,2527.92,1896,120,United Kingdom,25,4,5,5,14,455,Champions
13695,2011-11-08 14:26:00,15,2504.13,1603,46,United Kingdom,32,4,5,5,14,455,Champions
13471,2011-12-08 15:44:00,4,2501.84,1583,214,United Kingdom,2,5,4,5,14,545,Champions
12483,2011-11-22 17:02:00,8,2484.98,1110,46,Sweden,18,4,5,5,14,455,Champions
12913,2011-12-05 12:11:00,5,2483.63,1419,37,United Kingdom,5,5,4,5,14,545,Champions
13507,2011-12-06 13:13:00,4,2479.16,1597,146,United Kingdom,4,5,4,5,14,545,Champions
13588,2011-11-24 10:42:00,9,2478.95,2606,131,United Kingdom,16,4,5,5,14,455,Champions
16710,2011-11-20 14:50:00,10,2467.99,1823,268,United Kingdom,20,4,5,5,14,455,Champions
17131,2011-12-04 12:52:00,5,2463.17,983,78,United Kingdom,6,5,4,5,14,545,Champions
13975,2011-11-08 13:19:00,6,2461.2400000000002,1697,240,United Kingdom,32,4,5,5,14,455,Champions
14502,2011-11-20 11:50:00,11,2429.83,1480,368,United Kingdom,20,4,5,5,14,455,Champions
17071,2011-11-11 16:31:00,9,2429.03,1197,102,United Kingdom,29,4,5,5,14,455,Champions
15527,2011-11-21 12:17:00,8,2428.53,991,127,United Kingdom,19,4,5,5,14,455,Champions
14493,2011-12-02 16:14:00,5,2383.2400000000002,1285,95,United Kingdom,8,5,4,5,14,545,Champions
15270,2011-11-24 09:24:00,7,2379.49,1521,22,United Kingdom,16,4,5,5,14,455,Champions
14030,2011-11-21 16:48:00,8,2358.84,1478,210,United Kingdom,19,4,5,5,14,455,Champions
14440,2011-12-01 15:42:00,5,2357.6800000000003,588,33,United Kingdom,9,5,4,5,14,545,Champions
12782,2011-12-05 09:16:00,5,2330.92,1086,81,Portugal,5,5,4,5,14,545,Champions
17211,2011-11-13 12:03:00,8,2317.2200000000003,1323,150,United Kingdom,27,4,5,5,14,455,Champions
14290,2011-11-28 14:02:00,5,2314.65,915,89,United Kingdom,12,5,4,5,14,545,Champions
15365,2011-11-14 08:29:00,7,2314.32,1084,65,United Kingdom,26,4,5,5,14,455,Champions
15105,2011-11-21 16:54:00,7,2298.93,1211,90,United Kingdom,19,4,5,5,14,455,Champions
13115,2011-11-28 12:38:00,4,2294.78,1567,88,United Kingdom,12,5,4,5,14,545,Champions
12615,2011-12-07 15:02:00,4,2291.19,1376,82,France,3,5,4,5,14,545,Champions
14554,2011-11-29 16:44:00,4,2279.4900000000002,1443,147,United Kingdom,11,5,4,5,14,545,Champions
14466,2011-11-10 14:07:00,7,2272.4,1006,35,United Kingdom,30,4,5,5,14,455,Champions
16057,2011-11-23 15:23:00,7,2263.12,863,109,United Kingdom,17,4,5,5,14,455,Champions
16293,2011-11-18 09:58:00,10,2248.9900000000002,982,102,United Kingdom,22,4,5,5,14,455,Champions
13700,2011-11-13 13:00:00,10,2248.63,2281,139,United Kingdom,27,4,5,5,14,455,Champions
15811,2011-11-17 15:31:00,6,2218.62,1071,117,United Kingdom,23,4,5,5,14,455,Champions
16743,2011-11-10 13:13:00,7,2213.13,2035,89,United Kingdom,30,4,5,5,14,455,Champions
13862,2011-11-21 16:24:00,8,2209.36,1688,97,United Kingdom,19,4,5,5,14,455,Champions
13831,2011-11-23 15:41:00,6,2198.45,743,58,United Kingdom,17,4,5,5,14,455,Champions
15394,2011-11-30 11:49:00,4,2183.54,910,54,United Kingdom,10,5,4,5,14,545,Champions
16379,2011-12-05 15:38:00,4,2157.4,1410,87,United Kingdom,5,5,4,5,14,545,Champions
18061,2011-11-18 11:20:00,10,2119.41,955,18,United Kingdom,22,4,5,5,14,455,Champions
14640,2011-11-15 13:07:00,6,2107.38,880,87,United Kingdom,25,4,5,5,14,455,Champions
15058,2011-11-14 14:57:00,11,2102.54,1054,199,United Kingdom,26,4,5,5,14,455,Champions
17191,2011-11-11 16:58:00,7,2093.68,1166,163,United Kingdom,29,4,5,5,14,455,Champions
13297,2011-12-02 09:32:00,4,2089.85,963,52,United Kingdom,8,5,4,5,14,545,Champions
17768,2011-12-01 13:22:00,3,2081.9,1122,77,United Kingdom,9,5,4,5,14,545,Champions
14515,2011-11-22 11:37:00,6,2076.89,1110,68,United Kingdom,18,4,5,5,14,455,Champions
12948,2011-11-23 17:10:00,7,2064.95,1080,82,United Kingdom,17,4,5,5,14,455,Champions
12518,2011-12-09 10:13:00,5,2056.89,1318,84,Germany,1,5,4,5,14,545,Champions
17086,2011-12-02 13:54:00,6,2050.08,1859,76,United Kingdom,8,5,5,4,14,554,Champions
18283,2011-12-06 12:02:00,16,2045.53,1357,263,United Kingdom,4,5,5,4,14,554,Champions
13630,2011-12-04 15:16:00,7,2031.78,1391,51,United Kingdom,6,5,5,4,14,554,Champions
14217,2011-12-08 11:53:00,17,2004.98,689,78,United Kingdom,2,5,5,4,14,554,Champions
13305,2011-12-05 15:15:00,10,2000.86,1232,50,United Kingdom,5,5,5,4,14,554,Champions
13590,2011-11-28 12:54:00,6,1981.92,1848,70,United Kingdom,12,5,5,4,14,554,Champions
17090,2011-12-05 13:44:00,7,1974.65,903,45,United Kingdom,5,5,5,4,14,554,Champions
17218,2011-12-05 13:52:00,10,1951.97,955,146,United Kingdom,5,5,5,4,14,554,Champions
15351,2011-11-27 12:52:00,7,1934.66,742,157,United Kingdom,13,5,5,4,14,554,Champions
12528,2011-11-30 14:40:00,6,1933.48,756,50,Germany,10,5,5,4,14,554,Champions
14653,2011-12-08 13:45:00,7,1926.65,945,154,United Kingdom,2,5,5,4,14,554,Champions
16983,2011-11-27 12:10:00,7,1905.87,1335,112,United Kingdom,13,5,5,4,14,554,Champions
16942,2011-11-27 12:40:00,9,1904.99,805,159,United Kingdom,13,5,5,4,14,554,Champions
14730,2011-12-08 14:39:00,8,1897.57,1078,317,United Kingdom,2,5,5,4,14,554,Champions
13890,2011-12-08 15:36:00,10,1883.8100000000002,831,74,United Kingdom,2,5,5,4,14,554,Champions
15021,2011-12-01 11:53:00,9,1871.77,819,287,United Kingdom,9,5,5,4,14,554,Champions
17870,2011-12-07 15:07:00,12,1865.89,1351,214,United Kingdom,3,5,5,4,14,554,Champions
16426,2011-12-07 14:01:00,10,1863.76,1215,211,United Kingdom,3,5,5,4,14,554,Champions
12423,2011-12-09 10:10:00,8,1859.31,1339,97,Belgium,1,5,5,4,14,554,Champions
12963,2011-12-01 12:55:00,8,1856.63,881,75,United Kingdom,9,5,5,4,14,554,Champions
17293,2011-12-01 14:37:00,9,1854.06,1135,93,United Kingdom,9,5,5,4,14,554,Champions
16979,2011-12-06 12:21:00,6,1852.0,865,64,United Kingdom,4,5,5,4,14,554,Champions
18180,2011-12-05 08:39:00,6,1843.75,1721,108,United Kingdom,5,5,5,4,14,554,Champions
13924,2011-12-08 09:39:00,6,1838.8500000000001,1575,90,United Kingdom,2,5,5,4,14,554,Champions
17705,2011-12-06 13:45:00,9,1823.52,963,63,United Kingdom,4,5,5,4,14,554,Champions
17629,2011-12-04 10:56:00,8,1814.12,1629,106,United Kingdom,6,5,5,4,14,554,Champions
16474,2011-12-02 13:02:00,7,1810.65,909,237,United Kingdom,8,5,5,4,14,554,Champions
18179,2011-11-30 16:23:00,6,1793.17,1360,86,United Kingdom,10,5,5,4,14,554,Champions
18122,2011-12-01 13:08:00,6,1793.06,1225,239,United Kingdom,9,5,5,4,14,554,Champions
14215,2011-11-28 12:19:00,6,1789.72,1358,98,United Kingdom,12,5,5,4,14,554,Champions
16359,2011-12-02 17:04:00,9,1750.92,1183,39,United Kingdom,8,5,5,4,14,554,Champions
17451,2011-12-08 15:02:00,7,1721.4,1203,83,United Kingdom,2,5,5,4,14,554,Champions
17750,2011-12-04 14:09:00,9,1710.45,3747,101,United Kingdom,6,5,5,4,14,554,Champions
16775,2011-11-29 15:22:00,11,1691.51,439,84,United Kingdom,11,5,5,4,14,554,Champions
15214,2011-12-08 12:07:00,8,1661.44,1254,109,United Kingdom,2,5,5,4,14,554,Champions
16115,2011-11-30 11:32:00,8,1660.8799999999999,994,169,United Kingdom,10,5,5,4,14,554,Champions
16813,2011-12-01 14:03:00,10,1652.18,1501,248,United Kingdom,9,5,5,4,14,554,Champions
13012,2011-11-30 13:05:00,8,1646.8400000000001,820,67,United Kingdom,10,5,5,4,14,554,Champions
15024,2011-11-30 12:06:00,10,1636.43,902,105,United Kingdom,10,5,5,4,14,554,Champions
16987,2011-12-06 17:26:00,7,1616.8,401,74,United Kingdom,4,5,5,4,14,554,Champions
16817,2011-12-07 11:03:00,9,1604.75,822,73,United Kingdom,3,5,5,4,14,554,Champions
14178,2011-12-01 12:01:00,7,1600.26,1494,191,United Kingdom,9,5,5,4,14,554,Champions
17673,2011-12-08 12:50:00,6,1594.97,1462,118,United Kingdom,2,5,5,4,14,554,Champions
15611,2011-11-30 12:36:00,13,1591.45,504,23,United Kingdom,10,5,5,4,14,554,Champions
16790,2011-12-06 11:53:00,6,1545.6200000000001,898,88,United Kingdom,4,5,5,4,14,554,Champions
12877,2011-12-06 10:30:00,12,1535.77,1178,100,United Kingdom,4,5,5,4,14,554,Champions
16910,2011-12-05 12:51:00,8,1508.96,884,318,United Kingdom,5,5,5,4,14,554,Champions
14704,2011-11-28 12:51:00,9,1493.96,1043,288,United Kingdom,12,5,5,4,14,554,Champions
14878,2011-11-27 11:15:00,9,1476.09,799,62,United Kingdom,13,5,5,4,14,554,Champions
12826,2011-12-07 10:25:00,7,1474.72,1058,58,United Kingdom,3,5,5,4,14,554,Champions
16016,2011-12-06 14:35:00,8,1465.51,602,156,United Kingdom,4,5,5,4,14,554,Champions
14071,2011-12-06 12:27:00,8,1437.57,994,271,United Kingdom,4,5,5,4,14,554,Champions
15987,2011-11-27 15:38:00,7,1432.77,1533,110,United Kingdom,13,5,5,4,14,554,Champions
16103,2011-12-02 14:16:00,6,1429.64,558,30,United Kingdom,8,5,5,4,14,554,Champions
14901,2011-11-28 17:09:00,9,1421.29,661,73,United Kingdom,12,5,5,4,14,554,Champions
17288,2011-11-30 16:09:00,7,1417.63,1201,118,United Kingdom,10,5,5,4,14,554,Champions
14741,2011-11-28 08:48:00,6,1400.34,841,35,United Kingdom,12,5,5,4,14,554,Champions
15453,2011-12-08 10:59:00,7,1371.77,837,169,United Kingdom,2,5,5,4,14,554,Champions
17676,2011-12-05 15:16:00,6,1371.18,922,49,United Kingdom,5,5,5,4,14,554,Champions
13743,2011-12-07 10:09:00,7,1341.6,1776,8,United Kingdom,3,5,5,4,14,554,Champions
12919,2011-12-01 13:47:00,6,1335.19,673,34,United Kingdom,9,5,5,4,14,554,Champions
13232,2011-11-27 10:39:00,7,1328.35,773,147,United Kingdom,13,5,5,4,14,554,Champions
14794,2011-12-07 10:11:00,7,1319.91,673,68,United Kingdom,3,5,5,4,14,554,Champions
15602,2011-12-01 14:14:00,9,1297.8700000000001,1137,30,United Kingdom,9,5,5,4,14,554,Champions
16929,2011-12-06 08:37:00,7,1295.39,929,51,United Kingdom,4,5,5,4,14,554,Champions
16744,2011-11-28 13:06:00,7,1291.91,798,198,United Kingdom,12,5,5,4,14,554,Champions
16949,2011-12-06 11:07:00,6,1286.27,791,57,United Kingdom,4,5,5,4,14,554,Champions
16899,2011-12-02 12:03:00,6,1271.06,520,80,United Kingdom,8,5,5,4,14,554,Champions
17412,2011-12-07 11:36:00,7,1258.06,738,48,United Kingdom,3,5,5,4,14,554,Champions
15910,2011-12-09 10:51:00,8,1228.88,1013,215,United Kingdom,1,5,5,4,14,554,Champions
12464,2011-11-29 13:33:00,8,1212.05,112,6,Belgium,11,5,5,4,14,554,Champions
16794,2011-12-08 17:54:00,10,1196.5,923,142,United Kingdom,2,5,5,4,14,554,Champions
16989,2011-12-02 16:39:00,6,1133.25,1233,7,United Kingdom,8,5,5,4,14,554,Champions
14723,2011-11-29 15:23:00,6,1122.3600000000001,673,193,United Kingdom,11,5,5,4,14,554,Champions
13104,2011-12-06 13:10:00,6,1098.48,504,14,United Kingdom,4,5,5,4,14,554,Champions
13610,2011-11-27 15:38:00,7,1082.33,488,165,United Kingdom,13,5,5,4,14,554,Champions
12951,2011-12-01 12:14:00,6,1064.07,503,53,United Kingdom,9,5,5,4,14,554,Champions
14419,2011-11-29 11:22:00,6,1051.79,483,112,United Kingdom,11,5,5,4,14,554,Champions
12828,2011-12-07 08:45:00,6,1018.71,494,46,United Kingdom,3,5,5,4,14,554,Champions
14083,2011-12-05 13:14:00,9,1002.9,705,162,United Kingdom,5,5,5,4,14,554,Champions
13509,2011-12-01 10:10:00,7,979.72,1106,27,United Kingdom,9,5,5,4,14,554,Champions
17097,2011-12-07 17:05:00,8,954.42,459,153,Spain,3,5,5,4,14,554,Champions
16446,2011-12-09 09:15:00,2,168472.5,80997,3,United Kingdom,1,5,3,5,13,535,Other customers
16029,2011-11-01 10:27:00,63,80850.84,40108,44,United Kingdom,39,3,5,5,13,355,Loyal customers
12744,2011-10-19 11:18:00,7,21279.29,5241,178,Singapore,52,3,5,5,13,355,Loyal customers
12678,2011-10-28 13:04:00,12,17628.46,10923,105,France,43,3,5,5,13,355,Loyal customers
15513,2011-11-06 14:36:00,19,14758.220000000001,5709,183,United Kingdom,34,3,5,5,13,355,Loyal customers
12477,2011-11-17 09:51:00,6,13219.74,3653,191,Germany,23,4,4,5,13,445,Champions
12557,2011-11-23 16:59:00,5,11990.960000000001,4384,15,Spain,17,4,4,5,13,445,Champions
12939,2011-10-06 14:33:00,8,11581.8,4876,21,United Kingdom,65,3,5,5,13,355,Loyal customers
17107,2011-11-06 14:14:00,6,10797.48,4826,269,United Kingdom,34,3,5,5,13,355,Loyal customers
13340,2011-10-25 13:15:00,7,10736.48,5770,128,United Kingdom,46,3,5,5,13,355,Loyal customers
16843,2011-10-28 09:06:00,16,10196.57,10159,226,United Kingdom,43,3,5,5,13,355,Loyal customers
14936,2011-11-06 10:30:00,8,8137.02,4085,210,Channel Islands,34,3,5,5,13,355,Loyal customers
14952,2011-10-11 10:33:00,11,8099.49,3355,117,United Kingdom,60,3,5,5,13,355,Loyal customers
17396,2011-10-31 14:12:00,8,7330.8,2005,24,United Kingdom,40,3,5,5,13,355,Loyal customers
16729,2011-11-01 14:29:00,21,7205.33,5722,234,United Kingdom,39,3,5,5,13,355,Loyal customers
13324,2011-11-03 16:28:00,10,7121.95,5205,25,United Kingdom,37,3,5,5,13,355,Loyal customers
12798,2011-11-29 15:52:00,3,6977.04,5256,6,Japan,11,5,3,5,13,535,Other customers
12830,2011-11-02 11:54:00,6,6814.64,9848,13,United Kingdom,38,3,5,5,13,355,Loyal customers
16652,2011-10-12 09:38:00,7,6773.97,3283,74,United Kingdom,59,3,5,5,13,355,Loyal customers
16532,2011-11-22 11:08:00,3,6748.8,2016,2,United Kingdom,18,4,4,5,13,445,Champions
12431,2011-11-04 11:55:00,15,6419.95,2896,163,Australia,36,3,5,5,13,355,Loyal customers
16126,2011-11-10 16:03:00,4,6287.77,2125,57,United Kingdom,30,4,4,5,13,445,Champions
17509,2011-10-13 10:26:00,8,6083.64,3512,75,United Kingdom,58,3,5,5,13,355,Loyal customers
12637,2011-10-03 13:46:00,8,6002.9,2994,205,France,68,3,5,5,13,355,Loyal customers
14049,2011-11-23 12:20:00,4,5578.72,3808,348,United Kingdom,17,4,4,5,13,445,Champions
12539,2011-11-17 13:30:00,4,5568.35,2067,157,Spain,23,4,4,5,13,445,Champions
17719,2011-11-02 10:36:00,15,5396.04,2466,111,United Kingdom,38,3,5,5,13,355,Loyal customers
16303,2011-11-14 10:49:00,3,5360.63,2659,119,United Kingdom,26,4,4,5,13,445,Champions
18226,2011-10-26 13:36:00,11,5228.05,3466,141,United Kingdom,45,3,5,5,13,355,Loyal customers
13941,2011-11-18 09:43:00,5,5112.96,2364,24,United Kingdom,22,4,4,5,13,445,Champions
15301,2011-10-20 09:57:00,12,5049.95,2751,167,United Kingdom,51,3,5,5,13,355,Loyal customers
12444,2011-11-18 13:23:00,5,5005.46,1153,138,Norway,22,4,4,5,13,445,Champions
14004,2011-10-27 14:40:00,7,4582.64,2668,102,United Kingdom,44,3,5,5,13,355,Loyal customers
12484,2011-11-07 11:37:00,6,4527.32,2187,256,Spain,33,4,4,5,13,445,Champions
15299,2011-10-03 14:19:00,7,4507.01,2948,7,United Kingdom,68,3,5,5,13,355,Loyal customers
15874,2011-10-07 12:31:00,7,4405.88,2534,110,United Kingdom,64,3,5,5,13,355,Loyal customers
14800,2011-10-23 12:46:00,12,4331.79,3644,246,United Kingdom,48,3,5,5,13,355,Loyal customers
12449,2011-11-17 13:46:00,4,4067.29,1553,118,Belgium,23,4,4,5,13,445,Champions
12656,2011-11-22 13:42:00,5,4051.17,1723,89,France,18,4,4,5,13,445,Champions
13815,2011-11-17 14:19:00,4,4027.36,2560,132,Germany,23,4,4,5,13,445,Champions
17940,2011-10-21 13:27:00,10,4020.04,9323,6,United Kingdom,50,3,5,5,13,355,Loyal customers
12779,2011-11-02 11:43:00,8,3981.36,2024,88,Poland,38,3,5,5,13,355,Loyal customers
12473,2011-11-10 13:46:00,5,3928.0499999999997,2414,140,Germany,30,4,4,5,13,445,Champions
12597,2011-11-20 13:33:00,4,3811.22,2236,184,Spain,20,4,4,5,13,445,Champions
16019,2011-10-24 11:51:00,9,3786.2400000000002,1733,133,United Kingdom,47,3,5,5,13,355,Loyal customers
13552,2011-10-04 15:19:00,12,3740.07,1417,82,United Kingdom,67,3,5,5,13,355,Loyal customers
15622,2011-10-27 16:44:00,9,3709.56,1674,169,United Kingdom,44,3,5,5,13,355,Loyal customers
15296,2011-10-20 11:47:00,6,3672.86,1766,137,United Kingdom,51,3,5,5,13,355,Loyal customers
13327,2011-11-01 10:21:00,8,3627.77,1600,74,United Kingdom,39,3,5,5,13,355,Loyal customers
13520,2011-10-12 10:20:00,6,3624.35,1649,49,Switzerland,59,3,5,5,13,355,Loyal customers
14040,2011-10-30 12:42:00,12,3560.32,1544,146,United Kingdom,41,3,5,5,13,355,Loyal customers
17203,2011-11-04 12:27:00,6,3560.08,2846,116,United Kingdom,36,3,5,5,13,355,Loyal customers
15113,2011-11-30 08:23:00,3,3509.43,2344,77,United Kingdom,10,5,3,5,13,535,Other customers
16131,2011-10-19 11:53:00,6,3506.54,1802,55,United Kingdom,52,3,5,5,13,355,Loyal customers
13993,2011-10-28 09:06:00,9,3466.36,900,66,United Kingdom,43,3,5,5,13,355,Loyal customers
15129,2011-10-20 14:40:00,11,3447.4,1794,54,United Kingdom,51,3,5,5,13,355,Loyal customers
15974,2011-10-31 13:13:00,7,3442.15,2262,141,United Kingdom,40,3,5,5,13,355,Loyal customers
14221,2011-10-28 13:42:00,9,3432.8,2191,123,United Kingdom,43,3,5,5,13,355,Loyal customers
17669,2011-10-28 08:53:00,7,3406.7200000000003,1916,45,United Kingdom,43,3,5,5,13,355,Loyal customers
13842,2011-10-12 10:51:00,9,3385.62,1768,155,United Kingdom,59,3,5,5,13,355,Loyal customers
12594,2011-11-02 12:20:00,10,3338.2200000000003,1777,50,Italy,38,3,5,5,13,355,Loyal customers
16556,2011-10-04 11:36:00,7,3313.79,1890,144,United Kingdom,67,3,5,5,13,355,Loyal customers
14841,2011-10-17 15:03:00,6,3295.76,1778,103,United Kingdom,54,3,5,5,13,355,Loyal customers
12480,2011-11-11 14:52:00,4,3281.63,1707,129,Germany,29,4,4,5,13,445,Champions
15708,2011-10-30 10:54:00,7,3235.25,1217,124,United Kingdom,41,3,5,5,13,355,Loyal customers
16041,2011-11-09 12:25:00,3,3166.4,1584,6,United Kingdom,31,4,4,5,13,445,Champions
17863,2011-10-11 13:45:00,6,3160.0,2638,110,United Kingdom,60,3,5,5,13,355,Loyal customers
17059,2011-11-10 12:27:00,5,3080.39,1850,292,United Kingdom,30,4,4,5,13,445,Champions
15521,2011-10-30 13:42:00,8,3000.2,1836,116,United Kingdom,41,3,5,5,13,355,Loyal customers
14639,2011-10-18 15:06:00,6,2984.49,1431,138,United Kingdom,53,3,5,5,13,355,Loyal customers
16497,2011-10-21 10:55:00,6,2965.69,1396,128,United Kingdom,50,3,5,5,13,355,Loyal customers
16686,2011-10-23 13:49:00,7,2959.88,1977,406,United Kingdom,48,3,5,5,13,355,Loyal customers
16316,2011-10-06 13:48:00,8,2938.91,1484,120,United Kingdom,65,3,5,5,13,355,Loyal customers
15606,2011-10-09 15:47:00,9,2920.16,892,48,United Kingdom,62,3,5,5,13,355,Loyal customers
13451,2011-11-13 15:58:00,5,2898.2599999999998,2128,315,United Kingdom,27,4,4,5,13,445,Champions
12408,2011-11-07 12:27:00,5,2888.55,1409,81,Belgium,33,4,4,5,13,445,Champions
13735,2011-11-15 11:14:00,4,2883.54,1128,158,United Kingdom,25,4,4,5,13,445,Champions
14852,2011-10-12 13:20:00,6,2836.69,1747,96,United Kingdom,59,3,5,5,13,355,Loyal customers
14903,2011-11-18 16:07:00,5,2795.33,1531,227,United Kingdom,22,4,4,5,13,445,Champions
14626,2011-11-16 10:37:00,4,2791.27,1403,108,United Kingdom,24,4,4,5,13,445,Champions
17213,2011-10-30 14:53:00,7,2781.23,1176,85,United Kingdom,41,3,5,5,13,355,Loyal customers
12388,2011-11-24 12:30:00,6,2780.66,1462,57,Australia,16,4,4,5,13,445,Champions
16003,2011-11-10 09:57:00,5,2735.37,1185,82,United Kingdom,30,4,4,5,13,445,Champions
12380,2011-11-18 11:27:00,4,2724.81,1127,77,Belgium,22,4,4,5,13,445,Champions
17838,2011-11-13 11:20:00,5,2720.8,1831,96,United Kingdom,27,4,4,5,13,445,Champions
14125,2011-11-29 12:47:00,3,2720.63,1628,159,United Kingdom,11,5,3,5,13,535,Other customers
14808,2011-10-31 12:21:00,8,2718.6,2120,176,United Kingdom,40,3,5,5,13,355,Loyal customers
15696,2011-11-06 14:02:00,8,2711.11,1015,140,United Kingdom,34,3,5,5,13,355,Loyal customers
13285,2011-11-16 13:19:00,4,2709.12,2051,157,United Kingdom,24,4,4,5,13,445,Champions
13654,2011-10-27 16:24:00,6,2707.33,2182,157,United Kingdom,44,3,5,5,13,355,Loyal customers
14107,2011-10-19 12:12:00,7,2703.23,1793,61,United Kingdom,52,3,5,5,13,355,Loyal customers
16618,2011-11-08 13:52:00,5,2647.59,1363,79,United Kingdom,32,4,4,5,13,445,Champions
15752,2011-10-31 11:37:00,7,2626.6,1960,236,United Kingdom,40,3,5,5,13,355,Loyal customers
13644,2011-11-23 14:07:00,4,2624.26,2067,144,United Kingdom,17,4,4,5,13,445,Champions
17965,2011-11-02 09:31:00,14,2599.19,1532,274,United Kingdom,38,3,5,5,13,355,Loyal customers
13895,2011-11-11 16:57:00,4,2593.07,1365,97,United Kingdom,29,4,4,5,13,445,Champions
13911,2011-10-13 15:43:00,9,2580.91,2731,120,United Kingdom,58,3,5,5,13,355,Loyal customers
14776,2011-10-19 15:34:00,11,2538.3,3134,44,United Kingdom,52,3,5,5,13,355,Loyal customers
17700,2011-11-23 11:51:00,4,2534.64,1266,116,United Kingdom,17,4,4,5,13,445,Champions
12352,2011-11-03 14:37:00,8,2506.04,536,59,Norway,37,3,5,5,13,355,Loyal customers
16477,2011-10-07 09:44:00,7,2494.46,1415,111,United Kingdom,64,3,5,5,13,355,Loyal customers
12517,2011-11-11 14:04:00,5,2481.6,1361,232,Germany,29,4,4,5,13,445,Champions
14315,2011-10-26 12:06:00,6,2481.13,1021,64,United Kingdom,45,3,5,5,13,355,Loyal customers
17164,2011-11-07 09:14:00,7,2467.35,1501,92,United Kingdom,33,3,5,5,13,355,Loyal customers
15370,2011-10-30 10:58:00,7,2386.05,830,65,United Kingdom,41,3,5,5,13,355,Loyal customers
14239,2011-10-27 14:40:00,11,2380.85,993,83,United Kingdom,44,3,5,5,13,355,Loyal customers
12457,2011-10-04 13:13:00,7,2363.23,843,53,Switzerland,67,3,5,5,13,355,Loyal customers
17634,2011-11-03 13:09:00,9,2358.59,838,209,United Kingdom,37,3,5,5,13,355,Loyal customers
15140,2011-10-18 14:07:00,7,2354.25,1572,74,United Kingdom,53,3,5,5,13,355,Loyal customers
18259,2011-11-15 12:34:00,3,2338.6000000000004,714,27,United Kingdom,25,4,4,5,13,445,Champions
18257,2011-10-31 14:48:00,8,2337.63,1041,97,United Kingdom,40,3,5,5,13,355,Loyal customers
15281,2011-10-12 09:10:00,9,2332.15,1211,121,United Kingdom,59,3,5,5,13,355,Loyal customers
15785,2011-11-07 11:33:00,5,2328.9700000000003,1612,58,United Kingdom,33,4,4,5,13,445,Champions
17696,2011-11-01 13:43:00,8,2285.71,1756,78,United Kingdom,39,3,5,5,13,355,Loyal customers
13317,2011-10-04 13:35:00,6,2273.68,1035,100,United Kingdom,67,3,5,5,13,355,Loyal customers
17442,2011-11-03 09:17:00,6,2248.56,1496,96,United Kingdom,37,3,5,5,13,355,Loyal customers
13527,2011-11-06 12:04:00,7,2242.36,1683,153,United Kingdom,34,3,5,5,13,355,Loyal customers
14211,2011-10-17 13:23:00,9,2241.1,1242,87,United Kingdom,54,3,5,5,13,355,Loyal customers
14226,2011-11-11 11:34:00,5,2214.79,1296,64,United Kingdom,29,4,4,5,13,445,Champions
15179,2011-11-21 12:53:00,5,2206.95,1938,91,United Kingdom,19,4,4,5,13,445,Champions
15123,2011-12-02 13:12:00,2,2199.31,1195,93,United Kingdom,8,5,3,5,13,535,Other customers
16628,2011-11-10 12:45:00,5,2188.05,1205,79,United Kingdom,30,4,4,5,13,445,Champions
14341,2011-10-25 15:48:00,8,2166.98,1397,109,United Kingdom,46,3,5,5,13,355,Loyal customers
12560,2011-12-04 13:54:00,3,2134.01,1110,91,Germany,6,5,3,5,13,535,Other customers
13632,2011-11-15 10:51:00,5,2118.93,1031,121,United Kingdom,25,4,4,5,13,445,Champions
14360,2011-11-08 09:12:00,4,2118.03,1139,104,United Kingdom,32,4,4,5,13,445,Champions
18008,2011-09-30 15:17:00,9,2116.19,1581,24,United Kingdom,71,3,5,5,13,355,Loyal customers
14691,2011-11-09 12:30:00,5,2114.33,707,50,United Kingdom,31,4,4,5,13,445,Champions
12610,2011-11-17 09:34:00,5,2099.54,1049,85,Italy,23,4,4,5,13,445,Champions
14810,2011-10-30 11:19:00,11,2085.33,1015,106,United Kingdom,41,3,5,5,13,355,Loyal customers
14409,2011-09-29 18:18:00,6,2059.4500000000003,1230,40,United Kingdom,72,3,5,5,13,355,Loyal customers
14188,2011-11-09 12:45:00,6,2054.36,1162,34,United Kingdom,31,4,5,4,13,454,Champions
13495,2011-12-02 11:21:00,5,2044.8700000000001,829,34,United Kingdom,8,5,4,4,13,544,Champions
13450,2011-11-13 11:54:00,6,2043.7199999999998,1982,32,United Kingdom,27,4,5,4,13,454,Champions
16358,2011-12-08 15:09:00,4,2027.5,1302,82,United Kingdom,2,5,4,4,13,544,Champions
14482,2011-11-21 13:14:00,6,2022.81,1627,110,United Kingdom,19,4,5,4,13,454,Champions
17827,2011-12-04 15:00:00,5,1987.33,1240,190,United Kingdom,6,5,4,4,13,544,Champions
17422,2011-11-23 13:27:00,6,1979.37,2253,93,United Kingdom,17,4,5,4,13,454,Champions
17790,2011-11-13 11:30:00,14,1964.3,835,121,United Kingdom,27,4,5,4,13,454,Champions
13246,2011-11-21 16:50:00,6,1961.52,1587,110,United Kingdom,19,4,5,4,13,454,Champions
17554,2011-12-08 14:15:00,5,1952.45,1763,58,United Kingdom,2,5,4,4,13,544,Champions
14533,2011-11-15 12:05:00,7,1949.72,4019,53,United Kingdom,25,4,5,4,13,454,Champions
15864,2011-11-17 13:32:00,6,1936.3200000000002,1192,16,United Kingdom,23,4,5,4,13,454,Champions
14655,2011-12-01 16:28:00,4,1932.23,1089,35,United Kingdom,9,5,4,4,13,544,Champions
13094,2011-11-18 14:07:00,12,1927.3200000000002,1716,4,United Kingdom,22,4,5,4,13,454,Champions
17228,2011-11-24 10:24:00,8,1906.09,1532,140,United Kingdom,16,4,5,4,13,454,Champions
17368,2011-11-16 15:26:00,8,1878.87,1377,93,United Kingdom,24,4,5,4,13,454,Champions
16201,2011-12-06 16:02:00,4,1863.47,1286,74,United Kingdom,4,5,4,4,13,544,Champions
12381,2011-12-05 12:44:00,5,1845.31,808,70,Norway,5,5,4,4,13,544,Champions
17519,2011-11-22 16:43:00,6,1844.02,1236,60,United Kingdom,18,4,5,4,13,454,Champions
14524,2011-11-08 12:29:00,9,1843.83,669,161,United Kingdom,32,4,5,4,13,454,Champions
14113,2011-12-06 12:18:00,4,1840.42,745,26,United Kingdom,4,5,4,4,13,544,Champions
14216,2011-12-06 14:56:00,4,1839.3,594,47,United Kingdom,4,5,4,4,13,544,Champions
13650,2011-11-23 12:22:00,6,1836.34,922,79,United Kingdom,17,4,5,4,13,454,Champions
15203,2011-11-14 08:16:00,6,1827.8,1753,82,United Kingdom,26,4,5,4,13,454,Champions
16169,2011-12-01 15:28:00,4,1822.97,1325,71,United Kingdom,9,5,4,4,13,544,Champions
17663,2011-11-14 08:56:00,7,1802.91,797,63,United Kingdom,26,4,5,4,13,454,Champions
13196,2011-11-28 13:54:00,4,1797.78,1224,97,United Kingdom,12,5,4,4,13,544,Champions
13510,2011-12-08 13:46:00,4,1791.56,1386,86,United Kingdom,2,5,4,4,13,544,Champions
12523,2011-11-20 12:55:00,11,1789.77,865,84,France,20,4,5,4,13,454,Champions
14621,2011-12-08 16:22:00,5,1788.3600000000001,993,80,United Kingdom,2,5,4,4,13,544,Champions
14608,2011-12-05 16:52:00,4,1785.15,437,8,United Kingdom,5,5,4,4,13,544,Champions
15473,2011-11-25 15:15:00,7,1771.2,672,4,United Kingdom,15,4,5,4,13,454,Champions
16719,2011-11-25 09:27:00,7,1770.22,1175,107,United Kingdom,15,4,5,4,13,454,Champions
13456,2011-11-22 09:18:00,6,1766.72,765,43,United Kingdom,18,4,5,4,13,454,Champions
13808,2011-12-04 12:18:00,5,1747.66,782,70,United Kingdom,6,5,4,4,13,544,Champions
14595,2011-11-20 12:12:00,6,1740.6,978,94,United Kingdom,20,4,5,4,13,454,Champions
14673,2011-12-06 14:31:00,5,1736.4,1004,39,United Kingdom,4,5,4,4,13,544,Champions
14834,2011-11-22 10:30:00,6,1720.3,734,43,United Kingdom,18,4,5,4,13,454,Champions
17162,2011-11-11 11:34:00,10,1715.46,1001,81,United Kingdom,29,4,5,4,13,454,Champions
14441,2011-12-09 09:07:00,4,1712.89,446,43,United Kingdom,1,5,4,4,13,544,Champions
16791,2011-11-10 19:12:00,7,1705.78,757,218,United Kingdom,30,4,5,4,13,454,Champions
15380,2011-12-01 12:13:00,5,1690.2600000000002,376,22,United Kingdom,9,5,4,4,13,544,Champions
16638,2011-11-17 11:09:00,10,1680.72,1255,92,United Kingdom,23,4,5,4,13,454,Champions
13184,2011-11-25 12:02:00,10,1668.95,1662,138,United Kingdom,15,4,5,4,13,454,Champions
17754,2011-12-09 11:20:00,5,1664.65,1816,82,United Kingdom,1,5,4,4,13,544,Champions
12912,2011-12-07 08:55:00,5,1662.3,670,17,United Kingdom,3,5,4,4,13,544,Champions
15953,2011-11-24 15:32:00,8,1657.28,891,63,United Kingdom,16,4,5,4,13,454,Champions
16711,2011-12-06 16:32:00,5,1651.03,833,18,United Kingdom,4,5,4,4,13,544,Champions
13647,2011-11-30 12:00:00,4,1648.1200000000001,887,65,United Kingdom,10,5,4,4,13,544,Champions
12657,2011-11-28 15:47:00,4,1643.18,1044,35,France,12,5,4,4,13,544,Champions
15172,2011-12-01 11:51:00,5,1624.05,1611,106,United Kingdom,9,5,4,4,13,544,Champions
17101,2011-11-29 13:57:00,4,1621.73,815,28,United Kingdom,11,5,4,4,13,544,Champions
16992,2011-11-29 11:50:00,5,1614.31,860,84,United Kingdom,11,5,4,4,13,544,Champions
15660,2011-11-14 16:58:00,9,1600.86,1050,55,United Kingdom,26,4,5,4,13,454,Champions
16496,2011-12-01 10:31:00,3,1599.52,1111,92,United Kingdom,9,5,4,4,13,544,Champions
16332,2011-11-11 14:22:00,7,1582.8,797,125,United Kingdom,29,4,5,4,13,454,Champions
14719,2011-12-08 12:43:00,5,1581.84,1025,177,United Kingdom,2,5,4,4,13,544,Champions
14587,2011-11-21 11:34:00,9,1580.29,749,170,United Kingdom,19,4,5,4,13,454,Champions
16283,2011-12-04 12:08:00,5,1570.81,1236,117,United Kingdom,6,5,4,4,13,544,Champions
15906,2011-11-20 12:24:00,7,1567.69,544,113,United Kingdom,20,4,5,4,13,454,Champions
16365,2011-11-22 11:24:00,9,1540.42,504,45,United Kingdom,18,4,5,4,13,454,Champions
15392,2011-12-05 11:01:00,4,1535.53,1277,74,United Kingdom,5,5,4,4,13,544,Champions
14321,2011-11-29 09:47:00,5,1530.75,2406,111,United Kingdom,11,5,4,4,13,544,Champions
15701,2011-12-07 14:39:00,4,1529.0,912,193,United Kingdom,3,5,4,4,13,544,Champions
16434,2011-11-10 14:28:00,7,1511.8,760,88,United Kingdom,30,4,5,4,13,454,Champions
15916,2011-11-23 13:46:00,8,1502.8600000000001,752,124,United Kingdom,17,4,5,4,13,454,Champions
16880,2011-11-09 11:33:00,7,1491.43,746,121,United Kingdom,31,4,5,4,13,454,Champions
13110,2011-11-08 14:30:00,7,1488.67,388,109,United Kingdom,32,4,5,4,13,454,Champions
14963,2011-11-30 12:16:00,5,1472.34,1159,149,United Kingdom,10,5,4,4,13,544,Champions
17590,2011-12-07 12:55:00,3,1468.02,822,162,United Kingdom,3,5,4,4,13,544,Champions
17063,2011-11-18 16:19:00,7,1461.14,770,66,United Kingdom,22,4,5,4,13,454,Champions
16996,2011-11-09 16:43:00,6,1456.96,544,13,United Kingdom,31,4,5,4,13,454,Champions
13309,2011-12-02 16:34:00,5,1456.79,1544,82,United Kingdom,8,5,4,4,13,544,Champions
13717,2011-11-07 14:13:00,6,1445.01,1959,92,United Kingdom,33,4,5,4,13,454,Champions
13159,2011-12-01 11:20:00,4,1429.35,1058,114,United Kingdom,9,5,4,4,13,544,Champions
16173,2011-11-24 10:53:00,6,1418.32,575,70,United Kingdom,16,4,5,4,13,454,Champions
17856,2011-12-08 09:40:00,4,1418.03,842,12,United Kingdom,2,5,4,4,13,544,Champions
15237,2011-12-08 09:46:00,4,1412.32,1071,94,United Kingdom,2,5,4,4,13,544,Champions
16271,2011-12-07 12:45:00,5,1404.64,1024,89,United Kingdom,3,5,4,4,13,544,Champions
14649,2011-12-05 12:30:00,4,1402.59,1004,148,United Kingdom,5,5,4,4,13,544,Champions
16539,2011-12-07 08:41:00,4,1388.81,477,36,United Kingdom,3,5,4,4,13,544,Champions
15134,2011-11-25 08:55:00,8,1387.99,887,44,United Kingdom,15,4,5,4,13,454,Champions
12952,2011-12-04 10:35:00,4,1387.79,653,64,United Kingdom,6,5,4,4,13,544,Champions
15898,2011-12-08 15:23:00,5,1383.83,567,70,United Kingdom,2,5,4,4,13,544,Champions
14434,2011-11-18 08:56:00,6,1372.8,368,3,United Kingdom,22,4,5,4,13,454,Champions
14507,2011-11-16 12:21:00,6,1367.88,594,79,United Kingdom,24,4,5,4,13,454,Champions
14897,2011-12-02 10:32:00,4,1366.38,468,43,United Kingdom,8,5,4,4,13,544,Champions
14859,2011-11-27 11:18:00,4,1353.74,671,47,United Kingdom,13,5,4,4,13,544,Champions
18177,2011-11-08 14:44:00,6,1340.8700000000001,709,53,United Kingdom,32,4,5,4,13,454,Champions
12676,2011-11-15 12:25:00,6,1331.39,670,33,Sweden,25,4,5,4,13,454,Champions
16295,2011-11-30 08:17:00,4,1328.55,841,70,United Kingdom,10,5,4,4,13,544,Champions
14511,2011-11-28 17:05:00,5,1314.81,784,53,United Kingdom,12,5,4,4,13,544,Champions
12364,2011-12-02 10:22:00,4,1313.1,1506,70,Belgium,8,5,4,4,13,544,Champions
14047,2011-12-01 11:43:00,5,1308.6100000000001,381,22,United Kingdom,9,5,4,4,13,544,Champions
17961,2011-11-18 16:55:00,39,1296.44,560,211,United Kingdom,22,4,5,4,13,454,Champions
15621,2011-12-05 14:01:00,4,1293.03,501,11,United Kingdom,5,5,4,4,13,544,Champions
15136,2011-12-07 12:26:00,4,1286.7,776,61,United Kingdom,3,5,4,4,13,544,Champions
17350,2011-12-01 15:47:00,4,1281.32,770,66,United Kingdom,9,5,4,4,13,544,Champions
14898,2011-11-16 14:54:00,6,1269.31,1001,86,United Kingdom,24,4,5,4,13,454,Champions
16688,2011-12-08 15:24:00,4,1260.86,804,52,United Kingdom,2,5,4,4,13,544,Champions
17019,2011-11-28 13:06:00,4,1258.08,820,166,United Kingdom,12,5,4,4,13,544,Champions
14931,2011-12-05 10:19:00,5,1257.68,417,30,Channel Islands,5,5,4,4,13,544,Champions
17481,2011-12-06 12:28:00,4,1255.59,1061,69,United Kingdom,4,5,4,4,13,544,Champions
12494,2011-11-24 09:34:00,7,1246.1000000000001,707,63,France,16,4,5,4,13,454,Champions
13860,2011-12-08 12:57:00,5,1245.9,591,58,United Kingdom,2,5,4,4,13,544,Champions
16531,2011-11-17 16:29:00,7,1244.59,915,68,United Kingdom,23,4,5,4,13,454,Champions
14428,2011-12-02 13:17:00,5,1224.06,428,108,United Kingdom,8,5,4,4,13,544,Champions
14698,2011-12-08 12:26:00,5,1217.27,602,148,United Kingdom,2,5,4,4,13,544,Champions
17526,2011-12-05 11:05:00,4,1195.8999999999999,310,17,United Kingdom,5,5,4,4,13,544,Champions
15145,2011-12-05 17:21:00,4,1194.73,756,54,United Kingdom,5,5,4,4,13,544,Champions
13882,2011-12-07 11:16:00,5,1191.13,953,54,United Kingdom,3,5,4,4,13,544,Champions
15737,2011-11-25 11:21:00,8,1188.1200000000001,597,60,United Kingdom,15,4,5,4,13,454,Champions
14487,2011-11-13 12:17:00,6,1165.48,712,112,United Kingdom,27,4,5,4,13,454,Champions
17867,2011-11-09 14:15:00,6,1157.8700000000001,508,62,United Kingdom,31,4,5,4,13,454,Champions
16062,2011-11-30 12:15:00,4,1153.62,800,50,United Kingdom,10,5,4,4,13,544,Champions
17135,2011-11-23 16:48:00,7,1139.73,1224,34,United Kingdom,17,4,5,4,13,454,Champions
15500,2011-12-01 13:47:00,4,1131.56,572,64,United Kingdom,9,5,4,4,13,544,Champions
14824,2011-11-29 14:20:00,4,1127.71,525,19,United Kingdom,11,5,4,4,13,544,Champions
14129,2011-12-08 11:02:00,5,1123.8600000000001,592,31,United Kingdom,2,5,4,4,13,544,Champions
17562,2011-11-25 14:21:00,7,1122.38,817,48,United Kingdom,15,4,5,4,13,454,Champions
16833,2011-12-08 14:39:00,4,1106.53,440,46,United Kingdom,2,5,4,4,13,544,Champions
14102,2011-12-04 15:38:00,5,1105.8799999999999,769,35,United Kingdom,6,5,4,4,13,544,Champions
13064,2011-11-27 12:31:00,4,1105.59,514,51,United Kingdom,13,5,4,4,13,544,Champions
14948,2011-11-16 17:16:00,6,1101.97,673,56,United Kingdom,24,4,5,4,13,454,Champions
14744,2011-11-23 12:51:00,7,1099.98,627,21,United Kingdom,17,4,5,4,13,454,Champions
16094,2011-11-28 12:45:00,4,1078.23,647,48,United Kingdom,12,5,4,4,13,544,Champions
15712,2011-11-30 14:09:00,5,1072.3600000000001,486,41,United Kingdom,10,5,4,4,13,544,Champions
17522,2011-12-08 12:31:00,5,1070.71,1034,59,United Kingdom,2,5,4,4,13,544,Champions
17287,2011-11-13 13:27:00,7,1049.06,556,88,United Kingdom,27,4,5,4,13,454,Champions
14293,2011-12-06 15:17:00,4,1046.56,709,51,United Kingdom,4,5,4,4,13,544,Champions
15434,2011-12-01 13:33:00,5,1041.48,647,40,United Kingdom,9,5,4,4,13,544,Champions
17042,2011-12-07 12:26:00,5,1036.58,990,74,United Kingdom,3,5,4,4,13,544,Champions
12691,2011-11-11 16:49:00,6,1035.8,394,21,France,29,4,5,4,13,454,Champions
12599,2011-11-10 13:34:00,7,1032.58,956,32,France,30,4,5,4,13,454,Champions
12724,2011-12-04 16:02:00,4,1031.41,445,47,France,6,5,4,4,13,544,Champions
17405,2011-12-08 17:12:00,3,1031.41,726,77,United Kingdom,2,5,4,4,13,544,Champions
16682,2011-12-05 12:13:00,5,1028.0,1040,15,United Kingdom,5,5,4,4,13,544,Champions
13956,2011-12-04 13:20:00,5,1019.27,486,123,United Kingdom,6,5,4,4,13,544,Champions
14446,2011-12-09 11:34:00,4,1010.35,916,233,United Kingdom,1,5,4,4,13,544,Champions
13429,2011-11-29 09:10:00,4,1006.8,1390,55,United Kingdom,11,5,4,4,13,544,Champions
18237,2011-12-07 12:49:00,5,987.1,622,40,United Kingdom,3,5,4,4,13,544,Champions
14583,2011-12-04 12:32:00,5,986.96,751,243,United Kingdom,6,5,4,4,13,544,Champions
13117,2011-11-18 12:02:00,8,984.91,945,66,United Kingdom,22,4,5,4,13,454,Champions
13026,2011-12-08 16:58:00,5,975.36,1620,32,United Kingdom,2,5,4,4,13,544,Champions
13138,2011-11-17 16:51:00,6,962.39,473,31,United Kingdom,23,4,5,4,13,454,Champions
12820,2011-12-06 15:12:00,4,942.34,722,55,United Kingdom,4,5,4,4,13,544,Champions
17227,2011-11-21 10:51:00,6,939.32,741,28,United Kingdom,19,4,5,4,13,454,Champions
17236,2011-11-27 12:00:00,6,916.13,474,88,United Kingdom,13,5,5,3,13,553,Loyal customers
14289,2011-12-01 11:44:00,6,911.26,292,33,United Kingdom,9,5,5,3,13,553,Loyal customers
13782,2011-11-27 11:54:00,6,908.86,369,96,United Kingdom,13,5,5,3,13,553,Loyal customers
13991,2011-11-27 16:18:00,6,852.88,995,58,United Kingdom,13,5,5,3,13,553,Loyal customers
16877,2011-11-27 13:47:00,6,846.62,458,111,United Kingdom,13,5,5,3,13,553,Loyal customers
16600,2011-12-05 16:00:00,6,813.52,1145,50,United Kingdom,5,5,5,3,13,553,Loyal customers
17114,2011-12-04 12:17:00,8,801.12,215,85,United Kingdom,6,5,5,3,13,553,Loyal customers
16915,2011-11-30 16:39:00,6,621.6800000000001,132,46,United Kingdom,10,5,5,3,13,553,Loyal customers
16180,2011-08-31 16:28:00,8,10254.18,5867,90,United Kingdom,101,2,5,5,12,255,At-risk customers
12980,2011-07-05 09:34:00,9,7374.900000000001,886,6,United Kingdom,158,2,5,5,12,255,At-risk customers
16745,2011-09-14 11:58:00,17,7180.7,6719,148,United Kingdom,87,2,5,5,12,255,At-risk customers
13027,2011-08-18 09:39:00,6,6912.0,17280,6,United Kingdom,114,2,5,5,12,255,At-risk customers
12359,2011-10-13 12:47:00,4,6310.03,1609,214,Cyprus,58,3,4,5,12,345,Loyal customers
15939,2011-09-11 11:30:00,15,6115.01,4728,28,United Kingdom,90,2,5,5,12,255,At-risk customers
14101,2011-09-27 12:28:00,6,5976.79,6942,15,United Kingdom,74,2,5,5,12,255,At-risk customers
13316,2011-11-02 13:40:00,4,5732.93,5508,66,United Kingdom,38,3,4,5,12,345,Loyal customers
16553,2011-06-29 15:42:00,12,5719.82,4600,62,United Kingdom,164,2,5,5,12,255,At-risk customers
17061,2011-09-27 11:24:00,11,5232.2300000000005,1526,57,United Kingdom,74,2,5,5,12,255,At-risk customers
16258,2011-10-25 13:30:00,5,5203.51,2994,111,United Kingdom,46,3,4,5,12,345,Loyal customers
12432,2011-10-28 11:43:00,5,5059.32,1801,107,Norway,43,3,4,5,12,345,Loyal customers
15786,2011-10-24 14:13:00,3,4919.0,3340,257,United Kingdom,47,3,4,5,12,345,Loyal customers
14286,2011-11-16 10:34:00,3,4628.75,4338,220,United Kingdom,24,4,3,5,12,435,Other customers
14277,2011-11-24 15:01:00,3,4188.0,1976,195,France,16,4,3,5,12,435,Other customers
15416,2011-10-06 09:38:00,4,3984.32,2090,165,United Kingdom,65,3,4,5,12,345,Loyal customers
13523,2011-11-06 15:11:00,5,3964.88,1752,157,United Kingdom,34,3,4,5,12,345,Loyal customers
18073,2011-08-17 14:02:00,12,3859.82,3102,23,United Kingdom,115,2,5,5,12,255,At-risk customers
14145,2011-10-24 12:10:00,4,3742.2,756,6,United Kingdom,47,3,4,5,12,345,Loyal customers
16240,2011-11-15 14:30:00,2,3718.8,1641,126,United Kingdom,25,4,3,5,12,435,Other customers
14364,2011-08-23 11:01:00,8,3717.35,1967,61,United Kingdom,109,2,5,5,12,255,At-risk customers
17819,2011-09-29 10:52:00,7,3704.87,1031,36,United Kingdom,72,2,5,5,12,255,At-risk customers
15379,2011-06-23 13:13:00,7,3703.29,2305,145,United Kingdom,170,2,5,5,12,255,At-risk customers
15581,2011-08-11 09:38:00,13,3675.77,283,134,United Kingdom,121,2,5,5,12,255,At-risk customers
13082,2011-08-05 16:16:00,9,3613.63,4324,63,United Kingdom,127,2,5,5,12,255,At-risk customers
18079,2011-10-25 15:27:00,4,3613.15,7347,99,United Kingdom,46,3,4,5,12,345,Loyal customers
15505,2011-10-18 07:56:00,5,3610.96,2390,90,United Kingdom,53,3,4,5,12,345,Loyal customers
12370,2011-10-19 14:51:00,4,3541.94,2352,143,Cyprus,52,3,4,5,12,345,Loyal customers
15410,2011-09-16 14:47:00,8,3450.84,1200,48,United Kingdom,85,2,5,5,12,255,At-risk customers
15676,2011-11-21 12:40:00,3,3435.76,2252,191,United Kingdom,19,4,3,5,12,435,Other customers
15228,2011-10-04 13:56:00,4,3386.71,2255,110,United Kingdom,67,3,4,5,12,345,Loyal customers
12643,2011-08-03 12:56:00,6,3344.64,1808,11,France,129,2,5,5,12,255,At-risk customers
12613,2011-10-13 14:59:00,5,3344.38,1644,124,Germany,58,3,4,5,12,345,Loyal customers
13015,2011-10-17 13:19:00,5,3339.64,1609,156,United Kingdom,54,3,4,5,12,345,Loyal customers
15764,2011-09-12 17:58:00,6,3279.97,2050,150,United Kingdom,89,2,5,5,12,255,At-risk customers
17723,2011-08-04 18:37:00,6,3276.4000000000005,792,4,United Kingdom,128,2,5,5,12,255,At-risk customers
13868,2011-12-02 16:32:00,2,3192.54,1964,32,United Kingdom,8,5,2,5,12,525,New customers
14844,2011-10-07 10:41:00,4,3189.81,1833,87,United Kingdom,64,3,4,5,12,345,Loyal customers
17050,2011-09-04 13:48:00,6,3185.64,1595,169,United Kingdom,97,2,5,5,12,255,At-risk customers
15065,2011-11-02 09:45:00,4,3158.13,1383,148,United Kingdom,38,3,4,5,12,345,Loyal customers
15491,2011-09-05 15:56:00,6,3100.09,1646,108,United Kingdom,96,2,5,5,12,255,At-risk customers
14257,2011-10-06 16:54:00,5,3099.7200000000003,1682,88,United Kingdom,65,3,4,5,12,345,Loyal customers
15998,2011-11-03 12:45:00,5,3080.22,2032,370,United Kingdom,37,3,4,5,12,345,Loyal customers
13631,2011-09-01 09:57:00,11,3070.42,467,6,United Kingdom,100,2,5,5,12,255,At-risk customers
16940,2011-10-18 13:15:00,3,3049.88,2169,226,United Kingdom,53,3,4,5,12,345,Loyal customers
18094,2011-09-19 09:28:00,7,3017.3,2518,39,United Kingdom,82,2,5,5,12,255,At-risk customers
14307,2011-09-12 09:38:00,6,2995.72,2058,150,United Kingdom,89,2,5,5,12,255,At-risk customers
14842,2011-10-27 12:37:00,4,2824.69,1166,128,United Kingdom,44,3,4,5,12,345,Loyal customers
16928,2011-09-20 15:10:00,17,2814.7,2092,69,United Kingdom,81,2,5,5,12,255,At-risk customers
12356,2011-11-17 08:40:00,3,2811.43,1591,53,Portugal,23,4,3,5,12,435,Other customers
16081,2011-10-14 13:06:00,5,2799.42,1473,175,United Kingdom,57,3,4,5,12,345,Loyal customers
13174,2011-11-23 14:35:00,3,2742.82,1352,228,United Kingdom,17,4,3,5,12,435,Other customers
14854,2011-09-22 17:00:00,7,2740.03,1820,110,United Kingdom,79,2,5,5,12,255,At-risk customers
13771,2011-10-06 14:18:00,4,2634.45,1477,114,United Kingdom,65,3,4,5,12,345,Loyal customers
18260,2011-06-20 12:37:00,6,2628.35,1475,86,United Kingdom,173,2,5,5,12,255,At-risk customers
12836,2011-10-11 15:10:00,4,2610.36,1062,148,United Kingdom,60,3,4,5,12,345,Loyal customers
13136,2011-10-14 13:41:00,5,2607.61,1328,94,United Kingdom,57,3,4,5,12,345,Loyal customers
17317,2011-10-24 17:19:00,3,2600.34,1146,8,United Kingdom,47,3,4,5,12,345,Loyal customers
16919,2011-07-06 13:35:00,11,2592.25,1403,141,United Kingdom,157,2,5,5,12,255,At-risk customers
15485,2011-11-09 14:31:00,3,2564.5,1281,59,United Kingdom,31,4,3,5,12,435,Other customers
16308,2011-11-02 11:24:00,4,2560.0,8000,1,United Kingdom,38,3,4,5,12,345,Loyal customers
17589,2011-10-10 16:58:00,4,2404.17,1631,172,United Kingdom,61,3,4,5,12,345,Loyal customers
15288,2011-10-27 16:58:00,5,2306.52,775,80,United Kingdom,44,3,4,5,12,345,Loyal customers
16771,2011-11-06 13:28:00,5,2242.61,1487,200,United Kingdom,34,3,4,5,12,345,Loyal customers
15834,2011-09-30 14:41:00,4,2225.15,961,242,United Kingdom,71,3,4,5,12,345,Loyal customers
15722,2011-11-04 11:43:00,5,2211.21,1023,45,United Kingdom,36,3,4,5,12,345,Loyal customers
17591,2011-09-27 13:42:00,7,2203.67,1000,81,United Kingdom,74,2,5,5,12,255,At-risk customers
14700,2011-11-07 14:40:00,3,2195.1,1314,80,United Kingdom,33,4,3,5,12,435,Other customers
12909,2011-10-31 12:43:00,5,2178.67,1280,78,United Kingdom,40,3,4,5,12,345,Loyal customers
12633,2011-10-12 11:40:00,4,2163.98,1162,73,Germany,59,3,4,5,12,345,Loyal customers
14407,2011-08-24 14:02:00,6,2157.73,1415,67,United Kingdom,108,2,5,5,12,255,At-risk customers
17272,2011-10-28 16:37:00,4,2148.63,1778,70,United Kingdom,43,3,4,5,12,345,Loyal customers
15815,2011-10-07 12:42:00,5,2100.6,1856,33,United Kingdom,64,3,4,5,12,345,Loyal customers
16875,2011-10-03 13:39:00,5,2095.53,1069,93,United Kingdom,68,3,4,5,12,345,Loyal customers
13265,2011-10-17 15:02:00,5,2092.66,1740,66,United Kingdom,54,3,4,5,12,345,Loyal customers
12928,2011-11-04 14:24:00,5,2062.7000000000003,1472,59,United Kingdom,36,3,4,5,12,345,Loyal customers
17667,2011-10-04 14:32:00,5,2055.51,1033,85,United Kingdom,67,3,4,5,12,345,Loyal customers
17612,2011-10-17 14:59:00,6,2048.45,1808,116,United Kingdom,54,3,5,4,12,354,Loyal customers
17625,2011-11-21 13:36:00,4,2020.4,1180,223,United Kingdom,19,4,4,4,12,444,Champions
18069,2011-11-13 16:03:00,5,2009.24,1296,334,United Kingdom,27,4,4,4,12,444,Champions
18188,2011-11-24 16:46:00,3,2001.04,1168,63,United Kingdom,16,4,4,4,12,444,Champions
17088,2011-11-11 14:23:00,4,1991.01,868,96,United Kingdom,29,4,4,4,12,444,Champions
14462,2011-10-04 15:55:00,11,1980.57,956,150,United Kingdom,67,3,5,4,12,354,Loyal customers
13725,2011-10-21 10:03:00,8,1980.56,806,95,United Kingdom,50,3,5,4,12,354,Loyal customers
15531,2011-12-01 18:43:00,2,1972.39,1085,196,United Kingdom,9,5,3,4,12,534,Other customers
16341,2011-11-15 09:12:00,4,1971.87,1398,60,United Kingdom,25,4,4,4,12,444,Champions
14506,2011-11-22 13:02:00,5,1960.65,704,204,United Kingdom,18,4,4,4,12,444,Champions
15493,2011-11-07 12:04:00,5,1953.41,551,177,United Kingdom,33,4,4,4,12,444,Champions
15814,2011-11-23 08:17:00,4,1945.33,1271,63,United Kingdom,17,4,4,4,12,444,Champions
14418,2011-12-06 11:39:00,3,1937.25,1711,114,United Kingdom,4,5,3,4,12,534,Other customers
15157,2011-12-06 11:28:00,3,1936.07,2392,125,United Kingdom,4,5,3,4,12,534,Other customers
15518,2011-10-06 13:05:00,8,1921.55,1263,135,United Kingdom,65,3,5,4,12,354,Loyal customers
14285,2011-11-18 14:50:00,4,1910.01,541,18,United Kingdom,22,4,4,4,12,444,Champions
14250,2011-12-02 14:30:00,3,1904.05,1200,94,United Kingdom,8,5,3,4,12,534,Other customers
16170,2011-10-20 08:21:00,6,1885.05,1770,106,United Kingdom,51,3,5,4,12,354,Loyal customers
16128,2011-11-22 11:14:00,5,1880.22,988,76,United Kingdom,18,4,4,4,12,444,Champions
17738,2011-11-20 15:05:00,4,1879.05,1029,89,United Kingdom,20,4,4,4,12,444,Champions
17463,2011-11-23 13:40:00,5,1875.86,1086,162,United Kingdom,17,4,4,4,12,444,Champions
17469,2011-11-23 13:15:00,5,1870.97,787,61,United Kingdom,17,4,4,4,12,444,Champions
16841,2011-11-03 11:51:00,6,1869.82,2250,101,United Kingdom,37,3,5,4,12,354,Loyal customers
12950,2011-12-07 13:17:00,3,1843.0,1380,13,United Kingdom,3,5,3,4,12,534,Other customers
16455,2011-10-07 12:17:00,7,1841.18,988,69,United Kingdom,64,3,5,4,12,354,Loyal customers
17015,2011-11-11 10:45:00,3,1838.6100000000001,1978,182,United Kingdom,29,4,4,4,12,444,Champions
17702,2011-11-09 16:03:00,4,1824.37,1353,58,United Kingdom,31,4,4,4,12,444,Champions
17828,2011-11-17 08:41:00,4,1820.09,667,54,Malta,23,4,4,4,12,444,Champions
13048,2011-11-25 13:23:00,4,1819.41,1228,77,United Kingdom,15,4,4,4,12,444,Champions
15220,2011-10-19 12:39:00,6,1778.96,1393,110,United Kingdom,52,3,5,4,12,354,Loyal customers
15594,2011-11-24 08:53:00,5,1771.78,983,85,United Kingdom,16,4,4,4,12,444,Champions
15241,2011-10-04 09:05:00,8,1756.44,1818,82,United Kingdom,67,3,5,4,12,354,Loyal customers
15950,2011-11-08 11:09:00,4,1744.71,719,86,United Kingdom,32,4,4,4,12,444,Champions
15267,2011-11-17 15:59:00,5,1717.36,944,8,United Kingdom,23,4,4,4,12,444,Champions
17147,2011-11-17 12:32:00,4,1714.59,882,68,United Kingdom,23,4,4,4,12,444,Champions
12843,2011-10-05 12:09:00,8,1702.26,781,69,United Kingdom,66,3,5,4,12,354,Loyal customers
17193,2011-11-04 12:47:00,7,1699.3000000000002,1254,17,United Kingdom,36,3,5,4,12,354,Loyal customers
13824,2011-11-07 12:41:00,5,1698.94,768,34,United Kingdom,33,4,4,4,12,444,Champions
17813,2011-11-25 16:13:00,5,1698.07,752,297,United Kingdom,15,4,4,4,12,444,Champions
16671,2011-11-11 13:40:00,3,1692.27,875,3,United Kingdom,29,4,4,4,12,444,Champions
13577,2011-11-14 15:19:00,4,1687.6000000000001,791,61,United Kingdom,26,4,4,4,12,444,Champions
13149,2011-11-25 13:09:00,4,1676.06,1280,76,United Kingdom,15,4,4,4,12,444,Champions
17284,2011-10-10 14:38:00,6,1647.48,1362,229,United Kingdom,61,3,5,4,12,354,Loyal customers
14759,2011-12-05 12:03:00,3,1625.97,569,92,United Kingdom,5,5,3,4,12,534,Other customers
18161,2011-11-24 16:40:00,5,1618.69,812,49,United Kingdom,16,4,4,4,12,444,Champions
14336,2011-11-23 11:40:00,4,1614.91,1759,77,United Kingdom,17,4,4,4,12,444,Champions
14312,2011-10-24 09:46:00,6,1611.59,1012,74,United Kingdom,47,3,5,4,12,354,Loyal customers
16466,2011-11-06 11:35:00,7,1595.96,785,103,United Kingdom,34,3,5,4,12,354,Loyal customers
13614,2011-11-15 14:47:00,4,1585.46,564,171,United Kingdom,25,4,4,4,12,444,Champions
17671,2011-11-24 12:21:00,4,1572.71,772,40,United Kingdom,16,4,4,4,12,444,Champions
15532,2011-11-14 14:51:00,4,1564.73,515,205,United Kingdom,26,4,4,4,12,444,Champions
13313,2011-11-17 16:48:00,5,1555.32,851,47,United Kingdom,23,4,4,4,12,444,Champions
15117,2011-11-25 08:12:00,5,1551.78,1948,63,United Kingdom,15,4,4,4,12,444,Champions
16369,2011-11-21 16:25:00,3,1545.41,1030,91,United Kingdom,19,4,4,4,12,444,Champions
17837,2011-10-28 16:13:00,8,1541.23,510,110,United Kingdom,43,3,5,4,12,354,Loyal customers
17159,2011-11-18 10:52:00,3,1538.88,1111,96,United Kingdom,22,4,4,4,12,444,Champions
16066,2011-11-23 11:54:00,5,1521.04,935,77,United Kingdom,17,4,4,4,12,444,Champions
16748,2011-11-22 10:17:00,5,1515.9,880,42,United Kingdom,18,4,4,4,12,444,Champions
12937,2011-11-24 15:05:00,4,1504.27,1007,81,United Kingdom,16,4,4,4,12,444,Champions
16279,2011-11-18 15:00:00,3,1502.78,1046,102,United Kingdom,22,4,4,4,12,444,Champions
15530,2011-11-18 12:25:00,4,1497.31,938,90,United Kingdom,22,4,4,4,12,444,Champions
15983,2011-11-17 17:34:00,4,1465.12,886,82,United Kingdom,23,4,4,4,12,444,Champions
13477,2011-11-02 12:04:00,6,1454.58,1021,57,United Kingdom,38,3,5,4,12,354,Loyal customers
14541,2011-10-12 10:08:00,8,1453.35,641,71,United Kingdom,59,3,5,4,12,354,Loyal customers
16059,2011-10-05 09:56:00,6,1453.16,641,126,United Kingdom,66,3,5,4,12,354,Loyal customers
14404,2011-11-06 12:30:00,6,1449.32,827,70,United Kingdom,34,3,5,4,12,354,Loyal customers
17073,2011-11-22 11:47:00,4,1446.09,759,142,United Kingdom,18,4,4,4,12,444,Champions
14035,2011-11-11 10:03:00,5,1428.02,739,41,United Kingdom,29,4,4,4,12,444,Champions
15858,2011-11-24 12:48:00,5,1427.57,1163,145,United Kingdom,16,4,4,4,12,444,Champions
15681,2011-11-14 16:30:00,5,1426.16,816,32,United Kingdom,26,4,4,4,12,444,Champions
15106,2011-11-22 09:16:00,5,1422.52,1181,90,United Kingdom,18,4,4,4,12,444,Champions
16463,2011-11-18 14:01:00,4,1422.4,1163,74,United Kingdom,22,4,4,4,12,444,Champions
16571,2011-11-13 11:46:00,3,1421.69,1239,73,United Kingdom,27,4,4,4,12,444,Champions
14748,2011-11-10 18:33:00,5,1415.75,1223,87,United Kingdom,30,4,4,4,12,444,Champions
16348,2011-11-07 15:44:00,7,1415.65,805,157,United Kingdom,33,3,5,4,12,354,Loyal customers
16245,2011-11-16 10:14:00,3,1413.66,1014,80,United Kingdom,24,4,4,4,12,444,Champions
15444,2011-11-30 17:37:00,2,1411.21,759,191,United Kingdom,10,5,3,4,12,534,Other customers
15426,2011-11-20 15:36:00,5,1404.07,656,217,United Kingdom,20,4,4,4,12,444,Champions
18116,2011-10-03 11:00:00,8,1403.1100000000001,837,230,United Kingdom,68,3,5,4,12,354,Loyal customers
15563,2011-11-17 14:50:00,4,1400.44,1501,88,United Kingdom,23,4,4,4,12,444,Champions
13995,2011-11-24 14:22:00,5,1393.69,879,55,United Kingdom,16,4,4,4,12,444,Champions
12775,2011-11-22 16:33:00,5,1386.04,877,47,Netherlands,18,4,4,4,12,444,Champions
18167,2011-11-16 15:56:00,3,1384.8600000000001,382,24,United Kingdom,24,4,4,4,12,444,Champions
14116,2011-11-20 10:29:00,5,1382.74,707,61,United Kingdom,20,4,4,4,12,444,Champions
17621,2011-11-18 17:11:00,3,1379.9,514,24,United Kingdom,22,4,4,4,12,444,Champions
16726,2011-11-13 14:53:00,5,1358.74,945,121,United Kingdom,27,4,4,4,12,444,Champions
17054,2011-11-11 12:56:00,5,1356.33,804,64,United Kingdom,29,4,4,4,12,444,Champions
15116,2011-11-22 12:25:00,4,1352.75,648,37,United Kingdom,18,4,4,4,12,444,Champions
16079,2011-11-23 12:48:00,3,1352.0,864,18,United Kingdom,17,4,4,4,12,444,Champions
15411,2011-11-13 15:19:00,4,1348.93,529,86,United Kingdom,27,4,4,4,12,444,Champions
16669,2011-11-16 12:26:00,3,1348.88,881,141,United Kingdom,24,4,4,4,12,444,Champions
15059,2011-10-30 11:35:00,9,1337.72,604,161,United Kingdom,41,3,5,4,12,354,Loyal customers
17372,2011-10-30 11:37:00,8,1337.18,747,215,United Kingdom,41,3,5,4,12,354,Loyal customers
14064,2011-11-10 13:14:00,5,1334.34,1772,59,United Kingdom,30,4,4,4,12,444,Champions
15680,2011-11-30 13:46:00,3,1333.68,952,61,United Kingdom,10,5,3,4,12,534,Other customers
17932,2011-11-10 19:49:00,3,1331.57,789,84,United Kingdom,30,4,4,4,12,444,Champions
17633,2011-11-08 13:25:00,4,1324.84,644,59,United Kingdom,32,4,4,4,12,444,Champions
17095,2011-11-17 12:21:00,3,1324.16,618,69,United Kingdom,23,4,4,4,12,444,Champions
14591,2011-11-24 13:57:00,4,1320.21,1228,138,United Kingdom,16,4,4,4,12,444,Champions
12526,2011-12-09 12:09:00,3,1316.66,632,64,Germany,1,5,3,4,12,534,Other customers
14738,2011-10-28 08:56:00,7,1314.45,601,39,United Kingdom,43,3,5,4,12,354,Loyal customers
14477,2011-11-20 11:11:00,4,1309.6,720,7,United Kingdom,20,4,4,4,12,444,Champions
14297,2011-11-22 09:06:00,4,1305.33,865,48,United Kingdom,18,4,4,4,12,444,Champions
12488,2011-11-30 08:50:00,3,1298.66,529,46,France,10,5,3,4,12,534,Other customers
16464,2011-11-20 12:11:00,3,1298.66,952,152,United Kingdom,20,4,4,4,12,444,Champions
13538,2011-10-27 16:34:00,7,1280.85,175,10,United Kingdom,44,3,5,4,12,354,Loyal customers
16660,2011-11-23 14:53:00,4,1267.6499999999999,571,16,United Kingdom,17,4,4,4,12,444,Champions
15009,2011-11-27 13:35:00,3,1259.43,639,148,United Kingdom,13,5,3,4,12,534,Other customers
16639,2011-11-08 13:20:00,3,1257.51,510,48,United Kingdom,32,4,4,4,12,444,Champions
17584,2011-12-02 17:12:00,2,1242.3,458,30,United Kingdom,8,5,3,4,12,534,Other customers
14893,2011-11-30 12:31:00,2,1237.8500000000001,799,72,United Kingdom,10,5,3,4,12,534,Other customers
12997,2011-11-17 15:47:00,4,1226.89,664,45,United Kingdom,23,4,4,4,12,444,Champions
13208,2011-10-12 09:54:00,6,1217.65,803,124,United Kingdom,59,3,5,4,12,354,Loyal customers
13491,2011-10-19 08:32:00,10,1215.82,903,73,United Kingdom,52,3,5,4,12,354,Loyal customers
17410,2011-11-23 15:46:00,5,1214.72,616,57,United Kingdom,17,4,4,4,12,444,Champions
18263,2011-11-14 09:00:00,3,1213.1599999999999,1468,59,United Kingdom,26,4,4,4,12,444,Champions
16762,2011-11-20 11:43:00,3,1207.24,480,51,United Kingdom,20,4,4,4,12,444,Champions
14684,2011-11-14 11:33:00,5,1201.51,821,231,United Kingdom,26,4,4,4,12,444,Champions
13118,2011-11-20 12:46:00,5,1197.81,410,68,United Kingdom,20,4,4,4,12,444,Champions
17720,2011-11-13 15:04:00,4,1195.94,576,39,United Kingdom,27,4,4,4,12,444,Champions
17800,2011-11-02 12:57:00,9,1187.21,732,51,United Kingdom,38,3,5,4,12,354,Loyal customers
16042,2011-11-17 17:50:00,5,1177.47,743,68,United Kingdom,23,4,4,4,12,444,Champions
14737,2011-12-06 10:16:00,3,1164.55,345,15,United Kingdom,4,5,3,4,12,534,Other customers
14447,2011-11-21 08:28:00,5,1163.23,571,54,United Kingdom,19,4,4,4,12,444,Champions
13499,2011-11-22 11:21:00,5,1159.11,1365,31,United Kingdom,18,4,4,4,12,444,Champions
16184,2011-10-06 17:43:00,6,1158.79,561,26,United Kingdom,65,3,5,4,12,354,Loyal customers
17348,2011-11-25 11:25:00,5,1156.6,1398,180,United Kingdom,15,4,4,4,12,444,Champions
17500,2011-11-22 14:25:00,3,1138.0,17,3,United Kingdom,18,4,4,4,12,444,Champions
17302,2011-11-25 09:36:00,5,1135.63,575,68,United Kingdom,15,4,4,4,12,444,Champions
18125,2011-11-10 12:29:00,4,1131.75,800,164,United Kingdom,30,4,4,4,12,444,Champions
14708,2011-12-07 08:21:00,3,1126.37,621,25,United Kingdom,3,5,3,4,12,534,Other customers
16350,2011-11-18 15:53:00,4,1116.47,545,40,United Kingdom,22,4,4,4,12,444,Champions
15933,2011-11-18 13:14:00,3,1107.46,885,63,United Kingdom,22,4,4,4,12,444,Champions
13211,2011-11-29 14:43:00,3,1095.42,834,45,United Kingdom,11,5,3,4,12,534,Other customers
15745,2011-11-20 13:45:00,4,1094.59,421,57,United Kingdom,20,4,4,4,12,444,Champions
15608,2011-11-11 13:20:00,4,1093.68,714,59,United Kingdom,29,4,4,4,12,444,Champions
16533,2011-11-20 13:08:00,3,1082.81,611,112,United Kingdom,20,4,4,4,12,444,Champions
15197,2011-11-29 10:00:00,3,1079.6100000000001,469,30,United Kingdom,11,5,3,4,12,534,Other customers
13521,2011-12-08 13:50:00,3,1071.73,718,313,United Kingdom,2,5,3,4,12,534,Other customers
17041,2011-11-13 11:21:00,3,1071.49,927,59,United Kingdom,27,4,4,4,12,444,Champions
16200,2011-12-05 14:40:00,2,1068.8700000000001,516,149,United Kingdom,5,5,3,4,12,534,Other customers
16918,2011-10-21 12:50:00,6,1068.82,721,97,United Kingdom,50,3,5,4,12,354,Loyal customers
15436,2011-11-27 16:05:00,3,1067.75,574,243,United Kingdom,13,5,3,4,12,534,Other customers
15027,2011-11-09 10:16:00,4,1066.1499999999999,565,30,United Kingdom,31,4,4,4,12,444,Champions
12936,2011-11-22 17:32:00,4,1063.9,559,56,United Kingdom,18,4,4,4,12,444,Champions
18130,2011-11-24 14:40:00,3,1059.39,824,58,United Kingdom,16,4,4,4,12,444,Champions
17214,2011-10-10 13:17:00,6,1059.1200000000001,272,79,United Kingdom,61,3,5,4,12,354,Loyal customers
16416,2011-11-13 12:50:00,3,1051.4,672,59,United Kingdom,27,4,4,4,12,444,Champions
15073,2011-11-30 10:44:00,3,1043.41,491,31,United Kingdom,10,5,3,4,12,534,Other customers
13719,2011-11-24 15:26:00,5,1041.68,609,56,United Kingdom,16,4,4,4,12,444,Champions
18221,2011-11-17 14:40:00,5,1041.61,791,59,United Kingdom,23,4,4,4,12,444,Champions
14904,2011-12-07 12:55:00,2,1025.44,1985,66,United Kingdom,3,5,3,4,12,534,Other customers
17096,2011-11-24 15:01:00,4,1022.13,339,46,United Kingdom,16,4,4,4,12,444,Champions
13728,2011-11-03 10:49:00,6,1016.14,458,38,United Kingdom,37,3,5,4,12,354,Loyal customers
14214,2011-11-09 10:31:00,5,1004.38,751,64,United Kingdom,31,4,4,4,12,444,Champions
13410,2011-11-15 15:33:00,5,1003.06,518,15,United Kingdom,25,4,4,4,12,444,Champions
15110,2011-11-16 11:16:00,4,996.1,246,17,United Kingdom,24,4,4,4,12,444,Champions
17324,2011-11-22 10:34:00,4,986.48,843,43,United Kingdom,18,4,4,4,12,444,Champions
17144,2011-12-08 17:57:00,2,984.57,483,42,United Kingdom,2,5,3,4,12,534,Other customers
16085,2011-11-16 13:24:00,5,981.51,636,123,United Kingdom,24,4,4,4,12,444,Champions
15132,2011-11-21 17:10:00,5,977.9300000000001,679,49,United Kingdom,19,4,4,4,12,444,Champions
16376,2011-12-01 11:38:00,2,974.96,691,104,United Kingdom,9,5,3,4,12,534,Other customers
14522,2011-11-15 13:24:00,4,974.54,525,15,United Kingdom,25,4,4,4,12,444,Champions
12994,2011-12-05 15:43:00,3,974.4200000000001,459,52,United Kingdom,5,5,3,4,12,534,Other customers
16009,2011-11-17 16:51:00,4,972.11,366,68,United Kingdom,23,4,4,4,12,444,Champions
14138,2011-12-08 12:44:00,2,965.8800000000001,600,40,United Kingdom,2,5,3,4,12,534,Other customers
15793,2011-11-25 09:31:00,3,965.61,553,6,United Kingdom,15,4,4,4,12,444,Champions
15860,2011-10-30 11:25:00,8,965.16,437,105,United Kingdom,41,3,5,4,12,354,Loyal customers
15156,2011-12-08 18:22:00,3,961.49,597,51,United Kingdom,2,5,3,4,12,534,Other customers
14629,2011-12-05 16:55:00,2,955.26,378,133,United Kingdom,5,5,3,4,12,534,Other customers
15948,2011-12-01 15:32:00,2,955.24,567,51,United Kingdom,9,5,3,4,12,534,Other customers
14540,2011-11-30 10:15:00,3,952.66,411,64,United Kingdom,10,5,3,4,12,534,Other customers
15747,2011-11-27 12:26:00,3,946.64,466,52,United Kingdom,13,5,3,4,12,534,Other customers
14075,2011-12-05 08:38:00,3,942.26,754,33,United Kingdom,5,5,3,4,12,534,Other customers
14140,2011-12-06 09:05:00,2,935.05,811,60,United Kingdom,4,5,3,4,12,534,Other customers
17618,2011-12-04 11:50:00,3,930.28,319,56,United Kingdom,6,5,4,3,12,543,Loyal customers
13549,2011-11-14 09:20:00,7,918.2,458,37,United Kingdom,26,4,5,3,12,453,Loyal customers
14141,2011-12-07 09:53:00,4,915.13,355,27,United Kingdom,3,5,4,3,12,543,Loyal customers
17323,2011-11-24 17:29:00,7,906.52,760,125,United Kingdom,16,4,5,3,12,453,Loyal customers
15511,2011-11-28 09:43:00,5,900.53,269,117,United Kingdom,12,5,4,3,12,543,Loyal customers
16361,2011-11-30 12:32:00,4,891.21,418,87,United Kingdom,10,5,4,3,12,543,Loyal customers
15907,2011-12-06 12:21:00,3,882.72,478,175,United Kingdom,4,5,4,3,12,543,Loyal customers
18236,2011-11-10 08:06:00,6,882.24,403,42,United Kingdom,30,4,5,3,12,453,Loyal customers
17109,2011-11-10 16:59:00,6,881.29,588,107,United Kingdom,30,4,5,3,12,453,Loyal customers
16513,2011-12-05 10:18:00,4,874.59,407,33,United Kingdom,5,5,4,3,12,543,Loyal customers
16657,2011-11-30 11:48:00,4,874.43,1130,158,United Kingdom,10,5,4,3,12,543,Loyal customers
15208,2011-12-08 17:24:00,5,870.12,316,25,United Kingdom,2,5,4,3,12,543,Loyal customers
13203,2011-11-30 10:45:00,4,869.46,800,56,United Kingdom,10,5,4,3,12,543,Loyal customers
12680,2011-12-09 12:50:00,4,862.81,443,33,France,1,5,4,3,12,543,Loyal customers
14577,2011-11-27 12:47:00,4,859.71,353,86,United Kingdom,13,5,4,3,12,543,Loyal customers
15022,2011-11-28 12:35:00,4,852.39,527,96,United Kingdom,12,5,4,3,12,543,Loyal customers
18096,2011-11-28 12:44:00,3,849.06,788,157,United Kingdom,12,5,4,3,12,543,Loyal customers
17929,2011-11-28 16:01:00,4,843.0,108,4,United Kingdom,12,5,4,3,12,543,Loyal customers
17115,2011-12-01 14:30:00,3,837.5,372,33,United Kingdom,9,5,4,3,12,543,Loyal customers
15862,2011-12-01 13:28:00,4,832.88,585,142,United Kingdom,9,5,4,3,12,543,Loyal customers
12778,2011-11-20 11:30:00,6,822.23,825,40,Netherlands,20,4,5,3,12,453,Loyal customers
15561,2011-11-28 11:07:00,4,800.59,267,27,United Kingdom,12,5,4,3,12,543,Loyal customers
16438,2011-12-04 10:51:00,5,798.35,463,74,United Kingdom,6,5,4,3,12,543,Loyal customers
16759,2011-12-02 12:42:00,3,789.79,609,40,United Kingdom,8,5,4,3,12,543,Loyal customers
13323,2011-12-06 17:12:00,5,787.85,175,6,United Kingdom,4,5,4,3,12,543,Loyal customers
13884,2011-12-02 16:30:00,5,787.6,300,45,United Kingdom,8,5,4,3,12,543,Loyal customers
17006,2011-12-05 12:09:00,4,781.78,272,37,United Kingdom,5,5,4,3,12,543,Loyal customers
17411,2011-11-27 14:25:00,3,778.94,306,39,United Kingdom,13,5,4,3,12,543,Loyal customers
14883,2011-11-21 10:23:00,6,761.59,790,39,United Kingdom,19,4,5,3,12,453,Loyal customers
13950,2011-11-28 14:44:00,4,745.06,323,33,United Kingdom,12,5,4,3,12,543,Loyal customers
16891,2011-12-08 11:15:00,5,742.43,265,166,United Kingdom,2,5,4,3,12,543,Loyal customers
13077,2011-12-08 19:24:00,4,728.02,862,99,United Kingdom,2,5,4,3,12,543,Loyal customers
12723,2011-12-06 10:19:00,5,725.07,434,53,France,4,5,4,3,12,543,Loyal customers
17888,2011-11-18 13:45:00,8,716.0,973,60,United Kingdom,22,4,5,3,12,453,Loyal customers
13147,2011-11-29 13:59:00,4,712.8000000000001,144,1,United Kingdom,11,5,4,3,12,543,Loyal customers
16015,2011-12-06 10:58:00,3,704.55,907,146,United Kingdom,4,5,4,3,12,543,Loyal customers
17812,2011-11-27 11:47:00,4,699.81,329,113,United Kingdom,13,5,4,3,12,543,Loyal customers
17884,2011-12-06 11:33:00,4,695.0699999999999,817,107,United Kingdom,4,5,4,3,12,543,Loyal customers
17502,2011-11-30 13:13:00,4,689.1,376,25,United Kingdom,10,5,4,3,12,543,Loyal customers
13838,2011-12-04 11:00:00,4,674.82,254,144,United Kingdom,6,5,4,3,12,543,Loyal customers
15969,2011-12-07 11:06:00,3,666.1,124,20,United Kingdom,3,5,4,3,12,543,Loyal customers
17883,2011-12-06 17:49:00,4,664.34,374,133,United Kingdom,4,5,4,3,12,543,Loyal customers
17299,2011-11-28 12:01:00,4,656.61,668,50,United Kingdom,12,5,4,3,12,543,Loyal customers
15031,2011-12-05 14:19:00,4,653.19,400,74,United Kingdom,5,5,4,3,12,543,Loyal customers
17523,2011-11-28 13:20:00,4,652.74,872,25,United Kingdom,12,5,4,3,12,543,Loyal customers
15571,2011-11-28 10:02:00,4,650.4300000000001,264,47,United Kingdom,12,5,4,3,12,543,Loyal customers
16495,2011-12-06 13:20:00,3,648.26,328,78,United Kingdom,4,5,4,3,12,543,Loyal customers
15028,2011-12-01 14:06:00,4,627.13,459,35,United Kingdom,9,5,4,3,12,543,Loyal customers
16442,2011-12-08 11:43:00,3,609.3,443,161,United Kingdom,2,5,4,3,12,543,Loyal customers
12654,2011-11-29 10:10:00,5,601.98,264,31,Germany,11,5,4,3,12,543,Loyal customers
13558,2011-12-04 11:24:00,4,594.52,338,123,United Kingdom,6,5,4,3,12,543,Loyal customers
17014,2011-12-01 14:09:00,3,583.4300000000001,243,63,United Kingdom,9,5,4,3,12,543,Loyal customers
12695,2011-12-02 13:22:00,4,582.1,220,23,France,8,5,4,3,12,543,Loyal customers
16005,2011-11-27 13:47:00,4,578.71,280,173,United Kingdom,13,5,4,3,12,543,Loyal customers
15550,2011-12-05 15:38:00,4,575.63,295,43,United Kingdom,5,5,4,3,12,543,Loyal customers
17864,2011-11-27 11:15:00,3,554.85,706,70,United Kingdom,13,5,4,3,12,543,Loyal customers
17631,2011-12-08 09:47:00,3,528.33,334,39,United Kingdom,2,5,4,3,12,543,Loyal customers
16892,2011-12-08 13:18:00,5,518.19,236,87,United Kingdom,2,5,4,3,12,543,Loyal customers
14871,2011-12-06 13:42:00,4,501.28000000000003,179,68,United Kingdom,4,5,4,3,12,543,Loyal customers
16500,2011-12-05 12:04:00,6,400.86,123,8,United Kingdom,5,5,5,2,12,552,Potential loyalists
12536,2011-10-27 14:20:00,3,12601.830000000002,2803,260,France,44,3,3,5,11,335,Other customers
13093,2011-03-09 12:14:00,8,7832.47,3961,97,United Kingdom,276,1,5,5,11,155,At-risk customers
16182,2011-09-28 13:23:00,4,6617.65,3791,17,United Kingdom,73,2,4,5,11,245,At-risk customers
17850,2010-12-02 15:27:00,34,5391.21,1733,21,United Kingdom,373,1,5,5,11,155,At-risk customers
13505,2011-09-28 11:56:00,4,4393.63,2486,182,Switzerland,73,2,4,5,11,245,At-risk customers
14016,2011-07-01 11:29:00,4,4341.21,2125,154,EIRE,162,2,4,5,11,245,At-risk customers
13555,2011-09-27 12:36:00,4,4098.88,2636,128,United Kingdom,74,2,4,5,11,245,At-risk customers
15195,2011-12-07 12:20:00,1,3861.0,1404,1,United Kingdom,3,5,1,5,11,515,New customers
12502,2011-09-05 11:52:00,5,3723.87,820,102,Spain,96,2,4,5,11,245,At-risk customers
16253,2011-10-04 09:09:00,2,3683.86,3233,114,United Kingdom,67,3,3,5,11,335,Other customers
17230,2011-03-20 16:12:00,8,3638.41,1651,51,United Kingdom,265,1,5,5,11,155,At-risk customers
12406,2011-11-17 19:22:00,2,3415.3,1818,92,Denmark,23,4,2,5,11,425,New customers
13373,2011-10-10 10:51:00,3,3312.25,1651,135,United Kingdom,61,3,3,5,11,335,Other customers
14175,2011-10-11 11:55:00,3,3222.3,1515,139,United Kingdom,60,3,3,5,11,335,Other customers
12456,2011-10-26 14:41:00,3,3181.04,1633,105,Switzerland,45,3,3,5,11,335,Other customers
17672,2011-10-20 14:18:00,2,3178.17,1690,105,United Kingdom,51,3,3,5,11,335,Other customers
14235,2011-09-25 14:37:00,5,3144.86,1959,65,United Kingdom,76,2,4,5,11,245,At-risk customers
14565,2011-09-05 09:07:00,4,3099.12,1540,111,United Kingdom,96,2,4,5,11,245,At-risk customers
13869,2011-08-08 13:53:00,4,3083.65,1709,234,United Kingdom,124,2,4,5,11,245,At-risk customers
16709,2011-09-16 10:56:00,5,3029.87,851,64,United Kingdom,85,2,4,5,11,245,At-risk customers
17504,2011-05-17 12:59:00,9,2997.0299999999997,1664,112,United Kingdom,207,1,5,5,11,155,At-risk customers
12916,2011-07-24 10:35:00,4,2944.95,1083,53,United Kingdom,139,2,4,5,11,245,At-risk customers
17444,2011-07-15 12:05:00,3,2940.04,2119,132,Canada,148,2,4,5,11,245,At-risk customers
12438,2011-11-25 13:28:00,2,2906.85,1180,84,Norway,15,4,2,5,11,425,New customers
13901,2011-09-28 14:48:00,5,2867.2,1739,144,United Kingdom,73,2,4,5,11,245,At-risk customers
14535,2011-10-10 15:39:00,3,2854.84,1824,280,United Kingdom,61,3,3,5,11,335,Other customers
12578,2011-11-18 13:30:00,2,2794.51,1196,111,Italy,22,4,2,5,11,425,New customers
15321,2011-09-30 09:40:00,3,2748.31,1181,83,United Kingdom,71,3,3,5,11,335,Other customers
17084,2011-11-04 14:54:00,2,2747.9900000000002,1702,146,United Kingdom,36,3,3,5,11,335,Other customers
12840,2011-07-19 09:29:00,4,2726.77,1511,67,United Kingdom,144,2,4,5,11,245,At-risk customers
15673,2011-09-12 16:12:00,4,2726.23,1451,107,United Kingdom,89,2,4,5,11,245,At-risk customers
12360,2011-10-18 15:22:00,3,2662.06,1165,105,Austria,53,3,3,5,11,335,Other customers
12520,2011-09-21 15:23:00,5,2634.26,1439,121,Germany,80,2,4,5,11,245,At-risk customers
13344,2011-10-03 09:45:00,3,2511.69,952,115,United Kingdom,68,3,3,5,11,335,Other customers
12455,2011-09-27 15:31:00,6,2466.86,2089,85,Cyprus,74,2,4,5,11,245,At-risk customers
15674,2011-09-27 15:17:00,5,2446.6,1275,88,United Kingdom,74,2,4,5,11,245,At-risk customers
14163,2011-09-13 15:18:00,4,2445.91,893,36,United Kingdom,88,2,4,5,11,245,At-risk customers
17722,2011-09-04 15:22:00,4,2424.04,1595,111,United Kingdom,97,2,4,5,11,245,At-risk customers
15980,2011-09-12 09:41:00,3,2398.86,1560,40,United Kingdom,89,2,4,5,11,245,At-risk customers
13141,2011-09-16 09:54:00,5,2388.75,1548,113,United Kingdom,85,2,4,5,11,245,At-risk customers
13908,2011-09-21 11:49:00,4,2369.55,1478,104,United Kingdom,80,2,4,5,11,245,At-risk customers
17313,2011-11-08 15:45:00,1,2328.84,1402,24,United Kingdom,32,4,2,5,11,425,New customers
16550,2011-08-23 11:12:00,5,2298.97,1540,162,United Kingdom,109,2,4,5,11,245,At-risk customers
15704,2011-07-22 13:35:00,4,2293.62,1028,79,United Kingdom,141,2,4,5,11,245,At-risk customers
16209,2011-09-12 11:58:00,5,2262.62,1179,37,United Kingdom,89,2,4,5,11,245,At-risk customers
15235,2011-05-06 09:44:00,12,2247.51,1324,132,United Kingdom,218,1,5,5,11,155,At-risk customers
16735,2011-09-22 11:49:00,5,2247.41,1532,88,United Kingdom,79,2,4,5,11,245,At-risk customers
18242,2011-09-28 13:43:00,4,2232.4900000000002,1017,72,United Kingdom,73,2,4,5,11,245,At-risk customers
15797,2011-08-18 17:04:00,4,2207.4,873,8,United Kingdom,114,2,4,5,11,245,At-risk customers
16456,2011-09-01 13:50:00,5,2158.18,1147,80,United Kingdom,100,2,4,5,11,245,At-risk customers
13517,2011-10-11 11:43:00,3,2128.42,1369,125,United Kingdom,60,3,3,5,11,335,Other customers
18173,2011-09-14 11:26:00,4,2106.84,1220,23,United Kingdom,87,2,4,5,11,245,At-risk customers
18093,2011-09-07 15:43:00,4,2106.52,1392,31,United Kingdom,94,2,4,5,11,245,At-risk customers
17400,2011-08-05 15:38:00,5,2097.84,1088,175,United Kingdom,127,2,4,5,11,245,At-risk customers
14306,2011-10-19 13:23:00,2,2093.32,1075,33,United Kingdom,52,3,3,5,11,335,Other customers
16150,2011-10-28 12:39:00,5,2053.02,1047,91,United Kingdom,43,3,4,4,11,344,Loyal customers
14232,2011-10-28 11:09:00,5,2048.07,1941,81,United Kingdom,43,3,4,4,11,344,Loyal customers
16409,2011-11-03 16:45:00,5,2022.98,1304,145,United Kingdom,37,3,4,4,11,344,Loyal customers
16098,2011-09-13 09:59:00,7,2005.63,613,34,United Kingdom,88,2,5,4,11,254,At-risk customers
14544,2011-11-15 15:06:00,2,2004.3,1536,97,United Kingdom,25,4,3,4,11,434,Other customers
12674,2011-11-01 12:12:00,4,1970.6,1133,52,France,39,3,4,4,11,344,Loyal customers
17997,2011-09-26 16:13:00,8,1962.46,2273,133,United Kingdom,75,2,5,4,11,254,At-risk customers
14498,2011-10-28 12:09:00,5,1957.32,1098,162,United Kingdom,43,3,4,4,11,344,Loyal customers
12853,2011-07-28 11:29:00,6,1957.1000000000001,800,66,United Kingdom,135,2,5,4,11,254,At-risk customers
14210,2011-08-26 12:36:00,6,1905.8400000000001,760,66,United Kingdom,106,2,5,4,11,254,At-risk customers
15819,2011-10-21 14:50:00,4,1905.45,1357,96,United Kingdom,50,3,4,4,11,344,Loyal customers
12762,2011-12-02 10:23:00,2,1898.52,1227,62,Portugal,8,5,2,4,11,524,New customers
15367,2011-10-13 14:13:00,4,1877.59,1057,91,United Kingdom,58,3,4,4,11,344,Loyal customers
16986,2011-11-10 11:55:00,2,1873.2,1040,3,United Kingdom,30,4,3,4,11,434,Other customers
13982,2011-10-31 16:24:00,4,1871.81,1136,72,United Kingdom,40,3,4,4,11,344,Loyal customers
14472,2011-08-28 11:01:00,8,1852.67,1135,153,United Kingdom,104,2,5,4,11,254,At-risk customers
16102,2011-10-28 13:19:00,3,1842.14,942,41,United Kingdom,43,3,4,4,11,344,Loyal customers
18287,2011-10-28 09:29:00,3,1837.28,1586,59,United Kingdom,43,3,4,4,11,344,Loyal customers
15827,2011-09-27 15:35:00,14,1836.0900000000001,882,72,United Kingdom,74,2,5,4,11,254,At-risk customers
14665,2011-10-10 09:14:00,5,1835.7,740,63,United Kingdom,61,3,4,4,11,344,Loyal customers
16153,2011-10-21 10:50:00,5,1824.23,1073,78,United Kingdom,50,3,4,4,11,344,Loyal customers
15260,2011-08-31 13:55:00,7,1810.77,885,62,United Kingdom,101,2,5,4,11,254,At-risk customers
13481,2011-10-25 09:07:00,5,1804.56,1142,98,United Kingdom,46,3,4,4,11,344,Loyal customers
16249,2011-10-18 10:07:00,5,1800.07,950,67,United Kingdom,53,3,4,4,11,344,Loyal customers
17648,2011-10-10 09:41:00,4,1797.5,487,81,United Kingdom,61,3,4,4,11,344,Loyal customers
13875,2011-10-17 09:36:00,5,1786.79,1316,79,United Kingdom,54,3,4,4,11,344,Loyal customers
12645,2011-11-06 12:38:00,4,1775.18,1084,58,Germany,34,3,4,4,11,344,Loyal customers
17092,2011-10-20 19:51:00,4,1774.03,1130,99,United Kingdom,51,3,4,4,11,344,Loyal customers
16681,2011-09-28 11:11:00,6,1770.34,1407,18,United Kingdom,73,2,5,4,11,254,At-risk customers
13157,2011-10-21 13:50:00,4,1741.22,1439,69,United Kingdom,50,3,4,4,11,344,Loyal customers
17930,2011-11-04 10:23:00,5,1740.48,1594,26,United Kingdom,36,3,4,4,11,344,Loyal customers
15050,2011-11-14 16:17:00,3,1737.69,1216,68,United Kingdom,26,4,3,4,11,434,Other customers
17043,2011-11-07 15:33:00,4,1735.18,998,100,United Kingdom,33,3,4,4,11,344,Loyal customers
14387,2011-11-07 12:29:00,3,1727.6,795,125,United Kingdom,33,4,3,4,11,434,Other customers
12407,2011-10-21 10:11:00,5,1708.1200000000001,1416,57,Belgium,50,3,4,4,11,344,Loyal customers
15240,2011-10-26 09:50:00,5,1706.57,1369,58,United Kingdom,45,3,4,4,11,344,Loyal customers
16007,2011-10-23 11:05:00,4,1693.81,1388,221,United Kingdom,48,3,4,4,11,344,Loyal customers
12530,2011-10-11 12:34:00,4,1662.28,913,51,Germany,60,3,4,4,11,344,Loyal customers
15826,2011-10-14 16:05:00,3,1654.31,963,64,United Kingdom,57,3,4,4,11,344,Loyal customers
13750,2011-10-17 12:16:00,5,1647.26,516,20,United Kingdom,54,3,4,4,11,344,Loyal customers
13627,2011-10-11 14:20:00,5,1638.47,1269,84,United Kingdom,60,3,4,4,11,344,Loyal customers
16515,2011-10-18 13:10:00,5,1624.14,826,89,United Kingdom,53,3,4,4,11,344,Loyal customers
12947,2011-07-19 10:06:00,6,1603.99,1165,83,United Kingdom,144,2,5,4,11,254,At-risk customers
16676,2011-11-06 12:01:00,4,1592.1200000000001,636,75,United Kingdom,34,3,4,4,11,344,Loyal customers
14970,2011-10-02 13:44:00,4,1592.06,250,24,United Kingdom,69,3,4,4,11,344,Loyal customers
15111,2011-11-10 16:58:00,3,1567.48,710,70,United Kingdom,30,4,3,4,11,434,Other customers
16394,2011-10-14 09:48:00,5,1555.34,2604,61,United Kingdom,57,3,4,4,11,344,Loyal customers
13634,2011-11-06 13:40:00,5,1547.3600000000001,700,156,United Kingdom,34,3,4,4,11,344,Loyal customers
13107,2011-10-26 14:52:00,4,1531.6200000000001,1293,54,United Kingdom,45,3,4,4,11,344,Loyal customers
13213,2011-10-14 11:42:00,5,1520.58,1360,82,United Kingdom,57,3,4,4,11,344,Loyal customers
16053,2011-11-07 11:21:00,2,1511.95,1793,81,United Kingdom,33,4,3,4,11,434,Other customers
13810,2011-11-11 08:33:00,3,1499.01,312,32,Germany,29,4,3,4,11,434,Other customers
14414,2011-09-09 12:09:00,7,1496.98,2512,79,United Kingdom,92,2,5,4,11,254,At-risk customers
13692,2011-11-15 11:17:00,3,1488.32,1226,48,United Kingdom,25,4,3,4,11,434,Other customers
16395,2011-10-10 12:50:00,5,1482.06,1472,150,United Kingdom,61,3,4,4,11,344,Loyal customers
18016,2011-11-07 13:25:00,5,1477.66,1027,90,United Kingdom,33,3,4,4,11,344,Loyal customers
15128,2011-10-10 13:54:00,4,1471.0,1343,74,United Kingdom,61,3,4,4,11,344,Loyal customers
12882,2011-11-30 16:18:00,2,1463.04,246,12,United Kingdom,10,5,2,4,11,524,New customers
14233,2011-10-21 15:54:00,4,1462.72,680,30,United Kingdom,50,3,4,4,11,344,Loyal customers
17175,2011-10-26 15:31:00,4,1443.69,866,42,United Kingdom,45,3,4,4,11,344,Loyal customers
17571,2011-10-20 15:57:00,4,1425.67,876,247,United Kingdom,51,3,4,4,11,344,Loyal customers
14443,2011-10-17 10:10:00,4,1420.2,938,84,United Kingdom,54,3,4,4,11,344,Loyal customers
16012,2011-11-04 13:25:00,3,1415.29,799,87,United Kingdom,36,3,4,4,11,344,Loyal customers
13516,2011-11-18 13:15:00,3,1389.41,985,43,United Kingdom,22,4,3,4,11,434,Other customers
13308,2011-11-17 09:31:00,3,1385.51,843,49,United Kingdom,23,4,3,4,11,434,Other customers
15051,2011-11-16 15:38:00,3,1383.3600000000001,1010,130,United Kingdom,24,4,3,4,11,434,Other customers
16389,2011-10-17 14:41:00,4,1382.07,1242,33,United Kingdom,54,3,4,4,11,344,Loyal customers
13813,2011-10-31 10:38:00,4,1366.8600000000001,552,54,Germany,40,3,4,4,11,344,Loyal customers
12646,2011-12-05 10:14:00,2,1346.97,897,43,USA,5,5,2,4,11,524,New customers
15398,2011-11-23 16:47:00,2,1345.53,769,60,United Kingdom,17,4,3,4,11,434,Other customers
12463,2011-10-17 13:44:00,4,1344.78,776,65,Belgium,54,3,4,4,11,344,Loyal customers
12620,2011-11-25 10:20:00,3,1339.41,1181,89,France,15,4,3,4,11,434,Other customers
16110,2011-10-25 14:35:00,3,1320.95,720,283,United Kingdom,46,3,4,4,11,344,Loyal customers
14921,2011-11-09 13:17:00,2,1316.07,953,78,United Kingdom,31,4,3,4,11,434,Other customers
12576,2011-11-04 10:11:00,5,1315.83,967,72,Poland,36,3,4,4,11,344,Loyal customers
16040,2011-10-05 13:47:00,3,1313.55,684,57,United Kingdom,66,3,4,4,11,344,Loyal customers
16120,2011-10-11 14:22:00,4,1309.14,878,26,United Kingdom,60,3,4,4,11,344,Loyal customers
13168,2011-11-03 12:56:00,4,1299.59,670,102,United Kingdom,37,3,4,4,11,344,Loyal customers
16224,2011-10-13 17:51:00,4,1295.3,1116,90,United Kingdom,58,3,4,4,11,344,Loyal customers
15494,2011-11-18 14:51:00,2,1280.58,1139,120,United Kingdom,22,4,3,4,11,434,Other customers
12630,2011-11-30 10:48:00,2,1270.88,548,60,Finland,10,5,2,4,11,524,New customers
14916,2011-09-30 09:20:00,4,1268.98,1136,72,United Kingdom,71,3,4,4,11,344,Loyal customers
15199,2011-10-11 15:12:00,4,1268.7,396,5,United Kingdom,60,3,4,4,11,344,Loyal customers
17158,2011-11-07 15:15:00,3,1266.97,778,53,United Kingdom,33,3,4,4,11,344,Loyal customers
15497,2011-11-22 11:51:00,2,1262.2,624,13,United Kingdom,18,4,3,4,11,434,Other customers
17262,2011-10-18 12:56:00,5,1253.3600000000001,367,9,United Kingdom,53,3,4,4,11,344,Loyal customers
13029,2011-11-09 09:13:00,3,1247.5,134,8,United Kingdom,31,4,3,4,11,434,Other customers
12985,2011-12-09 10:46:00,2,1239.38,1533,73,United Kingdom,1,5,2,4,11,524,New customers
18080,2011-11-21 08:02:00,2,1231.5,642,2,United Kingdom,19,4,3,4,11,434,Other customers
18171,2011-10-12 09:13:00,5,1231.31,481,43,United Kingdom,59,3,4,4,11,344,Loyal customers
14913,2011-11-04 08:29:00,4,1227.43,1743,76,United Kingdom,36,3,4,4,11,344,Loyal customers
15227,2011-11-03 11:59:00,5,1219.4,750,43,United Kingdom,37,3,4,4,11,344,Loyal customers
16653,2011-11-23 14:51:00,2,1212.66,733,67,United Kingdom,17,4,3,4,11,434,Other customers
17653,2011-11-03 12:46:00,4,1207.56,1409,44,United Kingdom,37,3,4,4,11,344,Loyal customers
15605,2011-11-03 14:17:00,5,1198.23,441,61,United Kingdom,37,3,4,4,11,344,Loyal customers
16612,2011-11-07 07:38:00,4,1187.66,506,48,United Kingdom,33,3,4,4,11,344,Loyal customers
16950,2011-10-14 09:06:00,3,1178.56,644,39,United Kingdom,57,3,4,4,11,344,Loyal customers
13752,2011-08-07 14:16:00,6,1175.38,874,64,United Kingdom,125,2,5,4,11,254,At-risk customers
12640,2011-11-16 11:52:00,3,1174.58,311,47,France,24,4,3,4,11,434,Other customers
12358,2011-12-08 10:26:00,2,1168.06,248,13,Austria,2,5,2,4,11,524,New customers
13500,2011-11-16 15:35:00,3,1166.77,609,60,United Kingdom,24,4,3,4,11,434,Other customers
16800,2011-11-28 14:06:00,1,1162.65,524,148,United Kingdom,12,5,2,4,11,524,New customers
15088,2011-11-18 13:14:00,2,1160.07,460,53,United Kingdom,22,4,3,4,11,434,Other customers
18168,2011-06-16 19:21:00,6,1160.04,592,97,United Kingdom,177,2,5,4,11,254,At-risk customers
16637,2011-11-07 13:17:00,4,1154.47,927,66,United Kingdom,33,3,4,4,11,344,Loyal customers
15489,2011-11-17 08:53:00,3,1134.28,608,47,United Kingdom,23,4,3,4,11,434,Other customers
13282,2011-11-21 15:33:00,3,1132.14,307,29,United Kingdom,19,4,3,4,11,434,Other customers
13310,2011-11-11 17:23:00,3,1132.03,587,65,United Kingdom,29,4,3,4,11,434,Other customers
13447,2011-11-16 13:38:00,3,1129.14,584,55,United Kingdom,24,4,3,4,11,434,Other customers
17470,2011-10-26 12:42:00,5,1125.07,1675,67,United Kingdom,45,3,4,4,11,344,Loyal customers
16086,2011-10-11 13:09:00,5,1121.39,511,24,United Kingdom,60,3,4,4,11,344,Loyal customers
17894,2011-09-29 09:23:00,8,1118.96,404,127,United Kingdom,72,2,5,4,11,254,At-risk customers
12679,2011-10-12 12:30:00,4,1113.02,554,43,France,59,3,4,4,11,344,Loyal customers
17609,2011-10-30 12:28:00,5,1105.78,719,199,United Kingdom,41,3,4,4,11,344,Loyal customers
14410,2011-09-08 15:08:00,9,1100.27,567,153,United Kingdom,93,2,5,4,11,254,At-risk customers
17966,2011-11-02 10:26:00,5,1098.43,2571,53,United Kingdom,38,3,4,4,11,344,Loyal customers
16225,2011-10-26 08:30:00,5,1096.32,493,109,United Kingdom,45,3,4,4,11,344,Loyal customers
15763,2011-11-08 09:44:00,2,1086.92,271,58,United Kingdom,32,4,3,4,11,434,Other customers
16049,2011-10-30 13:19:00,3,1074.81,763,248,United Kingdom,41,3,4,4,11,344,Loyal customers
13131,2011-11-16 13:21:00,3,1073.3,447,30,United Kingdom,24,4,3,4,11,434,Other customers
15238,2011-11-10 14:28:00,3,1071.99,692,49,United Kingdom,30,4,3,4,11,434,Other customers
13467,2011-11-29 10:01:00,2,1071.91,580,89,United Kingdom,11,5,2,4,11,524,New customers
15801,2011-10-24 13:52:00,3,1063.95,570,61,United Kingdom,47,3,4,4,11,344,Loyal customers
15706,2011-10-07 10:09:00,4,1060.56,321,50,United Kingdom,64,3,4,4,11,344,Loyal customers
15977,2011-11-22 13:29:00,2,1054.73,1016,48,United Kingdom,18,4,3,4,11,434,Other customers
12716,2011-12-06 08:55:00,2,1053.49,708,60,France,4,5,2,4,11,524,New customers
14078,2011-08-30 12:16:00,6,1049.37,310,46,United Kingdom,102,2,5,4,11,254,At-risk customers
15839,2011-11-06 13:54:00,3,1048.49,675,56,United Kingdom,34,3,4,4,11,344,Loyal customers
16728,2011-10-24 14:36:00,4,1048.28,671,218,United Kingdom,47,3,4,4,11,344,Loyal customers
15407,2011-11-06 11:55:00,4,1046.74,552,142,United Kingdom,34,3,4,4,11,344,Loyal customers
15996,2011-09-12 15:14:00,6,1032.58,380,103,United Kingdom,89,2,5,4,11,254,At-risk customers
12572,2011-12-01 09:20:00,2,1020.42,452,53,Germany,9,5,2,4,11,524,New customers
12642,2011-11-14 15:03:00,3,1013.26,552,39,Germany,26,4,3,4,11,434,Other customers
17951,2011-10-31 12:30:00,3,1008.5400000000001,616,18,United Kingdom,40,3,4,4,11,344,Loyal customers
13867,2011-11-08 15:48:00,3,1005.09,501,51,United Kingdom,32,4,3,4,11,434,Other customers
16232,2011-10-27 12:16:00,4,990.88,550,24,United Kingdom,44,3,4,4,11,344,Loyal customers
15062,2011-09-29 16:51:00,4,987.86,763,47,United Kingdom,72,3,4,4,11,344,Loyal customers
16188,2011-10-26 12:19:00,4,981.86,782,65,United Kingdom,45,3,4,4,11,344,Loyal customers
12541,2011-11-10 10:40:00,3,981.18,680,46,Spain,30,4,3,4,11,434,Other customers
18170,2011-11-06 14:35:00,3,980.31,409,29,United Kingdom,34,3,4,4,11,344,Loyal customers
15449,2011-11-13 15:02:00,3,974.52,812,47,United Kingdom,27,4,3,4,11,434,Other customers
15506,2011-11-17 12:11:00,3,972.08,842,121,United Kingdom,23,4,3,4,11,434,Other customers
13155,2011-11-06 15:41:00,4,971.76,497,67,United Kingdom,34,3,4,4,11,344,Loyal customers
17100,2011-11-21 16:36:00,2,971.74,800,65,United Kingdom,19,4,3,4,11,434,Other customers
16419,2011-08-19 12:33:00,6,958.71,428,36,United Kingdom,113,2,5,4,11,254,At-risk customers
12697,2011-11-11 08:47:00,3,957.59,508,37,Sweden,29,4,3,4,11,434,Other customers
15835,2011-10-26 15:47:00,4,954.09,439,47,United Kingdom,45,3,4,4,11,344,Loyal customers
15421,2011-10-12 09:20:00,4,950.36,500,40,United Kingdom,59,3,4,4,11,344,Loyal customers
13636,2011-11-03 10:30:00,5,949.12,592,57,United Kingdom,37,3,4,4,11,344,Loyal customers
15289,2011-11-10 13:49:00,3,939.78,1008,43,United Kingdom,30,4,3,4,11,434,Other customers
17527,2011-10-17 12:32:00,4,939.37,488,45,United Kingdom,54,3,4,4,11,344,Loyal customers
16027,2011-09-09 10:47:00,6,934.62,1147,11,United Kingdom,92,2,5,4,11,254,At-risk customers
15787,2011-11-13 14:55:00,3,933.26,534,156,United Kingdom,27,4,4,3,11,443,Loyal customers
17289,2011-11-08 12:01:00,3,931.02,513,86,United Kingdom,32,4,4,3,11,443,Loyal customers
16907,2011-11-10 18:04:00,5,928.76,286,89,United Kingdom,30,4,4,3,11,443,Loyal customers
15654,2011-11-30 13:08:00,2,922.53,475,15,United Kingdom,10,5,3,3,11,533,Potential loyalists
13984,2011-11-13 12:38:00,5,920.51,679,14,United Kingdom,27,4,4,3,11,443,Loyal customers
16511,2011-11-18 10:41:00,3,918.33,405,135,United Kingdom,22,4,4,3,11,443,Loyal customers
15253,2011-11-23 16:22:00,5,918.1999999999999,866,52,United Kingdom,17,4,4,3,11,443,Loyal customers
16809,2011-11-16 15:45:00,5,914.69,652,79,United Kingdom,24,4,4,3,11,443,Loyal customers
17007,2011-10-20 10:47:00,6,889.9300000000001,597,50,United Kingdom,51,3,5,3,11,353,Loyal customers
16900,2011-11-23 10:32:00,3,887.11,833,78,United Kingdom,17,4,4,3,11,443,Loyal customers
14623,2011-11-07 13:56:00,5,886.7,418,108,United Kingdom,33,4,4,3,11,443,Loyal customers
14449,2011-11-21 12:06:00,4,885.8,741,201,United Kingdom,19,4,4,3,11,443,Loyal customers
15822,2011-12-06 14:50:00,2,885.47,375,28,United Kingdom,4,5,3,3,11,533,Potential loyalists
13200,2011-11-20 15:35:00,4,870.09,516,42,United Kingdom,20,4,4,3,11,443,Loyal customers
17566,2011-12-01 19:54:00,2,869.77,497,113,United Kingdom,9,5,3,3,11,533,Potential loyalists
17886,2011-11-08 10:09:00,3,869.28,469,93,United Kingdom,32,4,4,3,11,443,Loyal customers
14715,2011-11-15 12:10:00,4,867.38,521,60,United Kingdom,25,4,4,3,11,443,Loyal customers
14597,2011-11-28 13:13:00,2,866.24,566,45,United Kingdom,12,5,3,3,11,533,Potential loyalists
14553,2011-11-20 13:20:00,5,859.27,493,103,United Kingdom,20,4,4,3,11,443,Loyal customers
16020,2011-11-23 11:18:00,3,851.01,487,42,United Kingdom,17,4,4,3,11,443,Loyal customers
14657,2011-11-22 12:47:00,4,848.22,466,103,United Kingdom,18,4,4,3,11,443,Loyal customers
16347,2011-11-28 13:14:00,2,847.45,341,61,United Kingdom,12,5,3,3,11,533,Potential loyalists
13940,2011-11-22 15:15:00,4,839.14,516,39,United Kingdom,18,4,4,3,11,443,Loyal customers
13835,2011-11-14 15:37:00,4,834.57,442,48,United Kingdom,26,4,4,3,11,443,Loyal customers
17075,2011-11-22 11:58:00,4,834.12,292,62,United Kingdom,18,4,4,3,11,443,Loyal customers
16924,2011-11-18 12:53:00,3,829.89,467,69,United Kingdom,22,4,4,3,11,443,Loyal customers
13681,2011-11-22 11:13:00,4,827.83,360,37,United Kingdom,18,4,4,3,11,443,Loyal customers
16164,2011-11-22 15:04:00,3,822.48,433,27,United Kingdom,18,4,4,3,11,443,Loyal customers
17759,2011-11-22 16:02:00,3,819.96,697,82,United Kingdom,18,4,4,3,11,443,Loyal customers
16869,2011-11-17 12:02:00,4,817.12,583,113,United Kingdom,23,4,4,3,11,443,Loyal customers
15399,2011-12-08 13:04:00,3,815.77,611,45,United Kingdom,2,5,3,3,11,533,Potential loyalists
16460,2011-11-11 13:46:00,3,811.23,876,128,United Kingdom,29,4,4,3,11,443,Loyal customers
15965,2011-11-22 16:44:00,4,808.87,434,88,United Kingdom,18,4,4,3,11,443,Loyal customers
12421,2011-11-24 09:07:00,4,807.04,484,32,Spain,16,4,4,3,11,443,Loyal customers
13389,2011-11-28 14:01:00,3,797.96,429,50,United Kingdom,12,5,3,3,11,533,Potential loyalists
13167,2011-11-21 12:24:00,4,791.33,785,51,United Kingdom,19,4,4,3,11,443,Loyal customers
14976,2011-10-13 16:37:00,7,790.86,234,47,United Kingdom,58,3,5,3,11,353,Loyal customers
12628,2011-12-05 13:15:00,3,786.46,448,34,Germany,5,5,3,3,11,533,Potential loyalists
15679,2011-11-15 16:19:00,4,781.28,1170,98,United Kingdom,25,4,4,3,11,443,Loyal customers
15239,2011-11-29 14:14:00,2,780.59,594,48,United Kingdom,11,5,3,3,11,533,Potential loyalists
17797,2011-11-17 13:21:00,3,780.43,498,102,United Kingdom,23,4,4,3,11,443,Loyal customers
15618,2011-11-07 08:34:00,4,776.851,454,39,United Kingdom,33,4,4,3,11,443,Loyal customers
15743,2011-11-23 17:19:00,4,775.96,214,59,United Kingdom,17,4,4,3,11,443,Loyal customers
13314,2011-12-08 12:29:00,3,775.94,560,55,United Kingdom,2,5,3,3,11,533,Potential loyalists
15414,2011-11-30 09:50:00,3,774.9000000000001,443,37,United Kingdom,10,5,3,3,11,533,Potential loyalists
17516,2011-11-24 16:51:00,5,764.88,414,113,United Kingdom,16,4,4,3,11,443,Loyal customers
17466,2011-11-29 13:15:00,2,763.28,306,41,United Kingdom,11,5,3,3,11,533,Potential loyalists
15568,2011-12-07 11:27:00,3,758.29,461,27,United Kingdom,3,5,3,3,11,533,Potential loyalists
16205,2011-11-09 09:32:00,4,757.63,516,73,United Kingdom,31,4,4,3,11,443,Loyal customers
14550,2011-11-29 12:12:00,2,757.37,389,38,United Kingdom,11,5,3,3,11,533,Potential loyalists
14234,2011-11-17 17:53:00,4,754.12,951,122,United Kingdom,23,4,4,3,11,443,Loyal customers
14201,2011-10-10 13:27:00,7,747.44,590,32,United Kingdom,61,3,5,3,11,353,Loyal customers
17034,2011-11-23 15:14:00,3,745.52,410,28,United Kingdom,17,4,4,3,11,443,Loyal customers
14790,2011-11-23 09:28:00,4,745.06,699,30,United Kingdom,17,4,4,3,11,443,Loyal customers
14662,2011-11-11 12:13:00,4,741.37,578,143,United Kingdom,29,4,4,3,11,443,Loyal customers
17461,2011-11-17 10:21:00,3,735.82,770,104,United Kingdom,23,4,4,3,11,443,Loyal customers
15525,2011-12-07 14:43:00,3,734.37,387,133,United Kingdom,3,5,3,3,11,533,Potential loyalists
13575,2011-11-16 13:14:00,5,732.0699999999999,449,41,United Kingdom,24,4,4,3,11,443,Loyal customers
16261,2011-11-22 17:23:00,4,728.54,301,98,United Kingdom,18,4,4,3,11,443,Loyal customers
17666,2011-12-06 09:06:00,2,728.16,596,14,United Kingdom,4,5,3,3,11,533,Potential loyalists
13623,2011-11-09 12:00:00,5,727.74,286,75,United Kingdom,31,4,4,3,11,443,Loyal customers
17521,2011-11-10 11:22:00,3,723.2099999999999,519,38,United Kingdom,30,4,4,3,11,443,Loyal customers
14869,2011-12-01 12:36:00,2,721.45,549,66,United Kingdom,9,5,3,3,11,533,Potential loyalists
15584,2011-11-16 10:55:00,4,720.86,313,89,United Kingdom,24,4,4,3,11,443,Loyal customers
15274,2011-12-05 16:57:00,2,716.57,619,44,United Kingdom,5,5,3,3,11,533,Potential loyalists
13705,2011-12-02 12:32:00,3,711.86,363,25,United Kingdom,8,5,3,3,11,533,Potential loyalists
15951,2011-12-01 08:34:00,2,708.22,313,36,United Kingdom,9,5,3,3,11,533,Potential loyalists
14126,2011-12-02 11:45:00,3,706.1300000000001,508,14,United Kingdom,8,5,3,3,11,533,Potential loyalists
16364,2011-11-28 11:27:00,2,705.79,279,48,United Kingdom,12,5,3,3,11,533,Potential loyalists
17974,2011-11-15 11:37:00,3,703.99,500,143,United Kingdom,25,4,4,3,11,443,Loyal customers
12883,2011-11-15 09:32:00,4,703.47,196,39,United Kingdom,25,4,4,3,11,443,Loyal customers
14198,2011-11-21 16:35:00,4,701.4,290,35,United Kingdom,19,4,4,3,11,443,Loyal customers
13238,2011-11-22 15:37:00,4,700.73,298,20,United Kingdom,18,4,4,3,11,443,Loyal customers
14829,2011-11-10 16:16:00,4,697.55,452,39,United Kingdom,30,4,4,3,11,443,Loyal customers
15304,2011-10-10 10:23:00,8,694.4000000000001,104,8,United Kingdom,61,3,5,3,11,353,Loyal customers
15053,2011-12-05 12:08:00,3,693.95,984,49,United Kingdom,5,5,3,3,11,533,Potential loyalists
14111,2011-11-25 13:44:00,4,692.85,458,10,United Kingdom,15,4,4,3,11,443,Loyal customers
17198,2011-11-16 10:39:00,3,692.22,357,89,United Kingdom,24,4,4,3,11,443,Loyal customers
16642,2011-12-05 11:31:00,2,688.33,479,32,United Kingdom,5,5,3,3,11,533,Potential loyalists
15038,2011-10-12 11:33:00,6,685.74,212,105,United Kingdom,59,3,5,3,11,353,Loyal customers
18135,2011-11-10 19:32:00,5,681.9100000000001,349,11,United Kingdom,30,4,4,3,11,443,Loyal customers
14788,2011-12-02 17:06:00,2,679.4399999999999,421,26,United Kingdom,8,5,3,3,11,533,Potential loyalists
18156,2011-11-27 12:24:00,2,675.64,283,100,United Kingdom,13,5,3,3,11,533,Potential loyalists
13258,2011-11-28 09:31:00,3,672.83,282,28,United Kingdom,12,5,3,3,11,533,Potential loyalists
14342,2011-11-18 13:21:00,4,668.5600000000001,347,18,United Kingdom,22,4,4,3,11,443,Loyal customers
14720,2011-12-04 12:02:00,3,663.81,219,34,United Kingdom,6,5,3,3,11,533,Potential loyalists
17321,2011-12-01 13:41:00,2,657.16,364,94,United Kingdom,9,5,3,3,11,533,Potential loyalists
16157,2011-11-24 11:41:00,3,656.69,347,12,United Kingdom,16,4,4,3,11,443,Loyal customers
17779,2011-11-18 14:15:00,3,650.32,396,73,United Kingdom,22,4,4,3,11,443,Loyal customers
17777,2011-11-15 12:02:00,3,647.56,501,141,United Kingdom,25,4,4,3,11,443,Loyal customers
14044,2011-11-13 12:05:00,4,646.42,304,165,United Kingdom,27,4,4,3,11,443,Loyal customers
15297,2011-11-29 16:32:00,3,641.94,292,30,United Kingdom,11,5,3,3,11,533,Potential loyalists
13318,2011-12-08 18:51:00,3,640.76,304,14,United Kingdom,2,5,3,3,11,533,Potential loyalists
17515,2011-11-08 14:04:00,4,639.02,243,49,United Kingdom,32,4,4,3,11,443,Loyal customers
16139,2011-11-21 08:37:00,3,635.41,330,25,United Kingdom,19,4,4,3,11,443,Loyal customers
13892,2011-11-13 11:50:00,4,632.97,983,26,United Kingdom,27,4,4,3,11,443,Loyal customers
16469,2011-11-16 12:25:00,4,625.42,260,148,United Kingdom,24,4,4,3,11,443,Loyal customers
13546,2011-11-27 14:50:00,3,621.09,357,72,United Kingdom,13,5,3,3,11,533,Potential loyalists
16566,2011-11-24 16:34:00,5,614.66,362,14,United Kingdom,16,4,4,3,11,443,Loyal customers
17119,2011-12-06 14:40:00,2,606.91,334,35,United Kingdom,4,5,3,3,11,533,Potential loyalists
18211,2011-11-14 08:10:00,5,600.07,359,37,United Kingdom,26,4,4,3,11,443,Loyal customers
14710,2011-11-25 14:53:00,4,599.48,375,124,United Kingdom,15,4,4,3,11,443,Loyal customers
16298,2011-11-17 11:59:00,3,598.2,198,22,United Kingdom,23,4,4,3,11,443,Loyal customers
14467,2011-11-22 12:48:00,4,596.26,276,67,United Kingdom,18,4,4,3,11,443,Loyal customers
14023,2011-12-02 13:58:00,2,584.07,345,30,United Kingdom,8,5,3,3,11,533,Potential loyalists
17360,2011-11-22 13:11:00,3,568.24,328,113,United Kingdom,18,4,4,3,11,443,Loyal customers
15344,2011-12-09 10:45:00,3,563.94,116,21,United Kingdom,1,5,3,3,11,533,Potential loyalists
16933,2011-12-08 12:54:00,2,563.23,288,42,United Kingdom,2,5,3,3,11,533,Potential loyalists
17503,2011-12-07 09:18:00,2,558.96,486,36,United Kingdom,3,5,3,3,11,533,Potential loyalists
14618,2011-11-30 13:45:00,3,553.44,264,10,United Kingdom,10,5,3,3,11,533,Potential loyalists
16811,2011-12-05 11:39:00,2,547.07,477,26,United Kingdom,5,5,3,3,11,533,Potential loyalists
17295,2011-11-11 10:49:00,3,547.0,293,53,United Kingdom,29,4,4,3,11,443,Loyal customers
14805,2011-11-24 16:20:00,4,546.4,114,30,United Kingdom,16,4,4,3,11,443,Loyal customers
17557,2011-11-25 12:57:00,3,541.46,306,27,United Kingdom,15,4,4,3,11,443,Loyal customers
16804,2011-11-16 16:43:00,3,536.99,246,59,United Kingdom,24,4,4,3,11,443,Loyal customers
18043,2011-11-15 12:48:00,3,529.29,265,106,United Kingdom,25,4,4,3,11,443,Loyal customers
15467,2011-11-30 14:17:00,3,524.88,310,41,United Kingdom,10,5,3,3,11,533,Potential loyalists
17345,2011-11-24 15:03:00,4,519.6899999999999,341,70,United Kingdom,16,4,4,3,11,443,Loyal customers
17290,2011-12-06 12:38:00,2,513.01,397,92,United Kingdom,4,5,3,3,11,533,Potential loyalists
16561,2011-12-04 11:50:00,2,511.12,244,29,United Kingdom,6,5,3,3,11,533,Potential loyalists
14820,2011-11-18 15:41:00,4,507.29,253,24,United Kingdom,22,4,4,3,11,443,Loyal customers
15081,2011-11-17 17:08:00,5,504.8,190,26,United Kingdom,23,4,4,3,11,443,Loyal customers
13247,2011-11-22 10:59:00,4,501.12,328,18,United Kingdom,18,4,4,3,11,443,Loyal customers
16898,2011-11-13 15:44:00,3,501.03,412,150,United Kingdom,27,4,4,3,11,443,Loyal customers
17495,2011-12-02 12:08:00,2,497.56,229,21,United Kingdom,8,5,3,3,11,533,Potential loyalists
15877,2011-12-08 11:53:00,2,490.33,368,122,United Kingdom,2,5,3,3,11,533,Potential loyalists
16038,2011-12-02 12:40:00,3,471.78000000000003,244,24,United Kingdom,8,5,4,2,11,542,Potential loyalists
13928,2011-11-29 10:33:00,4,464.57,129,23,United Kingdom,11,5,4,2,11,542,Potential loyalists
14173,2011-11-29 11:54:00,4,450.84,150,28,United Kingdom,11,5,4,2,11,542,Potential loyalists
17579,2011-12-05 12:28:00,3,448.90000000000003,258,46,United Kingdom,5,5,4,2,11,542,Potential loyalists
14910,2011-12-07 10:06:00,4,434.35,238,25,United Kingdom,3,5,4,2,11,542,Potential loyalists
15206,2011-11-29 13:41:00,4,420.29999999999995,162,3,United Kingdom,11,5,4,2,11,542,Potential loyalists
12970,2011-12-02 14:30:00,4,405.47,268,116,United Kingdom,8,5,4,2,11,542,Potential loyalists
17830,2011-12-08 12:28:00,3,398.7,92,18,United Kingdom,2,5,4,2,11,542,Potential loyalists
17817,2011-12-05 14:39:00,3,387.68,67,32,United Kingdom,5,5,4,2,11,542,Potential loyalists
17736,2011-11-30 15:36:00,3,377.44,238,24,United Kingdom,10,5,4,2,11,542,Potential loyalists
16851,2011-12-05 13:32:00,3,342.45,271,17,United Kingdom,5,5,4,2,11,542,Potential loyalists
17835,2011-12-07 11:48:00,3,342.24,344,45,United Kingdom,3,5,4,2,11,542,Potential loyalists
16668,2011-11-24 17:43:00,6,306.71999999999997,318,9,United Kingdom,16,4,5,2,11,452,Potential loyalists
17266,2011-12-07 14:12:00,3,296.58,153,60,United Kingdom,3,5,4,2,11,542,Potential loyalists
15060,2011-12-01 13:47:00,4,294.25,257,81,United Kingdom,9,5,4,2,11,542,Potential loyalists
17988,2011-11-28 11:00:00,7,201.12,43,37,United Kingdom,12,5,5,1,11,551,Potential loyalists
12409,2011-09-22 10:38:00,3,11072.67,5551,91,Switzerland,79,2,3,5,10,235,At-risk customers
13802,2011-07-24 10:54:00,3,4599.42,2572,55,United Kingdom,139,2,3,5,10,235,At-risk customers
16984,2011-09-12 13:43:00,2,4459.52,2380,354,United Kingdom,89,2,3,5,10,235,At-risk customers
18087,2011-09-02 15:12:00,2,4055.7199999999993,3907,2,United Kingdom,99,2,3,5,10,235,At-risk customers
13124,2011-09-11 12:45:00,3,3756.33,2119,185,United Kingdom,90,2,3,5,10,235,At-risk customers
15808,2011-02-06 14:33:00,4,3651.27,1305,142,United Kingdom,307,1,4,5,10,145,At-risk customers
13334,2011-09-18 15:21:00,3,3502.32,1764,207,United Kingdom,83,2,3,5,10,235,At-risk customers
12669,2011-07-12 09:54:00,3,2744.0299999999997,1115,98,France,151,2,3,5,10,235,At-risk customers
13851,2011-09-05 12:36:00,3,2651.46,1705,77,United Kingdom,96,2,3,5,10,235,At-risk customers
15245,2011-07-28 18:56:00,3,2515.84,1784,55,United Kingdom,135,2,3,5,10,235,At-risk customers
12397,2011-11-04 09:52:00,2,2409.9,1263,110,Belgium,36,3,2,5,10,325,Other customers
13722,2011-07-31 12:44:00,3,2375.41,1401,75,United Kingdom,132,2,3,5,10,235,At-risk customers
14930,2011-08-23 10:31:00,3,2362.96,1160,116,Channel Islands,109,2,3,5,10,235,At-risk customers
13365,2011-11-06 12:36:00,2,2225.37,1247,122,United Kingdom,34,3,2,5,10,325,Other customers
15665,2011-06-24 14:57:00,2,2222.21,1654,92,United Kingdom,169,2,3,5,10,235,At-risk customers
12876,2011-10-13 12:26:00,2,2218.02,1941,67,Belgium,58,3,2,5,10,325,Other customers
17406,2011-01-10 15:07:00,3,2184.42,780,99,United Kingdom,334,1,4,5,10,145,At-risk customers
13224,2011-10-10 14:55:00,2,2155.95,1518,101,United Kingdom,61,3,2,5,10,325,Other customers
14461,2011-07-14 17:11:00,3,2103.06,766,173,United Kingdom,149,2,3,5,10,235,At-risk customers
18231,2011-05-31 14:18:00,5,2071.77,819,106,United Kingdom,193,1,4,5,10,145,At-risk customers
14001,2011-10-25 10:31:00,3,2043.0800000000002,962,34,United Kingdom,46,3,3,4,10,334,Other customers
13593,2011-08-23 13:35:00,5,2011.88,719,77,United Kingdom,109,2,4,4,10,244,At-risk customers
17082,2011-11-06 15:17:00,2,2003.85,1049,75,United Kingdom,34,3,3,4,10,334,Other customers
17679,2011-10-18 07:43:00,2,1992.1100000000001,729,29,United Kingdom,53,3,3,4,10,334,Other customers
17337,2011-07-11 14:55:00,4,1981.06,1247,421,United Kingdom,152,2,4,4,10,244,At-risk customers
18204,2011-09-29 16:44:00,3,1975.35,1190,159,United Kingdom,72,2,4,4,10,244,At-risk customers
14978,2011-09-28 13:07:00,5,1921.3700000000001,523,136,United Kingdom,73,2,4,4,10,244,At-risk customers
15641,2011-08-26 14:04:00,4,1887.2,1562,102,United Kingdom,106,2,4,4,10,244,At-risk customers
14305,2011-09-29 15:29:00,3,1858.96,1089,96,United Kingdom,72,3,3,4,10,334,Other customers
17873,2011-09-20 16:41:00,5,1848.96,1035,24,United Kingdom,81,2,4,4,10,244,At-risk customers
17787,2011-07-10 11:24:00,4,1817.54,896,94,United Kingdom,153,2,4,4,10,244,At-risk customers
15812,2011-08-24 14:19:00,5,1801.14,922,36,United Kingdom,108,2,4,4,10,244,At-risk customers
12348,2011-09-25 13:13:00,4,1797.24,2341,22,Finland,76,2,4,4,10,244,At-risk customers
18235,2011-09-29 08:27:00,3,1796.48,1578,100,United Kingdom,72,2,4,4,10,244,At-risk customers
13134,2011-09-15 10:35:00,4,1793.58,1059,94,United Kingdom,86,2,4,4,10,244,At-risk customers
16751,2011-11-09 10:48:00,1,1764.72,1031,24,United Kingdom,31,4,2,4,10,424,New customers
12823,2011-09-26 07:35:00,5,1759.5,230,1,United Kingdom,75,2,4,4,10,244,At-risk customers
17457,2011-08-05 12:48:00,5,1737.7,826,14,United Kingdom,127,2,4,4,10,244,At-risk customers
13162,2011-08-09 15:59:00,4,1688.29,1713,74,United Kingdom,123,2,4,4,10,244,At-risk customers
17282,2011-08-01 14:29:00,3,1685.46,1866,79,United Kingdom,131,2,4,4,10,244,At-risk customers
17656,2011-09-27 13:04:00,5,1674.69,1399,67,United Kingdom,74,2,4,4,10,244,At-risk customers
14045,2011-08-22 15:27:00,4,1659.75,535,4,United Kingdom,110,2,4,4,10,244,At-risk customers
14837,2011-09-11 10:58:00,4,1649.5,1436,96,United Kingdom,90,2,4,4,10,244,At-risk customers
15002,2011-08-16 10:44:00,4,1641.76,862,93,United Kingdom,116,2,4,4,10,244,At-risk customers
14573,2011-06-13 11:15:00,9,1639.82,534,127,United Kingdom,180,1,5,4,10,154,At-risk customers
14164,2011-09-30 12:24:00,2,1631.77,1033,28,United Kingdom,71,3,3,4,10,334,Other customers
14937,2011-10-14 12:29:00,3,1621.88,484,33,Channel Islands,57,3,3,4,10,334,Other customers
15791,2011-10-27 10:14:00,2,1612.69,731,66,United Kingdom,44,3,3,4,10,334,Other customers
12868,2011-06-07 10:42:00,6,1607.0600000000002,928,72,United Kingdom,186,1,5,4,10,154,At-risk customers
16801,2011-06-29 15:33:00,4,1594.23,493,72,United Kingdom,164,2,4,4,10,244,At-risk customers
18178,2011-08-03 09:30:00,4,1590.81,983,80,United Kingdom,129,2,4,4,10,244,At-risk customers
12393,2011-09-28 15:41:00,4,1582.6000000000001,816,47,Australia,73,2,4,4,10,244,At-risk customers
13186,2011-10-31 11:40:00,3,1575.89,820,69,United Kingdom,40,3,3,4,10,334,Other customers
12865,2011-11-13 14:31:00,2,1568.23,925,86,Austria,27,4,2,4,10,424,New customers
17204,2011-06-17 14:46:00,4,1564.56,646,44,United Kingdom,176,2,4,4,10,244,At-risk customers
17085,2011-08-08 14:15:00,5,1562.4,785,115,United Kingdom,124,2,4,4,10,244,At-risk customers
15620,2011-10-14 12:41:00,3,1553.18,915,92,United Kingdom,57,3,3,4,10,334,Other customers
14229,2011-10-19 10:04:00,3,1547.2,610,29,United Kingdom,52,3,3,4,10,334,Other customers
13397,2011-09-28 10:56:00,5,1544.13,430,28,United Kingdom,73,2,4,4,10,244,At-risk customers
15625,2011-08-28 10:21:00,4,1534.26,1188,44,United Kingdom,104,2,4,4,10,244,At-risk customers
13320,2011-09-22 18:07:00,4,1532.2,1086,77,United Kingdom,79,2,4,4,10,244,At-risk customers
12759,2011-10-18 14:49:00,3,1531.44,902,81,Netherlands,53,3,3,4,10,334,Other customers
14567,2011-10-14 10:21:00,2,1530.3600000000001,412,33,United Kingdom,57,3,3,4,10,334,Other customers
13764,2011-09-30 12:03:00,3,1519.42,926,183,United Kingdom,71,3,3,4,10,334,Other customers
17002,2011-09-15 12:40:00,3,1493.73,679,41,United Kingdom,86,2,4,4,10,244,At-risk customers
14758,2011-07-18 08:21:00,4,1484.06,419,54,United Kingdom,145,2,4,4,10,244,At-risk customers
14403,2011-08-01 12:57:00,4,1475.81,519,17,United Kingdom,131,2,4,4,10,244,At-risk customers
16755,2011-08-17 13:21:00,3,1475.43,1058,133,United Kingdom,115,2,4,4,10,244,At-risk customers
13461,2011-11-01 09:01:00,3,1445.0,1170,14,United Kingdom,39,3,3,4,10,334,Other customers
16503,2011-08-25 11:46:00,4,1431.93,569,71,United Kingdom,107,2,4,4,10,244,At-risk customers
15427,2011-11-06 14:29:00,3,1430.54,967,233,United Kingdom,34,3,3,4,10,334,Other customers
14019,2011-10-24 10:13:00,3,1421.61,1037,37,United Kingdom,47,3,3,4,10,334,Other customers
15596,2011-08-31 10:55:00,5,1406.59,561,51,United Kingdom,101,2,4,4,10,244,At-risk customers
17083,2011-08-22 15:43:00,3,1405.78,772,24,United Kingdom,110,2,4,4,10,244,At-risk customers
15478,2011-10-30 14:19:00,2,1399.92,575,34,United Kingdom,41,3,3,4,10,334,Other customers
15810,2011-09-22 09:38:00,4,1391.98,861,66,United Kingdom,79,2,4,4,10,244,At-risk customers
15569,2011-08-28 10:15:00,5,1375.71,666,27,United Kingdom,104,2,4,4,10,244,At-risk customers
15095,2011-08-28 12:01:00,4,1370.6,1079,30,United Kingdom,104,2,4,4,10,244,At-risk customers
13396,2011-11-10 16:59:00,2,1360.99,600,42,United Kingdom,30,4,2,4,10,424,New customers
16493,2011-09-21 11:10:00,4,1351.63,1164,40,United Kingdom,80,2,4,4,10,244,At-risk customers
16317,2011-08-12 12:46:00,3,1341.65,890,64,United Kingdom,120,2,4,4,10,244,At-risk customers
16045,2011-08-12 12:41:00,4,1340.7,897,71,United Kingdom,120,2,4,4,10,244,At-risk customers
17004,2011-10-24 14:25:00,2,1312.1399999999999,771,38,United Kingdom,47,3,3,4,10,334,Other customers
16370,2011-09-18 15:55:00,4,1301.91,640,143,United Kingdom,83,2,4,4,10,244,At-risk customers
15108,2011-07-21 10:24:00,4,1300.25,499,50,European Community,142,2,4,4,10,244,At-risk customers
12372,2011-09-29 12:12:00,3,1298.04,794,34,Denmark,72,3,3,4,10,334,Other customers
14856,2011-11-03 14:53:00,3,1290.53,711,65,United Kingdom,37,3,3,4,10,334,Other customers
17802,2011-09-18 14:56:00,3,1285.04,752,102,United Kingdom,83,2,4,4,10,244,At-risk customers
16951,2011-07-28 12:05:00,3,1277.75,1318,73,United Kingdom,135,2,4,4,10,244,At-risk customers
13989,2011-10-05 09:47:00,2,1266.08,1313,33,United Kingdom,66,3,3,4,10,334,Other customers
16842,2011-08-31 10:42:00,3,1264.19,693,45,United Kingdom,101,2,4,4,10,244,At-risk customers
17388,2011-09-23 10:31:00,4,1259.56,1068,13,United Kingdom,78,2,4,4,10,244,At-risk customers
14383,2011-11-01 15:53:00,3,1247.69,817,49,United Kingdom,39,3,3,4,10,334,Other customers
12689,2011-11-14 08:31:00,2,1247.61,628,57,France,26,4,2,4,10,424,New customers
17588,2011-08-31 13:37:00,3,1240.2,676,19,United Kingdom,101,2,4,4,10,244,At-risk customers
17731,2011-09-21 15:02:00,4,1240.11,493,54,United Kingdom,80,2,4,4,10,244,At-risk customers
15201,2011-09-13 14:53:00,5,1236.54,1210,35,United Kingdom,88,2,4,4,10,244,At-risk customers
15841,2011-09-28 12:15:00,4,1224.06,942,36,United Kingdom,73,2,4,4,10,244,At-risk customers
15376,2011-10-30 15:04:00,3,1221.56,615,100,United Kingdom,41,3,3,4,10,334,Other customers
14745,2011-08-19 10:05:00,5,1220.26,1038,46,United Kingdom,113,2,4,4,10,244,At-risk customers
17774,2011-09-04 12:49:00,4,1213.73,508,123,United Kingdom,97,2,4,4,10,244,At-risk customers
13158,2011-09-06 11:58:00,4,1201.06,784,59,United Kingdom,95,2,4,4,10,244,At-risk customers
17320,2011-08-31 13:31:00,3,1200.6200000000001,634,57,United Kingdom,101,2,4,4,10,244,At-risk customers
12462,2011-11-21 09:11:00,2,1189.59,536,51,Spain,19,4,2,4,10,424,New customers
15630,2011-10-25 15:36:00,2,1186.35,800,57,United Kingdom,46,3,3,4,10,334,Other customers
17058,2011-09-19 10:13:00,3,1179.89,592,51,United Kingdom,82,2,4,4,10,244,At-risk customers
12885,2011-10-07 13:40:00,3,1175.22,655,66,United Kingdom,64,3,3,4,10,334,Other customers
15306,2011-10-06 12:56:00,3,1174.35,810,57,United Kingdom,65,3,3,4,10,334,Other customers
14857,2011-10-11 09:23:00,2,1173.12,464,58,United Kingdom,60,3,3,4,10,334,Other customers
14261,2011-10-20 10:04:00,2,1163.45,406,52,United Kingdom,51,3,3,4,10,334,Other customers
16172,2011-09-05 13:22:00,5,1140.21,787,52,United Kingdom,96,2,4,4,10,244,At-risk customers
13772,2011-11-06 11:43:00,3,1122.63,540,141,United Kingdom,34,3,3,4,10,334,Other customers
16807,2011-07-20 12:00:00,3,1121.59,778,57,United Kingdom,143,2,4,4,10,244,At-risk customers
15730,2011-10-05 12:31:00,3,1120.88,689,68,United Kingdom,66,3,3,4,10,334,Other customers
13591,2011-10-06 12:26:00,3,1117.13,485,56,United Kingdom,65,3,3,4,10,334,Other customers
17585,2011-08-22 13:30:00,4,1116.68,1650,176,United Kingdom,110,2,4,4,10,244,At-risk customers
12399,2011-08-12 13:15:00,4,1108.65,1178,47,Belgium,120,2,4,4,10,244,At-risk customers
15716,2011-07-17 11:59:00,4,1101.1100000000001,738,101,United Kingdom,146,2,4,4,10,244,At-risk customers
17047,2011-09-15 13:27:00,3,1100.9,533,59,United Kingdom,86,2,4,4,10,244,At-risk customers
14971,2011-11-04 17:07:00,3,1097.98,639,144,United Kingdom,36,3,3,4,10,334,Other customers
13652,2011-10-25 08:51:00,3,1095.08,578,48,United Kingdom,46,3,3,4,10,334,Other customers
14352,2011-07-05 15:41:00,4,1078.96,538,44,United Kingdom,158,2,4,4,10,244,At-risk customers
16214,2011-06-22 11:30:00,3,1062.75,420,36,United Kingdom,171,2,4,4,10,244,At-risk customers
17727,2011-11-24 17:06:00,1,1060.25,645,66,United Kingdom,16,4,2,4,10,424,New customers
13455,2011-11-15 11:21:00,2,1058.34,354,42,United Kingdom,25,4,2,4,10,424,New customers
15329,2011-10-31 15:36:00,3,1049.7,486,51,United Kingdom,40,3,3,4,10,334,Other customers
14389,2011-10-05 15:17:00,2,1043.46,729,33,United Kingdom,66,3,3,4,10,334,Other customers
16175,2011-09-06 14:32:00,4,1037.59,533,45,United Kingdom,95,2,4,4,10,244,At-risk customers
14584,2011-06-23 18:33:00,4,1033.06,381,68,United Kingdom,170,2,4,4,10,244,At-risk customers
17724,2011-09-29 15:26:00,3,1033.0,300,38,United Kingdom,72,2,4,4,10,244,At-risk customers
17033,2011-09-14 14:34:00,3,1030.14,750,24,United Kingdom,87,2,4,4,10,244,At-risk customers
16160,2011-10-05 14:19:00,2,1025.44,1162,20,United Kingdom,66,3,3,4,10,334,Other customers
17197,2011-11-10 10:32:00,1,1013.01,191,29,United Kingdom,30,4,2,4,10,424,New customers
14775,2011-10-12 15:27:00,3,1011.9,1174,57,United Kingdom,59,3,3,4,10,334,Other customers
12849,2011-11-08 13:41:00,2,1010.29,597,47,United Kingdom,32,4,2,4,10,424,New customers
14224,2011-08-21 13:24:00,4,1009.73,483,105,United Kingdom,111,2,4,4,10,244,At-risk customers
16572,2011-08-04 16:34:00,3,1009.6,532,40,United Kingdom,128,2,4,4,10,244,At-risk customers
16174,2011-08-05 13:26:00,3,1009.5500000000001,651,19,United Kingdom,127,2,4,4,10,244,At-risk customers
14631,2011-10-20 11:17:00,3,1006.98,622,38,United Kingdom,51,3,3,4,10,334,Other customers
15508,2011-06-03 15:43:00,6,1000.27,440,78,United Kingdom,190,1,5,4,10,154,At-risk customers
12722,2011-09-15 14:50:00,4,997.63,566,50,France,86,2,4,4,10,244,At-risk customers
13363,2011-11-22 12:40:00,2,992.5,710,47,United Kingdom,18,4,2,4,10,424,New customers
14514,2011-10-09 16:05:00,3,990.2,564,65,United Kingdom,62,3,3,4,10,334,Other customers
17126,2011-07-10 13:52:00,5,989.45,780,187,United Kingdom,153,2,4,4,10,244,At-risk customers
13350,2011-11-23 16:33:00,2,979.12,287,36,United Kingdom,17,4,2,4,10,424,New customers
13823,2011-11-21 10:22:00,2,957.66,439,39,United Kingdom,19,4,2,4,10,424,New customers
17044,2011-11-14 14:28:00,1,948.48,504,6,United Kingdom,26,4,2,4,10,424,New customers
13748,2011-09-05 09:45:00,5,948.25,439,24,United Kingdom,96,2,4,4,10,244,At-risk customers
12924,2011-09-12 13:55:00,4,933.7,481,22,United Kingdom,89,2,4,4,10,244,At-risk customers
17552,2011-10-10 17:00:00,4,930.41,719,43,United Kingdom,61,3,4,3,10,343,Loyal customers
14712,2011-11-10 12:59:00,3,917.07,315,21,United Kingdom,30,4,3,3,10,433,Potential loyalists
15707,2011-11-04 14:35:00,4,916.98,594,126,United Kingdom,36,3,4,3,10,343,Loyal customers
15587,2011-10-20 13:37:00,4,913.6800000000001,312,3,United Kingdom,51,3,4,3,10,343,Loyal customers
14359,2011-11-20 13:17:00,3,912.18,371,44,United Kingdom,20,4,3,3,10,433,Potential loyalists
15807,2011-10-20 14:10:00,3,903.9,430,48,United Kingdom,51,3,4,3,10,343,Loyal customers
17848,2011-09-19 16:49:00,9,901.1999999999999,398,41,United Kingdom,82,2,5,3,10,253,At-risk customers
15865,2011-10-30 12:43:00,3,895.13,368,37,United Kingdom,41,3,4,3,10,343,Loyal customers
14240,2011-11-09 13:45:00,2,890.34,418,37,United Kingdom,31,4,3,3,10,433,Potential loyalists
14344,2011-08-04 13:51:00,8,889.9300000000001,477,56,United Kingdom,128,2,5,3,10,253,At-risk customers
17537,2011-11-10 10:56:00,2,887.67,699,74,United Kingdom,30,4,3,3,10,433,Potential loyalists
17027,2011-09-22 12:24:00,6,877.5600000000001,416,110,United Kingdom,79,2,5,3,10,253,At-risk customers
14912,2011-11-23 09:20:00,2,867.85,971,21,Italy,17,4,3,3,10,433,Potential loyalists
16235,2011-10-30 10:56:00,5,867.31,330,42,United Kingdom,41,3,4,3,10,343,Loyal customers
13846,2011-11-15 12:07:00,3,865.0600000000001,388,55,United Kingdom,25,4,3,3,10,433,Potential loyalists
16266,2011-09-27 12:08:00,7,861.89,398,44,United Kingdom,74,2,5,3,10,253,At-risk customers
16221,2011-11-03 11:43:00,3,860.86,714,90,United Kingdom,37,3,4,3,10,343,Loyal customers
17064,2011-10-12 10:18:00,3,855.45,316,53,United Kingdom,59,3,4,3,10,343,Loyal customers
16070,2011-11-17 15:50:00,2,852.15,457,32,United Kingdom,23,4,3,3,10,433,Potential loyalists
17624,2011-11-25 10:52:00,2,843.48,554,49,United Kingdom,15,4,3,3,10,433,Potential loyalists
16560,2011-11-13 10:35:00,2,841.41,500,52,United Kingdom,27,4,3,3,10,433,Potential loyalists
14862,2011-11-14 10:01:00,2,841.1999999999999,772,47,United Kingdom,26,4,3,3,10,433,Potential loyalists
17076,2011-11-03 17:53:00,3,841.0799999999999,295,17,United Kingdom,37,3,4,3,10,343,Loyal customers
14332,2011-11-17 11:54:00,3,840.21,463,22,United Kingdom,23,4,3,3,10,433,Potential loyalists
16554,2011-10-28 14:51:00,3,837.1,402,51,United Kingdom,43,3,4,3,10,343,Loyal customers
12728,2011-09-29 15:31:00,4,836.33,419,38,France,72,3,4,3,10,343,Loyal customers
12427,2011-11-18 08:56:00,3,825.8,533,26,Germany,22,4,3,3,10,433,Potential loyalists
17921,2011-10-06 18:56:00,4,820.23,425,114,United Kingdom,65,3,4,3,10,343,Loyal customers
16621,2011-10-19 11:38:00,4,813.48,302,22,United Kingdom,52,3,4,3,10,343,Loyal customers
16284,2011-11-08 16:12:00,2,812.68,535,87,United Kingdom,32,4,3,3,10,433,Potential loyalists
14499,2011-11-13 13:01:00,3,808.44,496,146,United Kingdom,27,4,3,3,10,433,Potential loyalists
15533,2011-11-20 15:35:00,3,807.57,289,73,United Kingdom,20,4,3,3,10,433,Potential loyalists
17703,2011-11-04 15:51:00,3,798.74,590,47,United Kingdom,36,3,4,3,10,343,Loyal customers
15831,2011-10-12 13:14:00,3,794.64,1092,63,United Kingdom,59,3,4,3,10,343,Loyal customers
13212,2011-11-20 12:40:00,3,786.83,309,128,United Kingdom,20,4,3,3,10,433,Potential loyalists
15806,2011-10-24 14:35:00,3,784.58,602,24,United Kingdom,47,3,4,3,10,343,Loyal customers
18136,2011-10-07 15:40:00,3,784.33,379,34,United Kingdom,64,3,4,3,10,343,Loyal customers
17180,2011-10-14 15:46:00,4,783.97,670,91,United Kingdom,57,3,4,3,10,343,Loyal customers
15952,2011-11-06 11:18:00,4,781.91,391,65,United Kingdom,34,3,4,3,10,343,Loyal customers
16043,2011-11-02 12:50:00,4,773.99,503,30,United Kingdom,38,3,4,3,10,343,Loyal customers
15599,2011-11-13 11:44:00,2,761.74,718,50,United Kingdom,27,4,3,3,10,433,Potential loyalists
17425,2011-11-20 15:30:00,2,759.17,407,42,United Kingdom,20,4,3,3,10,433,Potential loyalists
16770,2011-10-13 12:21:00,5,757.1,456,116,United Kingdom,58,3,4,3,10,343,Loyal customers
16470,2011-10-19 12:11:00,4,752.77,522,120,United Kingdom,52,3,4,3,10,343,Loyal customers
13030,2011-11-28 14:30:00,2,752.4399999999999,348,76,United Kingdom,12,5,2,3,10,523,New customers
15656,2011-10-25 14:56:00,4,748.5,343,46,United Kingdom,46,3,4,3,10,343,Loyal customers
17387,2011-11-20 11:00:00,2,746.81,522,71,United Kingdom,20,4,3,3,10,433,Potential loyalists
14050,2011-11-08 10:00:00,2,746.36,689,49,United Kingdom,32,4,3,3,10,433,Potential loyalists
16730,2011-10-18 14:11:00,3,743.11,994,75,United Kingdom,53,3,4,3,10,343,Loyal customers
17979,2011-11-04 12:05:00,4,732.41,383,116,United Kingdom,36,3,4,3,10,343,Loyal customers
16099,2011-10-20 13:13:00,3,731.9,434,29,United Kingdom,51,3,4,3,10,343,Loyal customers
13736,2011-12-04 15:19:00,2,729.8,496,166,United Kingdom,6,5,2,3,10,523,New customers
16023,2011-10-24 16:34:00,3,719.81,358,90,United Kingdom,47,3,4,3,10,343,Loyal customers
15330,2011-11-07 17:50:00,2,714.96,1312,10,United Kingdom,33,4,3,3,10,433,Potential loyalists
18035,2011-11-04 12:39:00,3,713.89,584,44,United Kingdom,36,3,4,3,10,343,Loyal customers
16362,2011-11-07 13:01:00,5,709.99,340,58,United Kingdom,33,3,4,3,10,343,Loyal customers
16136,2011-10-11 09:10:00,3,709.38,440,35,United Kingdom,60,3,4,3,10,343,Loyal customers
16882,2011-10-04 10:42:00,3,705.12,424,39,United Kingdom,67,3,4,3,10,343,Loyal customers
15103,2011-11-08 14:53:00,2,703.36,329,35,United Kingdom,32,4,3,3,10,433,Potential loyalists
17734,2011-10-17 12:33:00,3,700.63,422,40,United Kingdom,54,3,4,3,10,343,Loyal customers
14959,2011-10-06 18:23:00,4,695.42,494,37,United Kingdom,65,3,4,3,10,343,Loyal customers
12925,2011-12-05 11:11:00,2,694.05,541,42,United Kingdom,5,5,2,3,10,523,New customers
16212,2011-11-20 13:00:00,2,690.34,244,40,United Kingdom,20,4,3,3,10,433,Potential loyalists
17796,2011-10-30 15:38:00,4,690.0,176,63,United Kingdom,41,3,4,3,10,343,Loyal customers
15669,2011-10-30 16:03:00,4,684.34,342,31,United Kingdom,41,3,4,3,10,343,Loyal customers
15582,2011-11-15 09:55:00,3,682.9100000000001,453,39,United Kingdom,25,4,3,3,10,433,Potential loyalists
17397,2011-11-17 14:08:00,2,681.41,250,88,United Kingdom,23,4,3,3,10,433,Potential loyalists
13524,2011-10-30 12:34:00,5,680.1800000000001,324,17,United Kingdom,41,3,4,3,10,343,Loyal customers
13040,2011-12-01 10:38:00,2,676.99,355,38,United Kingdom,9,5,2,3,10,523,New customers
14504,2011-10-23 16:00:00,4,673.26,308,85,United Kingdom,48,3,4,3,10,343,Loyal customers
13596,2011-12-04 12:01:00,2,664.11,384,133,United Kingdom,6,5,2,3,10,523,New customers
16774,2011-10-03 12:41:00,4,661.52,322,36,United Kingdom,68,3,4,3,10,343,Loyal customers
15492,2011-11-11 14:53:00,2,659.4599999999999,483,32,United Kingdom,29,4,3,3,10,433,Potential loyalists
16357,2011-11-06 16:04:00,3,658.88,246,31,United Kingdom,34,3,4,3,10,343,Loyal customers
16444,2011-10-24 13:50:00,4,654.67,407,68,United Kingdom,47,3,4,3,10,343,Loyal customers
13496,2011-11-29 10:58:00,2,653.33,341,28,United Kingdom,11,5,2,3,10,523,New customers
16969,2011-10-31 13:12:00,3,650.41,816,42,United Kingdom,40,3,4,3,10,343,Loyal customers
14034,2011-11-17 14:02:00,3,648.89,420,82,United Kingdom,23,4,3,3,10,433,Potential loyalists
17373,2011-10-30 15:28:00,4,646.92,408,47,United Kingdom,41,3,4,3,10,343,Loyal customers
16014,2011-11-02 12:04:00,3,646.83,258,123,United Kingdom,38,3,4,3,10,343,Loyal customers
16734,2011-10-18 13:44:00,3,646.76,345,44,United Kingdom,53,3,4,3,10,343,Loyal customers
12719,2011-12-04 13:45:00,2,644.95,374,34,France,6,5,2,3,10,523,New customers
14020,2011-11-23 09:22:00,2,642.8,441,37,United Kingdom,17,4,3,3,10,433,Potential loyalists
17545,2011-10-27 14:04:00,3,642.32,337,122,United Kingdom,44,3,4,3,10,343,Loyal customers
13417,2011-12-05 08:49:00,2,640.83,162,26,United Kingdom,5,5,2,3,10,523,New customers
14664,2011-11-20 10:59:00,2,636.24,465,78,United Kingdom,20,4,3,3,10,433,Potential loyalists
15773,2011-12-04 12:48:00,1,635.6800000000001,311,10,United Kingdom,6,5,2,3,10,523,New customers
13822,2011-12-04 12:13:00,2,632.0,611,90,United Kingdom,6,5,2,3,10,523,New customers
16418,2011-10-26 12:39:00,3,631.12,280,76,United Kingdom,45,3,4,3,10,343,Loyal customers
13914,2011-11-28 10:35:00,2,626.45,380,28,United Kingdom,12,5,2,3,10,523,New customers
16750,2011-10-26 12:48:00,5,623.93,214,74,United Kingdom,45,3,4,3,10,343,Loyal customers
17460,2011-09-06 15:04:00,6,622.4300000000001,236,18,United Kingdom,95,2,5,3,10,253,At-risk customers
18217,2011-11-10 13:18:00,2,621.75,491,27,United Kingdom,30,4,3,3,10,433,Potential loyalists
13145,2011-10-31 12:45:00,4,618.52,145,5,United Kingdom,40,3,4,3,10,343,Loyal customers
16134,2011-11-18 10:05:00,2,618.09,371,34,United Kingdom,22,4,3,3,10,433,Potential loyalists
14593,2011-11-18 12:48:00,3,617.15,330,127,United Kingdom,22,4,3,3,10,433,Potential loyalists
16311,2011-11-22 08:54:00,2,616.26,394,35,United Kingdom,18,4,3,3,10,433,Potential loyalists
18149,2011-10-20 12:04:00,3,612.0799999999999,310,11,United Kingdom,51,3,4,3,10,343,Loyal customers
12673,2011-12-04 13:55:00,2,610.52,351,42,Germany,6,5,2,3,10,523,New customers
12933,2011-11-15 16:38:00,3,607.53,499,102,United Kingdom,25,4,3,3,10,433,Potential loyalists
17664,2011-11-21 11:29:00,2,604.64,604,41,United Kingdom,19,4,3,3,10,433,Potential loyalists
17420,2011-10-20 14:52:00,3,598.83,265,28,United Kingdom,51,3,4,3,10,343,Loyal customers
13311,2011-12-05 12:55:00,2,598.57,305,25,United Kingdom,5,5,2,3,10,523,New customers
14108,2011-11-09 10:41:00,2,597.91,381,33,United Kingdom,31,4,3,3,10,433,Potential loyalists
18246,2011-11-16 11:49:00,2,596.1,166,3,United Kingdom,24,4,3,3,10,433,Potential loyalists
17658,2011-11-14 12:07:00,2,595.42,616,17,United Kingdom,26,4,3,3,10,433,Potential loyalists
14284,2011-11-09 08:11:00,2,595.25,161,24,United Kingdom,31,4,3,3,10,433,Potential loyalists
16325,2011-10-24 08:48:00,3,594.24,194,14,United Kingdom,47,3,4,3,10,343,Loyal customers
16535,2011-12-04 15:18:00,1,593.75,356,31,United Kingdom,6,5,2,3,10,523,New customers
16203,2011-10-12 12:31:00,4,592.9,262,27,United Kingdom,59,3,4,3,10,343,Loyal customers
15573,2011-11-08 11:38:00,2,591.1899999999999,355,88,United Kingdom,32,4,3,3,10,433,Potential loyalists
14882,2011-11-13 12:47:00,2,589.7,158,6,United Kingdom,27,4,3,3,10,433,Potential loyalists
17351,2011-11-03 18:45:00,3,587.15,113,22,United Kingdom,37,3,4,3,10,343,Loyal customers
13427,2011-11-20 13:02:00,3,582.6,545,25,United Kingdom,20,4,3,3,10,433,Potential loyalists
17540,2011-11-15 11:56:00,2,578.9,194,20,United Kingdom,25,4,3,3,10,433,Potential loyalists
18123,2011-11-15 14:23:00,2,574.4399999999999,582,31,United Kingdom,25,4,3,3,10,433,Potential loyalists
13379,2011-11-13 13:45:00,3,572.56,601,85,United Kingdom,27,4,3,3,10,433,Potential loyalists
13939,2011-11-16 13:33:00,3,568.55,847,43,United Kingdom,24,4,3,3,10,433,Potential loyalists
18150,2011-11-07 16:49:00,3,566.58,332,29,United Kingdom,33,3,4,3,10,343,Loyal customers
13894,2011-11-16 09:44:00,3,564.62,354,25,United Kingdom,24,4,3,3,10,433,Potential loyalists
14167,2011-10-31 14:29:00,4,562.59,147,27,United Kingdom,40,3,4,3,10,343,Loyal customers
16916,2011-11-16 12:08:00,2,562.41,431,129,United Kingdom,24,4,3,3,10,433,Potential loyalists
14273,2011-10-19 13:20:00,4,559.97,264,22,United Kingdom,52,3,4,3,10,343,Loyal customers
16385,2011-10-10 13:12:00,3,554.86,258,52,United Kingdom,61,3,4,3,10,343,Loyal customers
17235,2011-11-14 15:51:00,2,550.06,224,24,United Kingdom,26,4,3,3,10,433,Potential loyalists
17637,2011-11-08 12:51:00,2,547.0600000000001,280,35,United Kingdom,32,4,3,3,10,433,Potential loyalists
17806,2011-11-28 14:12:00,1,546.04,727,43,United Kingdom,12,5,2,3,10,523,New customers
14539,2011-11-24 09:50:00,2,537.48,428,31,United Kingdom,16,4,3,3,10,433,Potential loyalists
16206,2011-10-16 10:41:00,4,537.0600000000001,272,52,United Kingdom,55,3,4,3,10,343,Loyal customers
16233,2011-09-29 17:27:00,3,536.6800000000001,174,22,United Kingdom,72,3,4,3,10,343,Loyal customers
12784,2011-11-30 15:38:00,2,532.8199999999999,280,54,Portugal,10,5,2,3,10,523,New customers
16706,2011-11-02 13:50:00,3,531.35,249,108,United Kingdom,38,3,4,3,10,343,Loyal customers
16185,2011-11-23 09:41:00,2,529.41,260,31,United Kingdom,17,4,3,3,10,433,Potential loyalists
15452,2011-11-10 12:13:00,3,528.48,280,47,United Kingdom,30,4,3,3,10,433,Potential loyalists
15756,2011-10-09 13:30:00,4,528.01,241,160,United Kingdom,62,3,4,3,10,343,Loyal customers
15919,2011-11-20 11:28:00,2,525.69,385,103,United Kingdom,20,4,3,3,10,433,Potential loyalists
17329,2011-11-25 14:24:00,2,523.11,142,29,United Kingdom,15,4,3,3,10,433,Potential loyalists
13643,2011-11-08 15:37:00,3,519.44,273,24,United Kingdom,32,4,3,3,10,433,Potential loyalists
15809,2011-11-03 16:40:00,5,515.77,301,31,United Kingdom,37,3,4,3,10,343,Loyal customers
14851,2011-11-16 14:20:00,2,511.35,325,28,United Kingdom,24,4,3,3,10,433,Potential loyalists
15406,2011-11-08 13:22:00,2,510.71000000000004,254,51,United Kingdom,32,4,3,3,10,433,Potential loyalists
16960,2011-11-01 11:35:00,3,507.05,304,92,United Kingdom,39,3,4,3,10,343,Loyal customers
16863,2011-11-08 15:26:00,2,502.8,409,25,United Kingdom,32,4,3,3,10,433,Potential loyalists
13865,2011-10-12 13:31:00,4,501.56,204,26,United Kingdom,59,3,4,3,10,343,Loyal customers
16616,2011-11-24 16:31:00,2,500.42,370,31,United Kingdom,16,4,3,3,10,433,Potential loyalists
14077,2011-10-30 12:35:00,5,499.41999999999996,268,33,United Kingdom,41,3,4,3,10,343,Loyal customers
16488,2011-11-06 13:42:00,3,498.8,728,28,United Kingdom,34,3,4,3,10,343,Loyal customers
16352,2011-11-22 10:32:00,2,494.44,300,28,United Kingdom,18,4,3,3,10,433,Potential loyalists
14416,2011-11-17 15:22:00,2,490.22,326,13,United Kingdom,23,4,3,3,10,433,Potential loyalists
17361,2011-10-21 15:43:00,3,488.2,157,26,United Kingdom,50,3,4,3,10,343,Loyal customers
16368,2011-12-07 13:12:00,2,479.91,251,58,United Kingdom,3,5,3,2,10,532,Potential loyalists
16008,2011-11-16 10:32:00,3,478.78,323,29,United Kingdom,24,4,4,2,10,442,Potential loyalists
12787,2011-11-30 08:44:00,3,463.66,261,17,Netherlands,10,5,3,2,10,532,Potential loyalists
14470,2011-11-28 10:31:00,2,461.19,193,43,United Kingdom,12,5,3,2,10,532,Potential loyalists
17564,2011-11-15 13:27:00,3,454.01,146,38,United Kingdom,25,4,4,2,10,442,Potential loyalists
18158,2011-11-30 16:19:00,2,453.4,354,24,United Kingdom,10,5,3,2,10,532,Potential loyalists
16885,2011-11-24 13:40:00,3,450.41,178,82,United Kingdom,16,4,4,2,10,442,Potential loyalists
13954,2011-12-08 12:50:00,2,439.92,150,24,United Kingdom,2,5,3,2,10,532,Potential loyalists
16968,2011-12-05 15:02:00,2,439.43,326,31,United Kingdom,5,5,3,2,10,532,Potential loyalists
12827,2011-12-04 12:17:00,3,430.15000000000003,197,19,United Kingdom,6,5,3,2,10,532,Potential loyalists
16119,2011-12-01 15:11:00,2,423.36,240,14,United Kingdom,9,5,3,2,10,532,Potential loyalists
17371,2011-11-22 13:30:00,3,418.4,151,83,United Kingdom,18,4,4,2,10,442,Potential loyalists
17232,2011-12-07 12:21:00,2,417.77,202,30,United Kingdom,3,5,3,2,10,532,Potential loyalists
18001,2011-11-27 16:02:00,2,415.13,362,56,United Kingdom,13,5,3,2,10,532,Potential loyalists
12993,2011-11-16 15:49:00,4,414.76,240,26,United Kingdom,24,4,4,2,10,442,Potential loyalists
18154,2011-12-06 16:41:00,2,399.19,255,15,United Kingdom,4,5,3,2,10,532,Potential loyalists
15883,2011-12-07 17:05:00,2,396.48,223,42,United Kingdom,3,5,3,2,10,532,Potential loyalists
17595,2011-11-27 16:08:00,2,386.69,228,68,United Kingdom,13,5,3,2,10,532,Potential loyalists
17711,2011-11-29 11:40:00,2,385.1,246,22,United Kingdom,11,5,3,2,10,532,Potential loyalists
17250,2011-12-06 12:15:00,2,381.97,167,55,United Kingdom,4,5,3,2,10,532,Potential loyalists
17573,2011-11-10 13:01:00,3,380.6,308,24,United Kingdom,30,4,4,2,10,442,Potential loyalists
17031,2011-11-28 10:23:00,2,380.35,235,19,United Kingdom,12,5,3,2,10,532,Potential loyalists
16930,2011-11-13 16:13:00,3,378.89,339,47,United Kingdom,27,4,4,2,10,442,Potential loyalists
14448,2011-11-30 13:50:00,2,375.35,104,20,United Kingdom,10,5,3,2,10,532,Potential loyalists
14594,2011-12-02 13:28:00,2,363.33,183,48,United Kingdom,8,5,3,2,10,532,Potential loyalists
18112,2011-11-27 14:43:00,2,352.69,255,26,United Kingdom,13,5,3,2,10,532,Potential loyalists
15901,2011-11-23 12:43:00,3,351.73,379,102,United Kingdom,17,4,4,2,10,442,Potential loyalists
17668,2011-12-08 13:25:00,2,347.75,93,14,United Kingdom,2,5,3,2,10,532,Potential loyalists
18127,2011-11-20 14:05:00,3,347.08,187,41,United Kingdom,20,4,4,2,10,442,Potential loyalists
15781,2011-11-14 14:57:00,3,345.46,180,20,United Kingdom,26,4,4,2,10,442,Potential loyalists
17221,2011-12-02 13:35:00,2,334.48,287,59,United Kingdom,8,5,3,2,10,532,Potential loyalists
16478,2011-11-14 15:51:00,3,331.0,224,15,United Kingdom,26,4,4,2,10,442,Potential loyalists
15714,2011-11-28 11:26:00,2,330.03000000000003,186,34,United Kingdom,12,5,3,2,10,532,Potential loyalists
16322,2011-12-08 15:41:00,2,326.75,231,28,United Kingdom,2,5,3,2,10,532,Potential loyalists
17157,2011-12-02 09:10:00,2,319.0,172,11,United Kingdom,8,5,3,2,10,532,Potential loyalists
15101,2011-12-01 10:18:00,2,317.53,241,8,United Kingdom,9,5,3,2,10,532,Potential loyalists
17237,2011-11-28 15:02:00,2,314.69,105,18,United Kingdom,12,5,3,2,10,532,Potential loyalists
18059,2011-11-16 16:49:00,3,306.46,258,17,United Kingdom,24,4,4,2,10,442,Potential loyalists
15054,2011-11-27 15:02:00,2,302.1,198,105,United Kingdom,13,5,3,2,10,532,Potential loyalists
16479,2011-11-29 13:40:00,2,300.83,102,35,United Kingdom,11,5,3,2,10,532,Potential loyalists
16149,2011-12-05 11:29:00,2,280.52,308,18,United Kingdom,5,5,3,2,10,532,Potential loyalists
16313,2011-12-06 13:02:00,2,274.15000000000003,165,16,United Kingdom,4,5,3,2,10,532,Potential loyalists
17254,2011-12-05 12:46:00,2,271.19,251,100,United Kingdom,5,5,3,2,10,532,Potential loyalists
14520,2011-12-08 09:46:00,2,270.6,146,3,United Kingdom,2,5,3,2,10,532,Potential loyalists
14452,2011-11-29 12:06:00,2,259.05,116,55,United Kingdom,11,5,3,2,10,532,Potential loyalists
13277,2011-11-24 09:21:00,4,258.4,176,5,United Kingdom,16,4,4,2,10,442,Potential loyalists
16330,2011-11-22 12:24:00,3,251.91,147,39,United Kingdom,18,4,4,2,10,442,Potential loyalists
13079,2011-12-05 16:53:00,5,220.10000000000002,62,2,United Kingdom,5,5,4,1,10,541,Potential loyalists
18273,2011-12-07 13:16:00,3,204.0,80,1,United Kingdom,3,5,4,1,10,541,Potential loyalists
15749,2011-04-18 13:20:00,3,44534.3,18028,5,United Kingdom,236,1,3,5,9,135,At-risk customers
15098,2011-06-10 15:33:00,3,39916.5,121,1,United Kingdom,183,1,3,5,9,135,At-risk customers
12435,2011-09-21 09:06:00,2,7829.89,2055,31,Denmark,80,2,2,5,9,225,Cannot lose them
12357,2011-11-06 16:07:00,1,6207.67,2708,131,Switzerland,34,3,1,5,9,315,Other customers
15032,2011-03-28 15:03:00,3,4959.1,2968,29,United Kingdom,257,1,3,5,9,135,At-risk customers
18251,2011-09-13 15:03:00,1,4314.72,7824,16,United Kingdom,88,2,2,5,9,225,Cannot lose them
12454,2011-10-14 17:13:00,1,3528.34,1006,15,Spain,57,3,1,5,9,315,Other customers
12754,2011-04-18 09:00:00,3,3010.74,6481,49,Japan,236,1,3,5,9,135,At-risk customers
12758,2011-08-15 10:22:00,2,2791.59,2135,84,Portugal,117,2,2,5,9,225,Cannot lose them
13422,2011-10-06 13:42:00,1,2626.3,1326,127,United Kingdom,65,3,1,5,9,315,Other customers
12653,2011-07-14 10:41:00,2,2209.85,919,37,Israel,149,2,2,5,9,225,Cannot lose them
14828,2011-05-27 10:16:00,3,2139.76,2172,17,United Kingdom,197,1,3,5,9,135,At-risk customers
16281,2011-09-28 14:57:00,1,2062.06,934,17,United Kingdom,73,2,2,5,9,225,Cannot lose them
14934,2011-09-19 10:10:00,2,1890.94,1042,68,Channel Islands,82,2,3,4,9,234,At-risk customers
12371,2011-10-26 10:16:00,2,1887.96,591,63,Switzerland,45,3,2,4,9,324,Other customers
12383,2011-06-08 08:02:00,5,1850.56,1532,84,Belgium,185,1,4,4,9,144,At-risk customers
13421,2011-10-30 14:21:00,2,1833.71,1128,88,United Kingdom,41,3,2,4,9,324,Other customers
13562,2011-09-19 10:51:00,3,1799.33,757,50,United Kingdom,82,2,3,4,9,234,At-risk customers
12349,2011-11-21 09:51:00,1,1757.55,631,73,Italy,19,4,1,4,9,414,New customers
15067,2011-09-22 13:20:00,3,1744.76,954,82,United Kingdom,79,2,3,4,9,234,At-risk customers
16380,2011-10-09 15:40:00,1,1743.1499999999999,1428,28,United Kingdom,62,3,2,4,9,324,Other customers
17353,2011-08-02 17:19:00,2,1740.0,1200,5,United Kingdom,130,2,3,4,9,234,At-risk customers
13564,2011-07-18 14:33:00,3,1724.67,636,68,United Kingdom,145,2,3,4,9,234,At-risk customers
16398,2011-07-08 15:16:00,2,1705.8,758,75,United Kingdom,155,2,3,4,9,234,At-risk customers
17152,2011-05-29 12:19:00,3,1689.5,517,9,United Kingdom,195,1,4,4,9,144,At-risk customers
15549,2011-09-23 16:22:00,3,1681.46,694,104,United Kingdom,78,2,3,4,9,234,At-risk customers
15332,2010-12-08 14:43:00,4,1661.06,652,29,Lithuania,367,1,4,4,9,144,At-risk customers
15122,2011-08-17 16:48:00,3,1633.78,800,65,United Kingdom,115,2,3,4,9,234,At-risk customers
13425,2011-08-23 17:13:00,3,1624.21,1123,66,United Kingdom,109,2,3,4,9,234,At-risk customers
14918,2011-08-16 11:50:00,2,1610.15,675,39,United Kingdom,116,2,3,4,9,234,At-risk customers
16889,2011-05-29 11:05:00,3,1578.67,925,112,United Kingdom,195,1,4,4,9,144,At-risk customers
18239,2011-05-05 12:38:00,5,1561.6100000000001,795,80,United Kingdom,219,1,4,4,9,144,At-risk customers
14038,2011-09-22 13:37:00,3,1560.38,965,64,United Kingdom,79,2,3,4,9,234,At-risk customers
13849,2011-10-19 10:59:00,2,1537.95,1016,97,United Kingdom,52,3,2,4,9,324,Other customers
14267,2011-06-30 10:09:00,3,1516.24,530,25,United Kingdom,163,2,3,4,9,234,At-risk customers
15265,2011-07-11 14:46:00,2,1506.1200000000001,612,76,United Kingdom,152,2,3,4,9,234,At-risk customers
14246,2011-08-21 11:50:00,3,1474.06,804,57,United Kingdom,111,2,3,4,9,234,At-risk customers
14875,2011-08-24 12:20:00,2,1465.3200000000002,558,46,United Kingdom,108,2,3,4,9,234,At-risk customers
13475,2011-06-01 13:52:00,4,1431.78,1012,64,United Kingdom,192,1,4,4,9,144,At-risk customers
18202,2011-05-24 12:12:00,3,1396.99,581,55,United Kingdom,200,1,4,4,9,144,At-risk customers
17354,2011-10-20 10:34:00,1,1393.06,1006,15,United Kingdom,51,3,2,4,9,324,Other customers
13414,2011-07-29 11:45:00,3,1390.5,1574,23,United Kingdom,134,2,3,4,9,234,At-risk customers
17311,2011-09-22 14:11:00,2,1384.85,1005,55,United Kingdom,79,2,3,4,9,234,At-risk customers
12886,2011-10-03 10:09:00,2,1378.4,770,75,United Kingdom,68,3,2,4,9,324,Other customers
15734,2011-08-17 10:50:00,2,1339.45,346,25,United Kingdom,115,2,3,4,9,234,At-risk customers
15146,2011-06-28 12:09:00,2,1327.16,1473,90,United Kingdom,165,2,3,4,9,234,At-risk customers
16083,2011-08-31 10:47:00,2,1317.62,908,31,United Kingdom,101,2,3,4,9,234,At-risk customers
12854,2011-09-22 12:15:00,3,1316.25,626,95,United Kingdom,79,2,3,4,9,234,At-risk customers
14973,2011-08-24 15:51:00,3,1314.45,369,29,United Kingdom,108,2,3,4,9,234,At-risk customers
12507,2011-07-28 17:09:00,3,1304.81,894,19,Spain,135,2,3,4,9,234,At-risk customers
16101,2011-09-30 10:18:00,1,1290.7,757,76,United Kingdom,71,3,2,4,9,324,Other customers
12394,2011-10-07 08:08:00,2,1272.48,819,26,Belgium,64,3,2,4,9,324,Other customers
13492,2011-07-26 14:25:00,3,1269.84,408,38,Switzerland,137,2,3,4,9,234,At-risk customers
13431,2011-10-03 13:49:00,2,1269.1,672,44,United Kingdom,68,3,2,4,9,324,Other customers
13848,2011-09-08 12:58:00,3,1255.0,3700,3,United Kingdom,93,2,3,4,9,234,At-risk customers
12412,2011-09-26 10:16:00,3,1226.88,829,43,Denmark,75,2,3,4,9,234,At-risk customers
13055,2011-09-22 14:26:00,3,1214.41,894,74,United Kingdom,79,2,3,4,9,234,At-risk customers
13918,2011-10-21 12:25:00,2,1212.8400000000001,1140,30,United Kingdom,50,3,2,4,9,324,Other customers
12546,2011-10-24 12:09:00,2,1161.5,633,59,Spain,47,3,2,4,9,324,Other customers
13611,2011-09-11 14:51:00,3,1154.4,754,67,United Kingdom,90,2,3,4,9,234,At-risk customers
12710,2011-09-04 12:00:00,3,1149.02,851,75,Germany,97,2,3,4,9,234,At-risk customers
17505,2011-07-01 12:50:00,2,1145.84,556,48,United Kingdom,162,2,3,4,9,234,At-risk customers
17770,2011-05-25 12:34:00,5,1143.27,365,33,United Kingdom,199,1,4,4,9,144,At-risk customers
15985,2011-08-08 16:31:00,2,1142.42,1086,29,United Kingdom,124,2,3,4,9,234,At-risk customers
13330,2011-09-08 12:27:00,3,1140.93,751,37,United Kingdom,93,2,3,4,9,234,At-risk customers
17242,2011-08-23 14:55:00,2,1135.04,611,30,United Kingdom,109,2,3,4,9,234,At-risk customers
16714,2011-05-05 11:09:00,3,1129.06,589,77,United Kingdom,219,1,4,4,9,144,At-risk customers
12609,2011-09-22 16:34:00,3,1126.85,648,57,Germany,79,2,3,4,9,234,At-risk customers
13486,2011-09-22 13:13:00,3,1122.41,669,69,United Kingdom,79,2,3,4,9,234,At-risk customers
14276,2011-09-02 09:45:00,3,1119.74,744,52,United Kingdom,99,2,3,4,9,234,At-risk customers
12842,2011-09-30 15:33:00,2,1118.99,547,34,United Kingdom,71,3,2,4,9,324,Other customers
17788,2011-09-27 10:09:00,2,1117.9,211,3,United Kingdom,74,2,3,4,9,234,At-risk customers
18189,2011-09-23 12:40:00,2,1090.24,566,65,United Kingdom,78,2,3,4,9,234,At-risk customers
14561,2011-09-25 12:39:00,3,1080.76,1014,67,United Kingdom,76,2,3,4,9,234,At-risk customers
13726,2011-11-01 10:49:00,2,1079.6599999999999,1054,39,United Kingdom,39,3,2,4,9,324,Other customers
16563,2011-10-17 11:51:00,1,1077.74,486,19,United Kingdom,54,3,2,4,9,324,Other customers
13715,2011-03-03 19:21:00,5,1077.39,562,89,United Kingdom,282,1,4,4,9,144,At-risk customers
13761,2011-10-20 14:01:00,2,1070.65,642,68,United Kingdom,51,3,2,4,9,324,Other customers
15777,2011-04-12 16:43:00,4,1047.11,378,18,United Kingdom,242,1,4,4,9,144,At-risk customers
16520,2011-06-06 13:24:00,3,1046.57,558,129,United Kingdom,187,1,4,4,9,144,At-risk customers
15192,2011-08-12 11:41:00,3,1044.32,918,36,United Kingdom,120,2,3,4,9,234,At-risk customers
16320,2011-06-20 15:25:00,2,1038.46,732,56,Unspecified,173,2,3,4,9,234,At-risk customers
16260,2011-10-20 09:40:00,1,1035.45,311,18,United Kingdom,51,3,2,4,9,324,Other customers
15658,2011-06-02 15:22:00,5,1024.1000000000001,242,40,United Kingdom,191,1,4,4,9,144,At-risk customers
14346,2011-08-11 09:47:00,2,1021.58,605,55,United Kingdom,121,2,3,4,9,234,At-risk customers
13165,2011-10-24 15:05:00,2,1021.48,1376,40,United Kingdom,47,3,2,4,9,324,Other customers
13376,2011-09-01 16:16:00,3,1019.76,493,45,United Kingdom,100,2,3,4,9,234,At-risk customers
18142,2011-07-05 13:19:00,2,1019.52,1276,9,United Kingdom,158,2,3,4,9,234,At-risk customers
16229,2011-09-13 17:16:00,2,1010.6,318,46,United Kingdom,88,2,3,4,9,234,At-risk customers
13032,2011-10-18 15:54:00,2,1010.18,375,55,United Kingdom,53,3,2,4,9,324,Other customers
17646,2011-05-04 13:17:00,3,1008.39,323,46,United Kingdom,220,1,4,4,9,144,At-risk customers
18143,2011-08-15 12:07:00,2,1000.16,570,59,United Kingdom,117,2,3,4,9,234,At-risk customers
17594,2011-09-15 16:34:00,2,993.18,550,42,United Kingdom,86,2,3,4,9,234,At-risk customers
14223,2011-09-08 13:38:00,3,991.13,585,50,United Kingdom,93,2,3,4,9,234,At-risk customers
15133,2011-08-04 10:44:00,3,982.42,680,27,United Kingdom,128,2,3,4,9,234,At-risk customers
15071,2011-09-07 11:43:00,2,982.07,269,25,United Kingdom,94,2,3,4,9,234,At-risk customers
14006,2011-08-16 09:39:00,3,962.19,641,22,United Kingdom,116,2,3,4,9,234,At-risk customers
17244,2011-10-17 15:19:00,1,954.9,616,31,United Kingdom,54,3,2,4,9,324,Other customers
12822,2011-09-30 10:04:00,2,948.88,550,41,United Kingdom,71,3,2,4,9,324,Other customers
12458,2011-09-29 15:25:00,2,947.4,506,35,Switzerland,72,3,2,4,9,324,Other customers
16584,2011-09-20 13:45:00,2,936.08,646,25,United Kingdom,81,2,3,4,9,234,At-risk customers
16934,2011-10-16 12:40:00,2,931.03,397,59,United Kingdom,55,3,3,3,9,333,Potential loyalists
14475,2011-09-29 10:46:00,3,925.85,447,35,United Kingdom,72,3,3,3,9,333,Potential loyalists
17048,2011-08-14 11:49:00,3,925.35,485,41,United Kingdom,118,2,4,3,9,243,At-risk customers
15312,2011-09-25 13:10:00,4,924.85,516,42,United Kingdom,76,2,4,3,9,243,At-risk customers
16551,2011-09-05 09:38:00,3,922.12,970,26,United Kingdom,96,2,4,3,9,243,At-risk customers
17018,2011-10-30 11:42:00,2,920.1,176,15,United Kingdom,41,3,3,3,9,333,Potential loyalists
15211,2011-10-10 13:31:00,2,894.4100000000001,240,52,United Kingdom,61,3,3,3,9,333,Potential loyalists
13515,2011-09-28 11:26:00,4,891.12,681,50,United Kingdom,73,2,4,3,9,243,At-risk customers
15799,2011-09-25 12:46:00,3,884.14,955,94,United Kingdom,76,2,4,3,9,243,At-risk customers
12693,2011-08-04 17:51:00,4,855.91,255,35,Germany,128,2,4,3,9,243,At-risk customers
17560,2011-09-06 09:18:00,4,854.95,635,22,United Kingdom,95,2,4,3,9,243,At-risk customers
16121,2011-10-13 12:59:00,2,854.66,576,170,United Kingdom,58,3,3,3,9,333,Potential loyalists
14193,2011-10-03 09:34:00,2,853.39,445,35,United Kingdom,68,3,3,3,9,333,Potential loyalists
12713,2011-12-09 12:16:00,1,848.55,508,38,Germany,1,5,1,3,9,513,New customers
16747,2011-11-02 11:37:00,2,836.06,583,34,United Kingdom,38,3,3,3,9,333,Potential loyalists
17169,2011-10-13 10:25:00,2,835.78,526,51,United Kingdom,58,3,3,3,9,333,Potential loyalists
14644,2011-10-03 08:30:00,2,830.76,258,26,United Kingdom,68,3,3,3,9,333,Potential loyalists
15164,2011-10-02 12:05:00,3,824.58,351,79,United Kingdom,69,3,3,3,9,333,Potential loyalists
13220,2011-09-22 13:38:00,4,819.2900000000001,196,18,United Kingdom,79,2,4,3,9,243,At-risk customers
16092,2011-08-17 10:46:00,3,817.86,628,37,United Kingdom,115,2,4,3,9,243,At-risk customers
14421,2011-10-13 13:24:00,2,813.11,365,25,United Kingdom,58,3,3,3,9,333,Potential loyalists
17980,2011-06-27 12:01:00,3,811.45,682,23,United Kingdom,166,2,4,3,9,243,At-risk customers
13637,2011-10-18 13:32:00,3,804.3,405,79,United Kingdom,53,3,3,3,9,333,Potential loyalists
15644,2011-06-26 14:54:00,4,803.54,550,166,United Kingdom,167,2,4,3,9,243,At-risk customers
16367,2011-11-02 13:13:00,2,800.67,643,123,United Kingdom,38,3,3,3,9,333,Potential loyalists
13720,2011-08-15 12:46:00,4,799.9,501,42,United Kingdom,117,2,4,3,9,243,At-risk customers
17905,2011-09-29 17:33:00,4,798.99,406,33,United Kingdom,72,2,4,3,9,243,At-risk customers
15990,2011-10-26 15:58:00,2,792.11,443,52,United Kingdom,45,3,3,3,9,333,Potential loyalists
13329,2011-11-08 10:29:00,2,789.0,463,16,United Kingdom,32,4,2,3,9,423,New customers
18228,2011-10-14 09:21:00,2,779.9,238,23,United Kingdom,57,3,3,3,9,333,Potential loyalists
14815,2011-11-03 11:36:00,2,778.5,744,53,United Kingdom,37,3,3,3,9,333,Potential loyalists
17414,2011-10-27 12:13:00,2,778.0,2100,5,United Kingdom,44,3,3,3,9,333,Potential loyalists
16505,2011-11-08 12:14:00,1,777.6,576,4,United Kingdom,32,4,2,3,9,423,New customers
16825,2011-11-01 11:51:00,2,775.1800000000001,566,27,United Kingdom,39,3,3,3,9,333,Potential loyalists
17764,2011-10-20 11:03:00,2,772.55,351,71,United Kingdom,51,3,3,3,9,333,Potential loyalists
14412,2011-10-28 10:45:00,2,770.03,786,43,United Kingdom,43,3,3,3,9,333,Potential loyalists
17268,2011-08-24 10:06:00,4,763.64,844,3,United Kingdom,108,2,4,3,9,243,At-risk customers
16806,2011-08-28 15:27:00,4,762.16,356,68,United Kingdom,104,2,4,3,9,243,At-risk customers
16725,2011-02-10 16:52:00,7,758.27,288,110,United Kingdom,303,1,5,3,9,153,At-risk customers
12413,2011-10-04 09:00:00,3,758.1,286,29,France,67,3,3,3,9,333,Potential loyalists
17146,2011-08-26 12:44:00,3,749.78,212,33,United Kingdom,106,2,4,3,9,243,At-risk customers
13236,2011-11-15 12:50:00,2,744.85,416,34,United Kingdom,25,4,2,3,9,423,New customers
12465,2011-11-22 16:34:00,2,742.1899999999999,479,46,Belgium,18,4,2,3,9,423,New customers
17692,2011-08-04 14:01:00,4,740.9399999999999,672,34,United Kingdom,128,2,4,3,9,243,At-risk customers
15252,2011-11-03 13:30:00,2,740.78,522,44,United Kingdom,37,3,3,3,9,333,Potential loyalists
15215,2011-10-24 11:41:00,3,734.94,225,33,United Kingdom,47,3,3,3,9,333,Potential loyalists
16146,2011-07-05 14:20:00,3,734.13,427,26,United Kingdom,158,2,4,3,9,243,At-risk customers
16140,2011-10-05 12:15:00,2,725.18,730,32,United Kingdom,66,3,3,3,9,333,Potential loyalists
15272,2011-10-13 12:59:00,2,721.94,310,63,United Kingdom,58,3,3,3,9,333,Potential loyalists
18062,2011-06-19 14:47:00,3,720.52,396,23,United Kingdom,174,2,4,3,9,243,At-risk customers
15400,2011-09-08 13:57:00,5,716.2,390,10,United Kingdom,93,2,4,3,9,243,At-risk customers
15757,2011-10-05 12:14:00,2,714.42,491,43,United Kingdom,66,3,3,3,9,333,Potential loyalists
15855,2011-07-26 10:20:00,5,712.24,470,59,United Kingdom,137,2,4,3,9,243,At-risk customers
17179,2011-06-14 16:48:00,3,711.79,290,56,United Kingdom,179,2,4,3,9,243,At-risk customers
17934,2011-10-19 11:16:00,2,704.25,478,21,United Kingdom,52,3,3,3,9,333,Potential loyalists
14179,2011-10-30 12:07:00,2,701.57,319,135,United Kingdom,41,3,3,3,9,333,Potential loyalists
17423,2011-10-24 13:36:00,2,698.41,459,26,United Kingdom,47,3,3,3,9,333,Potential loyalists
17733,2011-11-01 08:16:00,2,692.19,463,33,United Kingdom,39,3,3,3,9,333,Potential loyalists
15181,2011-10-04 13:58:00,3,689.4799999999999,544,11,United Kingdom,67,3,3,3,9,333,Potential loyalists
16122,2011-09-27 15:34:00,4,684.4200000000001,1128,26,United Kingdom,74,2,4,3,9,243,At-risk customers
17874,2011-06-07 12:54:00,6,683.46,221,37,United Kingdom,186,1,5,3,9,153,At-risk customers
17341,2011-07-06 12:33:00,3,682.29,443,147,United Kingdom,157,2,4,3,9,243,At-risk customers
12478,2011-12-06 09:56:00,1,680.99,236,36,Greece,4,5,1,3,9,513,New customers
18082,2011-11-14 12:45:00,1,680.84,608,62,United Kingdom,26,4,2,3,9,423,New customers
16872,2011-09-23 16:05:00,3,680.02,600,5,United Kingdom,78,2,4,3,9,243,At-risk customers
13430,2011-11-21 08:19:00,2,679.45,751,48,United Kingdom,19,4,2,3,9,423,New customers
13925,2011-09-08 12:47:00,4,678.25,331,28,United Kingdom,93,2,4,3,9,243,At-risk customers
17462,2011-10-10 13:56:00,2,675.69,227,25,United Kingdom,61,3,3,3,9,333,Potential loyalists
15574,2011-06-15 12:01:00,4,675.64,332,131,United Kingdom,178,2,4,3,9,243,At-risk customers
17994,2011-08-10 11:41:00,4,674.89,495,63,United Kingdom,122,2,4,3,9,243,At-risk customers
13741,2011-09-29 09:19:00,3,668.4300000000001,218,34,United Kingdom,72,3,3,3,9,333,Potential loyalists
16268,2011-09-29 18:30:00,2,667.65,533,45,United Kingdom,72,3,3,3,9,333,Potential loyalists
16208,2011-10-26 11:36:00,2,664.26,333,61,United Kingdom,45,3,3,3,9,333,Potential loyalists
13240,2011-09-04 14:08:00,4,663.65,298,59,United Kingdom,97,2,4,3,9,243,At-risk customers
13028,2011-11-17 11:10:00,2,661.3199999999999,798,40,United Kingdom,23,4,2,3,9,423,New customers
14150,2011-11-04 10:05:00,2,658.64,496,23,United Kingdom,36,3,3,3,9,333,Potential loyalists
16696,2011-07-27 14:23:00,4,657.9000000000001,146,7,United Kingdom,136,2,4,3,9,243,At-risk customers
17459,2011-10-27 13:25:00,2,657.3,537,88,United Kingdom,44,3,3,3,9,333,Potential loyalists
14651,2011-10-03 15:52:00,2,653.75,343,95,United Kingdom,68,3,3,3,9,333,Potential loyalists
17398,2011-08-17 09:48:00,3,653.38,310,30,United Kingdom,115,2,4,3,9,243,At-risk customers
12589,2011-11-11 10:19:00,2,646.68,306,29,France,29,4,2,3,9,423,New customers
15651,2011-11-03 08:41:00,3,646.3,479,27,United Kingdom,37,3,3,3,9,333,Potential loyalists
17312,2011-07-24 11:52:00,3,644.3,372,11,United Kingdom,139,2,4,3,9,243,At-risk customers
14451,2011-10-10 13:38:00,2,643.9,378,86,United Kingdom,61,3,3,3,9,333,Potential loyalists
18160,2011-10-13 15:50:00,2,638.0600000000001,294,37,United Kingdom,58,3,3,3,9,333,Potential loyalists
14754,2011-10-26 12:01:00,2,638.05,486,38,United Kingdom,45,3,3,3,9,333,Potential loyalists
14128,2011-10-10 12:00:00,2,637.5,564,40,United Kingdom,61,3,3,3,9,333,Potential loyalists
16306,2011-05-10 12:12:00,6,632.27,487,36,United Kingdom,214,1,5,3,9,153,At-risk customers
15244,2011-10-05 13:19:00,2,631.57,405,31,United Kingdom,66,3,3,3,9,333,Potential loyalists
17985,2011-11-17 14:24:00,1,631.35,171,20,United Kingdom,23,4,2,3,9,423,New customers
13046,2011-11-09 08:36:00,2,629.31,264,33,United Kingdom,31,4,2,3,9,423,New customers
13525,2011-11-25 12:01:00,2,628.78,394,5,United Kingdom,15,4,2,3,9,423,New customers
12577,2011-11-04 13:24:00,3,626.6,469,137,France,36,3,3,3,9,333,Potential loyalists
15768,2011-08-16 10:48:00,3,621.8299999999999,244,23,United Kingdom,116,2,4,3,9,243,At-risk customers
13301,2011-08-28 11:25:00,4,618.09,345,75,United Kingdom,104,2,4,3,9,243,At-risk customers
14636,2011-11-03 16:12:00,2,609.85,241,27,United Kingdom,37,3,3,3,9,333,Potential loyalists
16732,2011-11-08 09:54:00,1,603.75,317,28,United Kingdom,32,4,2,3,9,423,New customers
14609,2011-09-28 12:54:00,4,601.56,7026,2,United Kingdom,73,2,4,3,9,243,At-risk customers
16654,2011-07-21 15:23:00,4,601.27,282,29,United Kingdom,142,2,4,3,9,243,At-risk customers
18232,2011-09-19 11:49:00,4,592.97,302,31,United Kingdom,82,2,4,3,9,243,At-risk customers
14692,2011-07-25 15:08:00,4,591.55,265,53,United Kingdom,138,2,4,3,9,243,At-risk customers
15624,2011-08-15 11:38:00,4,588.13,357,26,United Kingdom,117,2,4,3,9,243,At-risk customers
12384,2011-11-11 08:39:00,2,585.27,126,26,Switzerland,29,4,2,3,9,423,New customers
13557,2011-11-11 15:24:00,2,584.06,546,31,United Kingdom,29,4,2,3,9,423,New customers
15762,2011-10-05 16:15:00,2,583.75,251,37,United Kingdom,66,3,3,3,9,333,Potential loyalists
14529,2011-10-10 15:27:00,3,578.61,325,177,United Kingdom,61,3,3,3,9,333,Potential loyalists
13487,2011-10-13 12:07:00,3,575.4,265,26,United Kingdom,58,3,3,3,9,333,Potential loyalists
15339,2011-10-04 12:51:00,2,574.07,416,77,United Kingdom,67,3,3,3,9,333,Potential loyalists
12879,2011-10-26 12:24:00,3,573.22,370,7,United Kingdom,45,3,3,3,9,333,Potential loyalists
13816,2011-11-16 08:38:00,2,571.6700000000001,269,25,Germany,24,4,2,3,9,423,New customers
17616,2011-06-19 10:11:00,3,571.1999999999999,224,1,United Kingdom,174,2,4,3,9,243,At-risk customers
15821,2011-10-26 15:48:00,2,570.96,202,57,United Kingdom,45,3,3,3,9,333,Potential loyalists
15315,2011-10-06 12:51:00,2,570.5,862,35,United Kingdom,65,3,3,3,9,333,Potential loyalists
16667,2011-10-02 15:26:00,2,567.1800000000001,236,52,United Kingdom,69,3,3,3,9,333,Potential loyalists
16906,2011-09-19 11:49:00,4,559.59,263,74,United Kingdom,82,2,4,3,9,243,At-risk customers
14592,2011-11-04 16:35:00,3,557.94,407,132,United Kingdom,36,3,3,3,9,333,Potential loyalists
15068,2011-10-24 14:47:00,2,553.36,364,96,United Kingdom,47,3,3,3,9,333,Potential loyalists
14177,2011-09-14 15:11:00,4,549.46,204,37,United Kingdom,87,2,4,3,9,243,At-risk customers
14997,2011-10-24 13:28:00,3,546.1999999999999,1120,25,United Kingdom,47,3,3,3,9,333,Potential loyalists
16475,2011-09-12 14:37:00,4,544.3,319,23,United Kingdom,89,2,4,3,9,243,At-risk customers
13617,2011-10-30 13:50:00,3,544.18,300,31,United Kingdom,41,3,3,3,9,333,Potential loyalists
16927,2011-08-16 11:10:00,3,543.05,993,5,United Kingdom,116,2,4,3,9,243,At-risk customers
17897,2011-06-20 11:23:00,3,541.8100000000001,222,100,United Kingdom,173,2,4,3,9,243,At-risk customers
17447,2011-10-30 14:18:00,2,541.53,443,33,United Kingdom,41,3,3,3,9,333,Potential loyalists
13812,2011-10-28 14:27:00,3,539.0,333,33,Germany,43,3,3,3,9,333,Potential loyalists
15469,2011-10-20 16:21:00,2,538.55,153,24,United Kingdom,51,3,3,3,9,333,Potential loyalists
15539,2011-12-02 13:36:00,1,538.46,410,41,United Kingdom,8,5,1,3,9,513,New customers
12479,2011-11-28 13:26:00,1,527.2,385,31,Germany,12,5,1,3,9,513,New customers
17429,2011-08-03 13:22:00,3,524.9200000000001,624,36,United Kingdom,129,2,4,3,9,243,At-risk customers
18017,2011-09-19 16:15:00,3,523.0,300,1,United Kingdom,82,2,4,3,9,243,At-risk customers
15030,2011-09-29 10:50:00,2,518.28,372,7,United Kingdom,72,3,3,3,9,333,Potential loyalists
18252,2011-10-20 12:43:00,2,518.27,234,90,United Kingdom,51,3,3,3,9,333,Potential loyalists
18205,2011-11-03 13:22:00,2,517.36,192,30,United Kingdom,37,3,3,3,9,333,Potential loyalists
12991,2011-11-16 15:34:00,2,503.76,405,31,United Kingdom,24,4,2,3,9,423,New customers
15535,2011-06-19 16:02:00,4,502.9,135,55,United Kingdom,174,2,4,3,9,243,At-risk customers
14681,2011-09-29 15:52:00,3,498.95,76,6,United Kingdom,72,3,3,3,9,333,Potential loyalists
15018,2011-11-01 12:47:00,3,496.21000000000004,189,30,United Kingdom,39,3,3,3,9,333,Potential loyalists
12904,2011-11-21 14:34:00,2,496.06,294,59,United Kingdom,19,4,2,3,9,423,New customers
14396,2011-10-05 16:09:00,2,487.99,225,71,United Kingdom,66,3,3,3,9,333,Potential loyalists
17453,2011-11-22 09:42:00,2,486.71999999999997,219,19,United Kingdom,18,4,3,2,9,432,Potential loyalists
15287,2011-11-17 15:34:00,2,486.69,433,17,United Kingdom,23,4,3,2,9,432,Potential loyalists
16999,2011-11-16 13:53:00,2,484.82,294,21,United Kingdom,24,4,3,2,9,432,Potential loyalists
17555,2011-11-20 12:22:00,2,480.31,348,101,United Kingdom,20,4,3,2,9,432,Potential loyalists
16768,2011-10-23 10:38:00,3,478.09000000000003,196,47,United Kingdom,48,3,4,2,9,342,Potential loyalists
13092,2011-09-30 11:18:00,5,477.83,279,19,United Kingdom,71,3,4,2,9,342,Potential loyalists
14853,2011-11-15 16:56:00,2,475.8,82,8,United Kingdom,25,4,3,2,9,432,Potential loyalists
15963,2011-11-20 11:33:00,2,470.76,298,26,United Kingdom,20,4,3,2,9,432,Potential loyalists
13171,2011-11-18 10:27:00,3,468.41,229,37,United Kingdom,22,4,3,2,9,432,Potential loyalists
14205,2011-11-23 10:55:00,2,466.7,204,23,United Kingdom,17,4,3,2,9,432,Potential loyalists
17964,2011-11-08 10:44:00,2,463.21,294,84,United Kingdom,32,4,3,2,9,432,Potential loyalists
16824,2011-11-24 12:38:00,2,460.64,236,23,United Kingdom,16,4,3,2,9,432,Potential loyalists
16589,2011-09-29 14:50:00,3,459.24,368,31,United Kingdom,72,3,4,2,9,342,Potential loyalists
12375,2011-11-29 10:36:00,2,457.5,178,14,Finland,11,5,2,2,9,522,New customers
14335,2011-11-23 13:41:00,2,454.86,375,55,Germany,17,4,3,2,9,432,Potential loyalists
14157,2011-11-20 11:32:00,2,424.89000000000004,271,45,United Kingdom,20,4,3,2,9,432,Potential loyalists
18034,2011-11-18 12:22:00,2,418.68,559,99,United Kingdom,22,4,3,2,9,432,Potential loyalists
17483,2011-10-05 13:10:00,3,414.04,191,18,United Kingdom,66,3,4,2,9,342,Potential loyalists
15186,2011-11-25 14:58:00,2,411.41,215,17,United Kingdom,15,4,3,2,9,432,Potential loyalists
12990,2011-11-08 13:01:00,3,409.5,200,8,United Kingdom,32,4,3,2,9,432,Potential loyalists
16399,2011-11-20 16:12:00,2,408.02,263,68,United Kingdom,20,4,3,2,9,432,Potential loyalists
12498,2011-11-18 12:53:00,3,403.70000000000005,159,21,Germany,22,4,3,2,9,432,Potential loyalists
18036,2011-11-07 14:40:00,3,403.12,232,77,United Kingdom,33,3,4,2,9,342,Potential loyalists
15184,2011-11-10 13:41:00,2,402.2,199,59,United Kingdom,30,4,3,2,9,432,Potential loyalists
13255,2011-11-30 13:14:00,2,399.51,177,13,United Kingdom,10,5,2,2,9,522,New customers
15522,2011-11-07 11:26:00,2,397.99,572,47,United Kingdom,33,4,3,2,9,432,Potential loyalists
15967,2011-11-16 15:41:00,2,397.68,205,73,United Kingdom,24,4,3,2,9,432,Potential loyalists
15429,2011-11-13 12:28:00,2,397.35,380,77,United Kingdom,27,4,3,2,9,432,Potential loyalists
17379,2011-11-28 13:56:00,1,389.71999999999997,623,71,United Kingdom,12,5,2,2,9,522,New customers
17357,2011-11-15 16:30:00,2,384.39,152,41,United Kingdom,25,4,3,2,9,432,Potential loyalists
13657,2011-11-29 12:32:00,2,382.14,209,16,United Kingdom,11,5,2,2,9,522,New customers
15048,2011-10-05 14:55:00,4,381.0,192,86,United Kingdom,66,3,4,2,9,342,Potential loyalists
17936,2011-12-04 13:32:00,1,380.13,257,68,United Kingdom,6,5,2,2,9,522,New customers
17911,2011-11-30 14:52:00,1,366.23,223,39,United Kingdom,10,5,2,2,9,522,New customers
17432,2011-11-21 17:33:00,2,365.76,207,44,United Kingdom,19,4,3,2,9,432,Potential loyalists
15949,2011-11-23 09:09:00,2,364.72,284,12,United Kingdom,17,4,3,2,9,432,Potential loyalists
17330,2011-11-17 08:56:00,2,363.9,120,5,United Kingdom,23,4,3,2,9,432,Potential loyalists
13780,2011-12-02 13:49:00,2,360.01,318,56,United Kingdom,8,5,2,2,9,522,New customers
17025,2011-10-10 09:06:00,3,357.77,235,8,United Kingdom,61,3,4,2,9,342,Potential loyalists
18040,2011-11-20 14:20:00,2,357.20000000000005,148,18,United Kingdom,20,4,3,2,9,432,Potential loyalists
13173,2011-12-05 15:51:00,2,353.65,277,41,United Kingdom,5,5,2,2,9,522,New customers
13068,2011-11-29 15:00:00,2,344.0,200,1,United Kingdom,11,5,2,2,9,522,New customers
18081,2011-11-03 16:30:00,3,343.45,195,14,United Kingdom,37,3,4,2,9,342,Potential loyalists
17384,2011-11-20 15:48:00,2,336.4,88,12,United Kingdom,20,4,3,2,9,432,Potential loyalists
17917,2011-10-25 13:20:00,3,335.03,184,77,United Kingdom,46,3,4,2,9,342,Potential loyalists
16593,2011-10-20 12:41:00,3,330.03,116,24,United Kingdom,51,3,4,2,9,342,Potential loyalists
17914,2011-12-06 11:58:00,1,329.36,457,72,United Kingdom,4,5,2,2,9,522,New customers
16343,2011-11-23 17:45:00,2,328.58,175,29,United Kingdom,17,4,3,2,9,432,Potential loyalists
16855,2011-11-16 12:03:00,2,328.4,164,19,United Kingdom,24,4,3,2,9,432,Potential loyalists
14987,2011-11-24 09:59:00,2,326.4,128,2,United Kingdom,16,4,3,2,9,432,Potential loyalists
15872,2011-11-25 11:55:00,2,316.25,187,101,United Kingdom,15,4,3,2,9,432,Potential loyalists
15163,2011-11-21 13:10:00,2,304.47,186,29,United Kingdom,19,4,3,2,9,432,Potential loyalists
13083,2011-12-05 15:01:00,2,303.75,187,15,United Kingdom,5,5,2,2,9,522,New customers
16386,2011-11-11 12:28:00,2,302.57,205,76,United Kingdom,29,4,3,2,9,432,Potential loyalists
17163,2011-11-18 08:57:00,2,293.1,66,3,United Kingdom,22,4,3,2,9,432,Potential loyalists
13502,2011-11-23 10:39:00,3,292.0,264,17,United Kingdom,17,4,3,2,9,432,Potential loyalists
14784,2011-11-13 13:30:00,2,289.99,237,15,United Kingdom,27,4,3,2,9,432,Potential loyalists
17081,2011-11-14 12:56:00,2,288.91,77,55,United Kingdom,26,4,3,2,9,432,Potential loyalists
17080,2011-11-17 12:59:00,2,287.62,166,8,United Kingdom,23,4,3,2,9,432,Potential loyalists
17760,2011-11-18 10:56:00,2,287.59,239,25,United Kingdom,22,4,3,2,9,432,Potential loyalists
16557,2011-11-15 14:04:00,2,281.85,111,11,United Kingdom,25,4,3,2,9,432,Potential loyalists
15355,2011-11-10 13:44:00,2,277.05,45,9,United Kingdom,30,4,3,2,9,432,Potential loyalists
13606,2011-11-10 17:46:00,3,276.75,276,40,United Kingdom,30,4,3,2,9,432,Potential loyalists
13058,2011-11-15 12:43:00,3,271.40000000000003,52,5,United Kingdom,25,4,3,2,9,432,Potential loyalists
14508,2011-11-17 19:48:00,2,268.05,129,52,United Kingdom,23,4,3,2,9,432,Potential loyalists
12962,2011-12-02 15:55:00,2,266.39,129,15,United Kingdom,8,5,2,2,9,522,New customers
14765,2011-11-10 19:53:00,3,254.11,135,38,United Kingdom,30,4,3,2,9,432,Potential loyalists
13404,2011-12-08 15:37:00,2,252.49,111,11,United Kingdom,2,5,2,2,9,522,New customers
17155,2011-11-22 12:38:00,2,251.70000000000002,242,19,United Kingdom,18,4,3,2,9,432,Potential loyalists
16024,2011-11-27 13:26:00,1,251.03,397,61,United Kingdom,13,5,2,2,9,522,New customers
16596,2011-11-24 10:02:00,2,250.15,97,12,United Kingdom,16,4,3,2,9,432,Potential loyalists
14658,2011-12-04 15:35:00,2,247.15,47,27,United Kingdom,6,5,3,1,9,531,Potential loyalists
15690,2011-12-05 15:59:00,2,239.76,408,19,United Kingdom,5,5,3,1,9,531,Potential loyalists
18030,2011-12-05 16:37:00,2,230.64999999999998,67,8,United Kingdom,5,5,3,1,9,531,Potential loyalists
18005,2011-12-06 11:51:00,2,226.47,86,52,United Kingdom,4,5,3,1,9,531,Potential loyalists
18101,2011-11-28 13:37:00,2,222.4,87,37,United Kingdom,12,5,3,1,9,531,Potential loyalists
14960,2011-12-01 12:54:00,2,221.27,221,23,United Kingdom,9,5,3,1,9,531,Potential loyalists
17436,2011-12-08 12:30:00,2,216.29999999999998,90,7,United Kingdom,2,5,3,1,9,531,Potential loyalists
14385,2011-11-30 15:36:00,3,202.11,159,13,United Kingdom,10,5,3,1,9,531,Potential loyalists
16620,2011-12-06 12:19:00,2,178.96,88,9,United Kingdom,4,5,3,1,9,531,Potential loyalists
18282,2011-12-02 11:43:00,2,178.05,103,12,United Kingdom,8,5,3,1,9,531,Potential loyalists
14287,2011-12-01 13:25:00,3,176.63,261,9,United Kingdom,9,5,3,1,9,531,Potential loyalists
17772,2011-11-29 11:05:00,2,173.45,55,50,United Kingdom,11,5,3,1,9,531,Potential loyalists
17737,2011-11-30 15:16:00,2,168.24,108,8,United Kingdom,10,5,3,1,9,531,Potential loyalists
14354,2011-12-04 11:32:00,2,163.62,210,9,United Kingdom,6,5,3,1,9,531,Potential loyalists
16852,2011-11-29 13:22:00,2,144.91000000000003,56,9,United Kingdom,11,5,3,1,9,531,Potential loyalists
17468,2011-11-29 15:33:00,2,137.0,116,5,United Kingdom,11,5,3,1,9,531,Potential loyalists
17852,2011-11-28 12:36:00,2,114.34,53,21,United Kingdom,12,5,3,1,9,531,Potential loyalists
14836,2011-11-29 16:45:00,3,102.44999999999999,45,5,United Kingdom,11,5,3,1,9,531,Potential loyalists
14785,2011-11-29 13:21:00,2,77.4,84,2,United Kingdom,11,5,3,1,9,531,Potential loyalists
14865,2011-12-02 16:25:00,2,52.2,108,4,United Kingdom,8,5,3,1,9,531,Potential loyalists
12590,2011-05-12 14:52:00,2,9864.26,4283,68,Germany,212,1,2,5,8,125,Cannot lose them
12688,2011-08-18 08:49:00,1,4873.8099999999995,3028,171,Israel,114,2,1,5,8,215,Cannot lose them
12752,2011-09-19 13:32:00,1,4366.78,2262,53,Norway,82,2,1,5,8,215,Cannot lose them
12378,2011-08-02 10:34:00,1,4008.62,2529,219,Switzerland,130,2,1,5,8,215,Cannot lose them
12755,2011-03-04 12:42:00,2,3811.95,1491,4,Japan,281,1,2,5,8,125,Cannot lose them
13952,2011-05-06 09:00:00,2,3251.071,1431,120,United Kingdom,218,1,2,5,8,125,Cannot lose them
12625,2011-05-12 09:54:00,2,2683.82,1612,73,Germany,212,1,2,5,8,125,Cannot lose them
17846,2011-09-15 15:20:00,1,2033.1,1,1,United Kingdom,86,2,2,4,8,224,Cannot lose them
16698,2011-04-27 10:52:00,2,1998.0,840,4,United Kingdom,227,1,3,4,8,134,At-risk customers
12424,2011-06-30 12:06:00,2,1760.96,740,30,Australia,163,2,2,4,8,224,Cannot lose them
13763,2011-10-07 15:13:00,1,1714.96,728,15,United Kingdom,64,3,1,4,8,314,Other customers
15947,2011-09-18 10:46:00,1,1708.24,898,29,United Kingdom,83,2,2,4,8,224,Cannot lose them
16902,2011-08-15 14:17:00,1,1706.88,629,43,United Kingdom,117,2,2,4,8,224,Cannot lose them
14245,2011-05-04 08:40:00,2,1693.45,976,107,United Kingdom,220,1,3,4,8,134,At-risk customers
12635,2011-09-11 11:04:00,2,1689.18,1172,96,Germany,90,2,2,4,8,224,Cannot lose them
12398,2011-10-25 10:27:00,1,1635.6599999999999,1394,85,Switzerland,46,3,1,4,8,314,Other customers
14442,2011-05-19 11:36:00,2,1589.82,482,58,Channel Islands,205,1,3,4,8,134,At-risk customers
12607,2011-10-10 16:06:00,1,1579.51,1228,101,USA,61,3,1,4,8,314,Other customers
13814,2011-09-08 13:48:00,2,1579.12,864,37,Germany,93,2,2,4,8,224,Cannot lose them
16244,2011-05-12 10:18:00,2,1522.75,855,88,United Kingdom,212,1,3,4,8,134,At-risk customers
13791,2011-08-04 11:44:00,2,1516.0,1200,7,United Kingdom,128,2,2,4,8,224,Cannot lose them
15057,2011-03-09 15:17:00,2,1489.5,668,25,United Kingdom,276,1,3,4,8,134,At-risk customers
17553,2011-08-02 10:00:00,1,1487.6,1048,2,United Kingdom,130,2,2,4,8,224,Cannot lose them
14740,2011-05-26 18:17:00,3,1448.21,735,85,United Kingdom,198,1,3,4,8,134,At-risk customers
14154,2011-04-14 16:26:00,2,1345.62,465,52,United Kingdom,240,1,3,4,8,134,At-risk customers
12516,2011-09-23 09:13:00,2,1312.06,875,20,Germany,78,2,2,4,8,224,Cannot lose them
17919,2011-09-12 13:41:00,1,1304.04,756,23,United Kingdom,89,2,2,4,8,224,Cannot lose them
15813,2011-05-16 08:13:00,2,1303.9099999999999,603,40,United Kingdom,208,1,3,4,8,134,At-risk customers
16692,2011-03-28 14:46:00,2,1276.0,152,2,United Kingdom,257,1,3,4,8,134,At-risk customers
13878,2011-10-16 12:19:00,1,1271.57,463,35,United Kingdom,55,3,1,4,8,314,Other customers
17037,2011-09-13 12:49:00,1,1267.32,656,75,United Kingdom,88,2,2,4,8,224,Cannot lose them
14669,2011-04-12 11:43:00,3,1259.24,770,158,United Kingdom,242,1,3,4,8,134,At-risk customers
13476,2011-06-14 12:00:00,2,1238.47,417,56,United Kingdom,179,2,2,4,8,224,Cannot lose them
13931,2011-09-05 10:12:00,2,1237.53,725,56,United Kingdom,96,2,2,4,8,224,Cannot lose them
12611,2011-10-18 13:12:00,1,1193.32,846,65,Italy,53,3,1,4,8,314,Other customers
16766,2011-03-11 15:22:00,2,1145.6,536,17,United Kingdom,274,1,3,4,8,134,At-risk customers
13819,2011-02-11 10:38:00,3,1140.35,1109,26,United Kingdom,302,1,3,4,8,134,At-risk customers
14817,2011-05-23 13:35:00,2,1110.34,655,52,United Kingdom,201,1,3,4,8,134,At-risk customers
15978,2011-09-23 15:21:00,1,1098.78,888,49,United Kingdom,78,2,2,4,8,224,Cannot lose them
14161,2011-05-08 11:41:00,3,1097.6200000000001,450,87,United Kingdom,216,1,3,4,8,134,At-risk customers
13853,2011-10-13 14:18:00,1,1090.14,312,23,United Kingdom,58,3,1,4,8,314,Other customers
13744,2011-09-05 15:19:00,2,1080.52,1153,54,United Kingdom,96,2,2,4,8,224,Cannot lose them
13635,2011-10-03 10:55:00,1,1071.03,677,62,United Kingdom,68,3,1,4,8,314,Other customers
17277,2011-04-26 12:47:00,2,1065.3500000000001,430,67,United Kingdom,228,1,3,4,8,134,At-risk customers
14488,2011-10-03 09:30:00,1,1064.28,799,46,United Kingdom,68,3,1,4,8,314,Other customers
12815,2011-07-15 10:21:00,2,1063.46,379,38,Poland,148,2,2,4,8,224,Cannot lose them
14465,2011-04-07 12:38:00,3,1038.44,398,107,United Kingdom,247,1,3,4,8,134,At-risk customers
12717,2011-07-11 14:47:00,2,1030.98,506,49,Greece,152,2,2,4,8,224,Cannot lose them
13253,2011-07-06 10:09:00,2,1030.4,1572,35,United Kingdom,157,2,2,4,8,224,Cannot lose them
16980,2011-03-29 16:36:00,2,1028.46,739,71,United Kingdom,256,1,3,4,8,134,At-risk customers
12739,2011-09-22 13:00:00,2,1013.04,486,38,United Arab Emirates,79,2,2,4,8,224,Cannot lose them
14195,2011-05-22 10:29:00,2,1012.0,760,7,United Kingdom,202,1,3,4,8,134,At-risk customers
12446,2011-10-13 12:50:00,1,1002.3100000000001,351,57,RSA,58,3,1,4,8,314,Other customers
12545,2011-09-25 13:39:00,2,1000.39,523,42,Spain,76,2,2,4,8,224,Cannot lose them
15104,2011-05-27 12:29:00,2,993.54,635,66,United Kingdom,197,1,3,4,8,134,At-risk customers
12510,2011-07-20 10:15:00,2,982.5699999999999,353,29,Spain,143,2,2,4,8,224,Cannot lose them
14920,2011-05-11 10:32:00,2,977.77,509,57,United Kingdom,213,1,3,4,8,134,At-risk customers
18194,2011-09-18 13:29:00,1,973.8399999999999,632,7,United Kingdom,83,2,2,4,8,224,Cannot lose them
14256,2011-03-24 13:17:00,2,969.0600000000001,414,51,United Kingdom,261,1,3,4,8,134,At-risk customers
18192,2011-09-29 09:53:00,1,957.97,339,45,United Kingdom,72,2,2,4,8,224,Cannot lose them
14532,2011-04-17 13:05:00,4,932.85,284,45,United Kingdom,237,1,4,3,8,143,At-risk customers
13805,2011-10-18 14:50:00,2,924.6,1900,10,United Kingdom,53,3,2,3,8,323,Other customers
15364,2011-09-05 09:46:00,2,913.19,493,29,United Kingdom,96,2,3,3,8,233,At-risk customers
13038,2011-09-20 14:37:00,3,908.46,360,24,United Kingdom,81,2,3,3,8,233,At-risk customers
12940,2011-10-16 12:09:00,2,899.69,404,87,United Kingdom,55,3,2,3,8,323,Other customers
15079,2011-05-11 12:45:00,4,895.61,389,46,United Kingdom,213,1,4,3,8,143,At-risk customers
17704,2011-06-24 09:40:00,2,885.19,343,27,United Kingdom,169,2,3,3,8,233,At-risk customers
13662,2011-09-15 12:04:00,3,881.26,533,50,United Kingdom,86,2,3,3,8,233,At-risk customers
13037,2011-07-24 15:46:00,3,881.07,431,44,United Kingdom,139,2,3,3,8,233,At-risk customers
15653,2011-09-08 10:49:00,2,877.4399999999999,1200,4,United Kingdom,93,2,3,3,8,233,At-risk customers
12694,2011-09-30 13:06:00,2,869.67,509,32,France,71,3,2,3,8,323,Other customers
12794,2011-10-17 14:54:00,2,860.41,592,43,Portugal,54,3,2,3,8,323,Other customers
13566,2011-10-30 11:59:00,2,856.84,567,134,United Kingdom,41,3,2,3,8,323,Other customers
16037,2011-03-15 09:13:00,3,855.02,428,37,United Kingdom,270,1,4,3,8,143,At-risk customers
14803,2011-06-30 13:58:00,3,845.55,370,35,United Kingdom,163,2,3,3,8,233,At-risk customers
12847,2011-11-17 13:16:00,1,843.64,873,72,United Kingdom,23,4,1,3,8,413,New customers
16644,2011-06-15 12:39:00,2,833.78,826,62,United Kingdom,178,2,3,3,8,233,At-risk customers
12781,2011-10-07 10:37:00,2,826.74,671,25,Czech Republic,64,3,2,3,8,323,Other customers
16943,2011-05-12 11:57:00,3,816.73,145,23,United Kingdom,212,1,4,3,8,143,At-risk customers
18064,2011-07-29 16:39:00,2,814.0,384,7,United Kingdom,134,2,3,3,8,233,At-risk customers
16624,2011-09-20 12:39:00,2,810.5699999999999,488,44,United Kingdom,81,2,3,3,8,233,At-risk customers
18248,2011-08-09 10:19:00,2,804.02,511,39,United Kingdom,123,2,3,3,8,233,At-risk customers
12422,2011-09-05 09:48:00,3,803.5600000000001,370,39,Australia,96,2,3,3,8,233,At-risk customers
18265,2011-09-28 14:10:00,2,801.51,311,44,United Kingdom,73,2,3,3,8,233,At-risk customers
13280,2011-08-09 13:14:00,3,798.46,518,67,United Kingdom,123,2,3,3,8,233,At-risk customers
13016,2011-09-27 14:08:00,3,789.89,527,39,United Kingdom,74,2,3,3,8,233,At-risk customers
13109,2011-10-11 10:16:00,2,786.54,520,41,United Kingdom,60,3,2,3,8,323,Other customers
17695,2011-07-31 10:40:00,2,765.34,779,30,United Kingdom,132,2,3,3,8,233,At-risk customers
16036,2011-09-13 14:53:00,2,758.92,716,55,United Kingdom,88,2,3,3,8,233,At-risk customers
18104,2011-11-02 14:07:00,1,754.64,362,38,United Kingdom,38,3,2,3,8,323,Other customers
16859,2011-07-18 12:19:00,2,747.81,827,50,United Kingdom,145,2,3,3,8,233,At-risk customers
12374,2011-11-14 15:37:00,1,742.9300000000001,342,33,Austria,26,4,1,3,8,413,New customers
12603,2011-11-18 10:42:00,1,739.1999999999999,63,2,Germany,22,4,1,3,8,413,New customers
14756,2011-11-24 18:13:00,1,738.96,416,38,United Kingdom,16,4,1,3,8,413,New customers
15045,2011-07-11 11:33:00,2,735.66,114,11,United Kingdom,152,2,3,3,8,233,At-risk customers
16491,2011-10-24 10:18:00,1,731.5,478,39,United Kingdom,47,3,2,3,8,323,Other customers
14778,2011-08-04 15:23:00,2,730.86,306,34,United Kingdom,128,2,3,3,8,233,At-risk customers
15636,2011-09-11 11:17:00,2,724.76,284,20,United Kingdom,90,2,3,3,8,233,At-risk customers
17029,2011-08-21 11:06:00,2,716.0,400,1,United Kingdom,111,2,3,3,8,233,At-risk customers
13169,2011-10-07 12:11:00,2,712.88,272,11,United Kingdom,64,3,2,3,8,323,Other customers
17761,2011-11-07 10:23:00,1,712.78,398,19,United Kingdom,33,3,2,3,8,323,Other customers
13416,2011-10-27 08:56:00,2,712.5,142,11,United Kingdom,44,3,2,3,8,323,Other customers
17642,2011-08-12 09:11:00,2,712.29,474,34,United Kingdom,120,2,3,3,8,233,At-risk customers
13249,2011-09-08 13:26:00,3,711.41,546,21,United Kingdom,93,2,3,3,8,233,At-risk customers
14127,2011-08-09 10:49:00,3,709.71,321,39,United Kingdom,123,2,3,3,8,233,At-risk customers
16309,2011-08-25 15:35:00,2,706.57,467,39,United Kingdom,107,2,3,3,8,233,At-risk customers
16997,2011-02-24 17:28:00,3,702.0,360,7,United Kingdom,289,1,4,3,8,143,At-risk customers
14356,2011-09-21 09:18:00,2,701.23,277,33,United Kingdom,80,2,3,3,8,233,At-risk customers
17472,2011-06-01 14:57:00,3,697.54,455,142,United Kingdom,192,1,4,3,8,143,At-risk customers
15800,2011-08-24 14:23:00,2,696.89,332,116,United Kingdom,108,2,3,3,8,233,At-risk customers
15700,2011-06-20 16:53:00,2,696.68,357,85,United Kingdom,173,2,3,3,8,233,At-risk customers
14643,2011-06-22 14:41:00,2,693.8100000000001,815,30,United Kingdom,171,2,3,3,8,233,At-risk customers
13601,2011-10-25 17:31:00,2,693.32,548,90,United Kingdom,46,3,2,3,8,323,Other customers
14880,2011-09-23 13:42:00,3,690.59,365,45,United Kingdom,78,2,3,3,8,233,At-risk customers
13023,2011-10-06 16:27:00,2,689.9,286,36,United Kingdom,65,3,2,3,8,323,Other customers
18196,2011-09-05 16:22:00,2,686.63,431,131,United Kingdom,96,2,3,3,8,233,At-risk customers
12658,2011-11-21 10:22:00,1,686.05,320,36,Germany,19,4,1,3,8,413,New customers
15626,2011-09-26 10:03:00,2,675.8,766,49,United Kingdom,75,2,3,3,8,233,At-risk customers
12942,2011-07-31 14:39:00,3,675.6,198,68,United Kingdom,132,2,3,3,8,233,At-risk customers
17749,2011-06-14 15:45:00,2,674.52,320,33,United Kingdom,179,2,3,3,8,233,At-risk customers
13951,2011-06-16 16:43:00,3,674.45,459,38,United Kingdom,177,2,3,3,8,233,At-risk customers
14628,2011-09-09 14:58:00,2,671.96,272,22,United Kingdom,92,2,3,3,8,233,At-risk customers
12838,2011-11-06 12:20:00,2,671.95,355,115,United Kingdom,34,3,2,3,8,323,Other customers
17105,2011-07-03 15:53:00,2,665.78,693,80,United Kingdom,160,2,3,3,8,233,At-risk customers
13963,2011-02-04 14:43:00,4,664.54,460,35,United Kingdom,309,1,4,3,8,143,At-risk customers
16573,2011-09-16 09:13:00,2,663.61,360,40,United Kingdom,85,2,3,3,8,233,At-risk customers
13759,2011-11-06 14:47:00,2,659.4100000000001,287,24,United Kingdom,34,3,2,3,8,323,Other customers
14818,2011-09-27 11:01:00,3,657.8,324,41,United Kingdom,74,2,3,3,8,233,At-risk customers
13049,2011-10-06 15:31:00,2,656.6800000000001,268,14,United Kingdom,65,3,2,3,8,323,Other customers
16708,2011-10-25 12:20:00,1,656.63,285,27,United Kingdom,46,3,2,3,8,323,Other customers
16127,2011-10-31 13:58:00,1,656.25,323,40,United Kingdom,40,3,2,3,8,323,Other customers
14725,2011-11-15 12:42:00,1,655.58,588,45,United Kingdom,25,4,1,3,8,413,New customers
18151,2011-07-28 11:35:00,2,653.35,355,38,United Kingdom,135,2,3,3,8,233,At-risk customers
18121,2011-07-13 12:53:00,2,653.3,438,28,United Kingdom,150,2,3,3,8,233,At-risk customers
15205,2011-09-15 19:36:00,2,653.24,378,37,United Kingdom,86,2,3,3,8,233,At-risk customers
14548,2011-07-12 12:19:00,2,652.8,256,2,United Kingdom,151,2,3,3,8,233,At-risk customers
16056,2011-10-25 15:19:00,1,650.75,345,66,United Kingdom,46,3,2,3,8,323,Other customers
14855,2011-08-12 14:02:00,2,645.65,267,13,United Kingdom,120,2,3,3,8,233,At-risk customers
16383,2011-09-26 12:45:00,2,643.76,467,80,United Kingdom,75,2,3,3,8,233,At-risk customers
13034,2011-10-16 12:21:00,2,642.77,369,37,United Kingdom,55,3,2,3,8,323,Other customers
15384,2011-06-23 10:57:00,2,642.41,596,34,United Kingdom,170,2,3,3,8,233,At-risk customers
14481,2011-06-28 10:38:00,2,636.51,489,25,United Kingdom,165,2,3,3,8,233,At-risk customers
15829,2011-09-01 16:45:00,2,636.14,996,44,United Kingdom,100,2,3,3,8,233,At-risk customers
14021,2011-07-07 15:46:00,3,631.9,192,22,United Kingdom,156,2,3,3,8,233,At-risk customers
13539,2011-09-15 10:18:00,3,631.34,320,35,United Kingdom,86,2,3,3,8,233,At-risk customers
17990,2011-04-17 11:44:00,3,630.84,414,27,United Kingdom,237,1,4,3,8,143,At-risk customers
15402,2011-07-14 12:17:00,2,626.77,694,35,United Kingdom,149,2,3,3,8,233,At-risk customers
12649,2011-08-24 14:41:00,3,623.51,586,28,Germany,108,2,3,3,8,233,At-risk customers
16431,2011-05-10 14:09:00,3,623.28,442,51,United Kingdom,214,1,4,3,8,143,At-risk customers
15258,2011-06-24 12:30:00,2,623.16,142,32,United Kingdom,169,2,3,3,8,233,At-risk customers
15182,2011-07-08 13:37:00,2,622.85,253,24,United Kingdom,155,2,3,3,8,233,At-risk customers
14152,2011-09-25 12:54:00,2,621.29,711,47,United Kingdom,76,2,3,3,8,233,At-risk customers
16613,2011-09-30 15:52:00,1,618.59,293,30,United Kingdom,71,3,2,3,8,323,Other customers
12596,2011-10-19 13:02:00,2,618.27,474,25,Spain,52,3,2,3,8,323,Other customers
14905,2011-07-05 12:41:00,2,616.15,287,14,United Kingdom,158,2,3,3,8,233,At-risk customers
14382,2011-11-13 16:18:00,1,615.49,1231,121,United Kingdom,27,4,1,3,8,413,New customers
18022,2011-11-04 12:45:00,1,612.72,703,141,United Kingdom,36,3,2,3,8,323,Other customers
15232,2011-08-18 16:27:00,2,612.06,686,26,United Kingdom,114,2,3,3,8,233,At-risk customers
15645,2011-11-21 11:55:00,1,612.01,256,50,United Kingdom,19,4,1,3,8,413,New customers
17849,2011-05-05 13:46:00,4,605.8000000000001,114,14,United Kingdom,219,1,4,3,8,143,At-risk customers
14133,2011-08-02 11:34:00,3,605.64,348,25,United Kingdom,130,2,3,3,8,233,At-risk customers
14323,2011-08-17 11:37:00,2,605.0600000000001,350,32,United Kingdom,115,2,3,3,8,233,At-risk customers
12944,2011-11-04 11:04:00,2,604.51,289,29,United Kingdom,36,3,2,3,8,323,Other customers
15366,2011-09-25 15:01:00,2,602.51,621,37,United Kingdom,76,2,3,3,8,233,At-risk customers
12556,2011-10-20 13:06:00,2,599.56,355,100,Spain,51,3,2,3,8,323,Other customers
15720,2011-11-15 14:48:00,1,598.73,281,128,United Kingdom,25,4,1,3,8,413,New customers
14645,2011-07-06 09:15:00,2,597.09,381,28,United Kingdom,157,2,3,3,8,233,At-risk customers
14675,2011-11-23 12:58:00,1,596.36,336,93,United Kingdom,17,4,1,3,8,413,New customers
14965,2011-09-04 13:20:00,2,596.09,363,80,United Kingdom,97,2,3,3,8,233,At-risk customers
16788,2011-08-08 14:53:00,2,594.39,304,138,United Kingdom,124,2,3,3,8,233,At-risk customers
13959,2011-09-21 15:06:00,3,594.04,355,79,United Kingdom,80,2,3,3,8,233,At-risk customers
13276,2011-10-07 12:44:00,2,590.9300000000001,161,30,United Kingdom,64,3,2,3,8,323,Other customers
14338,2011-07-01 14:08:00,2,588.22,335,30,United Kingdom,162,2,3,3,8,233,At-risk customers
16384,2011-09-11 11:19:00,2,584.5,260,33,United Kingdom,90,2,3,3,8,233,At-risk customers
17259,2011-07-14 15:01:00,2,581.23,388,104,United Kingdom,149,2,3,3,8,233,At-risk customers
13292,2011-11-01 10:04:00,2,578.9399999999999,347,29,United Kingdom,39,3,2,3,8,323,Other customers
12601,2011-06-03 10:17:00,5,577.0600000000001,245,21,Germany,190,1,4,3,8,143,At-risk customers
14176,2011-02-15 13:12:00,4,576.9000000000001,209,28,United Kingdom,298,1,4,3,8,143,At-risk customers
16723,2011-09-09 13:01:00,2,576.4,398,37,United Kingdom,92,2,3,3,8,233,At-risk customers
15830,2011-11-02 10:40:00,1,576.0,415,39,United Kingdom,38,3,2,3,8,323,Other customers
13405,2011-09-26 17:01:00,3,572.451,165,25,United Kingdom,75,2,3,3,8,233,At-risk customers
16345,2011-10-26 16:03:00,1,565.46,288,35,United Kingdom,45,3,2,3,8,323,Other customers
13946,2011-09-21 13:33:00,3,561.5699999999999,443,11,United Kingdom,80,2,3,3,8,233,At-risk customers
17955,2011-05-25 12:00:00,4,557.3,273,14,United Kingdom,199,1,4,3,8,143,At-risk customers
14891,2011-07-14 18:08:00,2,554.38,505,30,United Kingdom,149,2,3,3,8,233,At-risk customers
17674,2011-09-26 13:35:00,2,551.04,672,19,United Kingdom,75,2,3,3,8,233,At-risk customers
17265,2011-07-24 10:49:00,2,550.01,389,106,United Kingdom,139,2,3,3,8,233,At-risk customers
16031,2011-09-08 13:07:00,2,547.9,421,91,United Kingdom,93,2,3,3,8,233,At-risk customers
17520,2011-10-17 12:04:00,1,546.81,365,30,United Kingdom,54,3,2,3,8,323,Other customers
15043,2011-11-08 14:26:00,1,537.0,300,3,United Kingdom,32,4,1,3,8,413,New customers
13000,2011-08-25 10:43:00,3,534.85,379,30,United Kingdom,107,2,3,3,8,233,At-risk customers
13217,2011-08-09 15:32:00,3,533.98,262,3,United Kingdom,123,2,3,3,8,233,At-risk customers
17062,2011-01-30 11:01:00,4,533.33,418,52,United Kingdom,314,1,4,3,8,143,At-risk customers
14265,2011-08-22 13:32:00,2,530.18,330,31,Unspecified,110,2,3,3,8,233,At-risk customers
14002,2011-07-28 15:55:00,2,529.73,877,47,United Kingdom,135,2,3,3,8,233,At-risk customers
14463,2011-09-02 15:20:00,3,529.62,179,6,United Kingdom,99,2,3,3,8,233,At-risk customers
16602,2011-11-03 15:54:00,1,528.08,336,29,United Kingdom,37,3,2,3,8,323,Other customers
17623,2011-11-07 11:32:00,1,527.0500000000001,265,33,United Kingdom,33,3,2,3,8,323,Other customers
17712,2011-10-26 12:28:00,1,522.91,215,29,United Kingdom,45,3,2,3,8,323,Other customers
12571,2011-10-31 10:19:00,2,519.61,523,31,France,40,3,2,3,8,323,Other customers
16955,2011-06-08 10:36:00,4,518.67,266,18,United Kingdom,185,1,4,3,8,143,At-risk customers
16650,2011-09-29 09:51:00,1,518.42,372,24,United Kingdom,72,3,2,3,8,323,Other customers
17454,2011-05-31 13:58:00,4,517.53,243,57,United Kingdom,193,1,4,3,8,143,At-risk customers
15882,2011-05-25 11:35:00,4,516.36,276,23,United Kingdom,199,1,4,3,8,143,At-risk customers
17391,2011-06-29 09:58:00,2,508.8,480,2,United Kingdom,164,2,3,3,8,233,At-risk customers
17630,2011-06-23 11:58:00,2,503.59999999999997,158,24,United Kingdom,170,2,3,3,8,233,At-risk customers
15881,2011-01-31 16:59:00,5,501.39000000000004,260,26,United Kingdom,313,1,4,3,8,143,At-risk customers
17298,2011-08-30 16:43:00,2,498.42,387,30,United Kingdom,102,2,3,3,8,233,At-risk customers
13732,2011-11-11 15:49:00,1,491.86,498,33,United Kingdom,29,4,1,3,8,413,New customers
14236,2011-09-20 09:13:00,2,490.86,310,15,United Kingdom,81,2,3,3,8,233,At-risk customers
13153,2011-12-04 12:14:00,1,486.22,418,15,United Kingdom,6,5,1,2,8,512,New customers
16518,2011-10-09 15:04:00,2,484.32,327,36,United Kingdom,62,3,3,2,8,332,Potential loyalists
12808,2011-11-03 10:05:00,3,483.65000000000003,188,27,Portugal,37,3,3,2,8,332,Potential loyalists
17950,2011-09-28 15:18:00,3,482.2,366,63,United Kingdom,73,2,4,2,8,242,At-risk customers
12504,2011-11-21 16:02:00,2,482.04999999999995,90,6,Germany,19,4,2,2,8,422,New customers
18216,2011-11-08 16:55:00,1,481.75,200,26,United Kingdom,32,4,2,2,8,422,New customers
16693,2011-10-02 11:10:00,2,477.86,203,58,United Kingdom,69,3,3,2,8,332,Potential loyalists
15721,2011-11-28 12:14:00,1,471.40000000000003,388,80,United Kingdom,12,5,1,2,8,512,New customers
13066,2011-11-15 12:57:00,2,470.8,322,48,United Kingdom,25,4,2,2,8,422,New customers
14029,2011-10-07 14:46:00,2,467.66,198,15,United Kingdom,64,3,3,2,8,332,Potential loyalists
15468,2011-10-19 13:49:00,2,467.51,155,24,United Kingdom,52,3,3,2,8,332,Potential loyalists
13579,2011-11-25 08:41:00,2,467.04,176,19,United Kingdom,15,4,2,2,8,422,New customers
16374,2011-10-04 15:21:00,2,466.73,237,101,United Kingdom,67,3,3,2,8,332,Potential loyalists
16504,2011-11-14 15:18:00,1,465.88,510,76,United Kingdom,26,4,2,2,8,422,New customers
17418,2011-10-28 13:00:00,2,463.46000000000004,289,29,United Kingdom,43,3,3,2,8,332,Potential loyalists
15754,2011-10-19 14:40:00,3,458.57,199,24,United Kingdom,52,3,3,2,8,332,Potential loyalists
15121,2011-10-20 14:51:00,2,457.72,199,28,United Kingdom,51,3,3,2,8,332,Potential loyalists
15471,2011-12-07 14:12:00,1,454.48,256,67,United Kingdom,3,5,1,2,8,512,New customers
13489,2011-08-26 13:16:00,4,449.52,560,11,United Kingdom,106,2,4,2,8,242,At-risk customers
14780,2011-10-16 12:46:00,2,447.68,310,26,United Kingdom,55,3,3,2,8,332,Potential loyalists
17370,2011-09-28 10:14:00,4,446.18,540,31,United Kingdom,73,2,4,2,8,242,At-risk customers
17190,2011-10-12 11:33:00,2,444.74,161,19,United Kingdom,59,3,3,2,8,332,Potential loyalists
18006,2011-11-16 16:52:00,1,444.68,220,21,United Kingdom,24,4,2,2,8,422,New customers
16025,2011-11-10 11:45:00,1,439.65999999999997,338,28,United Kingdom,30,4,2,2,8,422,New customers
16948,2011-07-24 12:46:00,3,435.02,1614,15,United Kingdom,139,2,4,2,8,242,At-risk customers
14093,2011-11-27 16:27:00,1,433.86,391,95,United Kingdom,13,5,1,2,8,512,New customers
12452,2011-11-23 10:28:00,2,430.57,185,21,Switzerland,17,4,2,2,8,422,New customers
16884,2011-11-02 11:52:00,2,429.84000000000003,320,26,United Kingdom,38,3,3,2,8,332,Potential loyalists
15957,2011-11-08 12:14:00,1,428.89,211,40,United Kingdom,32,4,2,2,8,422,New customers
17869,2011-08-24 16:16:00,5,428.18,111,37,United Kingdom,108,2,4,2,8,242,At-risk customers
16816,2011-08-28 14:16:00,4,417.06,274,28,United Kingdom,104,2,4,2,8,242,At-risk customers
16239,2011-10-14 08:29:00,2,414.2,228,18,United Kingdom,57,3,3,2,8,332,Potential loyalists
13827,2011-10-13 12:38:00,3,409.8,138,83,United Kingdom,58,3,3,2,8,332,Potential loyalists
16243,2011-11-06 12:32:00,2,409.1,110,49,United Kingdom,34,3,3,2,8,332,Potential loyalists
16018,2011-10-31 14:13:00,2,408.90000000000003,190,26,United Kingdom,40,3,3,2,8,332,Potential loyalists
17913,2011-10-12 10:45:00,2,408.65,288,55,United Kingdom,59,3,3,2,8,332,Potential loyalists
16324,2011-08-03 12:58:00,3,408.59000000000003,270,100,United Kingdom,129,2,4,2,8,242,At-risk customers
15012,2011-10-17 12:22:00,2,405.04,225,110,United Kingdom,54,3,3,2,8,332,Potential loyalists
15938,2011-08-19 12:56:00,5,404.58,240,13,United Kingdom,113,2,4,2,8,242,At-risk customers
17052,2011-11-11 14:50:00,1,399.09,251,72,United Kingdom,29,4,2,2,8,422,New customers
12508,2011-11-13 15:37:00,2,397.88,271,57,France,27,4,2,2,8,422,New customers
16354,2011-10-07 14:28:00,2,395.8,150,38,United Kingdom,64,3,3,2,8,332,Potential loyalists
16207,2011-11-14 13:51:00,1,394.38,140,19,United Kingdom,26,4,2,2,8,422,New customers
15847,2011-11-01 14:41:00,2,389.27,449,22,United Kingdom,39,3,3,2,8,332,Potential loyalists
13899,2011-11-23 13:40:00,2,388.52,156,19,United Kingdom,17,4,2,2,8,422,New customers
14538,2011-10-06 10:31:00,2,388.25,155,19,United Kingdom,65,3,3,2,8,332,Potential loyalists
13673,2011-11-21 12:11:00,2,387.44,114,47,United Kingdom,19,4,2,2,8,422,New customers
16204,2011-11-16 13:40:00,1,384.18,218,45,United Kingdom,24,4,2,2,8,422,New customers
15440,2011-10-16 12:16:00,3,383.68,197,50,United Kingdom,55,3,3,2,8,332,Potential loyalists
12832,2011-11-07 13:30:00,2,383.03,195,27,United Kingdom,33,4,2,2,8,422,New customers
13817,2011-11-10 17:49:00,2,382.98,211,20,Germany,30,4,2,2,8,422,New customers
16441,2011-10-03 17:48:00,2,381.2,173,22,United Kingdom,68,3,3,2,8,332,Potential loyalists
17999,2011-11-02 15:56:00,2,380.39,219,87,United Kingdom,38,3,3,2,8,332,Potential loyalists
14731,2011-10-23 15:54:00,3,380.02,256,38,United Kingdom,48,3,3,2,8,332,Potential loyalists
13589,2011-11-25 12:10:00,2,379.65,114,21,United Kingdom,15,4,2,2,8,422,New customers
15885,2011-09-08 10:43:00,3,379.35,111,18,United Kingdom,93,2,4,2,8,242,At-risk customers
17078,2011-11-03 19:17:00,2,378.2,788,28,United Kingdom,37,3,3,2,8,332,Potential loyalists
17489,2011-10-12 08:56:00,2,376.64,428,28,United Kingdom,59,3,3,2,8,332,Potential loyalists
14067,2011-10-07 10:21:00,2,374.7,361,51,United Kingdom,64,3,3,2,8,332,Potential loyalists
16321,2011-09-28 14:55:00,5,373.65000000000003,135,7,Australia,73,2,4,2,8,242,At-risk customers
12981,2011-11-10 12:00:00,2,372.21999999999997,242,12,United Kingdom,30,4,2,2,8,422,New customers
18155,2011-09-25 13:32:00,3,371.62,266,19,United Kingdom,76,2,4,2,8,242,At-risk customers
17765,2011-07-04 12:41:00,3,367.63,143,51,United Kingdom,159,2,4,2,8,242,At-risk customers
18181,2011-11-15 15:08:00,1,366.85,133,40,United Kingdom,25,4,2,2,8,422,New customers
14427,2011-10-20 14:23:00,2,363.34000000000003,228,16,United Kingdom,51,3,3,2,8,332,Potential loyalists
16903,2011-11-10 15:32:00,1,363.2,247,50,United Kingdom,30,4,2,2,8,422,New customers
13844,2011-11-28 13:21:00,1,361.62,196,20,United Kingdom,12,5,1,2,8,512,New customers
13298,2011-12-08 13:11:00,1,360.0,96,2,United Kingdom,2,5,1,2,8,512,New customers
16372,2011-11-06 13:08:00,2,355.73,158,86,United Kingdom,34,3,3,2,8,332,Potential loyalists
15840,2011-10-12 09:08:00,2,355.56,396,26,United Kingdom,59,3,3,2,8,332,Potential loyalists
14690,2011-10-26 15:39:00,2,355.05,167,40,United Kingdom,45,3,3,2,8,332,Potential loyalists
14804,2011-12-01 11:20:00,1,353.27,121,12,United Kingdom,9,5,1,2,8,512,New customers
15870,2011-11-07 10:58:00,1,351.44,333,68,United Kingdom,33,4,2,2,8,422,New customers
13790,2011-12-05 15:48:00,1,348.8,748,45,United Kingdom,5,5,1,2,8,512,New customers
14379,2011-10-26 16:43:00,2,348.1,292,39,United Kingdom,45,3,3,2,8,332,Potential loyalists
16423,2011-11-15 09:21:00,1,346.12,230,18,United Kingdom,25,4,2,2,8,422,New customers
15520,2011-12-08 10:58:00,1,343.5,314,18,United Kingdom,2,5,1,2,8,512,New customers
17045,2011-08-18 17:09:00,3,339.44,106,20,United Kingdom,114,2,4,2,8,242,At-risk customers
13569,2011-11-22 13:07:00,2,338.62,156,73,United Kingdom,18,4,2,2,8,422,New customers
15900,2011-11-16 12:19:00,1,337.28,216,44,United Kingdom,24,4,2,2,8,422,New customers
15619,2011-11-29 08:14:00,1,336.40000000000003,136,3,United Kingdom,11,5,1,2,8,512,New customers
13727,2011-11-11 09:46:00,2,333.48,162,19,United Kingdom,29,4,2,2,8,422,New customers
14517,2011-11-06 14:20:00,2,330.45,91,17,United Kingdom,34,3,3,2,8,332,Potential loyalists
12953,2011-11-30 09:24:00,1,329.85,84,17,United Kingdom,10,5,1,2,8,512,New customers
17615,2011-08-01 14:06:00,3,329.6,140,13,United Kingdom,131,2,4,2,8,242,At-risk customers
15579,2011-10-02 12:45:00,2,327.6,117,45,United Kingdom,69,3,3,2,8,332,Potential loyalists
16366,2011-11-21 08:19:00,1,327.3,256,18,United Kingdom,19,4,2,2,8,422,New customers
12844,2011-11-10 13:31:00,2,325.96000000000004,125,47,United Kingdom,30,4,2,2,8,422,New customers
16685,2011-10-09 13:58:00,2,324.24,396,60,United Kingdom,62,3,3,2,8,332,Potential loyalists
18261,2011-10-27 15:36:00,2,324.24,146,19,United Kingdom,44,3,3,2,8,332,Potential loyalists
16342,2011-09-25 14:36:00,4,322.41,157,10,United Kingdom,76,2,4,2,8,242,At-risk customers
15107,2011-02-01 14:46:00,6,319.5,169,12,United Kingdom,312,1,5,2,8,152,At-risk customers
17458,2011-11-24 13:01:00,1,316.5,170,52,United Kingdom,16,4,2,2,8,422,New customers
16473,2011-06-28 09:10:00,3,316.11,196,18,United Kingdom,165,2,4,2,8,242,At-risk customers
18117,2011-11-14 12:47:00,1,315.65,605,68,United Kingdom,26,4,2,2,8,422,New customers
12650,2011-12-06 16:34:00,1,314.44,254,20,France,4,5,1,2,8,512,New customers
15318,2011-12-06 11:30:00,1,312.62,642,33,United Kingdom,4,5,1,2,8,512,New customers
14555,2011-10-13 16:24:00,2,312.54,122,18,United Kingdom,58,3,3,2,8,332,Potential loyalists
16956,2011-11-22 08:56:00,1,308.74,114,16,United Kingdom,18,4,2,2,8,422,New customers
17510,2011-11-15 10:00:00,1,308.48,214,20,United Kingdom,25,4,2,2,8,422,New customers
14716,2011-10-27 17:29:00,2,307.51,495,46,United Kingdom,44,3,3,2,8,332,Potential loyalists
16674,2011-10-16 11:31:00,2,304.24,181,89,United Kingdom,55,3,3,2,8,332,Potential loyalists
15148,2011-11-29 08:21:00,1,301.29,187,20,United Kingdom,11,5,1,2,8,512,New customers
17793,2011-11-14 14:24:00,1,300.34,226,49,United Kingdom,26,4,2,2,8,422,New customers
15857,2011-11-21 12:18:00,1,297.0,308,14,United Kingdom,19,4,2,2,8,422,New customers
16998,2011-07-13 09:44:00,4,295.0,76,1,United Kingdom,150,2,4,2,8,242,At-risk customers
14954,2011-11-27 14:30:00,1,294.85,117,75,United Kingdom,13,5,1,2,8,512,New customers
17255,2011-10-30 12:18:00,2,291.48,227,69,United Kingdom,41,3,3,2,8,332,Potential loyalists
15545,2011-10-16 13:24:00,2,288.96999999999997,162,78,United Kingdom,55,3,3,2,8,332,Potential loyalists
17977,2011-11-10 13:28:00,1,288.14,342,19,United Kingdom,30,4,2,2,8,422,New customers
16555,2011-11-04 14:31:00,2,285.89,175,15,United Kingdom,36,3,3,2,8,332,Potential loyalists
17636,2011-11-20 14:40:00,1,285.56,182,20,United Kingdom,20,4,2,2,8,422,New customers
18270,2011-11-01 13:57:00,2,283.15,101,11,United Kingdom,39,3,3,2,8,332,Potential loyalists
17247,2011-11-24 15:21:00,1,280.09000000000003,105,53,United Kingdom,16,4,2,2,8,422,New customers
14480,2011-11-28 16:35:00,1,279.05,143,13,United Kingdom,12,5,1,2,8,512,New customers
13272,2011-11-08 14:00:00,2,276.56,96,15,United Kingdom,32,4,2,2,8,422,New customers
14819,2011-10-06 13:41:00,2,272.07,109,13,United Kingdom,65,3,3,2,8,332,Potential loyalists
17767,2011-11-24 14:42:00,1,271.2,128,21,United Kingdom,16,4,2,2,8,422,New customers
17011,2011-11-09 13:30:00,1,270.9,186,15,United Kingdom,31,4,2,2,8,422,New customers
12558,2011-12-02 10:41:00,1,269.96,196,11,USA,8,5,1,2,8,512,New customers
17430,2011-11-07 09:24:00,2,265.76,190,14,United Kingdom,33,3,3,2,8,332,Potential loyalists
16936,2011-11-14 11:04:00,1,261.9,171,56,United Kingdom,26,4,2,2,8,422,New customers
13189,2011-11-21 10:39:00,2,260.68,842,29,United Kingdom,19,4,2,2,8,422,New customers
15014,2011-10-27 20:07:00,2,257.67,149,29,United Kingdom,44,3,3,2,8,332,Potential loyalists
17896,2011-11-16 13:59:00,1,256.32,288,2,United Kingdom,24,4,2,2,8,422,New customers
17385,2011-11-25 11:02:00,1,256.11,197,42,United Kingdom,15,4,2,2,8,422,New customers
14761,2011-10-12 12:10:00,2,255.9,118,11,United Kingdom,59,3,3,2,8,332,Potential loyalists
16836,2011-10-31 10:05:00,2,251.87,165,11,United Kingdom,40,3,3,2,8,332,Potential loyalists
13207,2011-11-24 14:52:00,2,250.26000000000002,130,7,United Kingdom,16,4,2,2,8,422,New customers
13592,2011-11-04 09:49:00,4,247.95999999999998,84,15,United Kingdom,36,3,4,1,8,341,Potential loyalists
15783,2011-11-29 09:50:00,1,246.3,212,14,United Kingdom,11,5,2,1,8,521,New customers
16528,2011-12-06 12:45:00,1,244.41,171,17,United Kingdom,4,5,2,1,8,521,New customers
17892,2011-10-14 16:49:00,3,244.1,109,27,United Kingdom,57,3,4,1,8,341,Potential loyalists
15850,2011-11-20 14:14:00,2,234.88,298,87,United Kingdom,20,4,3,1,8,431,Potential loyalists
15393,2011-11-23 16:48:00,2,231.86,150,10,United Kingdom,17,4,3,1,8,431,Potential loyalists
13960,2011-11-18 15:27:00,2,230.22,142,11,United Kingdom,22,4,3,1,8,431,Potential loyalists
15790,2011-11-29 14:53:00,1,218.75,113,34,United Kingdom,11,5,2,1,8,521,New customers
16189,2011-11-24 11:47:00,2,215.48,134,9,United Kingdom,16,4,3,1,8,431,Potential loyalists
16519,2011-11-14 15:41:00,2,215.07999999999998,54,13,United Kingdom,26,4,3,1,8,431,Potential loyalists
16411,2011-11-20 13:23:00,2,211.7,131,41,United Kingdom,20,4,3,1,8,431,Potential loyalists
14984,2011-11-20 14:28:00,2,202.37,58,37,United Kingdom,20,4,3,1,8,431,Potential loyalists
13978,2011-11-25 11:36:00,2,196.79000000000002,315,14,United Kingdom,15,4,3,1,8,431,Potential loyalists
17383,2011-12-05 17:36:00,1,193.39000000000001,148,49,United Kingdom,5,5,2,1,8,521,New customers
14768,2011-11-22 12:54:00,2,192.60000000000002,52,4,United Kingdom,18,4,3,1,8,431,Potential loyalists
14551,2011-11-21 13:36:00,2,186.23,106,9,United Kingdom,19,4,3,1,8,431,Potential loyalists
15124,2011-11-17 10:09:00,2,184.19,233,14,United Kingdom,23,4,3,1,8,431,Potential loyalists
18058,2011-11-30 08:38:00,1,170.16,88,3,United Kingdom,10,5,2,1,8,521,New customers
13962,2011-11-18 08:47:00,2,169.55,87,11,United Kingdom,22,4,3,1,8,431,Potential loyalists
15904,2011-12-01 14:50:00,1,164.68,84,30,United Kingdom,9,5,2,1,8,521,New customers
17885,2011-11-27 14:40:00,1,156.34,110,50,United Kingdom,13,5,2,1,8,521,New customers
17549,2011-11-16 09:59:00,2,148.86,210,5,United Kingdom,24,4,3,1,8,431,Potential loyalists
17359,2011-11-28 14:37:00,1,127.86,161,13,United Kingdom,12,5,2,1,8,521,New customers
16414,2011-11-18 09:42:00,2,126.25,27,5,United Kingdom,22,4,3,1,8,431,Potential loyalists
16988,2011-12-04 16:02:00,1,126.12,43,7,United Kingdom,6,5,2,1,8,521,New customers
16569,2011-12-06 15:32:00,1,124.2,93,5,United Kingdom,4,5,2,1,8,521,New customers
18015,2011-12-05 14:49:00,1,120.03,157,46,United Kingdom,5,5,2,1,8,521,New customers
18174,2011-12-02 16:56:00,1,104.0,50,1,United Kingdom,8,5,2,1,8,521,New customers
17024,2011-10-25 13:47:00,3,95.85,69,2,United Kingdom,46,3,4,1,8,341,Potential loyalists
16506,2011-11-20 12:17:00,2,90.30000000000001,42,3,United Kingdom,20,4,3,1,8,431,Potential loyalists
16597,2011-12-05 15:44:00,1,90.04,184,7,United Kingdom,5,5,2,1,8,521,New customers
16789,2011-12-01 15:12:00,1,80.8,32,5,United Kingdom,9,5,2,1,8,521,New customers
17942,2011-12-02 10:45:00,1,77.50000000000001,38,2,United Kingdom,8,5,2,1,8,521,New customers
18037,2011-07-08 13:39:00,6,70.02,20,19,United Kingdom,155,2,5,1,8,251,At-risk customers
15863,2011-11-14 12:49:00,2,68.84,19,18,United Kingdom,26,4,3,1,8,431,Potential loyalists
15992,2011-12-06 11:00:00,1,41.989999999999995,17,3,United Kingdom,4,5,2,1,8,521,New customers
17816,2011-11-03 11:34:00,4,36.56,30,16,United Kingdom,37,3,4,1,8,341,Potential loyalists
12346,2011-01-18 10:01:00,1,77183.6,74215,1,United Kingdom,326,1,1,5,7,115,Cannot lose them
13135,2011-05-27 10:52:00,1,3096.0,4300,1,United Kingdom,197,1,1,5,7,115,Cannot lose them
14439,2011-01-24 11:39:00,1,2661.24,526,32,Greece,320,1,1,5,7,115,Cannot lose them
12501,2011-01-07 12:28:00,1,2169.39,1783,149,Germany,337,1,1,5,7,115,Cannot lose them
17597,2011-05-10 11:54:00,1,2044.3700000000001,1176,55,United Kingdom,214,1,2,4,7,124,Cannot lose them
12585,2011-04-19 13:39:00,2,2040.1,1279,77,Germany,235,1,2,4,7,124,Cannot lose them
15341,2011-09-20 09:40:00,1,2020.52,812,17,United Kingdom,81,2,1,4,7,214,Cannot lose them
15372,2011-07-25 16:39:00,1,2007.3999999999999,2924,27,United Kingdom,138,2,1,4,7,214,Cannot lose them
16754,2010-12-02 17:38:00,1,2002.4,4280,2,United Kingdom,373,1,2,4,7,124,Cannot lose them
14887,2011-09-21 15:32:00,1,1862.0,1100,6,United Kingdom,80,2,1,4,7,214,Cannot lose them
14459,2011-07-07 13:35:00,1,1837.92,760,37,United Kingdom,156,2,1,4,7,214,Cannot lose them
16152,2011-03-16 09:47:00,1,1829.04,642,29,United Kingdom,269,1,2,4,7,124,Cannot lose them
12405,2011-07-14 08:52:00,1,1710.39,857,54,Finland,149,2,1,4,7,214,Cannot lose them
12967,2010-12-16 19:10:00,2,1660.9,438,19,United Kingdom,359,1,2,4,7,124,Cannot lose them
12377,2011-01-28 15:45:00,2,1628.12,944,72,Switzerland,316,1,2,4,7,124,Cannot lose them
13850,2011-08-02 14:04:00,1,1595.48,944,93,United Kingdom,130,2,1,4,7,214,Cannot lose them
13659,2011-05-18 12:37:00,2,1563.0,882,92,United Kingdom,206,1,2,4,7,124,Cannot lose them
14566,2011-08-21 11:05:00,1,1432.0,800,4,Channel Islands,111,2,1,4,7,214,Cannot lose them
15004,2011-07-15 14:05:00,1,1220.77,623,154,United Kingdom,148,2,1,4,7,214,Cannot lose them
16270,2010-12-21 14:26:00,1,1141.24,688,54,United Kingdom,354,1,2,4,7,124,Cannot lose them
12857,2011-05-13 10:20:00,2,1106.4,343,37,United Kingdom,211,1,2,4,7,124,Cannot lose them
12534,2011-08-01 10:26:00,1,1089.18,651,63,Germany,131,2,1,4,7,214,Cannot lose them
14212,2011-09-11 12:45:00,1,1070.48,1152,9,United Kingdom,90,2,1,4,7,214,Cannot lose them
12497,2011-09-19 12:29:00,1,1043.1,1236,14,Germany,82,2,1,4,7,214,Cannot lose them
13639,2011-09-26 13:36:00,1,1033.34,800,39,United Kingdom,75,2,1,4,7,214,Cannot lose them
12550,2011-09-21 14:35:00,1,964.83,569,57,Spain,80,2,1,4,7,214,Cannot lose them
13261,2011-03-16 12:22:00,2,944.1,210,8,United Kingdom,269,1,2,4,7,124,Cannot lose them
13655,2011-08-17 14:25:00,2,932.97,605,52,United Kingdom,115,2,2,3,7,223,Cannot lose them
14231,2011-06-09 11:05:00,3,925.71,409,47,United Kingdom,184,1,3,3,7,133,At-risk customers
13122,2011-09-06 15:53:00,2,922.39,585,54,United Kingdom,95,2,2,3,7,223,Cannot lose them
13035,2011-09-27 08:57:00,2,921.88,644,23,United Kingdom,74,2,2,3,7,223,Cannot lose them
14081,2011-02-10 16:17:00,2,921.62,592,126,United Kingdom,303,1,3,3,7,133,At-risk customers
15576,2011-11-02 12:03:00,1,921.37,394,43,United Kingdom,38,3,1,3,7,313,Other customers
14015,2011-10-18 10:02:00,1,917.34,378,20,United Kingdom,53,3,1,3,7,313,Other customers
13192,2011-09-05 14:13:00,2,911.94,595,57,United Kingdom,96,2,2,3,7,223,Cannot lose them
13689,2011-10-07 13:21:00,1,910.0,512,6,United Kingdom,64,3,1,3,7,313,Other customers
16716,2011-03-18 10:03:00,2,901.2,120,1,United Kingdom,267,1,3,3,7,133,At-risk customers
14625,2011-05-27 15:32:00,2,899.63,335,51,United Kingdom,197,1,3,3,7,133,At-risk customers
15066,2011-10-17 13:25:00,1,893.59,317,42,United Kingdom,54,3,1,3,7,313,Other customers
12772,2011-10-11 09:19:00,1,892.47,556,55,Portugal,60,3,1,3,7,313,Other customers
15255,2011-10-04 12:43:00,1,890.85,489,47,United Kingdom,67,3,1,3,7,313,Other customers
14770,2011-04-21 14:21:00,2,876.42,490,49,United Kingdom,233,1,3,3,7,133,At-risk customers
15100,2011-01-10 10:35:00,3,876.0,80,1,United Kingdom,334,1,3,3,7,133,At-risk customers
17649,2011-07-24 15:53:00,1,868.49,399,52,United Kingdom,139,2,2,3,7,223,Cannot lose them
16567,2011-05-29 13:57:00,2,865.6,996,34,United Kingdom,195,1,3,3,7,133,At-risk customers
16163,2011-04-21 15:15:00,2,856.6,192,5,United Kingdom,233,1,3,3,7,133,At-risk customers
12379,2011-09-19 10:09:00,2,852.24,407,39,Belgium,82,2,2,3,7,223,Cannot lose them
13929,2011-06-23 15:26:00,2,842.65,143,8,United Kingdom,170,2,2,3,7,223,Cannot lose them
16108,2011-09-16 11:48:00,1,842.5,615,48,United Kingdom,85,2,2,3,7,223,Cannot lose them
12461,2011-09-06 16:57:00,2,826.88,287,35,Switzerland,95,2,2,3,7,223,Cannot lose them
15649,2011-01-07 13:34:00,2,816.0,192,1,United Kingdom,337,1,3,3,7,133,At-risk customers
13811,2011-06-09 09:54:00,3,814.5,68,7,Germany,184,1,3,3,7,133,At-risk customers
16276,2011-06-16 09:34:00,1,810.6000000000001,420,6,United Kingdom,177,2,2,3,7,223,Cannot lose them
12434,2011-09-16 12:38:00,2,806.14,394,46,Australia,85,2,2,3,7,223,Cannot lose them
12701,2011-09-21 10:47:00,2,797.71,678,50,Germany,80,2,2,3,7,223,Cannot lose them
16546,2011-02-22 11:20:00,2,787.15,549,25,United Kingdom,291,1,3,3,7,133,At-risk customers
16054,2011-07-17 13:08:00,1,783.9,380,70,United Kingdom,146,2,2,3,7,223,Cannot lose them
13563,2011-09-16 14:45:00,2,777.53,209,49,United Kingdom,85,2,2,3,7,223,Cannot lose them
17409,2011-06-08 10:36:00,2,771.85,105,13,United Kingdom,185,1,3,3,7,133,At-risk customers
15353,2011-03-30 12:15:00,2,770.12,341,59,United Kingdom,255,1,3,3,7,133,At-risk customers
16480,2011-09-25 11:40:00,1,769.29,455,51,United Kingdom,76,2,2,3,7,223,Cannot lose them
14672,2011-04-19 10:19:00,2,765.55,454,58,United Kingdom,235,1,3,3,7,133,At-risk customers
15223,2011-04-28 11:31:00,2,755.75,213,14,United Kingdom,226,1,3,3,7,133,At-risk customers
13730,2011-07-27 08:35:00,2,752.6,488,38,United Kingdom,136,2,2,3,7,223,Cannot lose them
12908,2011-06-16 15:39:00,2,750.0,1200,1,United Kingdom,177,2,2,3,7,223,Cannot lose them
14923,2011-10-20 11:51:00,1,749.1,418,44,United Kingdom,51,3,1,3,7,313,Other customers
13354,2011-09-29 13:17:00,1,743.53,604,51,United Kingdom,72,3,1,3,7,313,Other customers
13900,2011-06-09 19:26:00,3,740.95,430,42,United Kingdom,184,1,3,3,7,133,At-risk customers
12475,2011-10-17 10:10:00,1,723.38,535,36,Germany,54,3,1,3,7,313,Other customers
12535,2011-09-09 08:48:00,2,716.35,219,28,France,92,2,2,3,7,223,Cannot lose them
12616,2011-09-05 15:17:00,2,713.3,284,25,France,96,2,2,3,7,223,Cannot lose them
13587,2011-10-07 12:31:00,1,712.4,180,8,United Kingdom,64,3,1,3,7,313,Other customers
14867,2011-06-07 11:39:00,3,710.28,328,31,United Kingdom,186,1,3,3,7,133,At-risk customers
16449,2011-05-26 10:25:00,2,707.69,367,40,United Kingdom,198,1,3,3,7,133,At-risk customers
14009,2011-05-25 15:47:00,2,695.61,365,42,United Kingdom,199,1,3,3,7,133,At-risk customers
18085,2011-01-13 15:17:00,2,689.95,265,25,United Kingdom,331,1,3,3,7,133,At-risk customers
13799,2011-08-15 12:07:00,2,688.86,402,32,United Kingdom,117,2,2,3,7,223,Cannot lose them
13548,2011-09-04 14:50:00,2,678.16,436,114,United Kingdom,97,2,2,3,7,223,Cannot lose them
13388,2011-07-31 12:52:00,2,677.1,282,35,United Kingdom,132,2,2,3,7,223,Cannot lose them
13607,2011-10-30 16:17:00,1,675.51,288,93,United Kingdom,41,3,1,3,7,313,Other customers
13464,2011-10-12 15:01:00,1,674.68,403,41,United Kingdom,59,3,1,3,7,313,Other customers
12638,2011-11-06 13:11:00,1,671.69,577,39,Sweden,34,3,1,3,7,313,Other customers
15643,2011-06-01 07:38:00,3,664.0,246,31,United Kingdom,192,1,3,3,7,133,At-risk customers
15677,2011-10-21 15:36:00,1,657.23,319,33,United Kingdom,50,3,1,3,7,313,Other customers
17046,2011-07-05 14:24:00,1,642.02,510,22,United Kingdom,158,2,2,3,7,223,Cannot lose them
18218,2011-05-12 12:53:00,2,641.92,536,17,United Kingdom,212,1,3,3,7,133,At-risk customers
12624,2011-08-25 15:04:00,2,641.13,355,36,France,107,2,2,3,7,223,Cannot lose them
12631,2011-10-13 13:53:00,1,640.5,236,31,Finland,58,3,1,3,7,313,Other customers
15648,2011-05-19 15:53:00,2,639.5,218,23,United Kingdom,205,1,3,3,7,133,At-risk customers
14220,2011-04-06 13:23:00,2,632.4,272,21,United Kingdom,248,1,3,3,7,133,At-risk customers
18183,2011-04-26 15:26:00,2,632.07,371,36,United Kingdom,228,1,3,3,7,133,At-risk customers
17640,2011-09-14 09:13:00,1,621.66,250,5,United Kingdom,87,2,2,3,7,223,Cannot lose them
13402,2011-08-04 15:51:00,2,621.23,479,32,United Kingdom,128,2,2,3,7,223,Cannot lose them
16141,2011-09-12 13:11:00,1,620.4,238,30,United Kingdom,89,2,2,3,7,223,Cannot lose them
12667,2011-10-12 17:00:00,1,620.13,395,33,Finland,59,3,1,3,7,313,Other customers
14377,2011-06-01 13:32:00,2,617.05,219,11,United Kingdom,192,1,3,3,7,133,At-risk customers
15275,2011-11-02 11:20:00,1,615.14,498,41,United Kingdom,38,3,1,3,7,313,Other customers
16109,2011-05-05 09:17:00,2,611.88,612,18,United Kingdom,219,1,3,3,7,133,At-risk customers
15795,2011-07-13 10:43:00,1,610.01,581,42,United Kingdom,150,2,2,3,7,223,Cannot lose them
13933,2011-08-22 14:03:00,2,608.7900000000001,205,23,United Kingdom,110,2,2,3,7,223,Cannot lose them
17507,2011-03-23 11:48:00,2,605.58,359,79,United Kingdom,262,1,3,3,7,133,At-risk customers
13233,2011-09-26 13:25:00,2,605.12,1004,43,United Kingdom,75,2,2,3,7,223,Cannot lose them
12420,2011-10-07 08:55:00,1,600.39,345,29,Cyprus,64,3,1,3,7,313,Other customers
15381,2011-05-10 11:55:00,2,596.85,171,8,United Kingdom,214,1,3,3,7,133,At-risk customers
13888,2011-08-12 10:13:00,2,595.67,254,38,United Kingdom,120,2,2,3,7,223,Cannot lose them
16838,2011-05-26 13:13:00,2,588.85,185,24,United Kingdom,198,1,3,3,7,133,At-risk customers
17890,2011-01-21 11:19:00,2,586.89,402,88,United Kingdom,323,1,3,3,7,133,At-risk customers
18095,2011-01-31 12:50:00,2,580.0500000000001,419,20,United Kingdom,313,1,3,3,7,133,At-risk customers
12816,2011-09-05 12:41:00,2,572.2,128,27,Poland,96,2,2,3,7,223,Cannot lose them
13321,2011-09-28 15:24:00,2,567.36,372,10,United Kingdom,73,2,2,3,7,223,Cannot lose them
16278,2011-08-31 17:12:00,1,566.38,114,23,United Kingdom,101,2,2,3,7,223,Cannot lose them
12414,2011-05-06 14:51:00,3,562.41,300,16,Austria,218,1,3,3,7,133,At-risk customers
12987,2011-09-27 12:03:00,2,558.7,219,27,United Kingdom,74,2,2,3,7,223,Cannot lose them
13260,2011-10-09 13:21:00,1,557.62,142,8,United Kingdom,62,3,1,3,7,313,Other customers
12363,2011-08-22 10:18:00,2,552.0,408,23,Unspecified,110,2,2,3,7,223,Cannot lose them
16536,2011-08-21 15:54:00,1,548.12,250,49,United Kingdom,111,2,2,3,7,223,Cannot lose them
14474,2011-10-24 13:26:00,1,547.66,140,29,United Kingdom,47,3,1,3,7,313,Other customers
16211,2011-09-12 12:11:00,1,547.02,154,23,United Kingdom,89,2,2,3,7,223,Cannot lose them
13278,2011-10-30 11:49:00,1,542.73,537,46,United Kingdom,41,3,1,3,7,313,Other customers
16230,2011-06-03 10:06:00,2,542.03,365,32,United Kingdom,190,1,3,3,7,133,At-risk customers
12743,2011-07-28 16:21:00,2,540.13,315,114,Unspecified,135,2,2,3,7,223,Cannot lose them
14496,2011-02-01 09:01:00,2,538.8100000000001,159,16,United Kingdom,312,1,3,3,7,133,At-risk customers
16340,2011-08-24 14:53:00,1,534.31,486,124,United Kingdom,108,2,2,3,7,223,Cannot lose them
13434,2011-09-26 14:30:00,2,534.24,300,9,United Kingdom,75,2,2,3,7,223,Cannot lose them
15433,2011-05-10 10:45:00,2,533.3,534,40,United Kingdom,214,1,3,3,7,133,At-risk customers
15825,2011-06-20 13:27:00,1,532.94,220,20,United Kingdom,173,2,2,3,7,223,Cannot lose them
13721,2011-11-03 14:05:00,1,524.14,316,28,United Kingdom,37,3,1,3,7,313,Other customers
12863,2011-10-18 14:15:00,1,521.2,188,5,United Kingdom,53,3,1,3,7,313,Other customers
12811,2011-03-24 09:42:00,3,514.85,230,27,Portugal,261,1,3,3,7,133,At-risk customers
15246,2011-04-15 14:45:00,2,514.15,247,32,United Kingdom,239,1,3,3,7,133,At-risk customers
13005,2011-06-19 10:53:00,2,513.7,172,21,United Kingdom,174,2,2,3,7,223,Cannot lose them
17513,2011-09-28 16:42:00,1,513.2,254,6,United Kingdom,73,2,2,3,7,223,Cannot lose them
17805,2011-09-27 11:49:00,1,512.31,478,10,United Kingdom,74,2,2,3,7,223,Cannot lose them
17480,2011-09-23 11:39:00,1,511.82,338,29,United Kingdom,78,2,2,3,7,223,Cannot lose them
14317,2011-10-06 10:44:00,1,508.58000000000004,255,24,United Kingdom,65,3,1,3,7,313,Other customers
17958,2011-08-15 12:19:00,1,508.4599999999999,84,7,United Kingdom,117,2,2,3,7,223,Cannot lose them
17415,2011-09-21 12:50:00,1,507.84,114,14,United Kingdom,80,2,2,3,7,223,Cannot lose them
14158,2011-10-30 15:08:00,1,507.66,781,41,United Kingdom,41,3,1,3,7,313,Other customers
15193,2011-10-10 08:23:00,1,499.32,144,19,United Kingdom,61,3,1,3,7,313,Other customers
15142,2011-10-24 12:51:00,1,498.74,365,26,United Kingdom,47,3,1,3,7,313,Other customers
17053,2011-08-01 10:23:00,1,498.48,122,13,United Kingdom,131,2,2,3,7,223,Cannot lose them
16820,2011-09-05 12:06:00,1,497.61,307,26,United Kingdom,96,2,2,3,7,223,Cannot lose them
15300,2011-10-06 17:08:00,1,496.44,292,28,United Kingdom,65,3,1,3,7,313,Other customers
17374,2011-05-05 09:05:00,2,495.77,85,24,United Kingdom,219,1,3,3,7,133,At-risk customers
17333,2011-09-15 10:11:00,1,494.25,375,28,United Kingdom,86,2,2,3,7,223,Cannot lose them
12763,2011-07-24 14:12:00,2,494.08,316,16,Japan,139,2,2,3,7,223,Cannot lose them
15000,2011-10-23 11:42:00,1,490.52,218,76,United Kingdom,48,3,1,3,7,313,Other customers
14958,2011-07-15 14:20:00,3,483.72999999999996,128,33,United Kingdom,148,2,3,2,7,232,At-risk customers
14147,2011-09-22 18:10:00,2,483.4,108,4,United Kingdom,79,2,3,2,7,232,At-risk customers
16603,2011-09-26 10:06:00,2,482.47,480,34,United Kingdom,75,2,3,2,7,232,At-risk customers
15780,2011-06-09 12:01:00,3,475.28000000000003,220,26,United Kingdom,184,1,4,2,7,142,At-risk customers
14013,2011-08-21 15:01:00,3,473.02,462,30,United Kingdom,111,2,3,2,7,232,At-risk customers
15026,2011-09-20 13:52:00,3,469.0,285,57,United Kingdom,81,2,3,2,7,232,At-risk customers
15557,2011-11-11 12:46:00,1,468.91,213,16,United Kingdom,29,4,1,2,7,412,New customers
16742,2011-10-24 12:02:00,1,464.9,1,1,United Kingdom,47,3,2,2,7,322,Other customers
15349,2011-07-04 16:06:00,2,463.90999999999997,321,65,United Kingdom,159,2,3,2,7,232,At-risk customers
14331,2011-08-07 13:17:00,2,462.65999999999997,252,27,United Kingdom,125,2,3,2,7,232,At-risk customers
16805,2011-06-19 11:23:00,2,460.59,539,94,United Kingdom,174,2,3,2,7,232,At-risk customers
14513,2011-08-31 11:25:00,3,455.59000000000003,361,11,United Kingdom,101,2,3,2,7,232,At-risk customers
16574,2011-09-29 13:39:00,1,451.44,416,28,United Kingdom,72,3,2,2,7,322,Other customers
15646,2011-07-05 09:53:00,3,447.64000000000004,394,35,United Kingdom,158,2,3,2,7,232,At-risk customers
15368,2011-11-18 14:42:00,1,446.94000000000005,230,4,United Kingdom,22,4,1,2,7,412,New customers
16404,2011-09-30 14:55:00,1,443.05,157,23,United Kingdom,71,3,2,2,7,322,Other customers
15524,2011-11-15 12:09:00,1,440.0,4,1,United Kingdom,25,4,1,2,7,412,New customers
12391,2011-11-18 12:07:00,1,439.66,293,92,Cyprus,22,4,1,2,7,412,New customers
14272,2011-09-27 10:08:00,2,437.96,599,33,United Kingdom,74,2,3,2,7,232,At-risk customers
12552,2011-11-01 10:02:00,2,437.82,88,20,Italy,39,3,2,2,7,322,Other customers
16034,2011-05-27 16:17:00,3,437.7,242,18,United Kingdom,197,1,4,2,7,142,At-risk customers
14460,2011-08-21 14:19:00,3,434.34,881,14,United Kingdom,111,2,3,2,7,232,At-risk customers
16881,2011-10-04 10:33:00,1,432.0,600,1,United Kingdom,67,3,2,2,7,322,Other customers
12795,2011-11-21 10:27:00,1,430.48,68,14,Portugal,19,4,1,2,7,412,New customers
15450,2011-11-09 17:11:00,1,429.84,376,30,United Kingdom,31,4,1,2,7,412,New customers
15036,2011-09-28 15:42:00,3,429.56,316,107,United Kingdom,73,2,3,2,7,232,At-risk customers
15976,2011-06-27 13:00:00,2,427.64,275,83,United Kingdom,166,2,3,2,7,232,At-risk customers
15930,2011-10-03 14:52:00,1,426.63,139,21,United Kingdom,68,3,2,2,7,322,Other customers
13473,2011-10-10 11:20:00,2,422.64,266,21,United Kingdom,61,3,2,2,7,322,Other customers
16689,2011-09-25 11:39:00,2,422.59999999999997,330,12,United Kingdom,76,2,3,2,7,232,At-risk customers
18240,2011-10-24 13:06:00,1,422.58,126,6,United Kingdom,47,3,2,2,7,322,Other customers
13140,2011-08-23 15:33:00,3,422.47,185,40,United Kingdom,109,2,3,2,7,232,At-risk customers
16780,2011-08-31 16:09:00,2,422.24,270,51,United Kingdom,101,2,3,2,7,232,At-risk customers
15889,2011-07-06 11:10:00,2,420.07,206,79,United Kingdom,157,2,3,2,7,232,At-risk customers
12593,2011-08-23 12:43:00,3,418.09999999999997,206,14,France,109,2,3,2,7,232,At-risk customers
16737,2011-10-17 13:03:00,1,417.59999999999997,288,1,United Kingdom,54,3,2,2,7,322,Other customers
15803,2011-10-19 14:56:00,1,415.82000000000005,290,8,United Kingdom,52,3,2,2,7,322,Other customers
15725,2011-11-24 14:51:00,1,415.25,221,32,United Kingdom,16,4,1,2,7,412,New customers
14998,2011-06-22 17:30:00,2,414.87,258,70,United Kingdom,171,2,3,2,7,232,At-risk customers
15994,2011-10-16 12:28:00,1,414.27,173,31,United Kingdom,55,3,2,2,7,322,Other customers
17134,2011-08-25 09:53:00,2,413.2,98,21,United Kingdom,107,2,3,2,7,232,At-risk customers
15269,2011-11-16 09:32:00,1,408.8,26,2,United Kingdom,24,4,1,2,7,412,New customers
16629,2011-09-27 10:34:00,2,408.63,489,58,United Kingdom,74,2,3,2,7,232,At-risk customers
17931,2011-07-28 18:33:00,2,408.36,249,63,United Kingdom,135,2,3,2,7,232,At-risk customers
16484,2011-06-19 12:06:00,2,404.3,200,25,United Kingdom,174,2,3,2,7,232,At-risk customers
17375,2011-05-24 15:45:00,3,400.1,367,63,United Kingdom,200,1,4,2,7,142,At-risk customers
18164,2011-11-02 12:56:00,1,399.65000000000003,184,24,United Kingdom,38,3,2,2,7,322,Other customers
17926,2011-07-29 14:39:00,2,397.29,306,17,United Kingdom,134,2,3,2,7,232,At-risk customers
18067,2011-10-30 15:58:00,1,396.33,189,36,United Kingdom,41,3,2,2,7,322,Other customers
16010,2011-04-08 10:14:00,3,392.4,202,62,United Kingdom,246,1,4,2,7,142,At-risk customers
15837,2011-10-06 09:01:00,1,391.98,189,24,United Kingdom,65,3,2,2,7,322,Other customers
18024,2011-07-10 12:40:00,2,389.78,184,21,United Kingdom,153,2,3,2,7,232,At-risk customers
13873,2011-08-12 10:08:00,3,389.6,140,21,United Kingdom,120,2,3,2,7,232,At-risk customers
13856,2011-06-24 10:03:00,3,388.5,494,10,United Kingdom,169,2,3,2,7,232,At-risk customers
17614,2011-10-13 16:01:00,1,386.32,235,97,United Kingdom,58,3,2,2,7,322,Other customers
13919,2011-10-11 14:24:00,2,384.81,474,24,Denmark,60,3,2,2,7,322,Other customers
17205,2011-10-17 12:46:00,1,384.08,884,13,United Kingdom,54,3,2,2,7,322,Other customers
16982,2011-10-10 12:28:00,1,384.06,182,22,United Kingdom,61,3,2,2,7,322,Other customers
17189,2011-08-25 19:39:00,2,383.75,226,52,United Kingdom,107,2,3,2,7,232,At-risk customers
17878,2011-10-27 11:24:00,1,379.45,401,26,United Kingdom,44,3,2,2,7,322,Other customers
12890,2011-11-15 17:26:00,1,376.71999999999997,256,78,United Kingdom,25,4,1,2,7,412,New customers
12895,2011-10-28 13:51:00,2,372.8,210,22,United Kingdom,43,3,2,2,7,322,Other customers
16776,2011-10-10 13:04:00,1,371.54,254,61,United Kingdom,61,3,2,2,7,322,Other customers
14950,2011-11-20 13:48:00,1,371.2,136,19,United Kingdom,20,4,1,2,7,412,New customers
16758,2011-10-05 14:47:00,1,369.34000000000003,203,22,United Kingdom,66,3,2,2,7,322,Other customers
12538,2011-11-10 17:16:00,1,363.95,191,21,Spain,30,4,1,2,7,412,New customers
16378,2011-04-06 15:07:00,3,362.95,267,22,United Kingdom,248,1,4,2,7,142,At-risk customers
16052,2011-10-16 15:13:00,1,362.06,282,34,United Kingdom,55,3,2,2,7,322,Other customers
16595,2011-10-09 13:15:00,1,360.16,335,83,United Kingdom,62,3,2,2,7,322,Other customers
16971,2011-11-01 15:06:00,1,357.21,72,40,United Kingdom,39,3,2,2,7,322,Other customers
14500,2011-09-12 16:45:00,3,356.85,117,6,United Kingdom,89,2,3,2,7,232,At-risk customers
15713,2011-07-19 13:34:00,2,356.7,150,18,United Kingdom,144,2,3,2,7,232,At-risk customers
17742,2011-08-18 15:28:00,2,355.11,89,13,United Kingdom,114,2,3,2,7,232,At-risk customers
12845,2011-03-17 13:34:00,4,354.09,204,26,United Kingdom,268,1,4,2,7,142,At-risk customers
12617,2011-11-10 14:39:00,1,352.98,210,39,France,30,4,1,2,7,412,New customers
13332,2011-11-25 13:30:00,1,350.9,179,21,United Kingdom,15,4,1,2,7,412,New customers
15334,2011-07-06 11:22:00,3,350.82,273,67,United Kingdom,157,2,3,2,7,232,At-risk customers
12532,2011-11-09 13:47:00,1,349.83000000000004,153,16,France,31,4,1,2,7,412,New customers
17252,2011-08-15 09:45:00,2,348.91,192,86,United Kingdom,117,2,3,2,7,232,At-risk customers
12527,2011-09-19 11:55:00,3,348.71000000000004,234,18,Germany,82,2,3,2,7,232,At-risk customers
13091,2011-11-11 15:54:00,1,345.82,466,21,United Kingdom,29,4,1,2,7,412,New customers
16826,2011-10-19 14:05:00,1,341.7,158,22,United Kingdom,52,3,2,2,7,322,Other customers
14491,2011-06-17 15:22:00,2,340.93,139,17,United Kingdom,176,2,3,2,7,232,At-risk customers
15115,2011-11-21 14:59:00,1,340.11,157,21,United Kingdom,19,4,1,2,7,412,New customers
16183,2011-10-03 14:59:00,1,338.71000000000004,113,15,United Kingdom,68,3,2,2,7,322,Other customers
13930,2011-10-13 09:45:00,2,337.34,274,15,United Kingdom,58,3,2,2,7,322,Other customers
17973,2011-10-19 10:34:00,1,337.04,176,15,United Kingdom,52,3,2,2,7,322,Other customers
18276,2011-10-27 10:54:00,1,335.86,186,14,United Kingdom,44,3,2,2,7,322,Other customers
14264,2011-07-08 10:20:00,2,333.97,70,15,United Kingdom,155,2,3,2,7,232,At-risk customers
14902,2011-11-14 10:34:00,1,332.66,218,20,United Kingdom,26,4,1,2,7,412,New customers
13904,2011-11-02 13:41:00,2,332.64,332,24,United Kingdom,38,3,2,2,7,322,Other customers
16803,2011-10-05 14:28:00,1,332.3,245,24,United Kingdom,66,3,2,2,7,322,Other customers
16177,2011-10-20 12:57:00,1,331.95,95,15,United Kingdom,51,3,2,2,7,322,Other customers
15153,2011-11-08 17:09:00,1,329.25,198,22,United Kingdom,32,4,1,2,7,412,New customers
17222,2011-10-05 13:58:00,1,328.65,122,27,United Kingdom,66,3,2,2,7,322,Other customers
16318,2011-11-04 13:05:00,1,328.15,199,19,United Kingdom,36,3,2,2,7,322,Other customers
14024,2011-08-10 11:30:00,2,327.7,150,16,United Kingdom,122,2,3,2,7,232,At-risk customers
16071,2011-10-26 11:14:00,1,326.24,180,21,United Kingdom,45,3,2,2,7,322,Other customers
16830,2011-11-01 11:35:00,1,325.91,264,23,United Kingdom,39,3,2,2,7,322,Other customers
15675,2011-09-19 13:48:00,3,323.69,527,20,United Kingdom,82,2,3,2,7,232,At-risk customers
13955,2011-07-08 17:19:00,2,322.96,154,33,United Kingdom,155,2,3,2,7,232,At-risk customers
14424,2011-11-22 11:48:00,1,322.08,48,1,United Kingdom,18,4,1,2,7,412,New customers
13986,2011-11-22 15:00:00,1,320.46,430,12,United Kingdom,18,4,1,2,7,412,New customers
17229,2011-09-04 13:56:00,2,318.76,185,39,United Kingdom,97,2,3,2,7,232,At-risk customers
14703,2011-11-25 09:23:00,1,318.17,183,22,United Kingdom,15,4,1,2,7,412,New customers
17839,2011-10-28 17:27:00,1,318.15,257,50,United Kingdom,43,3,2,2,7,322,Other customers
17267,2011-08-04 17:22:00,2,317.2,158,37,United Kingdom,128,2,3,2,7,232,At-risk customers
15766,2011-10-06 17:03:00,1,315.06,170,11,United Kingdom,65,3,2,2,7,322,Other customers
16091,2011-07-08 08:45:00,2,315.06,154,16,United Kingdom,155,2,3,2,7,232,At-risk customers
17912,2011-02-02 14:25:00,5,310.06,184,35,United Kingdom,311,1,4,2,7,142,At-risk customers
15699,2011-11-22 08:26:00,1,309.65,113,18,United Kingdom,18,4,1,2,7,412,New customers
16123,2011-10-19 09:18:00,1,307.78,170,16,United Kingdom,52,3,2,2,7,322,Other customers
14915,2011-09-09 13:34:00,2,307.48,112,12,United Kingdom,92,2,3,2,7,232,At-risk customers
13142,2011-11-20 16:07:00,1,307.09,258,23,United Kingdom,20,4,1,2,7,412,New customers
16430,2011-10-13 14:47:00,1,300.85,103,6,United Kingdom,58,3,2,2,7,322,Other customers
18053,2011-09-30 09:05:00,1,300.02,302,20,United Kingdom,71,3,2,2,7,322,Other customers
17824,2011-10-19 14:14:00,1,298.4,408,13,United Kingdom,52,3,2,2,7,322,Other customers
16104,2011-10-09 10:23:00,1,298.21,122,28,United Kingdom,62,3,2,2,7,322,Other customers
13449,2011-11-16 08:28:00,1,291.88,222,19,United Kingdom,24,4,1,2,7,412,New customers
14656,2011-06-23 13:51:00,2,291.05,120,73,United Kingdom,170,2,3,2,7,232,At-risk customers
14947,2011-09-28 15:48:00,2,290.82,179,14,United Kingdom,73,2,3,2,7,232,At-risk customers
16648,2011-10-28 08:58:00,1,290.65999999999997,281,19,United Kingdom,43,3,2,2,7,322,Other customers
13573,2011-10-20 14:33:00,2,290.25,302,24,United Kingdom,51,3,2,2,7,322,Other customers
17201,2011-10-17 11:55:00,1,289.78,231,38,United Kingdom,54,3,2,2,7,322,Other customers
14162,2011-06-19 11:36:00,2,289.36,142,25,United Kingdom,174,2,3,2,7,232,At-risk customers
16808,2011-09-01 19:34:00,2,288.42,196,21,United Kingdom,100,2,3,2,7,232,At-risk customers
16432,2011-10-06 13:59:00,1,287.4,276,8,United Kingdom,65,3,2,2,7,322,Other customers
13760,2011-10-16 16:13:00,2,286.79,197,50,United Kingdom,55,3,2,2,7,322,Other customers
14660,2011-09-14 11:34:00,2,285.74,228,24,United Kingdom,87,2,3,2,7,232,At-risk customers
14953,2011-11-14 14:59:00,1,285.67,224,54,United Kingdom,26,4,1,2,7,412,New customers
17783,2011-09-28 16:07:00,2,283.47,354,67,United Kingdom,73,2,3,2,7,232,At-risk customers
16848,2011-10-18 08:42:00,1,281.42,182,14,United Kingdom,53,3,2,2,7,322,Other customers
15556,2011-11-15 16:08:00,1,279.77,236,31,United Kingdom,25,4,1,2,7,412,New customers
13544,2011-10-31 11:57:00,2,276.06,112,76,United Kingdom,40,3,2,2,7,322,Other customers
13917,2011-10-21 09:56:00,2,272.04,228,16,United Kingdom,50,3,2,2,7,322,Other customers
15774,2011-10-02 12:04:00,1,270.8,87,25,United Kingdom,69,3,2,2,7,322,Other customers
13242,2011-08-19 12:53:00,3,270.40000000000003,130,12,United Kingdom,113,2,3,2,7,232,At-risk customers
17550,2011-05-26 14:09:00,3,267.16,86,42,United Kingdom,198,1,4,2,7,142,At-risk customers
17786,2011-09-15 12:51:00,2,266.85,195,57,United Kingdom,86,2,3,2,7,232,At-risk customers
14863,2011-11-10 15:04:00,1,266.76,132,11,United Kingdom,30,4,1,2,7,412,New customers
15912,2011-06-14 14:29:00,2,264.62,185,19,United Kingdom,179,2,3,2,7,232,At-risk customers
17403,2011-11-03 15:18:00,1,263.92,111,32,United Kingdom,37,3,2,2,7,322,Other customers
12492,2011-10-07 15:15:00,2,263.21000000000004,192,19,Germany,64,3,2,2,7,322,Other customers
16413,2011-10-14 12:08:00,1,262.2,148,30,United Kingdom,57,3,2,2,7,322,Other customers
14053,2011-08-07 14:27:00,2,260.25,215,2,United Kingdom,125,2,3,2,7,232,At-risk customers
15577,2011-07-11 17:03:00,3,258.88,89,39,United Kingdom,152,2,3,2,7,232,At-risk customers
14881,2011-11-20 11:06:00,1,255.4,316,17,United Kingdom,20,4,1,2,7,412,New customers
16226,2011-05-20 14:41:00,3,255.12,192,6,United Kingdom,204,1,4,2,7,142,At-risk customers
15689,2011-08-12 09:37:00,2,254.1,84,8,United Kingdom,120,2,3,2,7,232,At-risk customers
15097,2011-12-05 14:03:00,1,248.08,170,25,United Kingdom,5,5,1,1,7,511,New customers
13349,2011-11-29 08:07:00,1,247.32,225,16,United Kingdom,11,5,1,1,7,511,New customers
17771,2011-10-14 11:43:00,2,245.81,287,51,United Kingdom,57,3,3,1,7,331,Potential loyalists
12660,2011-11-28 13:26:00,1,245.1,127,13,France,12,5,1,1,7,511,New customers
13565,2011-11-20 14:33:00,2,240.22,172,35,United Kingdom,20,4,2,1,7,421,New customers
17181,2011-10-13 14:48:00,2,239.92000000000002,241,23,United Kingdom,58,3,3,1,7,331,Potential loyalists
14995,2011-11-01 11:39:00,2,231.98000000000002,102,53,United Kingdom,39,3,3,1,7,331,Potential loyalists
14569,2011-12-08 14:58:00,1,227.39,79,10,United Kingdom,2,5,1,1,7,511,New customers
17572,2011-09-29 17:53:00,4,226.75000000000003,95,7,United Kingdom,72,2,4,1,7,241,At-risk customers
14624,2011-10-13 13:44:00,2,225.85,162,13,United Kingdom,58,3,3,1,7,331,Potential loyalists
15483,2011-07-01 13:07:00,4,225.26,291,74,United Kingdom,162,2,4,1,7,241,At-risk customers
16482,2011-11-24 12:33:00,1,220.62,346,18,United Kingdom,16,4,2,1,7,421,New customers
14601,2011-11-29 09:48:00,1,213.96,168,7,United Kingdom,11,5,1,1,7,511,New customers
17153,2011-11-15 13:42:00,1,213.78,104,14,United Kingdom,25,4,2,1,7,421,New customers
15540,2011-11-28 13:51:00,1,213.3,200,15,United Kingdom,12,5,1,1,7,511,New customers
17928,2011-10-25 13:52:00,2,212.54,140,23,United Kingdom,46,3,3,1,7,331,Potential loyalists
16866,2011-07-22 10:06:00,3,207.73999999999998,60,10,United Kingdom,141,2,4,1,7,241,At-risk customers
17166,2011-11-01 09:46:00,2,206.34,78,11,United Kingdom,39,3,3,1,7,331,Potential loyalists
15758,2011-11-15 10:48:00,1,205.25,47,9,United Kingdom,25,4,2,1,7,421,New customers
13017,2011-12-02 15:53:00,1,204.0,48,1,United Kingdom,8,5,1,1,7,511,New customers
17376,2011-09-30 12:36:00,2,203.2,86,23,United Kingdom,71,3,3,1,7,331,Potential loyalists
13428,2011-11-29 14:20:00,1,201.78,151,70,United Kingdom,11,5,1,1,7,511,New customers
18110,2011-11-20 12:34:00,1,198.8,72,33,United Kingdom,20,4,2,1,7,421,New customers
13436,2011-12-08 10:33:00,1,196.89,76,12,United Kingdom,2,5,1,1,7,511,New customers
16112,2011-07-19 14:28:00,4,195.73999999999998,574,15,United Kingdom,144,2,4,1,7,241,At-risk customers
17010,2011-11-21 14:49:00,1,195.36,118,11,United Kingdom,19,4,2,1,7,421,New customers
15612,2011-11-03 14:52:00,2,195.15,52,4,United Kingdom,37,3,3,1,7,331,Potential loyalists
17608,2011-11-06 13:06:00,2,191.99,229,54,United Kingdom,34,3,3,1,7,331,Potential loyalists
14087,2011-12-07 12:41:00,1,191.47,250,61,United Kingdom,3,5,1,1,7,511,New customers
13972,2011-09-30 11:54:00,2,190.25,187,15,United Kingdom,71,3,3,1,7,331,Potential loyalists
17440,2011-07-06 11:54:00,3,186.42000000000002,246,3,United Kingdom,157,2,4,1,7,241,At-risk customers
17680,2011-11-16 12:42:00,1,184.4,96,11,United Kingdom,24,4,2,1,7,421,New customers
16433,2011-11-11 14:09:00,1,184.26,106,17,United Kingdom,29,4,2,1,7,421,New customers
13460,2011-11-10 17:17:00,2,183.44,286,16,United Kingdom,30,4,2,1,7,421,New customers
17904,2011-11-18 12:57:00,1,181.07,59,33,United Kingdom,22,4,2,1,7,421,New customers
18147,2011-10-25 11:46:00,2,179.33999999999997,203,7,United Kingdom,46,3,3,1,7,331,Potential loyalists
17253,2011-11-21 12:59:00,1,178.26,43,18,United Kingdom,19,4,2,1,7,421,New customers
18274,2011-11-09 17:03:00,1,175.92,88,11,United Kingdom,31,4,2,1,7,421,New customers
16861,2011-10-11 09:05:00,2,173.76,140,6,United Kingdom,60,3,3,1,7,331,Potential loyalists
14798,2011-10-18 10:58:00,3,173.74,150,11,United Kingdom,53,3,3,1,7,331,Potential loyalists
15565,2011-10-20 14:33:00,2,173.16,60,8,United Kingdom,51,3,3,1,7,331,Potential loyalists
12442,2011-12-06 14:22:00,1,172.06,182,12,Spain,4,5,1,1,7,511,New customers
13560,2011-12-02 13:11:00,1,171.42000000000002,63,32,United Kingdom,8,5,1,1,7,511,New customers
12367,2011-12-05 16:48:00,1,168.9,173,11,Denmark,5,5,1,1,7,511,New customers
14578,2011-12-06 17:18:00,1,168.63,240,24,United Kingdom,4,5,1,1,7,511,New customers
15986,2011-11-09 15:17:00,1,168.12,268,14,United Kingdom,31,4,2,1,7,421,New customers
15920,2011-07-08 15:31:00,4,167.5,99,53,United Kingdom,155,2,4,1,7,241,At-risk customers
17650,2011-11-18 14:52:00,1,166.08,150,8,United Kingdom,22,4,2,1,7,421,New customers
17561,2011-11-20 12:53:00,1,165.12,144,44,United Kingdom,20,4,2,1,7,421,New customers
17301,2011-11-18 13:43:00,1,163.24,137,59,United Kingdom,22,4,2,1,7,421,New customers
18014,2011-11-11 15:28:00,1,162.22,66,29,United Kingdom,29,4,2,1,7,421,New customers
17600,2011-11-22 09:43:00,1,161.67000000000002,144,13,United Kingdom,18,4,2,1,7,421,New customers
12966,2011-11-30 12:38:00,1,160.18,75,10,United Kingdom,10,5,1,1,7,511,New customers
15988,2011-11-20 13:23:00,1,156.78,180,26,United Kingdom,20,4,2,1,7,421,New customers
16406,2011-11-21 11:57:00,1,154.35,116,54,United Kingdom,19,4,2,1,7,421,New customers
16720,2011-11-13 16:22:00,1,152.95,180,25,United Kingdom,27,4,2,1,7,421,New customers
17286,2011-11-18 12:47:00,1,151.37,117,44,United Kingdom,22,4,2,1,7,421,New customers
14204,2011-12-07 13:38:00,1,150.61,72,36,United Kingdom,3,5,1,1,7,511,New customers
15526,2011-11-06 15:04:00,2,148.44,24,4,United Kingdom,34,3,3,1,7,331,Potential loyalists
12587,2011-12-02 12:47:00,1,144.0,51,4,Finland,8,5,1,1,7,511,New customers
17186,2011-10-24 10:20:00,2,144.0,200,1,United Kingdom,47,3,3,1,7,331,Potential loyalists
18209,2011-11-11 12:07:00,1,139.10000000000002,58,8,United Kingdom,29,4,2,1,7,421,New customers
16462,2011-09-27 10:24:00,3,136.0,16,1,United Kingdom,74,2,4,1,7,241,At-risk customers
14349,2011-11-29 15:39:00,1,133.5,86,31,United Kingdom,11,5,1,1,7,511,New customers
17297,2011-11-22 14:43:00,1,128.18,65,49,United Kingdom,18,4,2,1,7,421,New customers
14495,2011-10-20 12:28:00,2,123.8,62,6,United Kingdom,51,3,3,1,7,331,Potential loyalists
16666,2011-11-20 14:01:00,1,118.98,233,32,United Kingdom,20,4,2,1,7,421,New customers
13188,2011-11-28 15:28:00,1,114.60000000000001,25,2,United Kingdom,12,5,1,1,7,511,New customers
17219,2011-11-08 11:25:00,1,114.23,89,24,United Kingdom,32,4,2,1,7,421,New customers
17038,2011-11-09 13:50:00,1,112.4,28,22,United Kingdom,31,4,2,1,7,421,New customers
17901,2011-11-10 17:29:00,1,110.38,24,19,United Kingdom,30,4,2,1,7,421,New customers
16784,2011-11-20 12:20:00,1,107.6,24,3,United Kingdom,20,4,2,1,7,421,New customers
17791,2011-11-10 12:09:00,1,106.1,46,10,United Kingdom,30,4,2,1,7,421,New customers
16516,2011-11-09 14:59:00,1,101.69999999999999,58,6,United Kingdom,31,4,2,1,7,421,New customers
17538,2011-11-14 12:12:00,1,98.42,134,9,United Kingdom,26,4,2,1,7,421,New customers
18249,2011-11-22 15:07:00,1,95.34,128,8,United Kingdom,18,4,2,1,7,421,New customers
18084,2011-11-23 13:57:00,1,90.47999999999999,312,1,United Kingdom,17,4,2,1,7,421,New customers
14219,2011-12-05 16:23:00,1,89.94,78,7,United Kingdom,5,5,1,1,7,511,New customers
13666,2011-10-10 15:39:00,3,84.65,41,12,United Kingdom,61,3,3,1,7,331,Potential loyalists
17022,2011-11-08 17:09:00,1,71.0,108,7,United Kingdom,32,4,2,1,7,421,New customers
15516,2011-10-26 10:51:00,3,62.43,27,15,United Kingdom,45,3,3,1,7,331,Potential loyalists
18184,2011-11-24 15:28:00,1,49.8,60,1,United Kingdom,16,4,2,1,7,421,New customers
16856,2011-11-25 08:59:00,1,35.400000000000006,12,2,United Kingdom,15,4,2,1,7,421,New customers
16953,2011-11-09 15:54:00,1,20.8,10,1,United Kingdom,31,4,2,1,7,421,New customers
16454,2011-10-26 11:40:00,2,6.9,3,2,United Kingdom,45,3,3,1,7,331,Potential loyalists
14935,2011-02-15 14:44:00,1,1784.71,935,10,Channel Islands,298,1,1,4,6,114,Cannot lose them
12764,2011-01-27 10:19:00,1,1693.88,386,45,Lebanon,317,1,1,4,6,114,Cannot lose them
12818,2011-03-23 12:06:00,1,1542.08,929,14,Austria,262,1,1,4,6,114,Cannot lose them
13572,2011-05-18 11:59:00,1,1384.25,534,32,United Kingdom,206,1,1,4,6,114,Cannot lose them
12770,2011-05-13 09:33:00,1,1351.45,743,12,Japan,211,1,1,4,6,114,Cannot lose them
13501,2011-02-24 18:59:00,1,1340.32,560,52,Switzerland,289,1,1,4,6,114,Cannot lose them
13328,2011-01-27 15:22:00,1,1308.48,680,17,United Kingdom,317,1,1,4,6,114,Cannot lose them
15171,2011-01-12 15:36:00,1,1289.5,290,5,United Kingdom,332,1,1,4,6,114,Cannot lose them
14105,2011-04-14 17:58:00,1,1266.23,800,74,United Kingdom,240,1,1,4,6,114,Cannot lose them
13151,2011-02-17 12:29:00,1,1257.8700000000001,363,73,United Kingdom,296,1,1,4,6,114,Cannot lose them
12769,2011-04-15 10:25:00,1,1143.6,356,32,Brazil,239,1,1,4,6,114,Cannot lose them
15069,2011-06-13 14:16:00,1,1109.53,520,70,United Kingdom,180,1,1,4,6,114,Cannot lose them
12354,2011-04-21 13:11:00,1,1079.4,530,58,Spain,233,1,1,4,6,114,Cannot lose them
14411,2011-02-02 10:56:00,1,1063.0,196,14,United Kingdom,311,1,1,4,6,114,Cannot lose them
15464,2011-01-05 15:56:00,1,1044.65,348,155,United Kingdom,339,1,1,4,6,114,Cannot lose them
13235,2011-05-11 17:13:00,1,1031.07,441,53,United Kingdom,213,1,1,4,6,114,Cannot lose them
15333,2011-05-15 13:27:00,1,1028.56,344,16,United Kingdom,209,1,1,4,6,114,Cannot lose them
12514,2011-03-17 16:38:00,1,1017.68,440,51,Italy,268,1,1,4,6,114,Cannot lose them
18133,2011-05-11 14:14:00,1,931.4999999999999,1350,1,United Kingdom,213,1,2,3,6,123,Cannot lose them
13075,2011-08-02 10:19:00,1,919.61,485,22,United Kingdom,130,2,1,3,6,213,Cannot lose them
16216,2011-03-17 15:34:00,1,914.9300000000001,254,37,United Kingdom,268,1,2,3,6,123,Cannot lose them
15480,2011-08-15 14:32:00,1,905.5,303,45,Malta,117,2,1,3,6,213,Cannot lose them
17829,2011-02-14 12:46:00,1,889.24,496,30,United Arab Emirates,299,1,2,3,6,123,Cannot lose them
15076,2011-06-20 08:23:00,1,880.85,571,49,United Kingdom,173,2,1,3,6,213,Cannot lose them
13294,2011-06-03 08:54:00,2,873.74,453,48,United Kingdom,190,1,2,3,6,123,Cannot lose them
13979,2011-09-27 13:32:00,1,869.87,639,54,United Kingdom,74,2,1,3,6,213,Cannot lose them
12878,2011-04-17 13:07:00,2,854.99,547,38,United Kingdom,237,1,2,3,6,123,Cannot lose them
13221,2011-04-13 16:58:00,2,847.41,244,62,United Kingdom,241,1,2,3,6,123,Cannot lose them
15832,2011-03-30 15:29:00,1,836.79,465,54,United Kingdom,255,1,2,3,6,123,Cannot lose them
16494,2011-02-16 12:49:00,1,826.53,675,47,United Kingdom,297,1,2,3,6,123,Cannot lose them
13707,2011-03-17 18:03:00,2,806.41,351,48,United Kingdom,268,1,2,3,6,123,Cannot lose them
13336,2011-09-23 14:05:00,1,795.12,559,51,United Kingdom,78,2,1,3,6,213,Cannot lose them
14557,2011-09-15 15:48:00,1,788.38,510,16,United Kingdom,86,2,1,3,6,213,Cannot lose them
13583,2011-07-07 10:40:00,1,781.03,725,53,United Kingdom,156,2,1,3,6,213,Cannot lose them
12735,2011-01-28 13:37:00,2,779.5699999999999,368,38,France,316,1,2,3,6,123,Cannot lose them
13375,2011-09-12 10:19:00,1,778.65,442,37,United Kingdom,89,2,1,3,6,213,Cannot lose them
12425,2011-09-22 17:31:00,1,777.2,496,36,Portugal,79,2,1,3,6,213,Cannot lose them
16222,2011-01-25 13:38:00,1,773.5500000000001,325,120,United Kingdom,319,1,2,3,6,123,Cannot lose them
15075,2011-09-23 12:27:00,1,773.03,447,27,United Kingdom,78,2,1,3,6,213,Cannot lose them
12965,2011-09-11 15:31:00,1,769.8100000000001,282,108,United Kingdom,90,2,1,3,6,213,Cannot lose them
13356,2011-09-20 14:33:00,1,768.24,325,42,United Kingdom,81,2,1,3,6,213,Cannot lose them
14885,2011-07-31 12:05:00,1,765.3199999999999,724,15,United Kingdom,132,2,1,3,6,213,Cannot lose them
16256,2011-03-18 12:18:00,1,752.4300000000001,581,13,United Kingdom,267,1,2,3,6,123,Cannot lose them
15074,2011-08-26 14:45:00,1,735.67,431,41,United Kingdom,106,2,1,3,6,213,Cannot lose them
12468,2011-06-05 11:36:00,2,729.5400000000001,366,36,Germany,188,1,2,3,6,123,Cannot lose them
14055,2011-08-25 15:04:00,1,725.6400000000001,216,10,United Kingdom,107,2,1,3,6,213,Cannot lose them
12453,2011-07-28 14:08:00,1,707.09,473,43,Austria,135,2,1,3,6,213,Cannot lose them
12612,2011-09-26 15:35:00,1,704.0400000000001,262,19,Germany,75,2,1,3,6,213,Cannot lose them
12410,2011-02-04 10:39:00,2,693.3299999999999,211,26,Switzerland,309,1,2,3,6,123,Cannot lose them
14222,2011-06-15 16:42:00,1,683.17,607,41,United Kingdom,178,2,1,3,6,213,Cannot lose them
15322,2011-09-15 09:34:00,1,679.68,416,42,United Kingdom,86,2,1,3,6,213,Cannot lose them
16377,2011-03-17 15:41:00,1,676.2,1500,5,United Kingdom,268,1,2,3,6,123,Cannot lose them
13325,2011-09-19 10:36:00,1,675.3,240,12,United Kingdom,82,2,1,3,6,213,Cannot lose them
13355,2011-08-09 14:48:00,1,674.7,314,32,United Kingdom,123,2,1,3,6,213,Cannot lose them
12418,2011-08-19 11:08:00,1,668.58,407,34,Switzerland,113,2,1,3,6,213,Cannot lose them
14894,2011-09-15 13:51:00,1,655.75,265,23,United Kingdom,86,2,1,3,6,213,Cannot lose them
12365,2011-02-21 14:04:00,2,641.38,174,22,Cyprus,292,1,2,3,6,123,Cannot lose them
14301,2011-08-14 15:33:00,1,640.14,606,13,United Kingdom,118,2,1,3,6,213,Cannot lose them
14687,2011-08-25 11:59:00,1,628.38,470,15,United Kingdom,107,2,1,3,6,213,Cannot lose them
13518,2011-09-15 10:29:00,1,627.16,382,36,United Kingdom,86,2,1,3,6,213,Cannot lose them
13368,2011-03-28 09:59:00,2,623.4,327,29,United Kingdom,257,1,2,3,6,123,Cannot lose them
17499,2011-02-23 09:14:00,1,622.88,711,40,United Kingdom,290,1,2,3,6,123,Cannot lose them
13493,2011-03-09 15:35:00,2,618.63,380,6,Switzerland,276,1,2,3,6,123,Cannot lose them
16116,2011-05-12 12:01:00,1,612.78,248,34,United Kingdom,212,1,2,3,6,123,Cannot lose them
12513,2011-08-19 10:51:00,1,612.29,462,35,France,113,2,1,3,6,213,Cannot lose them
16763,2011-05-25 11:52:00,1,611.85,319,23,United Kingdom,199,1,2,3,6,123,Cannot lose them
13731,2011-05-04 14:33:00,2,610.59,278,36,United Kingdom,220,1,2,3,6,123,Cannot lose them
16718,2010-12-05 13:03:00,1,606.0500000000001,407,41,United Kingdom,370,1,2,3,6,123,Cannot lose them
16022,2011-03-24 13:16:00,1,602.63,255,68,United Kingdom,261,1,2,3,6,123,Cannot lose them
12872,2011-01-17 10:52:00,2,599.97,319,58,United Kingdom,327,1,2,3,6,123,Cannot lose them
12521,2011-07-20 10:51:00,1,599.68,309,38,Germany,143,2,1,3,6,213,Cannot lose them
12917,2011-08-03 16:42:00,1,594.0,120,2,United Kingdom,129,2,1,3,6,213,Cannot lose them
13452,2011-03-25 14:19:00,2,590.0,2,1,United Kingdom,260,1,2,3,6,123,Cannot lose them
16072,2011-02-24 14:32:00,1,584.3199999999999,140,23,United Kingdom,289,1,2,3,6,123,Cannot lose them
17142,2011-04-14 18:22:00,1,579.0,81,15,United Kingdom,240,1,2,3,6,123,Cannot lose them
14400,2011-07-13 15:50:00,1,574.7,454,25,United Kingdom,150,2,1,3,6,213,Cannot lose them
14753,2011-09-13 14:50:00,1,563.15,211,30,United Kingdom,88,2,1,3,6,213,Cannot lose them
17970,2011-05-12 20:03:00,1,562.79,513,27,United Kingdom,212,1,2,3,6,123,Cannot lose them
12559,2011-02-02 09:49:00,2,561.71,283,21,Germany,311,1,2,3,6,123,Cannot lose them
16275,2011-05-27 12:41:00,1,559.87,336,33,United Kingdom,197,1,2,3,6,123,Cannot lose them
17291,2011-02-04 13:04:00,1,550.8000000000001,72,1,United Kingdom,309,1,2,3,6,123,Cannot lose them
12390,2011-09-21 09:33:00,1,549.84,353,32,Belgium,80,2,1,3,6,213,Cannot lose them
12793,2011-01-09 12:12:00,2,545.48,295,21,Portugal,335,1,2,3,6,123,Cannot lose them
13390,2011-09-26 08:38:00,1,544.08,224,13,United Kingdom,75,2,1,3,6,213,Cannot lose them
16142,2011-04-04 10:16:00,1,535.34,422,37,United Kingdom,250,1,2,3,6,123,Cannot lose them
17443,2011-05-04 10:47:00,1,534.24,504,1,Canada,220,1,2,3,6,123,Cannot lose them
18159,2011-02-11 14:26:00,1,530.15,139,23,United Kingdom,302,1,2,3,6,123,Cannot lose them
15149,2011-07-29 10:58:00,1,520.8000000000001,128,23,United Kingdom,134,2,1,3,6,213,Cannot lose them
16135,2011-03-22 12:30:00,1,517.55,209,21,United Kingdom,263,1,2,3,6,123,Cannot lose them
15891,2011-04-27 12:35:00,1,511.68,418,60,United Kingdom,227,1,2,3,6,123,Cannot lose them
12582,2011-04-15 08:45:00,2,511.36,300,21,Finland,239,1,2,3,6,123,Cannot lose them
12436,2011-09-01 12:09:00,1,509.01,211,16,Norway,100,2,1,3,6,213,Cannot lose them
15417,2011-09-15 15:26:00,1,508.8,284,28,United Kingdom,86,2,1,3,6,213,Cannot lose them
13885,2011-06-03 15:07:00,2,506.8,182,28,United Kingdom,190,1,2,3,6,123,Cannot lose them
16614,2011-06-10 11:36:00,1,506.19,223,26,United Kingdom,183,1,2,3,6,123,Cannot lose them
14014,2011-09-23 13:18:00,1,505.18,1076,39,United Kingdom,78,2,1,3,6,213,Cannot lose them
13116,2011-07-24 14:33:00,1,501.14,291,30,United Kingdom,139,2,1,3,6,213,Cannot lose them
15389,2011-06-20 16:18:00,1,500.0,400,1,United Kingdom,173,2,1,3,6,213,Cannot lose them
18074,2010-12-01 09:53:00,1,489.6,190,13,United Kingdom,374,1,2,3,6,123,Cannot lose them
12809,2011-06-15 10:51:00,1,489.31,220,25,Portugal,178,2,1,3,6,213,Cannot lose them
16643,2011-04-08 08:24:00,1,487.51,269,27,United Kingdom,246,1,2,3,6,123,Cannot lose them
13675,2011-07-11 12:57:00,2,486.82000000000005,330,25,United Kingdom,152,2,2,2,6,222,Lost or low-value customers
14450,2011-06-12 10:46:00,3,483.25,241,32,United Kingdom,181,1,3,2,6,132,At-risk customers
13176,2011-10-24 15:43:00,1,481.49,448,66,United Kingdom,47,3,1,2,6,312,Other customers
15091,2011-10-03 12:47:00,1,480.71,346,30,United Kingdom,68,3,1,2,6,312,Other customers
15006,2011-10-19 15:08:00,1,480.38,286,121,United Kingdom,52,3,1,2,6,312,Other customers
15589,2011-03-29 09:54:00,3,478.53000000000003,243,28,United Kingdom,256,1,3,2,6,132,At-risk customers
14320,2011-05-17 09:24:00,2,477.79,325,29,United Kingdom,207,1,3,2,6,132,At-risk customers
14896,2011-05-19 10:20:00,2,468.77000000000004,279,43,United Kingdom,205,1,3,2,6,132,At-risk customers
13248,2011-08-07 12:40:00,2,465.68,305,25,United Kingdom,125,2,2,2,6,222,Lost or low-value customers
14967,2011-10-21 11:06:00,1,463.8,140,6,United Kingdom,50,3,1,2,6,312,Other customers
12491,2011-11-01 12:18:00,1,460.40000000000003,260,25,France,39,3,1,2,6,312,Other customers
15092,2011-05-08 14:10:00,2,457.81,135,23,United Kingdom,216,1,3,2,6,132,At-risk customers
12999,2011-05-27 13:24:00,3,455.88,342,25,United Kingdom,197,1,3,2,6,132,At-risk customers
18071,2011-03-27 11:59:00,2,453.0,260,23,United Kingdom,258,1,3,2,6,132,At-risk customers
14184,2011-10-04 12:43:00,1,452.89,127,24,United Kingdom,67,3,1,2,6,312,Other customers
15802,2011-07-20 11:38:00,1,451.42,1,1,United Kingdom,143,2,2,2,6,222,Lost or low-value customers
17040,2011-07-25 10:19:00,1,449.73,181,15,United Kingdom,138,2,2,2,6,222,Lost or low-value customers
12448,2011-10-26 13:46:00,1,449.45,243,22,Spain,45,3,1,2,6,312,Other customers
15739,2011-10-04 13:42:00,1,449.12,472,8,United Kingdom,67,3,1,2,6,312,Other customers
14638,2011-10-20 10:10:00,1,443.6,166,16,United Kingdom,51,3,1,2,6,312,Other customers
18222,2011-09-08 10:45:00,1,443.0,335,19,United Kingdom,93,2,2,2,6,222,Lost or low-value customers
13359,2011-10-07 09:30:00,1,439.56,161,23,United Kingdom,64,3,1,2,6,312,Other customers
12592,2011-09-08 15:04:00,2,437.6,290,11,Germany,93,2,2,2,6,222,Lost or low-value customers
15551,2011-11-03 12:37:00,1,436.06,218,29,United Kingdom,37,3,1,2,6,312,Other customers
15456,2011-03-01 13:51:00,3,434.59000000000003,633,48,United Kingdom,284,1,3,2,6,132,At-risk customers
12493,2011-06-27 10:17:00,2,433.74,207,20,France,166,2,2,2,6,222,Lost or low-value customers
17035,2011-04-08 11:23:00,2,433.53000000000003,229,27,United Kingdom,246,1,3,2,6,132,At-risk customers
16236,2011-09-22 14:10:00,1,432.2,184,20,United Kingdom,79,2,2,2,6,222,Lost or low-value customers
13245,2011-10-20 11:40:00,1,430.5,125,16,United Kingdom,51,3,1,2,6,312,Other customers
15230,2011-04-14 14:39:00,2,429.6,351,23,United Kingdom,240,1,3,2,6,132,At-risk customers
15553,2011-10-10 14:02:00,1,428.93,449,51,United Kingdom,61,3,1,2,6,312,Other customers
13602,2011-10-06 11:47:00,1,428.89,267,23,United Kingdom,65,3,1,2,6,312,Other customers
15360,2011-10-31 09:35:00,1,427.93,223,13,United Kingdom,40,3,1,2,6,312,Other customers
12403,2011-10-21 10:51:00,1,427.7,96,5,Denmark,50,3,1,2,6,312,Other customers
12740,2011-10-07 10:44:00,1,427.6,342,27,France,64,3,1,2,6,312,Other customers
17392,2011-02-06 12:48:00,2,417.27,277,53,United Kingdom,307,1,3,2,6,132,At-risk customers
17223,2011-02-02 15:57:00,2,416.89,110,43,United Kingdom,311,1,3,2,6,132,At-risk customers
15935,2011-04-14 13:27:00,2,416.86,115,12,United Kingdom,240,1,3,2,6,132,At-risk customers
16957,2011-04-14 13:56:00,2,416.64,172,15,United Kingdom,240,1,3,2,6,132,At-risk customers
13085,2011-07-05 12:11:00,2,416.08000000000004,216,17,United Kingdom,158,2,2,2,6,222,Lost or low-value customers
14139,2011-10-24 13:34:00,1,415.82,510,26,United Kingdom,47,3,1,2,6,312,Other customers
12930,2011-09-22 15:18:00,2,415.8,252,20,United Kingdom,79,2,2,2,6,222,Lost or low-value customers
14333,2011-10-03 10:38:00,1,415.2,58,15,United Kingdom,68,3,1,2,6,312,Other customers
13974,2011-10-21 14:41:00,1,413.59000000000003,249,28,United Kingdom,50,3,1,2,6,312,Other customers
14620,2011-05-18 11:58:00,2,412.78000000000003,214,26,United Kingdom,206,1,3,2,6,132,At-risk customers
16272,2011-08-15 10:54:00,1,411.7,224,25,United Kingdom,117,2,2,2,6,222,Lost or low-value customers
15695,2011-03-18 08:32:00,2,409.98,212,22,United Kingdom,267,1,3,2,6,132,At-risk customers
15127,2011-10-05 10:30:00,1,406.53,251,16,United Kingdom,66,3,1,2,6,312,Other customers
14616,2011-04-11 09:54:00,3,406.08000000000004,104,2,United Kingdom,243,1,3,2,6,132,At-risk customers
15158,2011-10-25 13:53:00,1,401.40000000000003,198,7,United Kingdom,46,3,1,2,6,312,Other customers
16198,2011-09-25 14:58:00,1,400.68100000000004,129,15,United Kingdom,76,2,2,2,6,222,Lost or low-value customers
13352,2011-10-10 13:55:00,1,397.97999999999996,321,24,United Kingdom,61,3,1,2,6,312,Other customers
12824,2011-10-11 12:49:00,1,397.12,232,25,United Kingdom,60,3,1,2,6,312,Other customers
13594,2011-10-18 10:19:00,1,396.97,359,26,United Kingdom,53,3,1,2,6,312,Other customers
17603,2011-09-22 14:18:00,1,394.72,74,11,United Kingdom,79,2,2,2,6,222,Lost or low-value customers
15264,2011-10-06 13:49:00,1,393.74,265,23,United Kingdom,65,3,1,2,6,312,Other customers
15345,2011-10-25 11:28:00,1,393.54,81,20,United Kingdom,46,3,1,2,6,312,Other customers
14670,2011-03-04 14:13:00,2,392.86,326,107,United Kingdom,281,1,3,2,6,132,At-risk customers
14752,2011-10-27 11:55:00,1,389.64,260,5,United Kingdom,44,3,1,2,6,312,Other customers
16250,2011-03-23 15:07:00,2,389.44,208,22,United Kingdom,262,1,3,2,6,132,At-risk customers
15592,2011-10-24 08:59:00,1,388.58,354,24,United Kingdom,47,3,1,2,6,312,Other customers
14114,2011-03-11 09:42:00,2,386.53,101,15,United Kingdom,274,1,3,2,6,132,At-risk customers
15664,2011-10-20 10:57:00,1,386.43,157,17,United Kingdom,51,3,1,2,6,312,Other customers
14779,2011-03-04 12:42:00,3,386.15,84,40,United Kingdom,281,1,3,2,6,132,At-risk customers
13821,2011-07-18 09:49:00,2,385.64,153,51,United Kingdom,145,2,2,2,6,222,Lost or low-value customers
15424,2011-03-30 13:02:00,2,383.34,554,17,United Kingdom,255,1,3,2,6,132,At-risk customers
12871,2011-09-16 15:07:00,2,380.64,200,8,United Kingdom,85,2,2,2,6,222,Lost or low-value customers
16552,2011-04-11 10:04:00,2,379.73,219,17,United Kingdom,243,1,3,2,6,132,At-risk customers
13656,2011-06-28 10:31:00,2,379.65,490,49,United Kingdom,165,2,2,2,6,222,Lost or low-value customers
16909,2011-09-28 16:45:00,1,379.14,436,18,United Kingdom,73,2,2,2,6,222,Lost or low-value customers
16147,2011-07-29 09:57:00,1,375.0,246,22,United Kingdom,134,2,2,2,6,222,Lost or low-value customers
13351,2011-10-04 12:55:00,1,373.94,117,16,United Kingdom,67,3,1,2,6,312,Other customers
12544,2011-11-03 16:15:00,1,372.7,136,19,Spain,37,3,1,2,6,312,Other customers
15975,2011-09-16 13:33:00,1,371.01,243,24,United Kingdom,85,2,2,2,6,222,Lost or low-value customers
16499,2010-12-14 13:31:00,2,365.45,127,18,United Kingdom,361,1,3,2,6,132,At-risk customers
14528,2011-11-02 17:09:00,1,364.21999999999997,278,18,United Kingdom,38,3,1,2,6,312,Other customers
12915,2011-07-14 11:34:00,2,363.65,93,19,United Kingdom,149,2,2,2,6,222,Lost or low-value customers
16485,2011-09-23 15:50:00,1,363.65,235,41,United Kingdom,78,2,2,2,6,222,Lost or low-value customers
15025,2011-11-06 15:20:00,1,361.96,184,66,United Kingdom,34,3,1,2,6,312,Other customers
16305,2011-07-24 12:18:00,1,361.21999999999997,256,22,United Kingdom,139,2,2,2,6,222,Lost or low-value customers
17358,2011-02-09 16:57:00,2,360.81,190,55,United Kingdom,304,1,3,2,6,132,At-risk customers
17948,2011-07-15 12:58:00,1,358.56000000000006,144,1,United Kingdom,148,2,2,2,6,222,Lost or low-value customers
13453,2011-06-27 09:34:00,2,356.97999999999996,134,16,United Kingdom,166,2,2,2,6,222,Lost or low-value customers
14537,2011-10-13 10:54:00,1,355.56,120,10,United Kingdom,58,3,1,2,6,312,Other customers
15678,2011-10-18 09:25:00,1,352.7,184,12,United Kingdom,53,3,1,2,6,312,Other customers
13923,2011-10-17 12:33:00,1,351.13,185,20,United Kingdom,54,3,1,2,6,312,Other customers
17123,2011-07-01 10:47:00,1,345.29999999999995,246,9,United Kingdom,162,2,2,2,6,222,Lost or low-value customers
16978,2011-09-23 12:50:00,1,344.33,166,39,United Kingdom,78,2,2,2,6,222,Lost or low-value customers
12875,2011-07-19 15:30:00,2,343.2300000000001,2019,1,United Kingdom,144,2,2,2,6,222,Lost or low-value customers
17795,2011-06-13 12:36:00,2,342.83,305,43,United Kingdom,180,1,3,2,6,132,At-risk customers
13347,2011-09-30 13:28:00,1,341.36,205,8,United Kingdom,71,3,1,2,6,312,Other customers
16545,2011-06-28 10:37:00,1,339.3,78,3,United Kingdom,165,2,2,2,6,222,Lost or low-value customers
15942,2011-07-29 09:01:00,1,337.44,232,14,United Kingdom,134,2,2,2,6,222,Lost or low-value customers
18078,2011-05-06 14:32:00,2,336.13,145,27,United Kingdom,218,1,3,2,6,132,At-risk customers
15918,2011-06-02 11:42:00,2,334.23,153,33,United Kingdom,191,1,3,2,6,132,At-risk customers
12891,2011-06-07 12:31:00,3,331.0,950,2,United Kingdom,186,1,3,2,6,132,At-risk customers
12519,2011-10-07 09:26:00,1,330.84,175,17,Germany,64,3,1,2,6,312,Other customers
17866,2011-07-20 11:07:00,1,329.65,174,9,United Kingdom,143,2,2,2,6,222,Lost or low-value customers
17154,2011-09-25 13:42:00,1,329.34,490,23,United Kingdom,76,2,2,2,6,222,Lost or low-value customers
15213,2011-01-25 12:21:00,2,328.35,272,22,United Kingdom,319,1,3,2,6,132,At-risk customers
13801,2011-10-04 10:15:00,1,324.8,168,23,United Kingdom,67,3,1,2,6,312,Other customers
15597,2011-11-04 13:26:00,1,324.57,279,22,United Kingdom,36,3,1,2,6,312,Other customers
15921,2011-06-20 11:03:00,1,323.03000000000003,162,24,United Kingdom,173,2,2,2,6,222,Lost or low-value customers
16739,2011-06-16 09:17:00,1,323.0,172,13,United Kingdom,177,2,2,2,6,222,Lost or low-value customers
16627,2011-09-21 14:38:00,1,322.8,162,20,United Kingdom,80,2,2,2,6,222,Lost or low-value customers
15224,2010-12-16 15:02:00,2,322.08,152,13,United Kingdom,359,1,3,2,6,132,At-risk customers
14484,2011-10-20 14:11:00,1,321.92,210,14,United Kingdom,51,3,1,2,6,312,Other customers
14823,2011-06-12 13:12:00,3,321.43,88,56,United Kingdom,181,1,3,2,6,132,At-risk customers
17248,2011-08-11 13:34:00,1,318.65,213,68,United Kingdom,121,2,2,2,6,222,Lost or low-value customers
18066,2011-09-25 15:30:00,1,318.0,108,10,United Kingdom,76,2,2,2,6,222,Lost or low-value customers
17172,2011-09-22 09:36:00,1,317.76,480,15,United Kingdom,79,2,2,2,6,222,Lost or low-value customers
15385,2011-10-30 15:11:00,1,316.88,161,12,United Kingdom,41,3,1,2,6,312,Other customers
16761,2011-09-04 11:15:00,1,316.62,341,13,United Kingdom,97,2,2,2,6,222,Lost or low-value customers
14479,2011-03-31 09:07:00,2,316.25,117,18,United Kingdom,254,1,3,2,6,132,At-risk customers
16582,2011-08-18 17:02:00,1,313.62,164,6,United Kingdom,114,2,2,2,6,222,Lost or low-value customers
13845,2011-10-06 08:25:00,1,312.98,182,9,United Kingdom,65,3,1,2,6,312,Other customers
17362,2011-04-14 14:43:00,2,312.23,191,30,United Kingdom,240,1,3,2,6,132,At-risk customers
16450,2011-07-13 11:47:00,1,311.92,200,11,United Kingdom,150,2,2,2,6,222,Lost or low-value customers
17854,2011-06-07 16:21:00,2,311.26,84,15,United Kingdom,186,1,3,2,6,132,At-risk customers
13897,2011-10-20 14:30:00,1,311.16,200,17,United Kingdom,51,3,1,2,6,312,Other customers
15185,2011-09-30 14:06:00,1,310.62,666,21,United Kingdom,71,3,1,2,6,312,Other customers
15661,2011-01-26 13:56:00,2,309.8,236,4,United Kingdom,318,1,3,2,6,132,At-risk customers
17604,2011-05-06 13:43:00,2,309.36,169,57,United Kingdom,218,1,3,2,6,132,At-risk customers
13787,2011-09-25 12:06:00,2,309.04,337,24,United Kingdom,76,2,2,2,6,222,Lost or low-value customers
15010,2011-11-04 12:42:00,1,308.94,184,20,United Kingdom,36,3,1,2,6,312,Other customers
13529,2011-09-22 09:15:00,2,307.76,74,15,United Kingdom,79,2,2,2,6,222,Lost or low-value customers
17334,2011-02-10 14:59:00,2,307.02,315,11,United Kingdom,303,1,3,2,6,132,At-risk customers
15659,2011-10-27 09:23:00,1,306.45,111,11,United Kingdom,44,3,1,2,6,312,Other customers
16796,2011-09-11 14:01:00,1,305.62,186,18,United Kingdom,90,2,2,2,6,222,Lost or low-value customers
16181,2011-09-27 13:38:00,1,305.54,152,11,United Kingdom,74,2,2,2,6,222,Lost or low-value customers
17941,2011-08-01 08:30:00,1,304.56,252,2,United Kingdom,131,2,2,2,6,222,Lost or low-value customers
16217,2011-04-18 13:31:00,2,304.25,91,13,United Kingdom,236,1,3,2,6,132,At-risk customers
17070,2011-08-17 17:01:00,1,304.24,131,62,United Kingdom,115,2,2,2,6,222,Lost or low-value customers
16400,2011-09-06 12:27:00,1,303.93,172,28,United Kingdom,95,2,2,2,6,222,Lost or low-value customers
17433,2011-09-12 14:24:00,1,303.15999999999997,185,53,United Kingdom,89,2,2,2,6,222,Lost or low-value customers
18165,2011-06-15 13:23:00,1,302.46000000000004,254,10,United Kingdom,178,2,2,2,6,222,Lost or low-value customers
16292,2011-08-10 12:24:00,1,302.25,191,17,United Kingdom,122,2,2,2,6,222,Lost or low-value customers
17506,2011-09-25 11:39:00,1,302.2,139,14,United Kingdom,76,2,2,2,6,222,Lost or low-value customers
16715,2011-09-22 18:15:00,1,301.71999999999997,642,19,United Kingdom,79,2,2,2,6,222,Lost or low-value customers
15667,2011-10-31 10:56:00,1,301.32,240,13,United Kingdom,40,3,1,2,6,312,Other customers
18215,2011-09-11 16:05:00,1,299.34000000000003,118,13,United Kingdom,90,2,2,2,6,222,Lost or low-value customers
13504,2011-10-06 13:20:00,1,295.93,178,22,United Kingdom,65,3,1,2,6,312,Other customers
15732,2011-05-11 14:24:00,2,294.12,215,13,United Kingdom,213,1,3,2,6,132,At-risk customers
16402,2011-03-20 12:25:00,2,293.45,146,55,United Kingdom,265,1,3,2,6,132,At-risk customers
14985,2011-05-25 14:29:00,2,292.01,256,78,United Kingdom,199,1,3,2,6,132,At-risk customers
17691,2010-12-16 17:20:00,2,290.40000000000003,134,18,United Kingdom,359,1,3,2,6,132,At-risk customers
16526,2011-06-21 12:02:00,1,290.36,106,15,United Kingdom,172,2,2,2,6,222,Lost or low-value customers
17464,2011-07-04 13:19:00,1,289.96000000000004,220,9,United Kingdom,159,2,2,2,6,222,Lost or low-value customers
16897,2011-02-13 15:02:00,2,289.78,73,37,United Kingdom,300,1,3,2,6,132,At-risk customers
17501,2011-05-03 09:47:00,2,288.6,160,18,United Kingdom,221,1,3,2,6,132,At-risk customers
16429,2011-08-25 13:54:00,1,284.55,9,2,United Kingdom,107,2,2,2,6,222,Lost or low-value customers
18190,2011-05-31 14:48:00,2,284.46000000000004,140,14,United Kingdom,193,1,3,2,6,132,At-risk customers
12703,2011-09-29 17:52:00,1,283.55,164,21,Germany,72,3,1,2,6,312,Other customers
13259,2011-10-09 10:48:00,1,283.18,126,77,United Kingdom,62,3,1,2,6,312,Other customers
17694,2011-07-21 12:00:00,1,283.12,184,15,United Kingdom,142,2,2,2,6,222,Lost or low-value customers
13754,2011-07-11 11:51:00,2,282.59999999999997,214,11,United Kingdom,152,2,2,2,6,222,Lost or low-value customers
13177,2011-10-06 09:56:00,1,282.45,91,17,United Kingdom,65,3,1,2,6,312,Other customers
14242,2011-04-19 11:46:00,2,280.55,123,13,United Kingdom,235,1,3,2,6,132,At-risk customers
14975,2011-10-13 14:08:00,1,279.94,380,11,United Kingdom,58,3,1,2,6,312,Other customers
14764,2011-10-24 11:54:00,1,278.3,190,6,United Kingdom,47,3,1,2,6,312,Other customers
14512,2011-06-05 12:39:00,2,275.28,122,19,United Kingdom,188,1,3,2,6,132,At-risk customers
16883,2011-06-05 12:51:00,2,272.48,103,33,United Kingdom,188,1,3,2,6,132,At-risk customers
17498,2011-09-25 12:25:00,1,272.22,394,17,United Kingdom,76,2,2,2,6,222,Lost or low-value customers
13533,2011-06-10 11:54:00,3,269.09,202,61,United Kingdom,183,1,3,2,6,132,At-risk customers
15320,2011-10-26 13:27:00,1,267.13,326,36,United Kingdom,45,3,1,2,6,312,Other customers
16451,2011-09-13 09:17:00,1,266.97,120,14,United Kingdom,88,2,2,2,6,222,Lost or low-value customers
17708,2011-06-05 10:12:00,2,263.33,90,28,United Kingdom,188,1,3,2,6,132,At-risk customers
17194,2011-03-11 12:05:00,2,262.62,119,26,United Kingdom,274,1,3,2,6,132,At-risk customers
15894,2011-03-31 13:50:00,2,258.25,164,35,United Kingdom,254,1,3,2,6,132,At-risk customers
16048,2010-12-01 15:28:00,2,256.44,144,8,United Kingdom,374,1,3,2,6,132,At-risk customers
12430,2011-10-27 15:09:00,1,256.4,117,11,Norway,44,3,1,2,6,312,Other customers
13806,2011-10-07 11:43:00,1,256.38,56,10,United Kingdom,64,3,1,2,6,312,Other customers
16447,2011-07-27 12:45:00,1,255.91,221,34,United Kingdom,136,2,2,2,6,222,Lost or low-value customers
15277,2011-10-24 10:08:00,1,255.89999999999998,205,12,United Kingdom,47,3,1,2,6,312,Other customers
12604,2011-09-21 14:08:00,2,254.18,201,15,France,80,2,2,2,6,222,Lost or low-value customers
15759,2011-05-05 15:13:00,3,253.04,60,5,United Kingdom,219,1,3,2,6,132,At-risk customers
14501,2011-06-09 12:02:00,2,251.21,161,9,United Kingdom,184,1,3,2,6,132,At-risk customers
16778,2011-09-26 13:48:00,2,245.94,194,16,United Kingdom,75,2,3,1,6,231,At-risk customers
16793,2011-10-13 15:08:00,1,243.84,146,16,United Kingdom,58,3,2,1,6,321,Other customers
15634,2011-11-22 16:28:00,1,243.55,99,15,United Kingdom,18,4,1,1,6,411,New customers
17339,2011-09-06 13:29:00,2,243.36,152,9,United Kingdom,95,2,3,1,6,231,At-risk customers
16601,2011-10-30 11:09:00,1,242.7,133,29,United Kingdom,41,3,2,1,6,321,Other customers
17256,2011-08-24 13:30:00,2,240.0,141,12,United Kingdom,108,2,3,1,6,231,At-risk customers
17684,2011-10-27 11:10:00,1,239.41,145,15,United Kingdom,44,3,2,1,6,321,Other customers
16026,2011-10-27 13:53:00,1,236.09,243,30,United Kingdom,44,3,2,1,6,321,Other customers
15462,2011-09-06 13:11:00,3,234.6,172,9,United Kingdom,95,2,3,1,6,231,At-risk customers
14473,2011-09-26 15:10:00,2,234.34000000000003,88,7,United Kingdom,75,2,3,1,6,231,At-risk customers
17111,2011-10-23 15:59:00,1,231.61,282,29,United Kingdom,48,3,2,1,6,321,Other customers
16445,2011-11-06 12:32:00,1,230.51,111,62,United Kingdom,34,3,2,1,6,321,Other customers
17125,2011-10-20 14:41:00,1,230.5,281,34,United Kingdom,51,3,2,1,6,321,Other customers
14793,2011-11-18 14:50:00,1,228.99,91,14,United Kingdom,22,4,1,1,6,411,New customers
13146,2011-11-13 15:29:00,1,228.91,154,16,United Kingdom,27,4,1,1,6,411,New customers
17969,2011-06-26 13:00:00,2,228.2,152,14,United Kingdom,167,2,3,1,6,231,At-risk customers
16690,2011-09-28 15:02:00,2,225.57999999999998,138,10,United Kingdom,73,2,3,1,6,231,At-risk customers
14052,2011-11-20 12:30:00,1,225.36,89,56,United Kingdom,20,4,1,1,6,411,New customers
16753,2011-10-12 13:14:00,1,223.92000000000002,189,34,United Kingdom,59,3,2,1,6,321,Other customers
14929,2011-11-07 17:21:00,1,223.88,136,11,United Kingdom,33,4,1,1,6,411,New customers
13926,2011-11-16 13:16:00,1,223.85000000000002,104,11,United Kingdom,24,4,1,1,6,411,New customers
17534,2011-10-17 12:47:00,1,223.36,103,9,United Kingdom,54,3,2,1,6,321,Other customers
16777,2011-09-20 13:41:00,2,222.62,62,45,United Kingdom,81,2,3,1,6,231,At-risk customers
12702,2011-11-20 10:36:00,1,219.0,53,12,Germany,20,4,1,1,6,411,New customers
13669,2011-10-20 09:32:00,2,218.55,237,9,United Kingdom,51,3,2,1,6,321,Other customers
16080,2011-09-19 10:42:00,2,217.16,128,10,United Kingdom,82,2,3,1,6,231,At-risk customers
13739,2011-11-21 13:35:00,1,216.9,54,3,United Kingdom,19,4,1,1,6,411,New customers
14104,2011-07-08 12:50:00,2,216.20999999999998,72,21,United Kingdom,155,2,3,1,6,231,At-risk customers
16179,2011-10-10 09:41:00,1,215.83,99,11,United Kingdom,61,3,2,1,6,321,Other customers
17580,2011-04-01 12:41:00,3,215.72,88,43,United Kingdom,253,1,4,1,6,141,At-risk customers
16190,2011-10-30 15:59:00,1,215.08,88,6,United Kingdom,41,3,2,1,6,321,Other customers
16846,2011-10-20 13:55:00,1,214.32,135,11,United Kingdom,51,3,2,1,6,321,Other customers
16647,2011-06-23 11:47:00,2,214.06,146,12,United Kingdom,170,2,3,1,6,231,At-risk customers
16591,2011-10-02 10:43:00,1,213.5,41,10,United Kingdom,69,3,2,1,6,321,Other customers
16017,2011-10-23 12:56:00,1,211.88,102,26,United Kingdom,48,3,2,1,6,321,Other customers
16356,2011-05-26 11:51:00,3,211.77,93,20,United Kingdom,198,1,4,1,6,141,At-risk customers
13828,2011-11-17 16:02:00,1,209.49,311,15,United Kingdom,23,4,1,1,6,411,New customers
17206,2011-10-17 13:25:00,1,204.24,76,7,United Kingdom,54,3,2,1,6,321,Other customers
18169,2011-10-10 12:18:00,1,202.65,61,9,United Kingdom,61,3,2,1,6,321,Other customers
16895,2011-10-06 12:15:00,1,202.27,91,57,United Kingdom,65,3,2,1,6,321,Other customers
18126,2011-10-10 12:19:00,1,200.92000000000002,135,52,United Kingdom,61,3,2,1,6,321,Other customers
16415,2011-10-26 13:35:00,1,200.27,178,45,United Kingdom,45,3,2,1,6,321,Other customers
13322,2011-11-22 14:21:00,1,199.48000000000002,117,25,United Kingdom,18,4,1,1,6,411,New customers
16832,2011-06-08 15:36:00,3,199.15,33,11,United Kingdom,185,1,4,1,6,141,At-risk customers
14789,2011-11-11 08:59:00,1,197.64,116,6,United Kingdom,29,4,1,1,6,411,New customers
12586,2011-11-22 16:24:00,1,196.94000000000003,79,11,Italy,18,4,1,1,6,411,New customers
13792,2011-10-04 14:31:00,2,195.55,92,13,United Kingdom,67,3,2,1,6,321,Other customers
14666,2011-11-15 12:57:00,1,195.25,161,14,United Kingdom,25,4,1,1,6,411,New customers
15198,2011-09-08 14:42:00,2,193.64,120,10,United Kingdom,93,2,3,1,6,231,At-risk customers
16847,2011-10-27 13:29:00,1,193.44,78,12,United Kingdom,44,3,2,1,6,321,Other customers
12522,2011-10-31 15:30:00,2,192.72,194,11,Germany,40,3,2,1,6,321,Other customers
16887,2011-11-04 14:07:00,1,192.32999999999998,156,35,United Kingdom,36,3,2,1,6,321,Other customers
15692,2011-11-11 14:12:00,1,191.04,138,12,United Kingdom,29,4,1,1,6,411,New customers
17233,2011-11-04 14:06:00,1,190.88,131,25,United Kingdom,36,3,2,1,6,321,Other customers
17781,2011-07-03 16:00:00,2,188.02,34,12,United Kingdom,160,2,3,1,6,231,At-risk customers
17279,2011-10-13 11:58:00,1,187.82999999999998,48,8,United Kingdom,58,3,2,1,6,321,Other customers
18013,2011-07-07 14:11:00,2,187.29,285,31,United Kingdom,156,2,3,1,6,231,At-risk customers
15567,2011-11-21 10:48:00,1,186.01,223,7,United Kingdom,19,4,1,1,6,411,New customers
16914,2011-11-03 15:27:00,1,183.76,112,25,United Kingdom,37,3,2,1,6,321,Other customers
16680,2011-10-27 17:35:00,1,183.7,94,10,United Kingdom,44,3,2,1,6,321,Other customers
14966,2011-11-25 12:20:00,1,183.02,179,35,United Kingdom,15,4,1,1,6,411,New customers
15886,2011-10-10 14:25:00,1,181.09,147,12,United Kingdom,61,3,2,1,6,321,Other customers
16835,2011-08-03 13:50:00,2,180.85,61,10,United Kingdom,129,2,3,1,6,231,At-risk customers
13710,2011-11-08 08:16:00,1,180.48,176,8,United Kingdom,32,4,1,1,6,411,New customers
18045,2011-10-25 13:07:00,1,178.34,138,43,United Kingdom,46,3,2,1,6,321,Other customers
12618,2011-11-18 11:10:00,1,177.31,96,11,Italy,22,4,1,1,6,411,New customers
17947,2011-11-02 13:05:00,1,176.68,168,9,United Kingdom,38,3,2,1,6,321,Other customers
12893,2011-11-09 12:34:00,1,176.55,90,27,United Kingdom,31,4,1,1,6,411,New customers
16773,2011-10-13 14:37:00,1,171.59,171,23,United Kingdom,58,3,2,1,6,321,Other customers
15432,2011-11-16 16:30:00,1,171.19,65,10,United Kingdom,24,4,1,1,6,411,New customers
14860,2011-11-20 14:17:00,1,170.32,232,11,United Kingdom,20,4,1,1,6,411,New customers
16952,2011-08-22 13:03:00,2,167.61,92,16,United Kingdom,110,2,3,1,6,231,At-risk customers
18088,2011-10-09 13:41:00,1,166.03,107,35,United Kingdom,62,3,2,1,6,321,Other customers
18042,2011-10-17 11:49:00,1,165.04999999999998,33,7,United Kingdom,54,3,2,1,6,321,Other customers
13603,2011-11-13 15:57:00,1,164.34,164,27,United Kingdom,27,4,1,1,6,411,New customers
12920,2011-11-22 15:05:00,1,162.78,128,27,United Kingdom,18,4,1,1,6,411,New customers
15458,2011-11-14 13:08:00,1,161.64,156,7,United Kingdom,26,4,1,1,6,411,New customers
18146,2011-07-22 12:08:00,2,160.35000000000002,153,10,United Kingdom,141,2,3,1,6,231,At-risk customers
14714,2011-11-15 13:07:00,1,160.19,229,10,United Kingdom,25,4,1,1,6,411,New customers
17344,2011-10-24 12:56:00,1,157.62,65,31,United Kingdom,47,3,2,1,6,321,Other customers
17832,2011-10-21 11:43:00,1,155.37,208,61,United Kingdom,50,3,2,1,6,321,Other customers
16921,2011-10-09 16:22:00,1,154.18,154,50,United Kingdom,62,3,2,1,6,321,Other customers
16248,2011-10-09 11:32:00,1,152.94,78,7,United Kingdom,62,3,2,1,6,321,Other customers
17898,2011-09-15 14:56:00,2,152.06,190,27,United Kingdom,86,2,3,1,6,231,At-risk customers
14362,2011-11-17 15:08:00,1,151.5,96,37,United Kingdom,23,4,1,1,6,411,New customers
16337,2011-11-03 10:03:00,1,151.05,87,10,United Kingdom,37,3,2,1,6,321,Other customers
14073,2011-11-07 15:49:00,1,151.04,130,13,United Kingdom,33,4,1,1,6,411,New customers
16932,2011-10-17 14:12:00,1,150.23000000000002,82,44,United Kingdom,54,3,2,1,6,321,Other customers
15435,2011-11-17 16:39:00,1,149.29,54,29,United Kingdom,23,4,1,1,6,411,New customers
13003,2011-08-26 10:50:00,3,149.05,103,4,United Kingdom,106,2,3,1,6,231,At-risk customers
14968,2011-11-09 13:58:00,1,147.59,127,37,United Kingdom,31,4,1,1,6,411,New customers
14037,2011-06-16 13:57:00,2,147.20000000000002,46,27,United Kingdom,177,2,3,1,6,231,At-risk customers
17030,2011-10-07 08:49:00,1,146.87,146,11,United Kingdom,64,3,2,1,6,321,Other customers
17935,2011-07-24 13:18:00,2,145.79,82,28,United Kingdom,139,2,3,1,6,231,At-risk customers
15937,2011-10-06 15:48:00,1,145.35,73,7,United Kingdom,65,3,2,1,6,321,Other customers
14494,2011-11-14 09:21:00,1,139.56,92,7,United Kingdom,26,4,1,1,6,411,New customers
14581,2011-11-23 12:39:00,1,138.6,217,16,United Kingdom,17,4,1,1,6,411,New customers
15836,2011-10-20 17:13:00,1,137.37,26,10,United Kingdom,51,3,2,1,6,321,Other customers
16412,2011-10-17 12:35:00,1,135.99,63,25,United Kingdom,54,3,2,1,6,321,Other customers
15419,2011-11-15 09:23:00,1,135.86,230,8,United Kingdom,25,4,1,1,6,411,New customers
12445,2011-11-17 18:43:00,1,133.4,62,4,Spain,23,4,1,1,6,411,New customers
17647,2011-10-05 15:38:00,1,133.06,30,7,United Kingdom,66,3,2,1,6,321,Other customers
12512,2011-10-04 14:55:00,2,132.18,96,31,Israel,67,3,2,1,6,321,Other customers
17785,2011-10-17 13:43:00,1,131.94,67,13,United Kingdom,54,3,2,1,6,321,Other customers
15844,2011-10-24 15:19:00,1,130.73999999999998,134,11,United Kingdom,47,3,2,1,6,321,Other customers
16828,2011-09-07 15:10:00,2,128.5,59,8,United Kingdom,94,2,3,1,6,231,At-risk customers
15463,2011-11-10 12:57:00,1,126.14,106,7,United Kingdom,30,4,1,1,6,411,New customers
13522,2011-11-09 15:11:00,1,125.80000000000001,44,5,United Kingdom,31,4,1,1,6,411,New customers
12531,2011-11-25 11:12:00,1,125.22,45,17,Germany,15,4,1,1,6,411,New customers
17148,2011-10-19 09:59:00,1,124.88,82,9,United Kingdom,52,3,2,1,6,321,Other customers
13638,2011-11-24 10:38:00,1,122.64,93,8,United Kingdom,16,4,1,1,6,411,New customers
18018,2011-08-23 17:37:00,2,122.14,55,29,United Kingdom,109,2,3,1,6,231,At-risk customers
15512,2011-07-07 10:20:00,2,121.0,68,7,United Kingdom,156,2,3,1,6,231,At-risk customers
17446,2011-06-16 10:42:00,2,120.9,198,6,United Kingdom,177,2,3,1,6,231,At-risk customers
16542,2011-10-17 10:47:00,1,119.62,46,5,United Kingdom,54,3,2,1,6,321,Other customers
12938,2011-11-14 11:21:00,1,114.14,140,9,United Kingdom,26,4,1,1,6,411,New customers
18105,2011-11-02 12:04:00,1,113.48000000000002,46,18,United Kingdom,38,3,2,1,6,321,Other customers
17957,2011-10-04 14:58:00,1,111.68,287,31,United Kingdom,67,3,2,1,6,321,Other customers
15853,2011-10-19 10:38:00,1,110.8,135,29,United Kingdom,52,3,2,1,6,321,Other customers
14641,2011-11-18 10:42:00,1,110.46,90,7,United Kingdom,22,4,1,1,6,411,New customers
18277,2011-10-12 15:22:00,1,110.38,68,8,United Kingdom,59,3,2,1,6,321,Other customers
17836,2011-10-23 16:13:00,1,110.21000000000001,88,23,United Kingdom,48,3,2,1,6,321,Other customers
16363,2011-10-17 14:14:00,1,109.36000000000001,52,5,United Kingdom,54,3,2,1,6,321,Other customers
13170,2011-11-13 12:19:00,1,108.81,141,29,United Kingdom,27,4,1,1,6,411,New customers
16106,2011-10-05 10:37:00,1,108.38,74,6,United Kingdom,66,3,2,1,6,321,Other customers
14661,2011-11-13 11:51:00,1,107.95,35,4,United Kingdom,27,4,1,1,6,411,New customers
17274,2011-11-04 13:16:00,1,107.82,77,24,United Kingdom,36,3,2,1,6,321,Other customers
15168,2011-11-14 11:26:00,1,106.56,52,5,United Kingdom,26,4,1,1,6,411,New customers
16498,2011-07-01 15:07:00,2,100.97,45,15,United Kingdom,162,2,3,1,6,231,At-risk customers
14946,2011-11-25 13:33:00,1,100.9,22,3,United Kingdom,15,4,1,1,6,411,New customers
17427,2011-09-29 11:29:00,1,100.8,34,2,United Kingdom,72,3,2,1,6,321,Other customers
12984,2011-11-21 12:37:00,1,97.5,26,4,United Kingdom,19,4,1,1,6,411,New customers
17895,2011-10-26 17:00:00,1,95.45,127,15,United Kingdom,45,3,2,1,6,321,Other customers
13651,2011-11-04 14:59:00,2,94.2,33,6,United Kingdom,36,3,2,1,6,321,Other customers
18033,2011-10-05 17:28:00,1,93.82000000000001,252,32,United Kingdom,66,3,2,1,6,321,Other customers
15428,2011-11-24 16:54:00,1,93.78,102,6,United Kingdom,16,4,1,1,6,411,New customers
13283,2011-10-11 09:50:00,2,93.66,90,7,United Kingdom,60,3,2,1,6,321,Other customers
13160,2011-11-17 13:07:00,1,91.8,56,4,United Kingdom,23,4,1,1,6,411,New customers
12659,2011-11-10 11:53:00,1,91.68,105,5,France,30,4,1,1,6,411,New customers
17620,2011-10-11 12:08:00,1,81.44,60,4,United Kingdom,60,3,2,1,6,321,Other customers
13992,2011-11-09 15:23:00,1,76.8,64,5,United Kingdom,31,4,1,1,6,411,New customers
13403,2011-11-22 08:28:00,1,75.0,44,3,United Kingdom,18,4,1,1,6,411,New customers
16171,2011-10-11 14:51:00,1,73.2,24,3,United Kingdom,60,3,2,1,6,321,Other customers
17382,2011-10-05 13:05:00,1,65.4,25,2,United Kingdom,66,3,2,1,6,321,Other customers
13832,2011-11-20 15:36:00,1,52.199999999999996,28,3,United Kingdom,20,4,1,1,6,411,New customers
14080,2011-11-07 11:09:00,1,45.599999999999994,48,4,United Kingdom,33,4,1,1,6,411,New customers
14300,2011-11-21 08:57:00,1,43.2,32,3,United Kingdom,19,4,1,1,6,411,New customers
18019,2011-10-19 12:10:00,1,38.45,7,5,United Kingdom,52,3,2,1,6,321,Other customers
17831,2011-11-06 15:09:00,1,35.400000000000006,12,2,United Kingdom,34,3,2,1,6,321,Other customers
15657,2011-11-17 12:19:00,1,30.0,24,1,United Kingdom,23,4,1,1,6,411,New customers
17986,2011-10-14 14:22:00,1,20.8,10,1,United Kingdom,57,3,2,1,6,321,Other customers
13934,2011-03-21 08:39:00,1,922.1,390,31,United Kingdom,264,1,1,3,5,113,Cannot lose them
12652,2011-01-12 15:00:00,1,919.98,505,48,France,332,1,1,3,5,113,Cannot lose them
13339,2011-05-23 08:31:00,1,860.12,326,54,United Kingdom,201,1,1,3,5,113,Cannot lose them
13893,2011-02-15 11:30:00,1,821.1,190,21,United Kingdom,298,1,1,3,5,113,Cannot lose them
13341,2011-03-24 09:50:00,1,775.85,301,42,United Kingdom,261,1,1,3,5,113,Cannot lose them
13370,2010-12-03 10:26:00,1,754.87,343,39,United Kingdom,372,1,1,3,5,113,Cannot lose them
13753,2011-02-25 12:48:00,1,741.26,512,35,United Kingdom,288,1,1,3,5,113,Cannot lose them
12976,2011-05-12 09:55:00,1,738.6,561,22,United Kingdom,212,1,1,3,5,113,Cannot lose them
14603,2011-03-10 10:27:00,1,660.0,400,2,United Kingdom,275,1,1,3,5,113,Cannot lose them
14000,2011-05-12 16:50:00,1,635.66,710,15,United Kingdom,212,1,1,3,5,113,Cannot lose them
14036,2011-02-28 09:26:00,1,626.65,268,38,United Kingdom,285,1,1,3,5,113,Cannot lose them
15147,2011-04-13 15:57:00,1,623.5,366,28,United Kingdom,241,1,1,3,5,113,Cannot lose them
13357,2011-03-27 13:56:00,1,609.4,321,85,United Kingdom,258,1,1,3,5,113,Cannot lose them
12707,2011-02-21 08:38:00,1,603.42,256,33,France,292,1,1,3,5,113,Cannot lose them
15442,2011-04-05 12:24:00,1,594.0,120,2,United Kingdom,249,1,1,3,5,113,Cannot lose them
13270,2010-12-08 14:53:00,1,590.0,200,1,United Kingdom,367,1,1,3,5,113,Cannot lose them
13243,2011-05-20 13:14:00,1,585.12,232,56,United Kingdom,204,1,1,3,5,113,Cannot lose them
15222,2011-01-25 08:03:00,1,585.0,440,5,United Kingdom,319,1,1,3,5,113,Cannot lose them
12426,2011-05-29 12:26:00,1,582.73,258,30,Germany,195,1,1,3,5,113,Cannot lose them
15303,2011-02-22 13:59:00,1,574.02,248,31,United Kingdom,291,1,1,3,5,113,Cannot lose them
15655,2011-04-10 15:25:00,1,560.67,324,34,United Kingdom,244,1,1,3,5,113,Cannot lose them
13044,2011-02-21 15:20:00,1,560.47,429,33,United Kingdom,292,1,1,3,5,113,Cannot lose them
15415,2011-01-30 14:13:00,1,559.61,551,46,United Kingdom,314,1,1,3,5,113,Cannot lose them
12866,2011-03-01 14:11:00,1,559.12,171,26,Belgium,284,1,1,3,5,113,Cannot lose them
13800,2011-02-03 12:27:00,1,558.32,331,33,United Kingdom,310,1,1,3,5,113,Cannot lose them
13874,2010-12-16 18:20:00,1,540.45,180,18,United Kingdom,359,1,1,3,5,113,Cannot lose them
13385,2011-01-14 09:52:00,1,534.57,281,35,United Kingdom,330,1,1,3,5,113,Cannot lose them
14873,2011-05-13 13:52:00,1,519.68,168,28,United Kingdom,211,1,1,3,5,113,Cannot lose them
13043,2011-03-11 14:52:00,1,516.42,254,13,United Kingdom,274,1,1,3,5,113,Cannot lose them
12988,2011-02-20 14:31:00,1,505.82,126,75,United Kingdom,293,1,1,3,5,113,Cannot lose them
15448,2011-01-31 10:42:00,1,494.64,232,28,United Kingdom,313,1,1,3,5,113,Cannot lose them
14270,2011-01-12 09:33:00,1,492.65000000000003,197,29,United Kingdom,332,1,1,3,5,113,Cannot lose them
15165,2010-12-01 14:03:00,1,487.75,160,27,United Kingdom,374,1,1,3,5,113,Cannot lose them
13338,2011-07-05 09:06:00,1,487.02,256,19,United Kingdom,158,2,1,2,5,212,Lost or low-value customers
13531,2011-05-18 16:56:00,2,483.8,174,17,United Kingdom,206,1,2,2,5,122,Lost or low-value customers
16812,2010-12-14 12:35:00,1,479.35,81,15,United Kingdom,361,1,2,2,5,122,Lost or low-value customers
12644,2011-08-02 10:33:00,1,477.91,325,31,Germany,130,2,1,2,5,212,Lost or low-value customers
18176,2010-12-16 15:45:00,1,476.35,283,30,United Kingdom,359,1,2,2,5,122,Lost or low-value customers
15507,2011-06-21 11:19:00,1,475.86,160,41,United Kingdom,172,2,1,2,5,212,Lost or low-value customers
16586,2011-04-05 09:32:00,1,463.95,95,8,United Kingdom,249,1,2,2,5,122,Lost or low-value customers
17880,2010-12-10 10:21:00,1,458.92,314,26,United Kingdom,365,1,2,2,5,122,Lost or low-value customers
13506,2011-01-27 13:53:00,2,458.52,324,26,United Kingdom,317,1,2,2,5,122,Lost or low-value customers
15585,2011-06-16 08:38:00,1,455.3,320,31,United Kingdom,177,2,1,2,5,212,Lost or low-value customers
16529,2011-06-02 17:23:00,1,455.25,198,30,United Kingdom,191,1,2,2,5,122,Lost or low-value customers
17140,2011-04-06 13:33:00,1,454.12,296,16,United Kingdom,248,1,2,2,5,122,Lost or low-value customers
15475,2011-09-23 15:20:00,1,454.10999999999996,319,29,United Kingdom,78,2,1,2,5,212,Lost or low-value customers
12729,2011-08-18 11:40:00,1,453.01,233,26,France,114,2,1,2,5,212,Lost or low-value customers
12579,2011-09-22 17:15:00,1,440.42,285,29,France,79,2,1,2,5,212,Lost or low-value customers
18233,2011-01-18 08:44:00,1,440.0,4,1,United Kingdom,326,1,2,2,5,122,Lost or low-value customers
16084,2011-02-13 16:05:00,1,436.18,216,38,United Kingdom,300,1,2,2,5,122,Lost or low-value customers
15639,2011-07-28 14:30:00,1,425.32,323,25,United Kingdom,135,2,1,2,5,212,Lost or low-value customers
17525,2010-12-15 12:05:00,1,422.70000000000005,82,9,United Kingdom,360,1,2,2,5,122,Lost or low-value customers
18106,2011-01-14 12:23:00,1,421.9,126,33,United Kingdom,330,1,2,2,5,122,Lost or low-value customers
14757,2011-09-25 14:36:00,1,420.5,160,19,United Kingdom,76,2,1,2,5,212,Lost or low-value customers
14124,2011-09-16 13:32:00,1,419.58000000000004,1618,4,United Kingdom,85,2,1,2,5,212,Lost or low-value customers
17701,2011-04-01 12:25:00,1,417.95,109,24,United Kingdom,253,1,2,2,5,122,Lost or low-value customers
12833,2011-07-17 13:46:00,1,417.38,156,24,United Kingdom,146,2,1,2,5,212,Lost or low-value customers
13889,2011-09-08 09:13:00,1,416.90000000000003,146,15,United Kingdom,93,2,1,2,5,212,Lost or low-value customers
16795,2010-12-09 14:08:00,1,414.88,239,64,United Kingdom,366,1,2,2,5,122,Lost or low-value customers
16834,2011-04-26 09:37:00,1,413.46,358,24,United Kingdom,228,1,2,2,5,122,Lost or low-value customers
15523,2011-09-16 16:29:00,1,412.01000000000005,132,10,United Kingdom,85,2,1,2,5,212,Lost or low-value customers
15099,2011-09-16 13:13:00,1,410.48,343,23,United Kingdom,85,2,1,2,5,212,Lost or low-value customers
16947,2011-04-18 09:38:00,1,406.48,312,21,United Kingdom,236,1,2,2,5,122,Lost or low-value customers
15342,2011-08-02 10:19:00,1,406.09,283,24,United Kingdom,130,2,1,2,5,212,Lost or low-value customers
12922,2011-07-01 15:35:00,1,405.38,370,28,United Kingdom,162,2,1,2,5,212,Lost or low-value customers
16319,2011-05-06 11:27:00,1,404.40000000000003,72,3,United Kingdom,218,1,2,2,5,122,Lost or low-value customers
17431,2011-01-30 14:36:00,1,403.3,292,41,United Kingdom,314,1,2,2,5,122,Lost or low-value customers
12386,2011-01-06 12:37:00,2,401.9,354,10,Australia,338,1,2,2,5,122,Lost or low-value customers
17486,2011-03-23 14:00:00,1,396.87,191,24,United Kingdom,262,1,2,2,5,122,Lost or low-value customers
17226,2011-02-04 11:52:00,1,393.49,406,21,United Kingdom,309,1,2,2,5,122,Lost or low-value customers
16917,2011-03-08 11:55:00,1,391.52,232,9,United Kingdom,277,1,2,2,5,122,Lost or low-value customers
17438,2011-03-31 10:26:00,1,388.45000000000005,103,17,United Kingdom,254,1,2,2,5,122,Lost or low-value customers
14420,2011-09-01 18:07:00,1,387.52,334,29,United Kingdom,100,2,1,2,5,212,Lost or low-value customers
17508,2011-03-04 08:10:00,1,387.31,289,22,Greece,281,1,2,2,5,122,Lost or low-value customers
13833,2011-07-03 13:27:00,1,383.85,117,28,United Kingdom,160,2,1,2,5,212,Lost or low-value customers
17239,2011-01-31 09:41:00,1,382.5,150,15,United Kingdom,313,1,2,2,5,122,Lost or low-value customers
17138,2011-03-09 11:54:00,1,380.5,126,24,United Kingdom,276,1,2,2,5,122,Lost or low-value customers
13372,2011-09-11 12:46:00,1,378.64,159,23,United Kingdom,90,2,1,2,5,212,Lost or low-value customers
16858,2010-12-06 09:52:00,1,375.69000000000005,91,9,United Kingdom,369,1,2,2,5,122,Lost or low-value customers
14079,2011-08-07 12:10:00,1,375.1,301,12,United Kingdom,125,2,1,2,5,212,Lost or low-value customers
17492,2011-04-05 15:21:00,1,374.57,155,12,United Kingdom,249,1,2,2,5,122,Lost or low-value customers
13300,2011-06-23 13:09:00,1,371.89,203,20,United Kingdom,170,2,1,2,5,212,Lost or low-value customers
15472,2011-08-18 15:17:00,1,371.56,251,76,United Kingdom,114,2,1,2,5,212,Lost or low-value customers
15922,2010-12-01 13:51:00,1,369.5,138,11,United Kingdom,374,1,2,2,5,122,Lost or low-value customers
16065,2010-12-09 13:03:00,1,367.14,228,71,United Kingdom,366,1,2,2,5,122,Lost or low-value customers
16202,2010-12-14 10:43:00,1,365.27,191,18,United Kingdom,361,1,2,2,5,122,Lost or low-value customers
15343,2011-09-13 13:55:00,1,364.5,84,21,United Kingdom,88,2,1,2,5,212,Lost or low-value customers
14171,2011-09-02 16:43:00,1,363.79,167,57,United Kingdom,99,2,1,2,5,212,Lost or low-value customers
16509,2011-02-16 09:25:00,1,363.7,64,13,United Kingdom,297,1,2,2,5,122,Lost or low-value customers
18056,2011-02-24 14:27:00,1,363.65,211,19,United Kingdom,289,1,2,2,5,122,Lost or low-value customers
16769,2011-03-24 13:41:00,1,361.54,80,33,United Kingdom,261,1,2,2,5,122,Lost or low-value customers
13291,2011-07-07 10:36:00,1,361.11,233,41,United Kingdom,156,2,1,2,5,212,Lost or low-value customers
15120,2011-07-29 09:48:00,1,358.82,296,21,United Kingdom,134,2,1,2,5,212,Lost or low-value customers
16823,2011-04-26 15:00:00,1,358.38,136,34,United Kingdom,228,1,2,2,5,122,Lost or low-value customers
13228,2011-09-19 14:28:00,1,358.0,200,2,United Kingdom,82,2,1,2,5,212,Lost or low-value customers
15247,2011-08-09 12:52:00,1,356.0,160,6,United Kingdom,123,2,1,2,5,212,Lost or low-value customers
12888,2011-05-09 16:02:00,2,354.12,76,4,United Kingdom,215,1,2,2,5,122,Lost or low-value customers
13210,2011-09-07 08:18:00,1,353.48,316,22,United Kingdom,94,2,1,2,5,212,Lost or low-value customers
13343,2011-06-15 12:24:00,1,353.43,135,19,United Kingdom,178,2,1,2,5,212,Lost or low-value customers
16274,2010-12-01 15:35:00,1,351.75,153,64,United Kingdom,374,1,2,2,5,122,Lost or low-value customers
12566,2011-09-14 14:30:00,1,351.65,265,19,Germany,87,2,1,2,5,212,Lost or low-value customers
15789,2010-12-16 14:35:00,1,351.3,438,25,United Kingdom,359,1,2,2,5,122,Lost or low-value customers
13670,2011-09-25 15:25:00,1,349.7,282,25,United Kingdom,76,2,1,2,5,212,Lost or low-value customers
18250,2011-02-02 13:16:00,1,349.27,199,21,United Kingdom,311,1,2,2,5,122,Lost or low-value customers
13927,2011-09-26 12:00:00,1,348.99,214,21,United Kingdom,75,2,1,2,5,212,Lost or low-value customers
16159,2011-03-03 12:27:00,1,348.2,236,14,United Kingdom,282,1,2,2,5,122,Lost or low-value customers
13497,2011-03-02 09:04:00,2,348.05,163,19,United Kingdom,283,1,2,2,5,122,Lost or low-value customers
13649,2011-03-28 11:51:00,2,346.6,139,23,United Kingdom,257,1,2,2,5,122,Lost or low-value customers
13774,2011-09-19 12:06:00,1,345.0,192,22,United Kingdom,82,2,1,2,5,212,Lost or low-value customers
17569,2011-01-11 14:15:00,1,344.14,159,29,United Kingdom,333,1,2,2,5,122,Lost or low-value customers
12715,2011-08-25 15:22:00,1,343.36,192,20,Sweden,107,2,1,2,5,212,Lost or low-value customers
17697,2011-04-17 15:40:00,1,338.95,93,19,United Kingdom,237,1,2,2,5,122,Lost or low-value customers
15652,2011-09-09 14:22:00,1,337.74,208,21,United Kingdom,92,2,1,2,5,212,Lost or low-value customers
16105,2011-04-05 10:13:00,1,336.96,330,13,United Kingdom,249,1,2,2,5,122,Lost or low-value customers
14196,2011-08-25 10:25:00,1,335.52,142,6,United Kingdom,107,2,1,2,5,212,Lost or low-value customers
16063,2011-03-24 14:56:00,1,335.32,262,23,United Kingdom,261,1,2,2,5,122,Lost or low-value customers
15466,2011-09-15 14:08:00,1,334.53,246,56,United Kingdom,86,2,1,2,5,212,Lost or low-value customers
16625,2011-03-10 12:50:00,1,333.08,164,23,United Kingdom,275,1,2,2,5,122,Lost or low-value customers
16850,2011-01-10 11:09:00,1,332.41,249,19,United Kingdom,334,1,2,2,5,122,Lost or low-value customers
16030,2011-02-03 11:28:00,1,331.24,283,28,United Kingdom,310,1,2,2,5,122,Lost or low-value customers
17862,2011-01-20 12:23:00,1,330.9,100,11,United Kingdom,324,1,2,2,5,122,Lost or low-value customers
15130,2011-06-23 10:15:00,1,330.11,197,22,United Kingdom,170,2,1,2,5,212,Lost or low-value customers
15880,2010-12-05 13:00:00,1,329.03000000000003,202,95,United Kingdom,370,1,2,2,5,122,Lost or low-value customers
17715,2011-05-23 12:32:00,1,326.4,384,1,United Kingdom,201,1,2,2,5,122,Lost or low-value customers
15944,2011-03-08 10:33:00,1,325.1,50,6,United Kingdom,277,1,2,2,5,122,Lost or low-value customers
17976,2010-12-02 13:49:00,1,321.79,93,56,United Kingdom,373,1,2,2,5,122,Lost or low-value customers
16096,2011-03-20 13:38:00,1,320.62,155,12,United Kingdom,265,1,2,2,5,122,Lost or low-value customers
16967,2011-06-03 14:24:00,1,319.02,333,21,United Kingdom,190,1,2,2,5,122,Lost or low-value customers
12648,2011-07-08 11:55:00,1,318.05,160,21,Germany,155,2,1,2,5,212,Lost or low-value customers
15243,2011-09-26 14:12:00,1,316.68,185,22,United Kingdom,75,2,1,2,5,212,Lost or low-value customers
16193,2011-04-17 11:45:00,1,314.45,219,19,United Kingdom,237,1,2,2,5,122,Lost or low-value customers
16227,2011-04-28 13:33:00,1,314.22,90,6,United Kingdom,226,1,2,2,5,122,Lost or low-value customers
15970,2011-02-09 12:08:00,1,314.1,116,11,United Kingdom,304,1,2,2,5,122,Lost or low-value customers
14951,2011-09-21 15:15:00,1,311.69,311,20,United Kingdom,80,2,1,2,5,212,Lost or low-value customers
14327,2011-06-29 13:58:00,1,311.65,139,12,United Kingdom,164,2,1,2,5,212,Lost or low-value customers
16781,2010-12-02 14:26:00,1,311.25,113,17,United Kingdom,373,1,2,2,5,122,Lost or low-value customers
16810,2011-05-31 15:32:00,1,309.54,114,15,United Kingdom,193,1,2,2,5,122,Lost or low-value customers
14847,2011-07-14 10:52:00,1,309.4,120,13,United Kingdom,149,2,1,2,5,212,Lost or low-value customers
12884,2011-09-12 13:10:00,1,309.05,43,7,United Kingdom,89,2,1,2,5,212,Lost or low-value customers
13699,2011-07-07 16:51:00,1,308.58000000000004,66,14,United Kingdom,156,2,1,2,5,212,Lost or low-value customers
15973,2010-12-08 11:42:00,1,307.82000000000005,106,4,United Kingdom,367,1,2,2,5,122,Lost or low-value customers
17120,2011-04-20 15:21:00,1,307.46,120,18,United Kingdom,234,1,2,2,5,122,Lost or low-value customers
13718,2011-04-07 13:24:00,2,306.55,173,9,United Kingdom,247,1,2,2,5,122,Lost or low-value customers
17176,2011-05-22 12:41:00,1,306.13,170,15,United Kingdom,202,1,2,2,5,122,Lost or low-value customers
15219,2011-06-16 16:57:00,1,305.75,45,9,United Kingdom,177,2,1,2,5,212,Lost or low-value customers
13045,2011-09-01 15:04:00,1,305.28000000000003,221,18,United Kingdom,100,2,1,2,5,212,Lost or low-value customers
18220,2011-04-27 09:03:00,1,305.28000000000003,288,2,United Kingdom,227,1,2,2,5,122,Lost or low-value customers
18185,2011-04-04 13:42:00,1,304.25,183,17,United Kingdom,250,1,2,2,5,122,Lost or low-value customers
17732,2010-12-02 09:29:00,1,303.97,93,18,United Kingdom,373,1,2,2,5,122,Lost or low-value customers
16425,2011-02-10 14:30:00,1,302.7,199,21,United Kingdom,303,1,2,2,5,122,Lost or low-value customers
17094,2011-01-21 13:09:00,1,302.0,152,14,United Kingdom,323,1,2,2,5,122,Lost or low-value customers
16297,2011-03-16 08:29:00,1,301.9,206,20,United Kingdom,269,1,2,2,5,122,Lost or low-value customers
15623,2011-07-21 17:26:00,1,301.03,125,19,United Kingdom,142,2,1,2,5,212,Lost or low-value customers
13479,2011-05-23 10:45:00,2,300.95,134,14,United Kingdom,201,1,2,2,5,122,Lost or low-value customers
17978,2010-12-09 14:05:00,1,300.91999999999996,499,12,United Kingdom,366,1,2,2,5,122,Lost or low-value customers
15254,2011-08-04 15:04:00,1,300.36,275,18,United Kingdom,128,2,1,2,5,212,Lost or low-value customers
13745,2011-06-30 16:43:00,1,300.04,496,25,United Kingdom,163,2,1,2,5,212,Lost or low-value customers
13667,2011-07-13 15:42:00,1,299.05,149,82,United Kingdom,150,2,1,2,5,212,Lost or low-value customers
17678,2011-03-21 11:52:00,1,298.11,207,16,United Kingdom,264,1,2,2,5,122,Lost or low-value customers
17531,2011-06-02 19:17:00,1,296.7,136,14,United Kingdom,191,1,2,2,5,122,Lost or low-value customers
13441,2011-09-09 09:38:00,1,296.64,204,13,United Kingdom,92,2,1,2,5,212,Lost or low-value customers
17124,2011-06-07 14:02:00,1,294.24,129,31,United Kingdom,186,1,2,2,5,122,Lost or low-value customers
12829,2011-01-07 11:13:00,2,293.0,376,9,United Kingdom,337,1,2,2,5,122,Lost or low-value customers
16721,2011-03-22 16:08:00,1,292.47,172,37,United Kingdom,263,1,2,2,5,122,Lost or low-value customers
17551,2010-12-15 14:12:00,1,290.34,142,39,United Kingdom,360,1,2,2,5,122,Lost or low-value customers
16125,2010-12-07 15:48:00,1,289.35,124,13,United Kingdom,368,1,2,2,5,122,Lost or low-value customers
15396,2011-08-19 10:56:00,1,288.18,122,14,United Kingdom,113,2,1,2,5,212,Lost or low-value customers
14908,2011-09-26 12:56:00,1,277.8,132,9,United Kingdom,75,2,1,2,5,212,Lost or low-value customers
12750,2011-08-03 09:13:00,1,275.88,137,15,Poland,129,2,1,2,5,212,Lost or low-value customers
17496,2010-12-16 08:39:00,1,271.05,79,10,United Kingdom,359,1,2,2,5,122,Lost or low-value customers
18108,2011-03-30 13:56:00,1,271.0,84,17,United Kingdom,255,1,2,2,5,122,Lost or low-value customers
17251,2010-12-12 11:06:00,1,269.83,108,37,United Kingdom,363,1,2,2,5,122,Lost or low-value customers
13837,2011-05-12 12:10:00,2,266.59000000000003,182,17,United Kingdom,212,1,2,2,5,122,Lost or low-value customers
17968,2010-12-01 12:23:00,1,265.1,151,74,United Kingdom,374,1,2,2,5,122,Lost or low-value customers
13127,2011-09-23 10:26:00,1,259.17,127,15,United Kingdom,78,2,1,2,5,212,Lost or low-value customers
16727,2010-12-10 13:48:00,1,256.32,167,41,United Kingdom,365,1,2,2,5,122,Lost or low-value customers
15261,2011-07-27 15:20:00,1,254.82,270,19,United Kingdom,136,2,1,2,5,212,Lost or low-value customers
15154,2011-09-25 16:05:00,1,254.28,89,66,United Kingdom,76,2,1,2,5,212,Lost or low-value customers
15035,2011-09-11 11:08:00,1,252.73000000000002,245,26,United Kingdom,90,2,1,2,5,212,Lost or low-value customers
13645,2011-08-11 16:11:00,1,252.1,158,5,United Kingdom,121,2,1,2,5,212,Lost or low-value customers
13711,2011-05-05 10:31:00,2,252.06,140,11,United Kingdom,219,1,2,2,5,122,Lost or low-value customers
16976,2011-03-17 16:33:00,1,251.51999999999998,88,2,United Kingdom,268,1,2,2,5,122,Lost or low-value customers
17303,2010-12-13 13:32:00,1,250.04,144,53,United Kingdom,362,1,2,2,5,122,Lost or low-value customers
17456,2010-12-09 15:23:00,1,249.86,222,17,United Kingdom,366,1,2,2,5,122,Lost or low-value customers
13103,2011-10-31 09:38:00,1,243.94,82,8,United Kingdom,40,3,1,1,5,311,Other customers
18193,2011-06-27 13:58:00,1,243.76,124,16,United Kingdom,166,2,2,1,5,221,Lost or low-value customers
13886,2011-09-29 13:17:00,1,243.56,126,16,United Kingdom,72,3,1,1,5,311,Other customers
16215,2011-09-20 10:18:00,1,242.35,104,14,United Kingdom,81,2,2,1,5,221,Lost or low-value customers
15776,2011-07-29 13:46:00,1,241.62,138,18,United Kingdom,134,2,2,1,5,221,Lost or low-value customers
16427,2011-03-21 17:10:00,2,241.06,156,8,United Kingdom,264,1,3,1,5,131,At-risk customers
15598,2011-10-17 16:04:00,1,240.68,160,14,United Kingdom,54,3,1,1,5,311,Other customers
15286,2011-10-21 11:08:00,1,240.55,55,3,United Kingdom,50,3,1,1,5,311,Other customers
12718,2011-09-29 16:38:00,1,238.25,203,19,France,72,3,1,1,5,311,Other customers
17877,2011-06-22 13:00:00,1,237.61,98,12,United Kingdom,171,2,2,1,5,221,Lost or low-value customers
16961,2011-08-15 13:46:00,1,234.17,125,14,United Kingdom,117,2,2,1,5,221,Lost or low-value customers
13348,2011-10-06 17:28:00,1,233.76,136,14,United Kingdom,65,3,1,1,5,311,Other customers
16302,2011-08-05 09:44:00,1,233.22,158,11,United Kingdom,127,2,2,1,5,221,Lost or low-value customers
16641,2011-08-26 12:49:00,1,231.10000000000002,256,12,United Kingdom,106,2,2,1,5,221,Lost or low-value customers
12812,2011-10-26 09:54:00,1,229.64000000000001,164,15,Japan,45,3,1,1,5,311,Other customers
17347,2011-09-14 13:12:00,1,228.96,216,1,United Kingdom,87,2,2,1,5,221,Lost or low-value customers
16527,2011-09-19 16:21:00,1,228.06,106,14,United Kingdom,82,2,2,1,5,221,Lost or low-value customers
14357,2011-10-27 16:23:00,1,225.12,147,39,United Kingdom,44,3,1,1,5,311,Other customers
15175,2011-09-29 11:31:00,1,224.14,454,23,United Kingdom,72,3,1,1,5,311,Other customers
15637,2011-10-18 08:28:00,1,223.36,128,15,United Kingdom,53,3,1,1,5,311,Other customers
14598,2011-10-26 13:19:00,1,221.97,189,49,United Kingdom,45,3,1,1,5,311,Other customers
13419,2011-10-07 12:49:00,1,221.06,275,16,United Kingdom,64,3,1,1,5,311,Other customers
15096,2011-10-28 10:27:00,1,219.39000000000001,120,11,United Kingdom,43,3,1,1,5,311,Other customers
15724,2011-05-22 14:40:00,2,218.25,73,11,United Kingdom,202,1,3,1,5,131,At-risk customers
14570,2011-03-04 10:58:00,2,218.06,95,29,United Kingdom,281,1,3,1,5,131,At-risk customers
16634,2011-05-01 12:09:00,2,217.9,82,9,United Kingdom,223,1,3,1,5,131,At-risk customers
13503,2011-09-29 13:23:00,1,216.85,248,17,United Kingdom,72,3,1,1,5,311,Other customers
15604,2011-10-18 14:47:00,1,216.39,159,17,United Kingdom,53,3,1,1,5,311,Other customers
13858,2011-10-13 16:17:00,1,216.17,75,11,United Kingdom,58,3,1,1,5,311,Other customers
12588,2011-10-31 15:01:00,1,214.89999999999998,53,10,Finland,40,3,1,1,5,311,Other customers
16338,2011-07-05 13:56:00,1,214.79999999999998,94,11,United Kingdom,158,2,2,1,5,221,Lost or low-value customers
15866,2011-08-30 14:09:00,1,211.89,124,43,United Kingdom,102,2,2,1,5,221,Lost or low-value customers
13271,2011-11-02 14:31:00,1,211.49,240,79,United Kingdom,38,3,1,1,5,311,Other customers
13532,2011-11-06 12:25:00,1,210.31,129,66,United Kingdom,34,3,1,1,5,311,Other customers
15327,2011-10-18 11:55:00,1,208.75,116,10,United Kingdom,53,3,1,1,5,311,Other customers
17514,2011-08-03 15:45:00,1,208.65,135,40,United Kingdom,129,2,2,1,5,221,Lost or low-value customers
15897,2011-05-29 13:50:00,2,208.59,223,17,United Kingdom,195,1,3,1,5,131,At-risk customers
17891,2011-06-30 20:08:00,1,203.85999999999999,393,34,United Kingdom,163,2,2,1,5,221,Lost or low-value customers
14381,2011-10-18 17:10:00,1,202.68,146,56,United Kingdom,53,3,1,1,5,311,Other customers
17889,2011-05-11 16:26:00,2,201.37,77,20,United Kingdom,213,1,3,1,5,131,At-risk customers
17693,2011-07-25 15:48:00,1,200.47,231,16,United Kingdom,138,2,2,1,5,221,Lost or low-value customers
13980,2011-10-10 13:34:00,1,200.14,172,11,United Kingdom,61,3,1,1,5,311,Other customers
15593,2011-09-30 11:46:00,1,199.8,60,5,United Kingdom,71,3,1,1,5,311,Other customers
16178,2011-07-24 16:05:00,1,197.9,94,8,United Kingdom,139,2,2,1,5,221,Lost or low-value customers
12450,2011-07-06 14:41:00,2,197.88,128,7,Spain,157,2,2,1,5,221,Lost or low-value customers
12581,2011-10-31 08:56:00,1,197.71,161,15,Germany,40,3,1,1,5,311,Other customers
16829,2011-07-06 10:48:00,1,197.22,99,11,United Kingdom,157,2,2,1,5,221,Lost or low-value customers
17475,2011-09-21 14:55:00,1,194.37,178,14,United Kingdom,80,2,2,1,5,221,Lost or low-value customers
15909,2011-06-19 10:38:00,1,191.94,98,7,United Kingdom,174,2,2,1,5,221,Lost or low-value customers
14801,2011-10-09 15:24:00,1,189.34,173,56,United Kingdom,62,3,1,1,5,311,Other customers
14830,2011-10-17 14:29:00,1,188.88,164,39,United Kingdom,54,3,1,1,5,311,Other customers
14697,2011-05-05 15:39:00,2,188.60999999999999,181,22,United Kingdom,219,1,3,1,5,131,At-risk customers
16594,2011-09-25 14:08:00,1,181.09,64,53,United Kingdom,76,2,2,1,5,221,Lost or low-value customers
15895,2011-07-13 10:27:00,1,179.17,94,11,United Kingdom,150,2,2,1,5,221,Lost or low-value customers
15139,2011-04-14 11:39:00,2,178.96,208,13,United Kingdom,240,1,3,1,5,131,At-risk customers
17660,2011-07-21 13:37:00,1,178.75,121,37,United Kingdom,142,2,2,1,5,221,Lost or low-value customers
17879,2011-06-19 12:36:00,1,178.51999999999998,45,6,United Kingdom,174,2,2,1,5,221,Lost or low-value customers
17331,2011-08-08 11:55:00,1,175.2,16,1,United Kingdom,124,2,2,1,5,221,Lost or low-value customers
14518,2011-10-06 14:43:00,1,174.37,278,16,United Kingdom,65,3,1,1,5,311,Other customers
18278,2011-09-27 11:58:00,1,173.9,66,9,United Kingdom,74,2,2,1,5,221,Lost or low-value customers
12923,2011-10-06 16:20:00,1,172.82,68,28,United Kingdom,65,3,1,1,5,311,Other customers
18048,2011-05-20 14:58:00,2,172.29000000000002,127,6,United Kingdom,204,1,3,1,5,131,At-risk customers
13690,2011-10-11 15:03:00,1,172.25,67,9,United Kingdom,60,3,1,1,5,311,Other customers
15335,2011-10-17 12:50:00,1,170.22,79,34,United Kingdom,54,3,1,1,5,311,Other customers
14218,2011-10-28 10:00:00,1,169.48000000000002,160,12,United Kingdom,43,3,1,1,5,311,Other customers
15888,2011-09-20 12:30:00,1,168.31,76,11,United Kingdom,81,2,2,1,5,221,Lost or low-value customers
18099,2011-08-04 15:52:00,1,168.31,149,19,United Kingdom,128,2,2,1,5,221,Lost or low-value customers
16405,2011-02-10 15:24:00,2,167.25,187,3,United Kingdom,303,1,3,1,5,131,At-risk customers
14295,2011-10-30 15:50:00,1,166.20000000000002,84,5,United Kingdom,41,3,1,1,5,311,Other customers
13470,2011-09-01 14:57:00,2,165.0,100,7,United Kingdom,100,2,2,1,5,221,Lost or low-value customers
17110,2011-06-27 12:58:00,1,163.29999999999998,50,12,United Kingdom,166,2,2,1,5,221,Lost or low-value customers
14485,2011-11-01 12:25:00,1,162.8,70,44,United Kingdom,39,3,1,1,5,311,Other customers
15852,2011-06-06 11:22:00,2,160.71,48,22,United Kingdom,187,1,3,1,5,131,At-risk customers
18203,2011-07-05 13:07:00,1,160.42000000000002,43,19,United Kingdom,158,2,2,1,5,221,Lost or low-value customers
13598,2011-10-23 14:28:00,1,160.04,52,33,United Kingdom,48,3,1,1,5,311,Other customers
13420,2011-07-13 08:48:00,2,159.85,101,8,United Kingdom,150,2,2,1,5,221,Lost or low-value customers
16213,2011-09-22 10:03:00,1,159.0,48,6,United Kingdom,79,2,2,1,5,221,Lost or low-value customers
14089,2011-10-14 10:38:00,1,158.75,133,13,United Kingdom,57,3,1,1,5,311,Other customers
14799,2011-10-19 16:16:00,1,157.7,146,13,United Kingdom,52,3,1,1,5,311,Other customers
14585,2011-10-20 14:33:00,1,157.05,91,29,United Kingdom,51,3,1,1,5,311,Other customers
15740,2011-10-21 14:29:00,1,154.88,152,9,United Kingdom,50,3,1,1,5,311,Other customers
17026,2011-06-07 14:28:00,2,154.82999999999998,97,4,United Kingdom,186,1,3,1,5,131,At-risk customers
17899,2011-07-03 14:58:00,1,154.55,170,29,United Kingdom,160,2,2,1,5,221,Lost or low-value customers
12602,2011-10-12 11:22:00,1,153.12,162,12,France,59,3,1,1,5,311,Other customers
14813,2010-12-05 11:57:00,2,152.88,66,25,United Kingdom,370,1,3,1,5,131,At-risk customers
17984,2011-07-17 15:59:00,1,152.68,98,48,United Kingdom,146,2,2,1,5,221,Lost or low-value customers
17707,2011-06-07 15:03:00,2,152.4,144,3,United Kingdom,186,1,3,1,5,131,At-risk customers
14039,2011-11-06 13:48:00,1,152.2,92,6,United Kingdom,34,3,1,1,5,311,Other customers
13697,2011-11-01 09:14:00,1,151.29999999999998,177,12,United Kingdom,39,3,1,1,5,311,Other customers
18200,2011-08-25 18:45:00,1,150.35,104,29,United Kingdom,107,2,2,1,5,221,Lost or low-value customers
15869,2011-03-07 17:23:00,2,149.64,175,13,United Kingdom,278,1,3,1,5,131,At-risk customers
17946,2011-04-20 17:00:00,2,149.57999999999998,75,18,United Kingdom,234,1,3,1,5,131,At-risk customers
18262,2011-07-22 16:04:00,1,149.48,182,13,United Kingdom,141,2,2,1,5,221,Lost or low-value customers
14098,2011-11-03 10:13:00,1,147.35,104,21,United Kingdom,37,3,1,1,5,311,Other customers
15748,2011-10-30 12:51:00,1,144.36,50,19,United Kingdom,41,3,1,1,5,311,Other customers
16461,2011-06-15 12:07:00,1,142.92,48,31,United Kingdom,178,2,2,1,5,221,Lost or low-value customers
16287,2011-06-23 09:08:00,1,142.5,298,8,United Kingdom,170,2,2,1,5,221,Lost or low-value customers
13483,2011-10-05 11:53:00,1,140.34,160,10,United Kingdom,66,3,1,1,5,311,Other customers
17122,2011-08-12 14:33:00,1,138.32,80,7,United Kingdom,120,2,2,1,5,221,Lost or low-value customers
16050,2011-06-19 11:44:00,1,137.9,278,10,United Kingdom,174,2,2,1,5,221,Lost or low-value customers
17709,2011-06-23 11:55:00,1,137.45,17,7,United Kingdom,170,2,2,1,5,221,Lost or low-value customers
16114,2011-06-22 10:13:00,1,135.75000000000003,43,8,United Kingdom,171,2,2,1,5,221,Lost or low-value customers
13364,2011-09-29 18:13:00,1,134.95999999999998,71,10,United Kingdom,72,3,1,1,5,311,Other customers
14174,2011-11-06 13:17:00,1,134.46,94,26,United Kingdom,34,3,1,1,5,311,Other customers
15276,2011-10-04 16:39:00,1,128.63,61,49,United Kingdom,67,3,1,1,5,311,Other customers
14861,2011-10-18 12:54:00,1,125.79,117,6,United Kingdom,53,3,1,1,5,311,Other customers
15017,2011-11-06 10:33:00,1,125.58,63,20,United Kingdom,34,3,1,1,5,311,Other customers
13876,2011-10-07 10:22:00,1,122.7,36,7,United Kingdom,64,3,1,1,5,311,Other customers
13182,2011-10-25 13:46:00,1,121.18,201,11,United Kingdom,46,3,1,1,5,311,Other customers
17079,2011-09-22 15:34:00,1,118.80000000000001,24,2,United Kingdom,79,2,2,1,5,221,Lost or low-value customers
16959,2011-09-13 15:03:00,1,117.35000000000001,49,7,United Kingdom,88,2,2,1,5,221,Lost or low-value customers
18027,2011-09-02 10:38:00,1,115.31,78,21,United Kingdom,99,2,2,1,5,221,Lost or low-value customers
16247,2011-06-22 14:23:00,1,114.56,182,16,United Kingdom,171,2,2,1,5,221,Lost or low-value customers
14582,2011-10-30 11:56:00,1,114.11,73,6,United Kingdom,41,3,1,1,5,311,Other customers
15610,2011-10-19 10:36:00,1,112.46000000000001,66,6,United Kingdom,52,3,1,1,5,311,Other customers
17900,2011-06-02 14:38:00,2,112.19999999999999,73,4,United Kingdom,191,1,3,1,5,131,At-risk customers
13193,2011-10-09 14:30:00,1,112.08,46,22,United Kingdom,62,3,1,1,5,311,Other customers
17887,2011-08-02 17:29:00,1,111.35,30,10,United Kingdom,130,2,2,1,5,221,Lost or low-value customers
16792,2011-03-02 14:41:00,2,110.38000000000001,44,11,United Kingdom,283,1,3,1,5,131,At-risk customers
14345,2011-11-01 09:51:00,1,108.97999999999999,50,6,United Kingdom,39,3,1,1,5,311,Other customers
14027,2011-10-10 09:01:00,1,104.82,62,6,United Kingdom,61,3,1,1,5,311,Other customers
15958,2011-09-26 13:41:00,1,104.35,33,7,United Kingdom,75,2,2,1,5,221,Lost or low-value customers
18255,2011-09-11 13:16:00,1,103.3,74,6,United Kingdom,90,2,2,1,5,221,Lost or low-value customers
17962,2011-07-20 14:16:00,1,102.41,127,33,United Kingdom,143,2,2,1,5,221,Lost or low-value customers
16344,2011-07-04 15:50:00,1,101.10000000000001,18,1,United Kingdom,159,2,2,1,5,221,Lost or low-value customers
17939,2011-07-03 12:27:00,1,99.14,40,12,United Kingdom,160,2,2,1,5,221,Lost or low-value customers
15422,2011-01-20 16:17:00,2,97.7,38,6,United Kingdom,324,1,3,1,5,131,At-risk customers
14642,2011-10-12 11:08:00,1,96.12,76,2,United Kingdom,59,3,1,1,5,311,Other customers
17991,2011-04-28 15:58:00,2,93.35,25,4,United Kingdom,226,1,3,1,5,131,At-risk customers
14054,2011-10-05 15:49:00,1,92.46,62,6,United Kingdom,66,3,1,1,5,311,Other customers
12789,2011-10-05 13:34:00,1,91.85,4,4,Netherlands,66,3,1,1,5,311,Other customers
13947,2011-10-05 14:42:00,1,90.6,44,5,United Kingdom,66,3,1,1,5,311,Other customers
14974,2011-11-02 13:01:00,1,89.94,37,17,United Kingdom,38,3,1,1,5,311,Other customers
17309,2011-09-05 15:20:00,1,82.75,41,11,United Kingdom,96,2,2,1,5,221,Lost or low-value customers
13006,2011-10-14 13:49:00,1,81.57,55,4,United Kingdom,57,3,1,1,5,311,Other customers
17536,2011-06-15 13:23:00,1,76.5,6,3,United Kingdom,178,2,2,1,5,221,Lost or low-value customers
17628,2011-09-19 15:21:00,1,75.75,79,5,United Kingdom,82,2,2,1,5,221,Lost or low-value customers
16468,2011-09-26 14:13:00,1,74.9,31,2,United Kingdom,75,2,2,1,5,221,Lost or low-value customers
13095,2011-09-30 12:03:00,1,74.39999999999999,144,6,United Kingdom,71,3,1,1,5,311,Other customers
17960,2011-06-21 14:15:00,1,73.78,41,26,United Kingdom,172,2,2,1,5,221,Lost or low-value customers
13938,2011-11-04 14:37:00,1,71.66,70,7,United Kingdom,36,3,1,1,5,311,Other customers
17747,2011-08-19 08:13:00,1,71.4,12,1,United Kingdom,113,2,2,1,5,221,Lost or low-value customers
13366,2011-10-20 13:37:00,1,56.160000000000004,144,1,United Kingdom,51,3,1,1,5,311,Other customers
14682,2011-06-05 12:12:00,2,52.0,80,1,United Kingdom,188,1,3,1,5,131,At-risk customers
17844,2011-08-25 11:27:00,1,51.559999999999995,52,5,Canada,107,2,2,1,5,221,Lost or low-value customers
16257,2011-06-16 10:11:00,1,46.95,2,2,United Kingdom,177,2,2,1,5,221,Lost or low-value customers
15423,2011-11-01 14:01:00,1,43.5,101,2,United Kingdom,39,3,1,1,5,311,Other customers
17408,2011-06-29 12:53:00,1,32.65,3,2,United Kingdom,164,2,2,1,5,221,Lost or low-value customers
18268,2011-07-28 19:13:00,1,25.5,2,1,United Kingdom,135,2,2,1,5,221,Lost or low-value customers
16093,2011-08-25 11:09:00,1,17.0,20,1,United Kingdom,107,2,2,1,5,221,Lost or low-value customers
16878,2011-09-16 17:39:00,1,13.3,12,3,United Kingdom,85,2,2,1,5,221,Lost or low-value customers
14792,2011-10-07 09:19:00,1,6.2,2,2,United Kingdom,64,3,1,1,5,311,Other customers
12639,2011-04-15 12:48:00,1,486.1,201,22,Sweden,239,1,1,2,4,112,Lost or low-value customers
15109,2011-04-08 09:58:00,1,484.95,131,28,United Kingdom,246,1,1,2,4,112,Lost or low-value customers
14130,2011-01-24 16:05:00,1,480.91,257,66,United Kingdom,320,1,1,2,4,112,Lost or low-value customers
12447,2011-04-10 13:25:00,1,476.49,190,26,Belgium,244,1,1,2,4,112,Lost or low-value customers
14497,2011-02-03 17:01:00,1,475.37,235,29,United Kingdom,310,1,1,2,4,112,Lost or low-value customers
14431,2011-02-10 10:40:00,1,470.36,130,17,United Kingdom,303,1,1,2,4,112,Lost or low-value customers
14489,2011-05-16 14:51:00,1,463.38,299,30,United Kingdom,208,1,1,2,4,112,Lost or low-value customers
12945,2011-02-24 14:15:00,1,462.95,165,23,United Kingdom,289,1,1,2,4,112,Lost or low-value customers
12355,2011-05-09 13:49:00,1,459.4,240,13,Bahrain,215,1,1,2,4,112,Lost or low-value customers
13398,2011-05-31 13:17:00,1,457.34,281,26,United Kingdom,193,1,1,2,4,112,Lost or low-value customers
12564,2011-03-23 14:55:00,1,456.9,133,21,France,262,1,1,2,4,112,Lost or low-value customers
13485,2011-04-20 13:58:00,1,454.24,277,23,United Kingdom,234,1,1,2,4,112,Lost or low-value customers
12591,2011-01-26 14:35:00,1,452.84999999999997,228,26,Italy,318,1,1,2,4,112,Lost or low-value customers
14149,2011-05-03 09:44:00,1,446.62,218,28,United Kingdom,221,1,1,2,4,112,Lost or low-value customers
14022,2011-04-28 14:39:00,1,440.0,487,28,United Kingdom,226,1,1,2,4,112,Lost or low-value customers
13358,2011-03-16 11:52:00,1,439.03,285,29,United Kingdom,269,1,1,2,4,112,Lost or low-value customers
12725,2010-12-03 15:45:00,1,427.8,164,24,Italy,372,1,1,2,4,112,Lost or low-value customers
12802,2011-06-06 09:36:00,1,427.58,314,25,Netherlands,187,1,1,2,4,112,Lost or low-value customers
14288,2011-05-10 13:22:00,1,426.6,188,16,United Kingdom,214,1,1,2,4,112,Lost or low-value customers
15361,2010-12-13 09:52:00,1,418.92,336,7,United Kingdom,362,1,1,2,4,112,Lost or low-value customers
13615,2011-01-25 08:21:00,1,417.69,189,23,United Kingdom,319,1,1,2,4,112,Lost or low-value customers
13166,2011-03-01 15:16:00,1,417.2,216,39,United Kingdom,284,1,1,2,4,112,Lost or low-value customers
12580,2011-04-07 10:24:00,1,415.7,238,24,Germany,247,1,1,2,4,112,Lost or low-value customers
14048,2011-02-07 14:53:00,1,409.93,288,83,United Kingdom,306,1,1,2,4,112,Lost or low-value customers
14348,2011-03-24 16:23:00,1,409.57,183,18,United Kingdom,261,1,1,2,4,112,Lost or low-value customers
15225,2011-04-19 14:51:00,1,409.40000000000003,226,23,United Kingdom,235,1,1,2,4,112,Lost or low-value customers
15221,2010-12-08 13:08:00,1,403.25,43,5,United Kingdom,367,1,1,2,4,112,Lost or low-value customers
12792,2011-03-28 11:36:00,1,400.53999999999996,217,25,Portugal,257,1,1,2,4,112,Lost or low-value customers
14619,2011-04-08 07:37:00,1,394.44,152,20,United Kingdom,246,1,1,2,4,112,Lost or low-value customers
15386,2011-06-06 13:47:00,1,394.14,446,31,United Kingdom,187,1,1,2,4,112,Lost or low-value customers
14600,2011-02-07 09:48:00,1,393.33000000000004,125,25,United Kingdom,306,1,1,2,4,112,Lost or low-value customers
12982,2011-04-11 11:51:00,1,390.54,288,28,United Kingdom,243,1,1,2,4,112,Lost or low-value customers
13345,2011-02-25 09:01:00,1,389.5,141,20,United Kingdom,288,1,1,2,4,112,Lost or low-value customers
12690,2011-05-18 09:09:00,1,389.01,106,16,France,206,1,1,2,4,112,Lost or low-value customers
12733,2011-04-19 16:19:00,1,383.95,137,22,USA,235,1,1,2,4,112,Lost or low-value customers
12515,2010-12-21 15:43:00,1,383.7,131,16,Italy,354,1,1,2,4,112,Lost or low-value customers
14304,2011-05-01 11:50:00,1,383.45,139,17,United Kingdom,223,1,1,2,4,112,Lost or low-value customers
15090,2011-02-04 14:03:00,1,381.32,208,23,United Kingdom,309,1,1,2,4,112,Lost or low-value customers
13936,2011-06-13 08:47:00,1,376.58,330,26,United Kingdom,180,1,1,2,4,112,Lost or low-value customers
12873,2011-03-02 14:58:00,1,374.0,128,4,United Kingdom,283,1,1,2,4,112,Lost or low-value customers
15063,2011-05-10 13:25:00,1,370.79999999999995,56,5,United Kingdom,214,1,1,2,4,112,Lost or low-value customers
14888,2011-05-16 14:58:00,1,369.2,184,20,United Kingdom,208,1,1,2,4,112,Lost or low-value customers
14886,2011-04-01 08:56:00,1,364.8,160,18,United Kingdom,253,1,1,2,4,112,Lost or low-value customers
12373,2011-02-01 13:10:00,1,364.6,197,14,Austria,312,1,1,2,4,112,Lost or low-value customers
14932,2010-12-09 11:48:00,1,363.53,80,17,Channel Islands,366,1,1,2,4,112,Lost or low-value customers
13976,2011-05-17 09:13:00,1,357.98,154,10,United Kingdom,207,1,1,2,4,112,Lost or low-value customers
13740,2011-04-13 10:32:00,1,350.75,425,23,United Kingdom,241,1,1,2,4,112,Lost or low-value customers
13108,2010-12-02 10:35:00,1,350.06,298,10,United Kingdom,373,1,1,2,4,112,Lost or low-value customers
13887,2011-05-19 17:22:00,1,349.55,147,19,United Kingdom,205,1,1,2,4,112,Lost or low-value customers
15405,2011-06-03 14:44:00,1,349.1,193,8,United Kingdom,190,1,1,2,4,112,Lost or low-value customers
13052,2011-05-11 14:12:00,1,348.15000000000003,222,18,United Kingdom,213,1,1,2,4,112,Lost or low-value customers
13062,2011-06-01 15:12:00,1,346.98,343,11,United Kingdom,192,1,1,2,4,112,Lost or low-value customers
14633,2011-03-18 17:07:00,1,344.90000000000003,96,20,United Kingdom,267,1,1,2,4,112,Lost or low-value customers
15047,2011-03-15 10:49:00,1,343.62,222,22,United Kingdom,270,1,1,2,4,112,Lost or low-value customers
13737,2011-05-23 16:32:00,1,339.59999999999997,125,29,United Kingdom,201,1,1,2,4,112,Lost or low-value customers
12489,2011-01-07 13:13:00,1,334.93,105,15,France,337,1,1,2,4,112,Lost or low-value customers
14988,2011-05-12 12:05:00,1,334.54,141,40,United Kingdom,212,1,1,2,4,112,Lost or low-value customers
12350,2011-02-02 16:01:00,1,334.4,197,17,Norway,311,1,1,2,4,112,Lost or low-value customers
13216,2011-03-17 12:18:00,1,333.74,297,5,United Kingdom,268,1,1,2,4,112,Lost or low-value customers
15210,2011-04-28 16:11:00,1,331.18,228,20,United Kingdom,226,1,1,2,4,112,Lost or low-value customers
13706,2011-02-10 09:21:00,1,330.79,189,20,United Kingdom,303,1,1,2,4,112,Lost or low-value customers
13239,2011-03-23 10:25:00,1,329.56,327,21,United Kingdom,262,1,1,2,4,112,Lost or low-value customers
14012,2011-03-07 12:26:00,1,328.8,160,11,United Kingdom,278,1,1,2,4,112,Lost or low-value customers
14747,2011-04-04 14:09:00,1,328.2,84,18,United Kingdom,250,1,1,2,4,112,Lost or low-value customers
14206,2011-04-14 16:38:00,1,328.15999999999997,276,20,United Kingdom,240,1,1,2,4,112,Lost or low-value customers
15314,2011-05-24 14:39:00,1,327.97,313,24,United Kingdom,200,1,1,2,4,112,Lost or low-value customers
14870,2011-03-23 10:51:00,1,327.25,119,13,United Kingdom,262,1,1,2,4,112,Lost or low-value customers
15363,2010-12-02 12:28:00,1,326.0,144,16,United Kingdom,373,1,1,2,4,112,Lost or low-value customers
14850,2011-02-01 11:21:00,1,325.75,293,21,United Kingdom,312,1,1,2,4,112,Lost or low-value customers
12790,2011-05-31 14:14:00,1,324.92,166,21,Netherlands,193,1,1,2,4,112,Lost or low-value customers
15236,2011-02-14 10:52:00,1,321.05,269,15,United Kingdom,299,1,1,2,4,112,Lost or low-value customers
14622,2011-06-08 12:42:00,1,320.58000000000004,146,21,United Kingdom,185,1,1,2,4,112,Lost or low-value customers
15257,2011-03-01 12:58:00,1,317.15,46,7,United Kingdom,284,1,1,2,4,112,Lost or low-value customers
15204,2010-12-17 13:49:00,1,316.58,258,9,United Kingdom,358,1,1,2,4,112,Lost or low-value customers
13494,2011-02-01 11:58:00,1,316.26000000000005,162,18,United Kingdom,312,1,1,2,4,112,Lost or low-value customers
12614,2011-03-07 10:22:00,1,315.6,76,20,Germany,278,1,1,2,4,112,Lost or low-value customers
13484,2011-04-12 16:30:00,1,313.8,44,8,United Kingdom,242,1,1,2,4,112,Lost or low-value customers
14729,2010-12-01 12:43:00,1,313.49,197,69,United Kingdom,374,1,1,2,4,112,Lost or low-value customers
12834,2011-03-02 09:49:00,1,312.38,110,18,United Kingdom,283,1,1,2,4,112,Lost or low-value customers
13642,2011-05-08 12:34:00,1,312.28,151,57,United Kingdom,216,1,1,2,4,112,Lost or low-value customers
12785,2010-12-10 13:48:00,1,311.95,131,14,Portugal,365,1,1,2,4,112,Lost or low-value customers
14142,2010-12-01 16:33:00,1,311.81,313,22,United Kingdom,374,1,1,2,4,112,Lost or low-value customers
15326,2011-01-10 11:38:00,1,311.71,386,29,United Kingdom,334,1,1,2,4,112,Lost or low-value customers
12852,2011-02-18 08:47:00,1,311.55,149,17,United Kingdom,295,1,1,2,4,112,Lost or low-value customers
13990,2011-05-10 15:19:00,1,311.3,190,16,United Kingdom,214,1,1,2,4,112,Lost or low-value customers
15308,2011-03-10 13:08:00,1,310.47,175,19,United Kingdom,275,1,1,2,4,112,Lost or low-value customers
14311,2011-04-11 10:14:00,1,310.26,146,20,United Kingdom,243,1,1,2,4,112,Lost or low-value customers
14924,2011-04-08 09:25:00,1,310.05,64,10,United Kingdom,246,1,1,2,4,112,Lost or low-value customers
14339,2011-04-11 11:06:00,1,309.52,168,14,United Kingdom,243,1,1,2,4,112,Lost or low-value customers
13369,2010-12-09 11:30:00,1,308.28000000000003,149,14,United Kingdom,366,1,1,2,4,112,Lost or low-value customers
13466,2011-06-08 16:39:00,1,307.9,259,17,United Kingdom,185,1,1,2,4,112,Lost or low-value customers
13395,2011-06-07 15:04:00,1,307.72,336,21,United Kingdom,186,1,1,2,4,112,Lost or low-value customers
13060,2011-03-31 11:37:00,1,307.53,123,15,United Kingdom,254,1,1,2,4,112,Lost or low-value customers
13932,2011-02-18 12:02:00,1,307.4,72,16,United Kingdom,295,1,1,2,4,112,Lost or low-value customers
15087,2011-03-03 10:34:00,1,306.94,470,15,United Kingdom,282,1,1,2,4,112,Lost or low-value customers
13762,2011-05-05 09:15:00,1,306.72,272,7,United Kingdom,219,1,1,2,4,112,Lost or low-value customers
13863,2011-04-06 10:20:00,1,305.78,224,20,United Kingdom,248,1,1,2,4,112,Lost or low-value customers
12623,2011-03-08 13:50:00,1,305.1,191,18,Germany,277,1,1,2,4,112,Lost or low-value customers
14248,2011-01-25 14:45:00,1,302.58,102,8,United Kingdom,319,1,1,2,4,112,Lost or low-value customers
14762,2011-03-21 08:20:00,1,300.52,341,21,United Kingdom,264,1,1,2,4,112,Lost or low-value customers
13304,2010-12-23 14:35:00,1,300.42,238,21,United Kingdom,352,1,1,2,4,112,Lost or low-value customers
15609,2011-06-08 13:00:00,1,298.48,148,16,United Kingdom,185,1,1,2,4,112,Lost or low-value customers
12881,2011-03-09 11:44:00,1,298.0,21,7,United Kingdom,276,1,1,2,4,112,Lost or low-value customers
13751,2011-02-24 15:56:00,1,296.25,152,9,United Kingdom,289,1,1,2,4,112,Lost or low-value customers
15279,2010-12-20 10:48:00,1,290.51,189,19,United Kingdom,355,1,1,2,4,112,Lost or low-value customers
14549,2011-02-01 13:47:00,1,289.24,136,56,United Kingdom,312,1,1,2,4,112,Lost or low-value customers
13708,2011-03-13 13:46:00,1,285.33,301,49,United Kingdom,272,1,1,2,4,112,Lost or low-value customers
13121,2011-03-15 16:47:00,1,283.73,252,50,United Kingdom,270,1,1,2,4,112,Lost or low-value customers
13439,2011-03-29 14:20:00,1,283.71,242,54,United Kingdom,256,1,1,2,4,112,Lost or low-value customers
14350,2011-03-10 14:14:00,1,282.93,183,18,United Kingdom,275,1,1,2,4,112,Lost or low-value customers
13803,2011-03-29 12:57:00,1,277.07,121,17,United Kingdom,256,1,1,2,4,112,Lost or low-value customers
14816,2011-05-26 13:16:00,1,271.85,5,4,United Kingdom,198,1,1,2,4,112,Lost or low-value customers
14727,2011-03-10 14:45:00,1,268.58,62,10,United Kingdom,275,1,1,2,4,112,Lost or low-value customers
15408,2011-03-20 15:02:00,1,267.18,106,34,United Kingdom,265,1,1,2,4,112,Lost or low-value customers
15517,2011-04-20 14:02:00,1,267.03,293,27,United Kingdom,234,1,1,2,4,112,Lost or low-value customers
15119,2011-04-08 09:08:00,1,266.4,88,14,United Kingdom,246,1,1,2,4,112,Lost or low-value customers
14068,2011-01-23 16:02:00,1,265.85,73,22,United Kingdom,321,1,1,2,4,112,Lost or low-value customers
14423,2011-05-05 15:12:00,1,265.2,120,3,United Kingdom,219,1,1,2,4,112,Lost or low-value customers
13973,2011-02-25 15:21:00,1,264.7,109,11,United Kingdom,288,1,1,2,4,112,Lost or low-value customers
15143,2011-04-28 12:03:00,1,259.45,150,14,United Kingdom,226,1,1,2,4,112,Lost or low-value customers
13227,2011-05-22 11:47:00,1,257.7,99,9,United Kingdom,202,1,1,2,4,112,Lost or low-value customers
13626,2011-04-01 10:05:00,1,257.23,209,19,United Kingdom,253,1,1,2,4,112,Lost or low-value customers
12797,2010-12-09 10:55:00,1,254.03,118,13,Portugal,366,1,1,2,4,112,Lost or low-value customers
15019,2011-03-18 12:35:00,1,252.81,150,64,United Kingdom,267,1,1,2,4,112,Lost or low-value customers
15346,2011-01-11 11:18:00,1,252.42000000000002,144,17,United Kingdom,333,1,1,2,4,112,Lost or low-value customers
13512,2011-03-24 10:03:00,1,251.21,143,15,United Kingdom,261,1,1,2,4,112,Lost or low-value customers
15510,2011-01-13 12:10:00,1,250.0,2,1,United Kingdom,331,1,1,2,4,112,Lost or low-value customers
16124,2011-01-26 14:45:00,1,249.0,48,11,United Kingdom,318,1,2,1,4,121,Lost or low-value customers
13061,2011-09-28 16:04:00,1,248.61,107,10,United Kingdom,73,2,1,1,4,211,Lost or low-value customers
16510,2010-12-02 13:39:00,1,248.1,92,13,United Kingdom,373,1,2,1,4,121,Lost or low-value customers
18072,2011-06-07 10:44:00,1,247.44,288,18,United Kingdom,186,1,2,1,4,121,Lost or low-value customers
18009,2011-04-18 13:36:00,1,247.39,125,31,United Kingdom,236,1,2,1,4,121,Lost or low-value customers
17278,2011-04-12 13:10:00,1,246.04,179,15,United Kingdom,242,1,2,1,4,121,Lost or low-value customers
15118,2011-07-28 14:54:00,1,244.8,1440,1,United Kingdom,135,2,1,1,4,211,Lost or low-value customers
17925,2010-12-02 10:10:00,1,244.08,72,1,United Kingdom,373,1,2,1,4,121,Lost or low-value customers
14523,2011-08-23 13:13:00,1,241.09,251,12,United Kingdom,109,2,1,1,4,211,Lost or low-value customers
17051,2011-05-29 14:13:00,1,240.89000000000001,179,40,United Kingdom,195,1,2,1,4,121,Lost or low-value customers
16756,2011-05-09 09:33:00,1,239.4,106,13,United Kingdom,215,1,2,1,4,121,Lost or low-value customers
12732,2011-06-13 11:33:00,1,236.26000000000002,111,12,France,180,2,1,1,4,211,Lost or low-value customers
17060,2011-03-18 13:27:00,1,234.24,216,5,United Kingdom,267,1,2,1,4,121,Lost or low-value customers
16583,2010-12-01 12:03:00,1,233.45,111,14,United Kingdom,374,1,2,1,4,121,Lost or low-value customers
13678,2011-07-11 10:14:00,1,232.6,924,16,United Kingdom,152,2,1,1,4,211,Lost or low-value customers
18213,2011-04-17 10:21:00,1,232.48000000000002,232,15,United Kingdom,237,1,2,1,4,121,Lost or low-value customers
16117,2011-06-03 11:42:00,1,232.21,130,30,United Kingdom,190,1,2,1,4,121,Lost or low-value customers
17908,2010-12-01 11:45:00,1,232.03,169,51,United Kingdom,374,1,2,1,4,121,Lost or low-value customers
16926,2010-12-03 13:42:00,1,230.25,35,14,United Kingdom,372,1,2,1,4,121,Lost or low-value customers
17212,2011-03-31 19:42:00,1,226.85,147,4,United Kingdom,254,1,2,1,4,121,Lost or low-value customers
17860,2010-12-06 12:41:00,1,226.45000000000002,93,49,United Kingdom,369,1,2,1,4,121,Lost or low-value customers
16315,2011-01-13 11:57:00,1,226.37,75,14,United Kingdom,331,1,2,1,4,121,Lost or low-value customers
16619,2011-03-21 08:18:00,1,226.21,133,14,United Kingdom,264,1,2,1,4,121,Lost or low-value customers
17789,2011-03-03 13:14:00,1,225.9,74,14,United Kingdom,282,1,2,1,4,121,Lost or low-value customers
16587,2011-04-21 15:51:00,1,225.15,71,13,United Kingdom,233,1,2,1,4,121,Lost or low-value customers
17171,2011-02-23 16:37:00,1,224.91,185,16,United Kingdom,290,1,2,1,4,121,Lost or low-value customers
16471,2011-03-10 09:41:00,1,223.95000000000002,141,13,United Kingdom,275,1,2,1,4,121,Lost or low-value customers
18114,2011-02-22 13:20:00,1,220.1,55,28,United Kingdom,291,1,2,1,4,121,Lost or low-value customers
16392,2011-03-15 12:11:00,1,217.89,201,41,United Kingdom,270,1,2,1,4,121,Lost or low-value customers
12897,2011-05-19 12:13:00,2,216.5,110,3,United Kingdom,205,1,2,1,4,121,Lost or low-value customers
18212,2011-01-17 16:14:00,1,216.07,92,30,United Kingdom,327,1,2,1,4,121,Lost or low-value customers
17619,2011-01-31 14:18:00,1,214.37,124,71,United Kingdom,313,1,2,1,4,121,Lost or low-value customers
13621,2011-08-15 08:26:00,1,213.85,343,19,United Kingdom,117,2,1,1,4,211,Lost or low-value customers
13411,2011-08-24 13:57:00,1,213.55,72,17,United Kingdom,108,2,1,1,4,211,Lost or low-value customers
12995,2011-09-15 15:44:00,1,211.32,108,3,United Kingdom,86,2,1,1,4,211,Lost or low-value customers
17855,2010-12-02 09:44:00,1,208.97,197,17,United Kingdom,373,1,2,1,4,121,Lost or low-value customers
16457,2011-05-05 13:19:00,1,208.36,140,9,United Kingdom,219,1,2,1,4,121,Lost or low-value customers
12547,2011-05-26 12:38:00,2,207.79999999999998,134,7,Spain,198,1,2,1,4,121,Lost or low-value customers
18191,2011-03-23 12:08:00,1,207.79999999999998,140,7,United Kingdom,262,1,2,1,4,121,Lost or low-value customers
16323,2011-05-27 14:48:00,1,207.50000000000003,50,1,United Kingdom,197,1,2,1,4,121,Lost or low-value customers
17923,2011-03-02 15:15:00,1,207.50000000000003,50,1,United Kingdom,283,1,2,1,4,121,Lost or low-value customers
16752,2010-12-02 12:18:00,1,207.5,54,9,United Kingdom,373,1,2,1,4,121,Lost or low-value customers
13099,2011-09-01 17:40:00,1,207.35999999999999,288,1,United Kingdom,100,2,1,1,4,211,Lost or low-value customers
15925,2011-05-29 15:35:00,1,207.15,93,12,United Kingdom,195,1,2,1,4,121,Lost or low-value customers
15820,2011-01-24 12:00:00,1,206.98,128,17,United Kingdom,320,1,2,1,4,121,Lost or low-value customers
17670,2011-04-26 09:12:00,1,205.7,110,11,United Kingdom,228,1,2,1,4,121,Lost or low-value customers
17843,2011-02-09 15:33:00,1,205.48,113,36,United Kingdom,304,1,2,1,4,121,Lost or low-value customers
15307,2011-09-05 11:38:00,1,205.3,37,12,United Kingdom,96,2,1,1,4,211,Lost or low-value customers
13513,2011-08-05 11:50:00,1,205.1,109,10,United Kingdom,127,2,1,1,4,211,Lost or low-value customers
17187,2011-04-27 12:39:00,1,203.95,144,10,United Kingdom,227,1,2,1,4,121,Lost or low-value customers
17394,2011-05-04 13:22:00,1,203.86999999999998,241,4,United Kingdom,220,1,2,1,4,121,Lost or low-value customers
16965,2011-04-27 12:08:00,1,201.19,291,26,United Kingdom,227,1,2,1,4,121,Lost or low-value customers
17987,2011-06-07 14:22:00,1,198.57,261,13,United Kingdom,186,1,2,1,4,121,Lost or low-value customers
15746,2011-07-28 15:21:00,1,196.88,178,28,United Kingdom,135,2,1,1,4,211,Lost or low-value customers
15683,2011-08-14 12:56:00,1,193.75,131,10,United Kingdom,118,2,1,1,4,211,Lost or low-value customers
17343,2010-12-19 15:07:00,1,193.64,56,17,United Kingdom,356,1,2,1,4,121,Lost or low-value customers
14806,2011-09-25 15:32:00,1,193.39000000000001,330,11,United Kingdom,76,2,1,1,4,211,Lost or low-value customers
14100,2011-07-25 11:01:00,1,191.95000000000002,63,24,United Kingdom,138,2,1,1,4,211,Lost or low-value customers
15412,2011-06-21 15:24:00,1,190.53,108,10,United Kingdom,172,2,1,1,4,211,Lost or low-value customers
13826,2011-06-16 13:48:00,1,189.5,82,10,United Kingdom,177,2,1,1,4,211,Lost or low-value customers
13568,2011-06-19 14:42:00,1,187.05,66,41,United Kingdom,174,2,1,1,4,211,Lost or low-value customers
13672,2011-02-11 13:53:00,2,186.39000000000001,57,4,United Kingdom,302,1,2,1,4,121,Lost or low-value customers
12641,2011-08-16 13:26:00,1,185.9,72,10,Sweden,116,2,1,1,4,211,Lost or low-value customers
17574,2011-04-11 09:47:00,1,185.65,77,8,United Kingdom,243,1,2,1,4,121,Lost or low-value customers
16097,2011-04-13 13:47:00,1,185.04999999999998,87,10,United Kingdom,241,1,2,1,4,121,Lost or low-value customers
16448,2011-05-25 16:28:00,1,182.99,76,19,United Kingdom,199,1,2,1,4,121,Lost or low-value customers
15945,2010-12-09 13:14:00,1,181.0,52,2,United Kingdom,366,1,2,1,4,121,Lost or low-value customers
18119,2010-12-07 11:59:00,1,180.7,124,29,United Kingdom,368,1,2,1,4,121,Lost or low-value customers
18280,2011-03-07 09:52:00,1,180.60000000000002,45,10,United Kingdom,278,1,2,1,4,121,Lost or low-value customers
14722,2011-07-15 14:58:00,1,180.42000000000002,118,28,United Kingdom,148,2,1,1,4,211,Lost or low-value customers
15041,2011-06-22 16:16:00,1,179.93,103,66,United Kingdom,171,2,1,1,4,211,Lost or low-value customers
16990,2011-05-05 08:30:00,1,179.0,100,1,United Kingdom,219,1,2,1,4,121,Lost or low-value customers
13778,2011-08-28 15:25:00,1,178.7,70,9,United Kingdom,104,2,1,1,4,211,Lost or low-value customers
17356,2011-02-01 11:07:00,1,178.22,166,19,United Kingdom,312,1,2,1,4,121,Lost or low-value customers
16403,2011-01-31 13:39:00,1,177.5,114,10,United Kingdom,313,1,2,1,4,121,Lost or low-value customers
13618,2011-06-19 11:09:00,1,177.34,246,13,United Kingdom,174,2,1,1,4,211,Lost or low-value customers
17582,2011-04-17 13:18:00,1,175.27,123,28,United Kingdom,237,1,2,1,4,121,Lost or low-value customers
16144,2011-04-07 10:09:00,1,175.2,16,1,United Kingdom,247,1,2,1,4,121,Lost or low-value customers
18010,2011-03-28 12:27:00,1,174.8,60,14,United Kingdom,257,1,2,1,4,121,Lost or low-value customers
16565,2010-12-10 15:21:00,1,173.7,46,3,United Kingdom,365,1,2,1,4,121,Lost or low-value customers
17245,2011-05-19 10:43:00,1,171.45,75,9,United Kingdom,205,1,2,1,4,121,Lost or low-value customers
17542,2011-03-15 11:45:00,1,170.75,134,24,United Kingdom,270,1,2,1,4,121,Lost or low-value customers
15016,2011-06-20 12:06:00,1,170.04,76,20,United Kingdom,173,2,1,1,4,211,Lost or low-value customers
18269,2010-12-08 13:53:00,1,168.6,76,7,United Kingdom,367,1,2,1,4,121,Lost or low-value customers
16282,2011-01-04 11:42:00,1,168.3,114,11,United Kingdom,340,1,2,1,4,121,Lost or low-value customers
15374,2011-08-03 09:59:00,1,168.0,126,3,United Kingdom,129,2,1,1,4,211,Lost or low-value customers
17367,2011-04-15 14:21:00,1,167.55,149,33,United Kingdom,239,1,2,1,4,121,Lost or low-value customers
17535,2011-03-04 15:20:00,1,164.4,136,13,United Kingdom,281,1,2,1,4,121,Lost or low-value customers
14552,2011-07-11 12:49:00,1,164.22,90,57,United Kingdom,152,2,1,1,4,211,Lost or low-value customers
13223,2011-05-23 13:03:00,2,163.20000000000002,88,5,United Kingdom,201,1,2,1,4,121,Lost or low-value customers
16517,2011-03-07 13:50:00,1,162.7,96,17,United Kingdom,278,1,2,1,4,121,Lost or low-value customers
15325,2011-08-28 11:55:00,1,161.74,231,47,United Kingdom,104,2,1,1,4,211,Lost or low-value customers
16113,2011-06-09 16:16:00,1,161.38,176,30,United Kingdom,184,1,2,1,4,121,Lost or low-value customers
18224,2011-03-21 10:30:00,1,158.95000000000002,69,10,United Kingdom,264,1,2,1,4,121,Lost or low-value customers
13937,2011-06-23 16:35:00,1,158.85,123,9,United Kingdom,170,2,1,1,4,211,Lost or low-value customers
17165,2011-02-28 16:39:00,1,158.68,100,10,United Kingdom,285,1,2,1,4,121,Lost or low-value customers
15348,2011-09-28 13:17:00,1,158.04,84,9,United Kingdom,73,2,1,1,4,211,Lost or low-value customers
18004,2010-12-12 13:47:00,1,157.92,75,32,United Kingdom,363,1,2,1,4,121,Lost or low-value customers
17556,2011-05-18 10:48:00,1,157.9,101,6,United Kingdom,206,1,2,1,4,121,Lost or low-value customers
17128,2011-01-09 12:02:00,1,157.09,76,14,United Kingdom,335,1,2,1,4,121,Lost or low-value customers
17118,2011-01-26 12:19:00,1,157.02,154,10,United Kingdom,318,1,2,1,4,121,Lost or low-value customers
15007,2011-07-03 16:00:00,1,156.91,69,12,United Kingdom,160,2,1,1,4,211,Lost or low-value customers
14406,2011-08-12 16:54:00,1,156.75,77,8,United Kingdom,120,2,1,1,4,211,Lost or low-value customers
15438,2011-07-31 14:19:00,1,156.57999999999998,59,25,United Kingdom,132,2,1,1,4,211,Lost or low-value customers
15263,2011-08-25 10:26:00,1,156.51,89,12,United Kingdom,107,2,1,1,4,211,Lost or low-value customers
17871,2011-05-19 11:32:00,1,155.9,182,10,United Kingdom,205,1,2,1,4,121,Lost or low-value customers
17698,2011-03-24 11:34:00,1,154.95,93,8,United Kingdom,261,1,2,1,4,121,Lost or low-value customers
17517,2011-02-04 11:48:00,1,153.94,102,11,United Kingdom,309,1,2,1,4,121,Lost or low-value customers
16351,2011-01-11 10:26:00,1,153.9,90,8,United Kingdom,333,1,2,1,4,121,Lost or low-value customers
17714,2011-01-23 10:32:00,1,153.0,92,10,United Kingdom,321,1,2,1,4,121,Lost or low-value customers
18138,2011-02-17 14:51:00,1,152.65,38,8,United Kingdom,296,1,2,1,4,121,Lost or low-value customers
13514,2011-09-27 09:39:00,1,152.20000000000002,40,4,United Kingdom,74,2,1,1,4,211,Lost or low-value customers
16617,2011-04-18 10:35:00,1,151.85,91,5,United Kingdom,236,1,2,1,4,121,Lost or low-value customers
14208,2011-09-06 12:48:00,1,151.74,114,10,United Kingdom,95,2,1,1,4,211,Lost or low-value customers
17234,2011-06-10 11:20:00,1,149.89000000000001,55,14,United Kingdom,183,1,2,1,4,121,Lost or low-value customers
12864,2011-07-24 13:03:00,1,147.12,216,3,United Kingdom,139,2,1,1,4,211,Lost or low-value customers
16893,2010-12-08 12:06:00,1,145.93,62,44,United Kingdom,367,1,2,1,4,121,Lost or low-value customers
13866,2011-09-26 14:54:00,1,145.67000000000002,57,7,United Kingdom,75,2,1,1,4,211,Lost or low-value customers
16598,2011-02-27 11:42:00,1,145.04999999999998,73,10,United Kingdom,286,1,2,1,4,121,Lost or low-value customers
17524,2010-12-13 14:32:00,1,145.0,90,6,United Kingdom,362,1,2,1,4,121,Lost or low-value customers
14109,2011-09-28 10:18:00,1,144.2,88,9,United Kingdom,73,2,1,1,4,211,Lost or low-value customers
17578,2011-05-05 18:38:00,1,143.45999999999998,138,5,United Kingdom,219,1,2,1,4,121,Lost or low-value customers
17859,2011-02-08 10:32:00,1,141.92000000000002,102,23,United Kingdom,305,1,2,1,4,121,Lost or low-value customers
16483,2011-05-31 13:08:00,1,139.35,44,19,United Kingdom,193,1,2,1,4,121,Lost or low-value customers
17718,2011-04-21 13:39:00,1,139.35,83,6,United Kingdom,233,1,2,1,4,121,Lost or low-value customers
14772,2011-08-19 15:04:00,1,139.26,82,9,United Kingdom,113,2,1,1,4,211,Lost or low-value customers
13273,2011-08-18 14:02:00,1,138.98,153,16,United Kingdom,114,2,1,1,4,211,Lost or low-value customers
15663,2011-08-25 15:50:00,1,138.14,106,9,United Kingdom,107,2,1,1,4,211,Lost or low-value customers
13279,2011-09-22 17:24:00,1,137.75,73,9,United Kingdom,79,2,1,1,4,211,Lost or low-value customers
12968,2011-08-19 15:44:00,1,135.95,73,5,United Kingdom,113,2,1,1,4,211,Lost or low-value customers
16665,2010-12-12 14:03:00,1,135.39999999999998,59,9,United Kingdom,363,1,2,1,4,121,Lost or low-value customers
17972,2011-04-12 12:16:00,1,135.19,36,30,United Kingdom,242,1,2,1,4,121,Lost or low-value customers
16055,2011-05-03 09:26:00,1,134.8,22,8,United Kingdom,221,1,2,1,4,121,Lost or low-value customers
12837,2011-06-19 16:07:00,1,134.1,24,12,United Kingdom,174,2,1,1,4,211,Lost or low-value customers
16424,2011-06-01 13:40:00,1,133.56,88,5,United Kingdom,192,1,2,1,4,121,Lost or low-value customers
17881,2011-02-08 17:16:00,1,133.35000000000002,32,8,United Kingdom,305,1,2,1,4,121,Lost or low-value customers
12851,2011-09-04 12:41:00,1,131.81,106,43,United Kingdom,97,2,1,1,4,211,Lost or low-value customers
17455,2011-05-20 12:31:00,1,131.7,66,8,United Kingdom,204,1,2,1,4,121,Lost or low-value customers
14795,2011-06-26 13:04:00,1,131.45000000000002,17,6,United Kingdom,167,2,1,1,4,211,Lost or low-value customers
16679,2010-12-08 13:51:00,1,129.75,29,3,United Kingdom,367,1,2,1,4,121,Lost or low-value customers
16611,2011-06-06 15:46:00,1,129.49,47,9,United Kingdom,187,1,2,1,4,121,Lost or low-value customers
16623,2011-04-08 10:09:00,1,129.45,39,5,United Kingdom,246,1,2,1,4,121,Lost or low-value customers
15578,2011-06-30 13:03:00,1,127.1,52,13,United Kingdom,163,2,1,1,4,211,Lost or low-value customers
15923,2010-12-02 12:16:00,1,127.08,122,21,United Kingdom,373,1,2,1,4,121,Lost or low-value customers
12814,2011-08-30 12:11:00,1,125.92,49,2,Poland,102,2,1,1,4,211,Lost or low-value customers
16849,2011-06-06 09:16:00,1,124.57,33,8,United Kingdom,187,1,2,1,4,121,Lost or low-value customers
16658,2010-12-06 13:47:00,1,123.24,40,8,United Kingdom,369,1,2,1,4,121,Lost or low-value customers
15917,2011-04-06 10:40:00,1,123.1,42,12,United Kingdom,248,1,2,1,4,121,Lost or low-value customers
13519,2011-09-22 18:24:00,1,122.75,23,8,United Kingdom,79,2,1,1,4,211,Lost or low-value customers
16073,2011-02-15 15:41:00,1,122.39999999999999,48,1,United Kingdom,298,1,2,1,4,121,Lost or low-value customers
13244,2011-09-08 11:46:00,1,121.74000000000001,38,27,United Kingdom,93,2,1,1,4,211,Lost or low-value customers
14259,2011-07-21 10:44:00,1,120.0,68,5,United Kingdom,142,2,1,1,4,211,Lost or low-value customers
14314,2011-08-25 10:39:00,1,120.0,296,8,United Kingdom,107,2,1,1,4,211,Lost or low-value customers
15843,2011-02-09 10:19:00,1,118.95000000000002,27,8,United Kingdom,304,1,2,1,4,121,Lost or low-value customers
14076,2011-08-02 15:19:00,1,118.67,79,43,United Kingdom,130,2,1,1,4,211,Lost or low-value customers
17654,2011-03-07 13:17:00,1,117.55,41,22,United Kingdom,278,1,2,1,4,121,Lost or low-value customers
13877,2011-09-14 15:49:00,1,117.24,108,3,United Kingdom,87,2,1,1,4,211,Lost or low-value customers
17117,2011-02-24 13:54:00,1,116.19999999999999,68,9,United Kingdom,289,1,2,1,4,121,Lost or low-value customers
17601,2011-04-14 18:02:00,1,116.00999999999999,103,9,United Kingdom,240,1,2,1,4,121,Lost or low-value customers
14143,2011-07-29 09:48:00,1,115.8,30,7,United Kingdom,134,2,1,1,4,211,Lost or low-value customers
13067,2011-09-18 13:38:00,1,115.46000000000001,32,14,United Kingdom,83,2,1,1,4,211,Lost or low-value customers
14972,2011-08-03 14:54:00,1,114.77,28,18,United Kingdom,129,2,1,1,4,211,Lost or low-value customers
14652,2011-09-23 14:21:00,1,114.18,53,29,United Kingdom,78,2,1,1,4,211,Lost or low-value customers
17217,2011-04-19 17:19:00,1,113.5,24,9,United Kingdom,235,1,2,1,4,121,Lost or low-value customers
16913,2011-02-22 12:56:00,1,113.44,82,8,United Kingdom,291,1,2,1,4,121,Lost or low-value customers
15280,2011-06-20 17:14:00,1,113.12,154,16,United Kingdom,173,2,1,1,4,211,Lost or low-value customers
16697,2011-04-12 17:12:00,1,112.75,27,20,United Kingdom,242,1,2,1,4,121,Lost or low-value customers
18129,2011-04-10 14:16:00,1,112.55000000000001,48,13,United Kingdom,244,1,2,1,4,121,Lost or low-value customers
17967,2010-12-03 11:19:00,1,112.27,73,41,United Kingdom,372,1,2,1,4,121,Lost or low-value customers
12756,2011-09-14 09:31:00,1,112.07999999999998,144,4,Japan,87,2,1,1,4,211,Lost or low-value customers
18120,2011-05-09 13:45:00,1,111.15,31,17,United Kingdom,215,1,2,1,4,121,Lost or low-value customers
15537,2011-06-29 13:10:00,1,110.92,29,24,United Kingdom,164,2,1,1,4,211,Lost or low-value customers
16963,2011-06-05 13:48:00,1,110.55000000000001,35,7,United Kingdom,188,1,2,1,4,121,Lost or low-value customers
17746,2011-04-13 14:31:00,1,110.25,29,6,United Kingdom,241,1,2,1,4,121,Lost or low-value customers
13133,2011-03-11 10:31:00,2,109.8,32,7,United Kingdom,274,1,2,1,4,121,Lost or low-value customers
17639,2011-03-08 15:22:00,1,108.5,49,7,United Kingdom,277,1,2,1,4,121,Lost or low-value customers
17893,2011-04-28 13:50:00,1,107.21,149,15,United Kingdom,226,1,2,1,4,121,Lost or low-value customers
16757,2011-01-25 11:59:00,1,106.83000000000001,81,7,United Kingdom,319,1,2,1,4,121,Lost or low-value customers
16581,2011-06-10 10:05:00,1,105.84,134,9,United Kingdom,183,1,2,1,4,121,Lost or low-value customers
15775,2011-04-08 12:56:00,1,104.9,68,7,United Kingdom,246,1,2,1,4,121,Lost or low-value customers
17548,2011-04-20 12:01:00,1,103.3,58,5,United Kingdom,234,1,2,1,4,121,Lost or low-value customers
18011,2010-12-01 17:35:00,1,102.78999999999999,71,28,United Kingdom,374,1,2,1,4,121,Lost or low-value customers
18068,2011-02-23 14:50:00,1,101.69999999999999,6,1,United Kingdom,290,1,2,1,4,121,Lost or low-value customers
17643,2010-12-01 14:38:00,1,101.55,71,8,United Kingdom,374,1,2,1,4,121,Lost or low-value customers
16006,2011-05-12 13:12:00,1,101.4,84,8,United Kingdom,212,1,2,1,4,121,Lost or low-value customers
18086,2011-03-10 13:34:00,1,101.34,106,7,United Kingdom,275,1,2,1,4,121,Lost or low-value customers
15256,2011-07-14 11:47:00,1,98.45,55,6,United Kingdom,149,2,1,1,4,211,Lost or low-value customers
17349,2011-06-13 14:29:00,1,98.25,102,8,United Kingdom,180,1,2,1,4,121,Lost or low-value customers
17325,2011-03-04 13:09:00,1,96.8,60,6,United Kingdom,281,1,2,1,4,121,Lost or low-value customers
15216,2011-09-13 11:41:00,1,96.6,28,2,United Kingdom,88,2,1,1,4,211,Lost or low-value customers
12548,2011-06-26 15:35:00,1,95.19999999999999,49,5,Spain,167,2,1,1,4,211,Lost or low-value customers
16387,2011-01-21 11:34:00,1,94.36,44,4,United Kingdom,323,1,2,1,4,121,Lost or low-value customers
16339,2011-02-28 13:41:00,1,94.05,21,17,United Kingdom,285,1,2,1,4,121,Lost or low-value customers
18227,2011-05-06 12:23:00,1,93.75,21,5,United Kingdom,218,1,2,1,4,121,Lost or low-value customers
15488,2011-09-08 10:11:00,1,91.32000000000001,73,2,United Kingdom,93,2,1,1,4,211,Lost or low-value customers
14117,2011-07-19 09:49:00,1,90.0,72,3,United Kingdom,144,2,1,1,4,211,Lost or low-value customers
14436,2011-09-02 10:13:00,1,89.06,129,9,United Kingdom,99,2,1,1,4,211,Lost or low-value customers
13296,2011-07-25 13:46:00,1,87.4,78,5,United Kingdom,138,2,1,1,4,211,Lost or low-value customers
15541,2011-08-17 14:58:00,1,85.13000000000001,49,29,United Kingdom,115,2,1,1,4,211,Lost or low-value customers
18281,2011-06-12 10:53:00,1,80.82,54,7,United Kingdom,181,1,2,1,4,121,Lost or low-value customers
13967,2011-07-17 12:02:00,1,80.7,42,2,United Kingdom,146,2,1,1,4,211,Lost or low-value customers
17752,2010-12-15 16:19:00,1,80.64,192,1,United Kingdom,360,1,2,1,4,121,Lost or low-value customers
16078,2011-03-01 09:47:00,1,79.2,16,1,United Kingdom,284,1,2,1,4,121,Lost or low-value customers
13106,2011-07-29 15:12:00,1,76.5,18,1,United Kingdom,134,2,1,1,4,211,Lost or low-value customers
16148,2011-02-16 14:01:00,1,76.32000000000001,72,1,United Kingdom,297,1,2,1,4,121,Lost or low-value customers
18113,2010-12-06 12:31:00,1,76.32000000000001,72,1,United Kingdom,369,1,2,1,4,121,Lost or low-value customers
17995,2011-03-03 12:30:00,1,76.1,133,2,United Kingdom,282,1,2,1,4,121,Lost or low-value customers
16610,2011-05-04 13:13:00,1,75.66,66,6,United Kingdom,220,1,2,1,4,121,Lost or low-value customers
18050,2010-12-15 14:25:00,1,74.4,40,5,United Kingdom,360,1,2,1,4,121,Lost or low-value customers
18032,2011-01-09 15:32:00,1,73.5,42,5,United Kingdom,335,1,2,1,4,121,Lost or low-value customers
17906,2011-04-06 17:25:00,1,72.9,26,12,United Kingdom,248,1,2,1,4,121,Lost or low-value customers
13130,2011-09-06 15:30:00,1,64.0,32,2,United Kingdom,95,2,1,1,4,211,Lost or low-value customers
13302,2011-07-07 17:56:00,1,63.75,5,1,United Kingdom,156,2,1,1,4,211,Lost or low-value customers
17263,2011-05-15 14:32:00,1,63.440000000000005,36,23,United Kingdom,209,1,2,1,4,121,Lost or low-value customers
13218,2011-08-04 16:59:00,1,62.63999999999999,88,5,United Kingdom,128,2,1,1,4,211,Lost or low-value customers
13194,2011-07-27 09:01:00,1,60.7,26,3,United Kingdom,136,2,1,1,4,211,Lost or low-value customers
17174,2011-05-06 11:47:00,1,59.9,41,4,United Kingdom,218,1,2,1,4,121,Lost or low-value customers
17775,2011-03-30 10:50:00,1,56.4,72,3,United Kingdom,255,1,2,1,4,121,Lost or low-value customers
15899,2010-12-06 10:36:00,1,56.25,39,4,United Kingdom,369,1,2,1,4,121,Lost or low-value customers
16349,2011-02-22 12:40:00,1,53.5,9,9,United Kingdom,291,1,2,1,4,121,Lost or low-value customers
15504,2011-09-19 13:45:00,1,52.83,33,13,United Kingdom,82,2,1,1,4,211,Lost or low-value customers
15313,2011-08-21 16:02:00,1,52.0,25,1,United Kingdom,111,2,1,1,4,211,Lost or low-value customers
14351,2011-06-28 11:56:00,1,51.0,12,1,United Kingdom,165,2,1,1,4,211,Lost or low-value customers
15603,2011-09-22 10:04:00,1,48.480000000000004,96,2,United Kingdom,79,2,1,1,4,211,Lost or low-value customers
12977,2011-07-06 16:40:00,1,39.239999999999995,12,9,United Kingdom,157,2,1,1,4,211,Lost or low-value customers
16659,2011-06-03 15:03:00,1,39.12,72,2,United Kingdom,190,1,2,1,4,121,Lost or low-value customers
16162,2011-04-01 15:03:00,1,37.4,4,2,United Kingdom,253,1,2,1,4,121,Lost or low-value customers
15940,2011-02-01 16:18:00,1,35.8,4,1,United Kingdom,312,1,2,1,4,121,Lost or low-value customers
15744,2011-09-23 09:52:00,1,34.8,120,3,United Kingdom,78,2,1,1,4,211,Lost or low-value customers
16765,2011-02-18 15:41:00,1,34.0,4,1,United Kingdom,295,1,2,1,4,121,Lost or low-value customers
17102,2011-03-23 10:08:00,1,25.5,2,1,United Kingdom,262,1,2,1,4,121,Lost or low-value customers
13307,2011-08-11 17:14:00,1,15.0,4,1,United Kingdom,121,2,1,1,4,211,Lost or low-value customers
15823,2010-12-02 15:08:00,1,15.0,1,1,United Kingdom,373,1,2,1,4,121,Lost or low-value customers
17763,2011-03-21 14:25:00,1,15.0,12,1,United Kingdom,264,1,2,1,4,121,Lost or low-value customers
17956,2011-04-04 13:47:00,1,12.75,1,1,United Kingdom,250,1,2,1,4,121,Lost or low-value customers
16738,2011-02-15 09:46:00,1,3.75,3,1,United Kingdom,298,1,2,1,4,121,Lost or low-value customers
13570,2011-04-10 13:36:00,1,239.49,161,27,United Kingdom,244,1,1,1,3,111,Lost or low-value customers
12561,2011-02-10 11:39:00,1,238.85,177,16,Germany,303,1,1,1,3,111,Lost or low-value customers
14586,2011-03-08 10:04:00,1,237.36,444,19,United Kingdom,277,1,1,1,3,111,Lost or low-value customers
15457,2011-03-22 15:31:00,1,237.07,132,56,United Kingdom,263,1,1,1,3,111,Lost or low-value customers
14647,2011-05-22 13:40:00,1,236.04000000000002,91,24,United Kingdom,202,1,1,1,3,111,Lost or low-value customers
13187,2011-01-06 18:57:00,1,236.02,95,37,United Kingdom,338,1,1,1,3,111,Lost or low-value customers
14375,2011-06-07 13:44:00,1,235.56,184,57,United Kingdom,186,1,1,1,3,111,Lost or low-value customers
12736,2011-01-11 07:57:00,1,234.0,173,4,France,333,1,1,1,3,111,Lost or low-value customers
13786,2010-12-07 13:53:00,1,230.39999999999998,136,7,United Kingdom,368,1,1,1,3,111,Lost or low-value customers
13008,2011-01-20 14:24:00,1,229.46999999999997,175,14,United Kingdom,324,1,1,1,3,111,Lost or low-value customers
15528,2011-03-30 16:14:00,1,229.33,123,26,United Kingdom,255,1,1,1,3,111,Lost or low-value customers
13712,2011-04-07 12:33:00,1,228.84,352,10,United Kingdom,247,1,1,1,3,111,Lost or low-value customers
13070,2011-05-31 13:45:00,1,228.8,110,9,United Kingdom,193,1,1,1,3,111,Lost or low-value customers
13474,2011-04-17 13:53:00,1,226.84,129,59,United Kingdom,237,1,1,1,3,111,Lost or low-value customers
12672,2011-01-14 09:20:00,1,225.89999999999998,78,10,France,330,1,1,1,3,111,Lost or low-value customers
12402,2011-01-20 13:49:00,1,225.6,94,11,Belgium,324,1,1,1,3,111,Lost or low-value customers
13382,2011-03-04 10:03:00,1,222.99,131,15,United Kingdom,281,1,1,1,3,111,Lost or low-value customers
13600,2011-01-31 15:27:00,1,219.52,324,19,United Kingdom,313,1,1,1,3,111,Lost or low-value customers
12574,2011-01-28 09:20:00,1,218.45,61,11,France,316,1,1,1,3,111,Lost or low-value customers
15554,2011-03-07 09:00:00,1,217.2,74,14,United Kingdom,278,1,1,1,3,111,Lost or low-value customers
12831,2011-03-22 13:02:00,1,215.05,135,9,United Kingdom,263,1,1,1,3,111,Lost or low-value customers
15460,2010-12-20 16:08:00,1,214.26,107,53,United Kingdom,355,1,1,1,3,111,Lost or low-value customers
14241,2011-06-09 11:46:00,1,213.70000000000002,146,10,United Kingdom,184,1,1,1,3,111,Lost or low-value customers
15703,2011-03-20 10:51:00,1,211.5,66,5,United Kingdom,265,1,1,1,3,111,Lost or low-value customers
15052,2011-01-24 15:52:00,1,207.73000000000002,79,27,United Kingdom,320,1,1,1,3,111,Lost or low-value customers
14964,2011-04-06 14:13:00,1,206.21,143,13,United Kingdom,248,1,1,1,3,111,Lost or low-value customers
13065,2010-12-01 16:52:00,1,205.86,74,14,United Kingdom,374,1,1,1,3,111,Lost or low-value customers
15319,2011-03-01 12:48:00,1,204.5,175,16,United Kingdom,284,1,1,1,3,111,Lost or low-value customers
15347,2010-12-08 15:25:00,1,201.60000000000002,130,5,United Kingdom,367,1,1,1,3,111,Lost or low-value customers
13295,2010-12-15 11:21:00,1,201.20000000000002,82,10,United Kingdom,360,1,1,1,3,111,Lost or low-value customers
13284,2011-01-13 09:23:00,1,201.19,91,13,United Kingdom,331,1,1,1,3,111,Lost or low-value customers
13859,2011-01-17 16:14:00,1,201.16,129,27,United Kingdom,327,1,1,1,3,111,Lost or low-value customers
13262,2011-03-21 15:06:00,1,200.29,125,11,United Kingdom,264,1,1,1,3,111,Lost or low-value customers
15437,2011-03-22 13:11:00,1,200.16,79,44,United Kingdom,263,1,1,1,3,111,Lost or low-value customers
14782,2011-01-24 11:12:00,1,200.10000000000002,114,6,United Kingdom,320,1,1,1,3,111,Lost or low-value customers
13723,2011-05-06 17:04:00,1,199.85000000000002,43,6,United Kingdom,218,1,1,1,3,111,Lost or low-value customers
14185,2011-01-12 13:52:00,1,197.65,6,3,United Kingdom,332,1,1,1,3,111,Lost or low-value customers
15234,2011-03-08 08:53:00,1,197.0,196,14,United Kingdom,277,1,1,1,3,111,Lost or low-value customers
14476,2011-03-27 15:39:00,1,193.0,110,17,United Kingdom,258,1,1,1,3,111,Lost or low-value customers
12791,2010-12-01 11:27:00,1,192.60000000000002,97,2,Netherlands,374,1,1,1,3,111,Lost or low-value customers
15723,2010-12-10 11:12:00,1,190.7,73,37,United Kingdom,365,1,1,1,3,111,Lost or low-value customers
13033,2010-12-17 14:23:00,1,190.55,83,11,United Kingdom,358,1,1,1,3,111,Lost or low-value customers
12361,2011-02-25 13:51:00,1,189.9,91,10,Belgium,288,1,1,1,3,111,Lost or low-value customers
13663,2011-06-13 15:44:00,1,189.47,91,13,United Kingdom,180,1,1,1,3,111,Lost or low-value customers
14199,2011-05-05 13:44:00,1,185.39999999999998,28,2,United Kingdom,219,1,1,1,3,111,Lost or low-value customers
13482,2011-04-21 17:03:00,1,184.64,116,11,United Kingdom,233,1,1,1,3,111,Lost or low-value customers
14326,2011-04-11 15:04:00,1,183.85,103,8,United Kingdom,243,1,1,1,3,111,Lost or low-value customers
14059,2011-03-18 10:06:00,1,183.6,128,8,United Kingdom,267,1,1,1,3,111,Lost or low-value customers
13059,2011-04-04 10:40:00,1,183.4,35,8,United Kingdom,250,1,1,1,3,111,Lost or low-value customers
14082,2010-12-10 11:02:00,1,182.25,110,28,United Kingdom,365,1,1,1,3,111,Lost or low-value customers
12622,2011-04-21 16:39:00,1,180.1,69,11,Germany,233,1,1,1,3,111,Lost or low-value customers
15454,2010-12-12 14:21:00,1,179.1,86,23,United Kingdom,363,1,1,1,3,111,Lost or low-value customers
14705,2011-05-25 12:39:00,1,179.0,100,1,United Kingdom,199,1,1,1,3,111,Lost or low-value customers
15262,2011-01-20 12:16:00,1,178.95000000000002,73,10,United Kingdom,324,1,1,1,3,111,Lost or low-value customers
15292,2011-05-22 15:00:00,1,178.39,55,24,United Kingdom,202,1,1,1,3,111,Lost or low-value customers
13072,2011-03-18 08:12:00,1,177.15,69,7,United Kingdom,267,1,1,1,3,111,Lost or low-value customers
12509,2011-02-28 14:45:00,1,176.5,55,7,France,285,1,1,1,3,111,Lost or low-value customers
14355,2010-12-09 12:16:00,1,174.4,92,11,United Kingdom,366,1,1,1,3,111,Lost or low-value customers
12441,2010-12-08 10:45:00,1,173.55,121,11,France,367,1,1,1,3,111,Lost or low-value customers
15670,2011-02-16 10:50:00,1,173.05,91,12,United Kingdom,297,1,1,1,3,111,Lost or low-value customers
14693,2011-03-20 12:50:00,1,172.9,34,8,United Kingdom,265,1,1,1,3,111,Lost or low-value customers
13922,2010-12-23 10:38:00,1,172.25,93,7,United Kingdom,352,1,1,1,3,111,Lost or low-value customers
14536,2011-03-25 12:21:00,1,170.95,39,18,United Kingdom,260,1,1,1,3,111,Lost or low-value customers
12551,2010-12-17 11:23:00,1,168.0,100,10,Spain,358,1,1,1,3,111,Lost or low-value customers
12817,2011-03-03 16:28:00,1,166.04,53,4,Austria,282,1,1,1,3,111,Lost or low-value customers
15316,2011-01-17 11:34:00,1,165.0,100,1,United Kingdom,327,1,1,1,3,111,Lost or low-value customers
15733,2011-03-02 09:05:00,1,162.3,62,10,United Kingdom,283,1,1,1,3,111,Lost or low-value customers
14237,2010-12-01 13:20:00,1,161.0,38,9,United Kingdom,374,1,1,1,3,111,Lost or low-value customers
13229,2011-04-28 12:07:00,1,160.95,63,10,United Kingdom,226,1,1,1,3,111,Lost or low-value customers
12573,2011-04-26 15:52:00,1,160.54000000000002,84,26,France,228,1,1,1,3,111,Lost or low-value customers
15167,2011-01-23 12:41:00,1,158.8,65,39,United Kingdom,321,1,1,1,3,111,Lost or low-value customers
15160,2010-12-17 14:15:00,1,158.16,84,4,United Kingdom,358,1,1,1,3,111,Lost or low-value customers
14148,2011-04-20 12:02:00,1,157.2,16,3,United Kingdom,234,1,1,1,3,111,Lost or low-value customers
13898,2011-01-18 10:28:00,1,155.93,133,12,United Kingdom,326,1,1,1,3,111,Lost or low-value customers
12738,2010-12-02 18:27:00,1,155.35,148,11,Germany,373,1,1,1,3,111,Lost or low-value customers
15447,2011-01-13 11:26:00,1,155.17,85,9,United Kingdom,331,1,1,1,3,111,Lost or low-value customers
13809,2011-02-07 13:15:00,1,155.05,29,11,Cyprus,306,1,1,1,3,111,Lost or low-value customers
14368,2011-01-24 09:52:00,1,155.0,36,8,United Kingdom,320,1,1,1,3,111,Lost or low-value customers
14046,2011-02-28 14:48:00,1,154.99,460,14,United Kingdom,285,1,1,1,3,111,Lost or low-value customers
15226,2011-02-02 11:41:00,1,154.41,71,8,United Kingdom,311,1,1,1,3,111,Lost or low-value customers
14066,2011-03-18 12:21:00,1,152.55,45,7,United Kingdom,267,1,1,1,3,111,Lost or low-value customers
13462,2011-04-01 11:20:00,1,151.5,62,9,United Kingdom,253,1,1,1,3,111,Lost or low-value customers
15717,2011-04-19 13:21:00,1,150.3,70,7,United Kingdom,235,1,1,1,3,111,Lost or low-value customers
14238,2011-01-17 14:40:00,1,146.85,111,8,United Kingdom,327,1,1,1,3,111,Lost or low-value customers
12565,2011-02-24 10:34:00,1,145.92,80,9,Saudi Arabia,289,1,1,1,3,111,Lost or low-value customers
12974,2011-05-26 09:33:00,1,144.8,24,8,United Kingdom,198,1,1,1,3,111,Lost or low-value customers
15705,2011-05-22 15:37:00,1,143.1,62,6,United Kingdom,202,1,1,1,3,111,Lost or low-value customers
13299,2011-03-16 12:55:00,1,142.5,30,5,United Kingdom,269,1,1,1,3,111,Lost or low-value customers
13584,2011-02-06 12:49:00,1,142.4,37,24,United Kingdom,307,1,1,1,3,111,Lost or low-value customers
14386,2011-02-16 09:45:00,1,142.4,54,7,United Kingdom,297,1,1,1,3,111,Lost or low-value customers
13561,2011-05-08 12:39:00,1,141.85999999999999,83,14,United Kingdom,216,1,1,1,3,111,Lost or low-value customers
14041,2011-03-18 13:25:00,1,141.41,94,21,United Kingdom,267,1,1,1,3,111,Lost or low-value customers
15503,2010-12-12 10:57:00,1,141.04,70,66,United Kingdom,363,1,1,1,3,111,Lost or low-value customers
15388,2011-03-14 13:53:00,1,140.54,88,10,Canada,271,1,1,1,3,111,Lost or low-value customers
15135,2011-04-14 19:16:00,1,139.05,43,9,United Kingdom,240,1,1,1,3,111,Lost or low-value customers
12902,2011-03-20 12:06:00,1,138.68,66,10,United Kingdom,265,1,1,1,3,111,Lost or low-value customers
13716,2011-03-15 13:49:00,1,138.28,138,21,United Kingdom,270,1,1,1,3,111,Lost or low-value customers
14483,2011-03-03 10:26:00,1,137.1,97,9,United Kingdom,282,1,1,1,3,111,Lost or low-value customers
15691,2011-04-01 15:13:00,1,136.8,72,2,United Kingdom,253,1,1,1,3,111,Lost or low-value customers
14247,2011-03-06 15:21:00,1,136.76999999999998,47,19,United Kingdom,279,1,1,1,3,111,Lost or low-value customers
15042,2011-05-24 16:25:00,1,135.93,30,5,United Kingdom,200,1,1,1,3,111,Lost or low-value customers
14889,2011-01-07 15:19:00,1,135.9,90,10,United Kingdom,337,1,1,1,3,111,Lost or low-value customers
15174,2011-01-21 09:06:00,1,135.75,145,11,United Kingdom,323,1,1,1,3,111,Lost or low-value customers
14340,2011-05-05 09:44:00,1,134.7,58,6,United Kingdom,219,1,1,1,3,111,Lost or low-value customers
15562,2010-12-23 09:55:00,1,134.55,39,1,United Kingdom,352,1,1,1,3,111,Lost or low-value customers
14280,2011-05-27 10:37:00,1,134.04,52,8,United Kingdom,197,1,1,1,3,111,Lost or low-value customers
15709,2011-03-01 10:38:00,1,133.25,121,6,United Kingdom,284,1,1,1,3,111,Lost or low-value customers
14438,2011-02-06 14:56:00,1,131.9,82,9,United Kingdom,307,1,1,1,3,111,Lost or low-value customers
15543,2011-02-24 15:26:00,1,127.86,86,26,United Kingdom,289,1,1,1,3,111,Lost or low-value customers
13781,2011-04-03 12:08:00,1,127.84,30,17,United Kingdom,251,1,1,1,3,111,Lost or low-value customers
14962,2011-03-14 09:42:00,1,126.7,44,5,United Kingdom,271,1,1,1,3,111,Lost or low-value customers
14890,2011-03-31 11:57:00,1,125.65,51,7,United Kingdom,254,1,1,1,3,111,Lost or low-value customers
15049,2011-03-11 12:13:00,1,121.17000000000002,63,3,United Kingdom,274,1,1,1,3,111,Lost or low-value customers
14413,2010-12-12 13:37:00,1,121.05,67,22,United Kingdom,363,1,1,1,3,111,Lost or low-value customers
13002,2011-01-25 15:18:00,1,120.94999999999999,73,7,United Kingdom,319,1,1,1,3,111,Lost or low-value customers
14165,2011-03-09 12:39:00,1,120.44,53,23,United Kingdom,276,1,1,1,3,111,Lost or low-value customers
14453,2011-06-02 14:15:00,1,119.93,49,22,United Kingdom,191,1,1,1,3,111,Lost or low-value customers
15266,2011-01-05 13:40:00,1,119.3,18,6,United Kingdom,339,1,1,1,3,111,Lost or low-value customers
14155,2011-03-18 14:13:00,1,118.75,25,6,United Kingdom,267,1,1,1,3,111,Lost or low-value customers
13581,2011-02-03 14:41:00,1,118.0,30,10,United Kingdom,310,1,1,1,3,111,Lost or low-value customers
12929,2011-02-01 12:08:00,1,117.85,37,8,United Kingdom,312,1,1,1,3,111,Lost or low-value customers
15350,2010-12-01 13:33:00,1,115.65,51,5,United Kingdom,374,1,1,1,3,111,Lost or low-value customers
14632,2011-03-22 08:49:00,1,114.56,96,8,United Kingdom,263,1,1,1,3,111,Lost or low-value customers
12651,2011-01-09 12:46:00,1,114.0,78,9,France,335,1,1,1,3,111,Lost or low-value customers
14457,2011-02-02 09:39:00,1,113.64,88,4,United Kingdom,311,1,1,1,3,111,Lost or low-value customers
15445,2011-03-20 15:06:00,1,113.5,58,5,United Kingdom,265,1,1,1,3,111,Lost or low-value customers
14689,2011-05-15 11:22:00,1,112.8,76,13,United Kingdom,209,1,1,1,3,111,Lost or low-value customers
13161,2011-01-30 14:03:00,1,112.75,29,8,United Kingdom,314,1,1,1,3,111,Lost or low-value customers
13807,2010-12-07 15:48:00,1,112.6,36,7,United Kingdom,368,1,1,1,3,111,Lost or low-value customers
14271,2011-04-28 12:47:00,1,112.32,88,10,United Kingdom,226,1,1,1,3,111,Lost or low-value customers
13508,2011-04-10 11:58:00,1,110.97,24,12,United Kingdom,244,1,1,1,3,111,Lost or low-value customers
13144,2011-01-11 11:15:00,1,110.95,21,3,United Kingdom,333,1,1,1,3,111,Lost or low-value customers
12734,2010-12-22 12:47:00,1,110.39999999999999,88,4,France,353,1,1,1,3,111,Lost or low-value customers
14699,2011-05-09 14:54:00,1,109.13000000000001,77,8,United Kingdom,215,1,1,1,3,111,Lost or low-value customers
13226,2011-03-11 14:35:00,1,108.21000000000001,80,16,United Kingdom,274,1,1,1,3,111,Lost or low-value customers
12956,2011-02-06 16:08:00,1,108.07,34,19,United Kingdom,307,1,1,1,3,111,Lost or low-value customers
15395,2011-01-18 12:40:00,1,107.45,17,7,United Kingdom,326,1,1,1,3,111,Lost or low-value customers
15070,2010-12-02 11:23:00,1,106.2,36,1,United Kingdom,373,1,1,1,3,111,Lost or low-value customers
15607,2011-01-07 12:44:00,1,104.76,202,13,United Kingdom,337,1,1,1,3,111,Lost or low-value customers
14542,2011-06-07 08:19:00,1,103.25,19,5,United Kingdom,186,1,1,1,3,111,Lost or low-value customers
14981,2011-04-07 13:45:00,1,102.12,97,8,United Kingdom,247,1,1,1,3,111,Lost or low-value customers
13948,2010-12-14 10:18:00,1,102.0,40,3,United Kingdom,361,1,1,1,3,111,Lost or low-value customers
15212,2011-04-12 13:45:00,1,101.8,36,5,United Kingdom,242,1,1,1,3,111,Lost or low-value customers
13101,2011-04-19 14:37:00,1,101.19,113,8,United Kingdom,235,1,1,1,3,111,Lost or low-value customers
14371,2011-02-17 16:35:00,1,100.5,34,4,United Kingdom,296,1,1,1,3,111,Lost or low-value customers
13703,2011-01-25 13:10:00,1,99.5,10,1,United Kingdom,319,1,1,1,3,111,Lost or low-value customers
15397,2011-02-23 09:25:00,1,94.0,20,6,United Kingdom,290,1,1,1,3,111,Lost or low-value customers
12821,2011-05-09 15:51:00,1,92.72,70,6,United Kingdom,215,1,1,1,3,111,Lost or low-value customers
13551,2011-01-24 14:46:00,1,91.80000000000001,12,4,United Kingdom,320,1,1,1,3,111,Lost or low-value customers
14353,2011-05-08 16:06:00,1,90.6,64,6,United Kingdom,216,1,1,1,3,111,Lost or low-value customers
15552,2011-05-06 14:47:00,1,90.12,60,17,United Kingdom,218,1,1,1,3,111,Lost or low-value customers
14760,2011-02-15 16:27:00,1,89.2,40,5,United Kingdom,298,1,1,1,3,111,Lost or low-value customers
12686,2010-12-03 09:51:00,1,89.14,107,7,France,372,1,1,1,3,111,Lost or low-value customers
12353,2011-05-19 17:47:00,1,89.0,20,4,Bahrain,205,1,1,1,3,111,Lost or low-value customers
15083,2011-03-28 12:18:00,1,88.2,38,5,United Kingdom,257,1,1,1,3,111,Lost or low-value customers
15180,2010-12-07 14:57:00,1,87.5,36,6,United Kingdom,368,1,1,1,3,111,Lost or low-value customers
13841,2011-04-01 12:10:00,1,85.0,100,1,United Kingdom,253,1,1,1,3,111,Lost or low-value customers
15729,2011-05-11 12:36:00,1,85.0,28,5,United Kingdom,213,1,1,1,3,111,Lost or low-value customers
12401,2011-02-09 13:50:00,1,84.3,11,5,Belgium,304,1,1,1,3,111,Lost or low-value customers
13747,2010-12-01 10:37:00,1,79.6,8,1,United Kingdom,374,1,1,1,3,111,Lost or low-value customers
15753,2011-02-08 12:41:00,1,79.2,144,1,United Kingdom,305,1,1,1,3,111,Lost or low-value customers
13132,2011-03-23 12:44:00,1,77.3,20,3,United Kingdom,262,1,1,1,3,111,Lost or low-value customers
14373,2010-12-16 15:40:00,1,76.55,17,4,United Kingdom,359,1,1,1,3,111,Lost or low-value customers
14090,2011-01-19 10:51:00,1,76.32000000000001,72,1,United Kingdom,325,1,1,1,3,111,Lost or low-value customers
15668,2011-05-06 10:39:00,1,76.32000000000001,72,1,United Kingdom,218,1,1,1,3,111,Lost or low-value customers
12506,2011-04-21 08:54:00,1,73.5,23,23,France,233,1,1,1,3,111,Lost or low-value customers
13686,2011-06-10 09:10:00,1,72.0,70,8,United Kingdom,183,1,1,1,3,111,Lost or low-value customers
13185,2011-03-17 11:56:00,1,71.4,12,1,United Kingdom,268,1,1,1,3,111,Lost or low-value customers
14393,2011-05-05 18:16:00,1,67.95,13,5,United Kingdom,219,1,1,1,3,111,Lost or low-value customers
13684,2011-02-27 10:13:00,1,65.13,38,29,United Kingdom,286,1,1,1,3,111,Lost or low-value customers
12665,2011-01-19 08:34:00,1,63.0,37,3,Germany,325,1,1,1,3,111,Lost or low-value customers
14437,2010-12-09 09:27:00,1,63.0,60,5,United Kingdom,366,1,1,1,3,111,Lost or low-value customers
14840,2011-03-17 12:00:00,1,62.85,31,4,United Kingdom,268,1,1,1,3,111,Lost or low-value customers
13391,2011-05-20 10:50:00,1,59.8,4,1,United Kingdom,204,1,1,1,3,111,Lost or low-value customers
13682,2011-06-05 14:06:00,1,59.5,10,3,United Kingdom,188,1,1,1,3,111,Lost or low-value customers
14957,2011-03-31 17:59:00,1,58.49,34,12,United Kingdom,254,1,1,1,3,111,Lost or low-value customers
13080,2011-06-13 14:59:00,1,58.08,120,6,United Kingdom,180,1,1,1,3,111,Lost or low-value customers
13011,2010-12-02 17:22:00,1,50.550000000000004,13,3,United Kingdom,373,1,1,1,3,111,Lost or low-value customers
14821,2010-12-08 08:43:00,1,48.800000000000004,20,2,United Kingdom,367,1,1,1,3,111,Lost or low-value customers
15178,2011-03-24 15:12:00,1,40.5,30,3,United Kingdom,261,1,1,1,3,111,Lost or low-value customers
14589,2010-12-03 11:42:00,1,39.75,5,3,United Kingdom,372,1,1,1,3,111,Lost or low-value customers
12855,2010-12-02 09:37:00,1,38.1,30,3,United Kingdom,373,1,1,1,3,111,Lost or low-value customers
14576,2010-12-02 17:51:00,1,35.400000000000006,12,1,United Kingdom,373,1,1,1,3,111,Lost or low-value customers
13120,2011-04-15 10:19:00,1,30.599999999999998,12,1,United Kingdom,239,1,1,1,3,111,Lost or low-value customers
